	SRR6924534	SRR6924535	SRR6924536	SRR6924547	SRR6924548	SRR6924549
gene:Bcin01g00010	8275	9775	8318	1954	845	820
gene:Bcin01g00020	2285	2951	1960	787	382	345
gene:Bcin01g00030	8254	10803	7030	2298	1008	1009
gene:Bcin01g00040	4392	5604	3690	1198	473	531
gene:Bcin01g00050	1909	2270	1728	274	131	147
gene:Bcin01g00060	13801	16429	10661	1792	983	877
gene:Bcin01g00070	5362	6295	4796	1534	928	839
gene:Bcin01g00080	3635	4719	3724	1137	406	486
gene:Bcin01g00090	18967	22449	14899	2614	1355	1092
gene:Bcin01g00100	2663	2994	2311	261	110	103
gene:Bcin01g00110	1914	2393	1474	267	108	109
gene:Bcin01g00120	2416	2587	1939	654	331	334
gene:Bcin01g00130	2651	3335	2481	1051	599	641
gene:Bcin01g00140	190	219	183	125	124	101
gene:Bcin01g00150	0	1	2	1	2	3
gene:Bcin01g00160	2574	3952	8465	688	762	562
gene:Bcin01g00170	4239	5149	3582	3231	4278	3961
gene:Bcin01g00180	58	84	85	71	54	39
gene:Bcin01g00190	417	513	365	318	264	236
gene:Bcin01g00200	255	350	228	249	218	192
gene:Bcin01g00210	521	554	666	1179	786	705
gene:Bcin01g00220	430	493	551	758	676	510
gene:Bcin01g00230	198	253	208	286	280	241
gene:Bcin01g00240	14	15	13	9	5	7
gene:ENSRNA049512445	0	0	0	0	0	0
gene:Bcin01g00250	9	2	4	13	22	13
gene:Bcin01g00260	47	107	34	118	108	90
gene:Bcin01g00270	329	364	302	315	273	224
gene:Bcin01g00280	798	957	606	651	560	410
gene:EFBcG00000013159	0	0	0	0	0	0
gene:ENSRNA049538829	0	0	0	0	0	0
gene:Bcin01g00290	25	31	19	47	50	45
gene:Bcin01g00300	1	4	9	7	6	5
gene:Bcin01g00310	8	3	7	3	6	5
gene:Bcin01g00320	0	0	0	0	0	0
gene:Bcin01g00330	1675	1884	1467	1236	1167	845
gene:Bcin01g00340	1438	1679	1727	1083	718	647
gene:Bcin01g00350	3113	3674	3124	8468	11197	9107
gene:Bcin01g00360	957	1100	1091	4032	4851	4466
gene:Bcin01g00370	5435	6744	4751	5855	4735	4333
gene:Bcin01g00380	351	381	238	146	180	140
gene:Bcin01g00390	666	716	536	277	360	216
gene:Bcin01g00400	7511	8221	7498	1214	859	741
gene:Bcin01g00410	769	822	778	527	465	365
gene:Bcin01g00420	2411	2533	1975	1130	2011	1015
gene:Bcin01g00430	598	842	507	1002	1153	569
gene:Bcin01g00440	1935	2683	1398	5234	6479	5671
gene:Bcin01g00450	4886	6519	3870	14073	16063	13355
gene:Bcin01g00460	788	960	764	440	295	293
gene:Bcin01g00470	1379	1520	1471	1681	1902	1335
gene:Bcin01g00480	560	582	572	613	562	348
gene:Bcin01g00490	255	275	235	322	208	218
gene:Bcin01g00500	167	191	155	388	404	275
gene:Bcin01g00510	1036	1249	968	1024	693	655
gene:Bcin01g00520	1412	1611	1373	1534	1259	1127
gene:Bcin01g00530	844	945	885	583	506	481
gene:Bcin01g00540	938	1079	756	634	468	464
gene:Bcin01g00550	2141	2452	1829	2579	2287	1887
gene:Bcin01g00560	357	376	309	263	199	193
gene:Bcin01g00570	265	252	208	237	182	148
gene:Bcin01g00580	15	8	8	56	27	31
gene:Bcin01g00590	76	69	77	66	79	50
gene:Bcin01g00600	1	2	0	5	0	2
gene:Bcin01g00610	258	252	174	158	166	124
gene:Bcin01g00620	120	145	100	67	74	51
gene:Bcin01g00630	1213	1058	1530	1096	777	641
gene:Bcin01g00640	221	235	140	798	457	220
gene:Bcin01g00650	302	285	241	411	214	188
gene:Bcin01g00660	2177	2397	1820	1106	1100	911
gene:Bcin01g00670	3896	4253	3494	4467	2988	2906
gene:Bcin01g00680	0	0	0	0	0	0
gene:Bcin01g00690	0	0	0	0	0	0
gene:Bcin01g00700	0	0	0	0	0	0
gene:Bcin01g00710	33	39	25	84	146	49
gene:Bcin01g00720	1457	1731	1170	1612	2138	1182
gene:Bcin01g00730	371	398	454	373	542	274
gene:Bcin01g00740	99	119	144	117	192	101
gene:Bcin01g00750	1579	1869	1664	1670	1552	1384
gene:Bcin01g00760	103	100	85	85	84	76
gene:Bcin01g00770	18629	19494	17039	25056	21227	18734
gene:Bcin01g00780	1540	1551	1325	700	1362	788
gene:Bcin01g00790	368	323	489	585	893	808
gene:Bcin01g00800	612	575	700	951	949	951
gene:Bcin01g00810	664	763	585	471	391	325
gene:Bcin01g00820	124	148	123	156	134	134
gene:Bcin01g00830	2301	2845	2051	2968	2609	2343
gene:Bcin01g00840	490	662	407	678	569	452
gene:Bcin01g00850	163	185	144	166	124	119
gene:Bcin01g00860	130	166	161	193	126	116
gene:Bcin01g00870	1636	1655	631	394	286	244
gene:Bcin01g00880	950	1123	920	898	699	680
gene:Bcin01g00890	225	282	246	216	151	125
gene:ENSRNA049512731	0	0	0	0	0	0
gene:EFBcG00000013111	0	0	0	0	0	0
gene:Bcin01g00900	99	110	56	186	88	74
gene:Bcin01g00910	2	0	2	3	2	1
gene:Bcin01g00920	123	136	81	379	347	134
gene:Bcin01g00930	9140	10455	8715	7469	5340	5177
gene:Bcin01g00940	1292	1409	1064	773	1454	1137
gene:Bcin01g00950	77	84	51	143	126	94
gene:Bcin01g00960	16	9	15	5	7	5
gene:Bcin01g00970	343	352	297	71	70	47
gene:Bcin01g00980	17535	17276	14506	19825	16358	14730
gene:Bcin01g00990	18	20	13	46	32	29
gene:Bcin01g01000	75	82	68	68	85	48
gene:Bcin01g01010	295	372	316	425	382	268
gene:Bcin01g01020	0	1	0	0	0	2
gene:Bcin01g01030	2	2	5	3	1	0
gene:Bcin01g01040	851	768	642	598	484	404
gene:Bcin01g01050	32	26	16	35	26	31
gene:Bcin01g01060	0	0	1	0	1	1
gene:Bcin01g01070	491	504	343	303	278	237
gene:Bcin01g01080	603	739	566	1738	1512	807
gene:Bcin01g01090	39	63	58	56	33	28
gene:Bcin01g01100	261	330	711	343	343	203
gene:Bcin01g01110	231	300	247	389	221	245
gene:Bcin01g01115	9	12	4	58	60	41
gene:Bcin01g01120	421	453	384	445	399	342
gene:Bcin01g01130	0	3	0	1	3	1
gene:Bcin01g01140	999	1227	953	1155	1186	775
gene:Bcin01g01150	1254	1479	1078	1078	776	746
gene:Bcin01g01160	638	790	584	440	329	338
gene:Bcin01g01170	28	43	29	50	60	47
gene:Bcin01g01180	1471	1621	1565	1162	1201	716
gene:Bcin01g01190	3196	3734	2749	10873	13789	5433
gene:Bcin01g01200	116	155	110	241	191	147
gene:Bcin01g01210	2226	2555	2041	6752	8215	4444
gene:Bcin01g01220	351	313	279	292	437	240
gene:Bcin01g01230	467	463	409	374	320	232
gene:Bcin01g01240	165	141	163	162	173	160
gene:Bcin01g01250	3	3	1	2	5	5
gene:Bcin01g01260	410	285	840	3	4	5
gene:Bcin01g01270	12	8	5	19	15	9
gene:Bcin01g01280	651	736	638	590	494	367
gene:Bcin01g01290	777	1058	698	762	719	563
gene:Bcin01g01300	531	825	248	177	117	112
gene:Bcin01g01310	33	44	23	11	2	7
gene:Bcin01g01320	7015	9743	7578	140	75	65
gene:Bcin01g01330	2	5	2	4	1	2
gene:Bcin01g01340	15	20	16	14	5	5
gene:Bcin01g01350	19	14	16	49	46	35
gene:Bcin01g01360	0	0	0	0	0	0
gene:Bcin01g01370	0	0	0	0	0	0
gene:Bcin01g01380	49	51	34	79	59	39
gene:Bcin01g01390	375	448	318	546	466	405
gene:Bcin01g01400	129	122	87	231	173	167
gene:Bcin01g01410	41	29	16	55	66	43
gene:Bcin01g01420	72	87	37	186	193	171
gene:Bcin01g01430	166	371	198	704	550	443
gene:Bcin01g01440	429	862	1130	9415	7611	6536
gene:Bcin01g01450	25	46	117	8	10	5
gene:Bcin01g01460	8	9	8	29	26	13
gene:Bcin01g01470	0	4	1	0	2	0
gene:Bcin01g01480	107	91	105	58	93	68
gene:Bcin01g01490	387	505	306	429	444	355
gene:Bcin01g01500	591	664	672	1254	927	824
gene:Bcin01g01510	1247	1403	1128	1600	1015	1063
gene:Bcin01g01520	2256	2336	2122	2334	1830	1624
gene:Bcin01g01530	698	741	632	456	340	321
gene:Bcin01g01540	70	87	37	5	4	3
gene:Bcin01g01550	15106	15909	8134	2617	1493	1659
gene:EFBcG00000013162	14	25	10	2	7	2
gene:Bcin01g01560	1	0	0	0	0	0
gene:Bcin01g01570	8172	8456	5958	1674	1331	1256
gene:Bcin01g01580	142	145	116	119	66	78
gene:Bcin01g01590	1105	869	151	2922	8608	3924
gene:Bcin01g01600	76	84	82	40	26	33
gene:Bcin01g01610	35	37	46	61	36	39
gene:Bcin01g01620	60	79	43	132	160	125
gene:Bcin01g01630	232	273	175	409	465	401
gene:Bcin01g01640	4	5	2	1	2	2
gene:Bcin01g01650	0	1	0	0	0	4
gene:Bcin01g01660	1	0	0	0	1	0
gene:Bcin01g01670	13	14	7	1	0	0
gene:Bcin01g01680	2119	2240	1492	242	190	172
gene:Bcin01g01690	5	4	2	0	1	0
gene:Bcin01g01700	2125	2747	1980	2440	1910	1584
gene:Bcin01g01710	2246	2517	2236	2612	2257	1764
gene:Bcin01g01720	4586	5077	4350	3030	2851	2430
gene:Bcin01g01730	95	127	81	132	81	82
gene:Bcin01g01740	93	136	101	142	79	82
gene:Bcin01g01750	0	0	1	0	1	0
gene:Bcin01g01760	871	961	1121	7029	7744	6583
gene:Bcin01g01770	455	599	423	407	284	300
gene:Bcin01g01780	185	186	216	277	184	177
gene:Bcin01g01790	937	1117	444	472	276	232
gene:Bcin01g01800	30739	31578	26575	43071	34138	31529
gene:Bcin01g01810	260	311	204	233	157	205
gene:Bcin01g01820	1227	1272	1248	1562	1031	1082
gene:Bcin01g01830	1651	1690	1965	1733	1569	1258
gene:Bcin01g01840	297	274	241	466	317	273
gene:Bcin01g01850	952	911	886	823	619	518
gene:Bcin01g01860	612	608	483	920	795	689
gene:Bcin01g01870	245	284	237	373	240	234
gene:Bcin01g01880	56	76	63	98	39	49
gene:Bcin01g01890	1560	1845	1591	1577	1303	1058
gene:Bcin01g01900	3730	3956	3717	3377	2836	2451
gene:Bcin01g01910	1737	2093	1629	1025	964	729
gene:Bcin01g01920	219	258	202	244	207	144
gene:Bcin01g01930	1	4	0	11	7	5
gene:Bcin01g01940	329	424	285	335	215	194
gene:Bcin01g01950	394	378	394	469	471	351
gene:Bcin01g01960	138	160	100	123	67	89
gene:Bcin01g01970	238	226	182	274	162	194
gene:Bcin01g01980	67	56	56	40	35	38
gene:Bcin01g01990	406	387	305	452	294	271
gene:Bcin01g02000	2700	3157	2570	4765	4229	3461
gene:Bcin01g02010	176	170	64	31	26	23
gene:Bcin01g02020	1352	1517	1323	1299	923	745
gene:Bcin01g02030	1156	1378	1053	750	639	566
gene:Bcin01g02040	1171	1360	1177	1515	1082	1007
gene:Bcin01g02050	7469	8373	7359	8666	8462	6611
gene:Bcin01g02060	668	674	500	452	403	351
gene:Bcin01g02070	714	765	701	691	520	463
gene:Bcin01g02080	9	9	8	15	12	10
gene:Bcin01g02090	964	962	882	1268	954	896
gene:Bcin01g02100	635	645	732	721	357	424
gene:Bcin01g02110	362	430	356	361	254	239
gene:Bcin01g02120	3237	3420	3239	5301	6122	4573
gene:Bcin01g02130	308	337	325	242	210	195
gene:Bcin01g02140	16	33	21	40	37	32
gene:Bcin01g02150	7	3	5	4	8	1
gene:Bcin01g02160	2969	3468	2935	3002	2099	1779
gene:Bcin01g02170	1354	1492	1124	1394	1356	1062
gene:Bcin01g02180	181	170	144	100	79	69
gene:Bcin01g02190	412	446	400	443	301	316
gene:Bcin01g02200	18751	19313	16997	24824	23347	18520
gene:Bcin01g02210	17432	18036	15453	21751	19710	16976
gene:Bcin01g02220	1828	1997	1762	1691	2268	1243
gene:Bcin01g02230	698	794	680	811	652	530
gene:Bcin01g02240	1110	1375	1027	1223	1042	875
gene:Bcin01g02250	327	375	333	377	382	255
gene:Bcin01g02260	1123	1327	1096	1066	1022	919
gene:Bcin01g02270	791	810	684	1051	1021	881
gene:Bcin01g02280	5128	6404	3577	2450	2959	2672
gene:Bcin01g02290	1582	1790	1478	946	1146	824
gene:Bcin01g02300	3666	3970	3746	6353	6461	5390
gene:Bcin01g02310	5847	7008	5534	5257	4401	3709
gene:Bcin01g02320	5029	5454	3436	138	132	98
gene:Bcin01g02330	123	116	111	67	61	42
gene:Bcin01g02340	519	579	557	799	784	597
gene:Bcin01g02350	93	95	96	211	164	151
gene:Bcin01g02360	54	47	43	44	42	37
gene:Bcin01g02370	8	15	9	20	15	7
gene:Bcin01g02380	6	12	6	19	13	12
gene:Bcin01g02390	7	4	2	12	5	2
gene:Bcin01g02400	379	382	308	377	444	259
gene:Bcin01g02410	185	246	170	323	253	183
gene:Bcin01g02420	3068	3660	2658	1804	1241	1120
gene:Bcin01g02430	63	34	40	4	10	9
gene:Bcin01g02440	15	13	10	29	26	15
gene:Bcin01g02450	13	33	17	31	14	26
gene:Bcin01g02460	1982	2988	1791	1372	805	889
gene:Bcin01g02470	2	1	2	32	22	33
gene:EFBcG00000013293	0	0	0	0	0	0
gene:ENSRNA049538880	0	0	0	0	0	0
gene:Bcin01g02480	3	0	0	2	0	2
gene:EFBcG00000013192	0	0	0	0	0	0
gene:ENSRNA049535079	0	0	0	0	0	0
gene:Bcin01g02490	1898	1883	2181	442	299	268
gene:Bcin01g02500	2959	3190	3246	613	473	429
gene:Bcin01g02510	5402	5994	5988	325	154	160
gene:Bcin01g02520	0	0	1	7	10	1
gene:Bcin01g02530	1	2	1	3	3	1
gene:Bcin01g02540	211	225	245	392	501	228
gene:Bcin01g02550	34	47	34	109	105	61
gene:Bcin01g02560	2329	2990	2010	2238	1716	1626
gene:Bcin01g02565	261	285	193	205	162	141
gene:Bcin01g02570	741	805	611	627	607	508
gene:Bcin01g02580	11734	13456	11388	18355	16144	13451
gene:Bcin01g02590	14	27	14	38	52	18
gene:Bcin01g02600	3185	3482	3498	5916	8418	5490
gene:Bcin01g02610	1355	1395	1092	1057	960	727
gene:Bcin01g02620	1268	1510	1233	1620	1423	1336
gene:Bcin01g02630	3162	3164	2874	3619	2740	2355
gene:Bcin01g02640	975	1156	887	782	506	496
gene:Bcin01g02650	617	721	594	634	491	455
gene:Bcin01g02660	2620	3148	2299	3366	3459	2452
gene:Bcin01g02670	3387	3619	2824	3814	2651	2731
gene:Bcin01g02680	7037	7413	5477	5089	3958	3447
gene:Bcin01g02690	664	1162	455	611	758	616
gene:Bcin01g02700	80	74	42	40	77	45
gene:EFBcG00000013262	28	23	27	32	27	20
gene:Bcin01g02710	25	22	13	27	26	29
gene:Bcin01g02720	48	56	25	81	87	91
gene:Bcin01g02730	563	866	444	463	631	376
gene:Bcin01g02740	537	618	616	494	403	363
gene:Bcin01g02750	769	908	575	332	201	213
gene:Bcin01g02760	52	85	37	12	10	13
gene:Bcin01g02770	703	889	598	953	1230	947
gene:Bcin01g02780	1580	1842	1372	2782	3996	2834
gene:Bcin01g02790	629	693	912	823	2430	772
gene:Bcin01g02800	1028	1148	980	1772	2470	1020
gene:Bcin01g02810	266	293	247	196	185	160
gene:Bcin01g02820	50	55	37	42	43	18
gene:Bcin01g02830	1048	1172	867	976	1126	912
gene:Bcin01g02840	384	385	362	517	723	536
gene:Bcin01g02850	30	40	25	18	15	4
gene:Bcin01g02860	4	8	7	11	18	11
gene:Bcin01g02870	292	275	241	303	391	227
gene:Bcin01g02880	4406	5173	2334	1690	2371	1789
gene:Bcin01g02890	249	262	178	783	1170	382
gene:Bcin01g02900	373	409	214	329	369	245
gene:Bcin01g02910	1258	1694	865	815	792	623
gene:Bcin01g02920	219	122	119	168	437	152
gene:Bcin01g02930	605	565	474	578	455	429
gene:Bcin01g02940	580	420	655	137	472	110
gene:Bcin01g02950	241	237	194	207	200	151
gene:Bcin01g02960	855	959	934	869	750	623
gene:Bcin01g02970	615	576	501	330	547	344
gene:Bcin01g02980	513	577	506	452	423	334
gene:Bcin01g02990	488	556	510	614	539	457
gene:Bcin01g03000	15570	17975	13401	22570	17195	16294
gene:Bcin01g03010	652	772	553	664	484	385
gene:Bcin01g03020	2755	4324	1460	1819	1633	1718
gene:EFBcG00000013385	0	0	0	0	0	0
gene:ENSRNA049534777	0	0	0	0	0	0
gene:Bcin01g03030	408	379	333	321	224	227
gene:Bcin01g03040	6	2	4	4	3	4
gene:Bcin01g03050	938	911	952	475	605	347
gene:Bcin01g03060	1533	1457	1509	1046	1092	749
gene:Bcin01g03070	127	153	119	165	136	123
gene:Bcin01g03080	13	9	3	8	2	3
gene:Bcin01g03090	0	0	2	0	2	1
gene:Bcin01g03100	2	0	0	0	0	1
gene:Bcin01g03110	1788	1986	1619	2207	1636	1534
gene:Bcin01g03120	2783	2508	2323	94	49	36
gene:Bcin01g03130	359	380	354	366	249	240
gene:Bcin01g03140	207	223	173	145	98	107
gene:Bcin01g03150	106	157	106	149	102	115
gene:Bcin01g03160	2971	3150	3357	1017	787	743
gene:Bcin01g03170	839	1034	871	644	666	586
gene:Bcin01g03180	584	613	435	200	125	105
gene:Bcin01g03190	1956	1957	432	997	5558	2596
gene:Bcin01g03200	9764	11937	6835	15256	18428	15059
gene:ENSRNA049512637	0	0	0	0	0	0
gene:EFBcG00000013209	0	0	0	0	0	0
gene:Bcin01g03210	1099	1108	973	1095	1424	1376
gene:Bcin01g03220	664	620	516	573	417	402
gene:Bcin01g03230	1294	1575	1168	1104	1019	847
gene:Bcin01g03240	344	309	179	16	19	22
gene:Bcin01g03250	288	328	249	362	251	226
gene:Bcin01g03260	919	1259	886	809	697	674
gene:Bcin01g03270	40	78	34	2096	4495	2510
gene:Bcin01g03280	0	1	0	17	8	9
gene:Bcin01g03290	89	98	42	71	55	47
gene:Bcin01g03300	4	5	4	11	6	11
gene:Bcin01g03310	5	10	5	3	4	5
gene:Bcin01g03320	6	5	5	28	19	25
gene:Bcin01g03330	1	0	0	0	0	1
gene:Bcin01g03340	0	0	0	0	0	1
gene:Bcin01g03350	1	1	0	8	9	6
gene:Bcin01g03360	0	0	0	4	1	4
gene:Bcin01g03370	13	14	6	3	2	3
gene:Bcin01g03380	3	3	2	0	1	1
gene:Bcin01g03390	3283	3884	2671	1947	1295	1195
gene:Bcin01g03400	38	54	27	122	154	145
gene:Bcin01g03410	474	481	477	537	542	427
gene:Bcin01g03420	684	612	770	326	251	288
gene:Bcin01g03430	95	98	74	98	47	53
gene:Bcin01g03440	3721	4010	3184	2654	2041	1908
gene:Bcin01g03450	0	0	0	0	1	1
gene:Bcin01g03460	582	619	582	709	597	529
gene:Bcin01g03470	2113	2567	2282	2594	2930	1874
gene:Bcin01g03480	1426	1894	1295	3487	4144	2698
gene:Bcin01g03490	1042	1109	1062	1479	1617	1149
gene:Bcin01g03500	3229	3652	2808	3227	4559	2763
gene:Bcin01g03510	7	7	4	3	14	9
gene:Bcin01g03520	14	10	4	17	96	35
gene:Bcin01g03530	102	148	75	49	59	54
gene:Bcin01g03540	74	81	58	53	47	53
gene:Bcin01g03550	1	0	0	0	0	0
gene:Bcin01g03560	1	0	1	0	0	0
gene:Bcin01g03570	41	49	34	21	29	23
gene:Bcin01g03580	588	644	459	831	492	369
gene:Bcin01g03590	348	372	304	341	218	214
gene:Bcin01g03600	284	323	257	365	278	255
gene:Bcin01g03610	488	553	460	393	302	263
gene:Bcin01g03620	18	19	12	11	14	19
gene:Bcin01g03630	320	370	336	264	261	273
gene:Bcin01g03640	10783	15163	9528	16611	16497	14008
gene:Bcin01g03650	303	449	276	479	408	290
gene:Bcin01g03660	851	892	782	734	605	493
gene:Bcin01g03670	47	77	59	61	63	53
gene:Bcin01g03680	117	115	100	199	141	130
gene:Bcin01g03690	266	254	248	227	134	153
gene:Bcin01g03700	1	0	0	0	0	0
gene:Bcin01g03710	847	985	746	235	213	243
gene:Bcin01g03720	98	106	81	21	32	31
gene:Bcin01g03730	1186	1255	819	144	132	152
gene:Bcin01g03740	838	1043	701	193	192	191
gene:Bcin01g03750	695	882	507	636	491	401
gene:Bcin01g03760	67	72	61	46	45	24
gene:Bcin01g03770	39	30	26	25	24	28
gene:Bcin01g03780	1320	1386	1008	1202	1106	876
gene:Bcin01g03790	2504	2856	2100	2690	2832	2057
gene:Bcin01g03800	0	0	0	1	1	0
gene:Bcin01g03810	335	330	260	178	359	214
gene:Bcin01g03820	12787	14004	11046	1695	3486	2144
gene:Bcin01g03830	1533	1576	1479	1730	1255	1124
gene:Bcin01g03840	790	883	681	702	504	460
gene:Bcin01g03850	9	8	5	17	15	5
gene:Bcin01g03860	321	408	325	963	756	567
gene:Bcin01g03890	668	664	474	263	497	258
gene:Bcin01g03900	86	111	46	7	69	24
gene:Bcin01g03910	91	120	53	21	103	67
gene:Bcin01g03920	6	5	8	4	6	0
gene:Bcin01g03930	99	78	109	44	29	38
gene:Bcin01g03940	11701	13213	9447	89	110	95
gene:Bcin01g03950	1298	1244	1068	1484	2374	1503
gene:Bcin01g03960	6	2	3	17	5	4
gene:Bcin01g03970	1	5	0	2	4	1
gene:Bcin01g03980	1	0	0	1	3	0
gene:Bcin01g03990	0	0	0	0	0	1
gene:Bcin01g04000	23	31	14	25	19	14
gene:Bcin01g04010	468	496	485	511	445	358
gene:Bcin01g04020	475	592	461	438	441	381
gene:Bcin01g04030	222	317	218	408	398	322
gene:Bcin01g04040	538	594	476	427	387	355
gene:Bcin01g04050	222	246	213	281	258	203
gene:Bcin01g04060	222	262	236	107	99	87
gene:Bcin01g04070	533	598	476	541	480	302
gene:Bcin01g04080	1228	1360	1162	881	918	787
gene:Bcin01g04090	497	494	380	848	644	525
gene:Bcin01g04100	437	427	421	609	627	393
gene:Bcin01g04110	3	3	2	3	3	2
gene:Bcin01g04120	21	41	19	38	26	20
gene:Bcin01g04130	1641	1857	1089	1005	1148	879
gene:EFBcG00000013150	0	0	0	0	0	0
gene:ENSRNA049534843	0	0	0	0	0	0
gene:Bcin01g04140	6	1	5	3	0	2
gene:Bcin01g04150	35	40	11	4	13	3
gene:Bcin01g04160	448	465	402	367	266	276
gene:Bcin01g04170	235	283	300	426	269	282
gene:Bcin01g04180	94	115	106	158	108	98
gene:Bcin01g04190	0	0	0	0	0	0
gene:Bcin01g04200	0	0	0	0	0	0
gene:Bcin01g04210	10	11	7	13	6	8
gene:Bcin01g04220	25	40	12	12	40	33
gene:Bcin01g04230	1935	1548	3276	7073	4950	3177
gene:Bcin01g04240	946	791	902	571	1250	420
gene:Bcin01g04250	15	21	14	13	30	8
gene:Bcin01g04260	1119	1285	1012	1662	1250	1115
gene:Bcin01g04270	2209	2424	1771	1078	1515	1044
gene:Bcin01g04280	1921	2294	1639	1436	1907	1327
gene:Bcin01g04290	13	10	4	16	7	17
gene:Bcin01g04300	474	516	433	460	334	292
gene:Bcin01g04310	365	422	391	1218	1405	951
gene:Bcin01g04320	6	7	6	32	42	18
gene:Bcin01g04330	9	9	4	26	18	23
gene:Bcin01g04340	4309	4232	5666	11745	7650	6552
gene:Bcin01g04350	868	1042	906	1121	702	679
gene:Bcin01g04360	851	1016	893	991	728	647
gene:Bcin01g04370	769	853	846	1131	1021	784
gene:Bcin01g04380	1484	1626	1507	1997	2340	1338
gene:Bcin01g04390	273	241	295	345	448	337
gene:Bcin01g04400	4	0	3	0	0	2
gene:Bcin01g04410	7	11	13	15	19	15
gene:Bcin01g04420	7	5	0	17	15	5
gene:Bcin01g04430	0	1	0	2	4	0
gene:Bcin01g04440	1381	1581	1313	1231	933	864
gene:Bcin01g04450	18	38	15	43	31	6
gene:Bcin01g04460	352	347	293	441	299	227
gene:Bcin01g04470	280	338	284	568	513	343
gene:EFBcG00000013096	0	0	0	2	1	0
gene:Bcin01g04480	338	366	312	1901	3660	910
gene:Bcin01g04490	417	536	385	434	379	372
gene:Bcin01g04500	15	13	19	73	49	61
gene:Bcin01g04510	42	34	36	142	99	61
gene:Bcin01g04520	0	0	0	0	0	1
gene:Bcin01g04530	10	17	2	14	31	12
gene:Bcin01g04540	40	49	28	1595	459	380
gene:Bcin01g04550	527	604	501	1003	602	517
gene:Bcin01g04560	173	166	190	241	177	114
gene:Bcin01g04570	213	249	196	252	108	134
gene:Bcin01g04580	892	1172	578	259	289	249
gene:Bcin01g04590	5	5	7	2	1	3
gene:Bcin01g04600	4947	5303	4151	1289	1127	883
gene:Bcin01g04610	0	0	0	1	0	0
gene:Bcin01g04620	0	0	1	0	0	0
gene:Bcin01g04630	498	654	506	691	609	480
gene:Bcin01g04640	7900	8361	7397	5745	5624	4425
gene:Bcin01g04650	4	8	3	11	7	5
gene:Bcin01g04660	3	3	4	7	8	1
gene:Bcin01g04670	298	202	239	129	796	176
gene:Bcin01g04680	0	0	0	0	0	0
gene:Bcin01g04690	0	1	0	0	0	0
gene:Bcin01g04700	546	642	581	494	589	367
gene:Bcin01g04710	1492	1372	969	1907	1350	1127
gene:Bcin01g04720	687	776	684	629	502	491
gene:Bcin01g04730	24	35	27	28	14	33
gene:Bcin01g04740	110	124	84	79	61	68
gene:Bcin01g04750	87	111	83	117	168	120
gene:Bcin01g04760	8	8	3	17	21	10
gene:Bcin01g04770	14	11	16	84	83	55
gene:Bcin01g04780	431	541	410	595	597	597
gene:Bcin01g04790	832	995	1124	807	857	677
gene:Bcin01g04800	966	1208	956	1013	820	685
gene:Bcin01g04810	191	236	188	111	121	95
gene:Bcin01g04820	82	108	61	70	53	60
gene:Bcin01g04830	8	6	6	2	8	5
gene:Bcin01g04840	1	4	0	6	0	0
gene:Bcin01g04850	22	14	17	13	17	13
gene:Bcin01g04860	327	445	1059	28	22	10
gene:Bcin01g04870	0	1	0	2	6	0
gene:Bcin01g04880	39	43	40	42	75	61
gene:Bcin01g04890	125	153	80	137	240	178
gene:Bcin01g04900	259	247	146	124	267	140
gene:Bcin01g04910	7	12	7	20	20	10
gene:Bcin01g04920	19	28	19	22	40	14
gene:Bcin01g04930	23	63	4	14386	28861	17478
gene:Bcin01g04940	145	200	156	387	356	257
gene:Bcin01g04950	446	470	296	598	474	429
gene:Bcin01g04960	228	249	355	228	138	131
gene:Bcin01g04970	4	5	2	7	4	4
gene:Bcin01g04980	6736	7108	6280	7002	4080	3920
gene:Bcin01g04990	8	16	7	27	21	10
gene:Bcin01g05000	2	2	3	5	7	4
gene:Bcin01g05010	418	482	286	844	893	673
gene:Bcin01g05020	939	1024	370	3926	3932	2902
gene:Bcin01g05030	5	7	7	19	14	7
gene:Bcin01g05040	193	213	190	613	615	338
gene:Bcin01g05050	2	0	0	6	20	7
gene:Bcin01g05060	8976	10808	7401	4806	3051	3182
gene:Bcin01g05070	213	242	209	240	142	168
gene:Bcin01g05080	658	707	493	5	8	7
gene:Bcin01g05090	1477	1609	1115	32	19	18
gene:Bcin01g05100	12	17	11	60	39	40
gene:Bcin01g05110	641	870	653	1083	906	766
gene:Bcin01g05120	5371	8089	4255	17863	18995	16396
gene:Bcin01g05130	1273	1407	1175	1488	1069	1085
gene:Bcin01g05140	584	756	535	443	355	315
gene:Bcin01g05150	141	216	132	155	131	93
gene:Bcin01g05160	5538	6539	5469	7660	9804	7819
gene:Bcin01g05170	48	54	60	355	404	287
gene:Bcin01g05180	52	48	28	160	157	86
gene:Bcin01g05190	169	283	116	789	712	446
gene:Bcin01g05200	242	264	209	219	141	174
gene:Bcin01g05210	695	766	655	662	404	413
gene:Bcin01g05220	1125	1372	1177	1223	707	739
gene:Bcin01g05230	1104	1158	1124	1625	1566	1330
gene:Bcin01g05240	213	234	240	332	304	268
gene:Bcin01g05250	854	920	761	946	745	701
gene:Bcin01g05260	2484	2899	2245	2963	3328	2640
gene:Bcin01g05270	593	529	525	497	383	355
gene:Bcin01g05280	2318	2662	1886	87	48	33
gene:Bcin01g05290	374	489	356	416	334	270
gene:Bcin01g05300	219	260	156	123	78	81
gene:Bcin01g05310	9221	8943	8113	12806	17845	12593
gene:Bcin01g05320	17	16	8	18	11	12
gene:Bcin01g05330	771	602	505	1367	1291	1369
gene:Bcin01g05340	320	334	291	258	419	197
gene:Bcin01g05350	698	581	486	178	346	137
gene:Bcin01g05360	213	280	229	349	293	228
gene:Bcin01g05370	366	495	280	311	238	268
gene:Bcin01g05380	2427	2806	1903	1757	1481	1353
gene:Bcin01g05390	2564	2882	2391	2072	1949	1579
gene:Bcin01g05400	357	313	250	316	196	186
gene:Bcin01g05410	363	445	352	416	319	274
gene:Bcin01g05420	176	178	152	359	468	371
gene:Bcin01g05430	3067	3430	2889	3232	1916	2051
gene:Bcin01g05440	157	197	126	86	41	68
gene:Bcin01g05450	584	581	527	389	299	244
gene:Bcin01g05460	264	372	272	273	235	173
gene:Bcin01g05470	3	4	6	8	1	1
gene:Bcin01g05480	2299	2048	2308	1887	1270	1180
gene:Bcin01g05490	1530	1655	1348	1201	733	699
gene:Bcin01g05500	2	1	1	0	0	2
gene:Bcin01g05510	792	813	750	1347	1225	1044
gene:Bcin01g05520	451	521	564	828	426	451
gene:Bcin01g05530	2563	2971	2367	2608	1720	1869
gene:Bcin01g05540	255	298	266	278	199	199
gene:Bcin01g05550	6884	6454	6657	6943	5259	5093
gene:Bcin01g05560	767	752	619	582	510	448
gene:Bcin01g05570	194	229	174	198	156	148
gene:Bcin01g05580	382	403	261	346	361	280
gene:Bcin01g05590	16265	16700	12339	23063	22551	17463
gene:Bcin01g05600	78	100	64	74	102	56
gene:Bcin01g05610	887	866	942	766	583	425
gene:Bcin01g05620	259	301	199	227	418	312
gene:Bcin01g05630	760	767	495	2229	2755	1247
gene:Bcin01g05640	73	76	61	155	172	136
gene:Bcin01g05650	621	697	726	991	791	707
gene:Bcin01g05660	141	139	128	119	132	108
gene:Bcin01g05670	431	536	380	512	444	372
gene:Bcin01g05680	1045	1073	857	44	51	40
gene:Bcin01g05690	0	0	2	8	1	1
gene:Bcin01g05700	0	5	1	8	5	3
gene:Bcin01g05710	4380	5932	3239	4837	5931	4014
gene:Bcin01g05720	2372	3161	1798	20463	21050	15066
gene:Bcin01g05730	743	982	607	2819	3246	1833
gene:Bcin01g05740	375	499	391	682	522	414
gene:Bcin01g05750	2305	3114	1947	5952	6034	4157
gene:Bcin01g05760	331	366	259	642	756	589
gene:Bcin01g05770	33	41	35	57	32	31
gene:Bcin01g05780	2439	2611	2436	12127	14514	11632
gene:Bcin01g05790	4206	4343	6202	6285	8397	8052
gene:Bcin01g05800	33	40	16	23	49	19
gene:Bcin01g05810	81	89	89	393	605	454
gene:Bcin01g05820	30	36	21	15	7	21
gene:Bcin01g05830	189	206	187	142	141	111
gene:Bcin01g05840	71	77	40	47	68	41
gene:Bcin01g05850	214	305	198	269	320	113
gene:Bcin01g05860	5	9	5	5	9	2
gene:Bcin01g05870	2	2	0	0	0	0
gene:Bcin01g05880	4	9	4	5	1	5
gene:Bcin01g05890	9763	13741	16493	1925	2134	1401
gene:Bcin01g05900	1	1	1	5	0	2
gene:Bcin01g05910	9	15	5	12	14	8
gene:Bcin01g05920	897	1187	726	1073	880	700
gene:Bcin01g05930	742	977	578	1388	948	925
gene:Bcin01g05940	652	838	545	374	424	341
gene:Bcin01g05950	2306	2738	1891	1019	774	707
gene:Bcin01g05960	828	911	966	157	136	120
gene:Bcin01g05970	3367	3238	3730	194	243	193
gene:Bcin01g05980	689	843	626	343	462	296
gene:Bcin01g05990	77	75	69	54	48	59
gene:Bcin01g06000	304	336	277	207	182	153
gene:Bcin01g06010	962	1061	750	5180	5375	2567
gene:Bcin01g06020	1123	1296	1123	1288	1404	980
gene:Bcin01g06030	465	580	433	379	349	280
gene:Bcin01g06040	767	1100	1110	1571	1399	1368
gene:Bcin01g06050	2	4	7	7	7	10
gene:Bcin01g06060	463	840	292	5477	4073	3065
gene:Bcin01g06070	3249	3851	3256	3518	3080	2623
gene:Bcin01g06080	1597	1795	1406	786	762	681
gene:Bcin01g06090	298	337	291	542	409	455
gene:Bcin01g06100	3580	4513	3133	1909	2327	2132
gene:Bcin01g06110	397	524	334	489	452	331
gene:Bcin01g06120	1506	1613	1353	911	695	583
gene:Bcin01g06130	87	101	68	68	51	33
gene:Bcin01g06140	434	479	396	802	696	472
gene:Bcin01g06150	3256	3836	3233	3250	2951	2532
gene:Bcin01g06160	11	9	5	11	8	6
gene:Bcin01g06170	124	138	110	270	179	195
gene:Bcin01g06180	0	1	2	0	2	2
gene:Bcin01g06190	12	20	15	27	14	12
gene:Bcin01g06200	270	363	258	354	316	250
gene:Bcin01g06210	4937	6820	3394	1521	1962	1292
gene:Bcin01g06220	10906	11343	9423	14401	11553	10054
gene:Bcin01g06230	308	390	307	394	251	267
gene:Bcin01g06240	7	4	5	12	5	7
gene:Bcin01g06250	2376	2711	4035	6195	8778	3065
gene:Bcin01g06260	3607	4326	3004	5040	5399	3188
gene:Bcin01g06270	1525	1736	1287	1304	1522	1082
gene:Bcin01g06280	1359	1539	1221	1533	1520	1041
gene:Bcin01g06290	754	648	1268	238	334	406
gene:Bcin01g06300	129	144	99	293	257	192
gene:Bcin01g06310	79	90	74	138	124	108
gene:Bcin01g06320	1263	1419	1052	2154	1566	1547
gene:Bcin01g06330	686	787	720	912	529	574
gene:Bcin01g06340	635	673	652	612	456	492
gene:Bcin01g06350	0	1	1	2	4	1
gene:Bcin01g06360	10	16	16	19	11	15
gene:Bcin01g06370	843	888	814	372	400	356
gene:Bcin01g06380	615	605	503	258	388	278
gene:Bcin01g06390	23	13	9	21	21	20
gene:Bcin01g06400	9	20	4	12	11	7
gene:Bcin01g06410	759	783	709	200	479	241
gene:Bcin01g06420	789	985	647	940	797	580
gene:Bcin01g06430	1444	1800	1010	289	249	197
gene:Bcin01g06440	2535	2728	2107	3172	2331	2079
gene:Bcin01g06450	17705	20388	17051	38219	30269	27425
gene:Bcin01g06460	2181	2665	2173	1955	1832	1408
gene:Bcin01g06470	8056	10130	6860	13403	13222	7885
gene:Bcin01g06480	1206	1335	1084	1087	886	835
gene:Bcin01g06490	495	480	455	357	343	263
gene:Bcin01g06500	2318	2848	2187	3375	2326	2397
gene:Bcin01g06510	30	66	39	119	47	46
gene:Bcin01g06520	181	225	150	112	83	83
gene:Bcin01g06530	8	6	3	10	4	5
gene:Bcin01g06540	21	13	13	31	34	13
gene:Bcin01g06550	1097	1298	998	1260	1003	871
gene:Bcin01g06560	281	357	231	223	247	215
gene:Bcin01g06570	958	1321	676	1094	1484	1005
gene:Bcin01g06580	572	660	407	343	398	298
gene:Bcin01g06590	137	108	94	44	56	30
gene:Bcin01g06600	105	120	32	42	97	61
gene:Bcin01g06610	38	37	25	36	56	36
gene:Bcin01g06620	742	820	854	511	571	431
gene:Bcin01g06630	3	14	12	13	9	8
gene:Bcin01g06640	1613	1635	1469	1911	1313	1289
gene:Bcin01g06650	12955	13388	11831	18037	15276	13865
gene:Bcin01g06660	13	8	8	23	29	9
gene:Bcin01g06670	721	755	695	1404	1275	983
gene:Bcin01g06690	22	17	13	15	17	17
gene:Bcin01g06680	5	9	4	7	3	5
gene:Bcin01g06700	1557	1819	1418	1815	1469	1188
gene:Bcin01g06710	857	1049	765	427	456	383
gene:Bcin01g06720	249	293	233	211	182	151
gene:ENSRNA049512601	1	0	0	0	0	0
gene:EFBcG00000013270	0	0	0	0	0	0
gene:Bcin01g06730	129	155	113	266	175	184
gene:Bcin01g06740	177	218	170	628	486	371
gene:Bcin01g06750	29	28	17	28	20	23
gene:Bcin01g06760	7	14	3	3	7	3
gene:Bcin01g06770	3	2	3	0	5	0
gene:Bcin01g06780	1	2	0	0	2	0
gene:Bcin01g06790	58	56	49	43	38	49
gene:Bcin01g06800	1310	1502	856	986	831	770
gene:Bcin01g06810	306	370	223	355	286	278
gene:Bcin01g06820	74	108	45	99	123	95
gene:Bcin01g06830	1	2	1	2	1	3
gene:Bcin01g06840	217	310	258	256	213	178
gene:Bcin01g06850	1005	1159	585	444	297	255
gene:Bcin01g06860	86	86	85	92	57	54
gene:Bcin01g06870	244	320	245	233	152	149
gene:Bcin01g06880	1005	1098	1082	1139	909	844
gene:Bcin01g06890	2	6	5	36	24	22
gene:Bcin01g06900	2462	3247	2423	805	825	749
gene:Bcin01g06910	832	846	648	437	727	574
gene:Bcin01g06920	3	4	1	1	0	1
gene:Bcin01g06935	317	332	280	248	250	187
gene:Bcin01g06930	0	0	0	0	0	0
gene:Bcin01g06940	382	361	322	341	261	278
gene:Bcin01g06950	885	747	798	406	359	311
gene:Bcin01g06960	2604	3298	2283	1334	880	827
gene:Bcin01g06970	2	3	0	4	2	2
gene:Bcin01g06980	0	2	1	2	1	1
gene:Bcin01g06990	37	75	25	86	117	88
gene:Bcin01g07000	0	0	0	0	0	0
gene:Bcin01g07010	1	2	2	2	0	0
gene:Bcin01g07020	51	40	56	34	24	40
gene:Bcin01g07030	234	280	239	405	375	218
gene:Bcin01g07040	39	48	26	111	79	67
gene:Bcin01g07050	632	853	586	660	543	497
gene:Bcin01g07060	0	0	0	0	0	0
gene:Bcin01g07070	2468	2877	2005	2910	2406	2037
gene:Bcin01g07080	53	22	56	11	1	2
gene:Bcin01g07090	101	44	100	8	6	3
gene:Bcin01g07100	10	2	44	6	1	1
gene:Bcin01g07110	807	1030	792	890	705	640
gene:Bcin01g07120	543	613	534	1162	1614	1233
gene:Bcin01g07130	2	1	4	4	8	5
gene:Bcin01g07140	1	2	0	0	0	1
gene:Bcin01g07150	1	3	0	4	2	0
gene:Bcin01g07160	0	1	0	3	0	2
gene:Bcin01g07170	1615	1745	1441	1290	1175	950
gene:Bcin01g07180	1006	1029	943	1220	891	862
gene:Bcin01g07190	17	14	20	25	14	11
gene:Bcin01g07200	8	7	15	118	145	113
gene:Bcin01g07210	6	12	9	18	24	12
gene:Bcin01g07220	62	63	29	12	23	37
gene:Bcin01g07230	1001	1174	571	66	48	36
gene:Bcin01g07240	364	393	344	431	248	282
gene:Bcin01g07250	6378	5681	4137	17	8	12
gene:Bcin01g07260	1729	1564	1175	121	81	83
gene:Bcin01g07270	10212	8263	5667	47	34	20
gene:Bcin01g07280	381	420	337	283	204	201
gene:Bcin01g07290	729	806	736	614	508	447
gene:Bcin01g07300	261	287	262	354	379	243
gene:Bcin01g07310	25	35	30	21	23	15
gene:Bcin01g07320	18396	21757	23207	4622	7711	6027
gene:Bcin01g07330	9	18	9	6	2	5
gene:Bcin01g07340	1132	1507	1088	1289	978	787
gene:Bcin01g07350	30	52	30	27	9	10
gene:EFBcG00000013185	0	0	0	0	0	0
gene:Bcin01g07360	0	3	2	5	1	0
gene:Bcin01g07370	6	12	7	15	35	17
gene:Bcin01g07380	4275	4595	4324	6096	5715	5821
gene:Bcin01g07390	170	269	99	110	177	156
gene:Bcin01g07400	139	247	109	160	240	172
gene:Bcin01g07410	1711	2100	1113	769	1098	641
gene:Bcin01g07420	352	346	299	539	288	258
gene:Bcin01g07430	10	16	12	31	12	9
gene:Bcin01g07440	601	623	656	753	438	491
gene:Bcin01g07450	379	312	243	376	295	296
gene:Bcin01g07460	6061	6834	6596	4187	4121	3443
gene:Bcin01g07470	5	10	5	11	5	6
gene:Bcin01g07480	222	212	177	180	161	165
gene:Bcin01g07490	1304	1311	1211	1219	933	855
gene:Bcin01g07500	5	12	10	19	22	9
gene:Bcin01g07510	2725	3148	2589	3645	2314	2117
gene:Bcin01g07520	3963	4578	3729	2489	2416	2099
gene:Bcin01g07530	4769	4654	2541	98	82	93
gene:Bcin01g07540	1002	1029	883	326	266	255
gene:Bcin01g07550	247	267	227	325	284	196
gene:Bcin01g07560	17	27	11	21	24	15
gene:Bcin01g07570	12	13	14	12	16	19
gene:Bcin01g07580	989	1016	744	636	675	588
gene:Bcin01g07590	793	912	623	607	659	593
gene:Bcin01g07600	642	815	634	1201	1233	764
gene:Bcin01g07610	1561	1854	1523	861	971	863
gene:Bcin01g07620	466	461	300	166	122	112
gene:Bcin01g07630	74	81	55	40	30	28
gene:ENSRNA049512525	0	0	0	0	0	0
gene:EFBcG00000013344	0	0	0	0	0	0
gene:Bcin01g07640	32	57	10	6	15	11
gene:Bcin01g07650	4486	4922	3590	3325	4736	3595
gene:Bcin01g07660	1272	1405	2230	146	111	94
gene:Bcin01g07670	1045	1011	1066	1704	2620	1435
gene:Bcin01g07680	86	83	65	105	80	70
gene:Bcin01g07690	612	743	658	448	342	283
gene:Bcin01g07700	345	455	355	264	179	219
gene:Bcin01g07710	1217	1468	1275	836	621	543
gene:Bcin01g07720	2936	3475	2722	3324	2928	2538
gene:Bcin01g07730	136	160	156	133	137	97
gene:Bcin01g07740	349	433	323	355	281	283
gene:Bcin01g07750	29	23	21	93	341	141
gene:Bcin01g07760	2103	2836	2787	337	269	273
gene:Bcin01g07770	706	800	601	695	516	405
gene:Bcin01g07780	492	443	395	391	257	238
gene:Bcin01g07790	2	0	0	1	3	4
gene:Bcin01g07800	431	543	474	638	847	490
gene:Bcin01g07810	615	679	540	802	1112	648
gene:Bcin01g07820	846	928	876	798	632	575
gene:Bcin01g07830	583	671	646	667	510	466
gene:Bcin01g07840	84	97	79	72	86	70
gene:Bcin01g07850	24	30	25	39	21	28
gene:Bcin01g07860	581	703	564	759	774	542
gene:Bcin01g07870	1295	1148	1012	1044	1856	1003
gene:Bcin01g07880	3963	3996	3190	2120	5807	2968
gene:Bcin01g07890	298	325	214	144	170	136
gene:Bcin01g07900	0	3	0	2	0	0
gene:Bcin01g07910	415	549	341	236	353	230
gene:Bcin01g07920	6587	7124	7030	965	662	586
gene:Bcin01g07930	1762	2090	1662	1615	1579	1314
gene:Bcin01g07940	2	1	2	0	1	0
gene:Bcin01g07950	7	3	4	5	4	3
gene:Bcin01g07960	2176	2388	2083	2235	2175	1856
gene:Bcin01g07970	1349	1434	1126	1375	1518	1113
gene:Bcin01g07980	561	283	69	9	11	20
gene:Bcin01g07990	684	833	613	1041	733	518
gene:Bcin01g08000	289	276	184	316	482	343
gene:Bcin01g08010	1115	1157	883	1355	1180	1001
gene:Bcin01g08020	567	686	575	824	512	497
gene:Bcin01g08030	1141	1255	1059	847	701	603
gene:Bcin01g08040	12654	14136	11003	14501	13576	11219
gene:Bcin01g08050	5654	5499	5142	10711	7301	7330
gene:Bcin01g08060	1	0	1	14	12	7
gene:Bcin01g08070	117	145	111	339	220	207
gene:Bcin01g08080	161	179	141	3154	3689	1984
gene:Bcin01g08090	6	8	2	11	9	6
gene:Bcin01g08100	285	411	213	220	174	153
gene:Bcin01g08110	79	112	22	36	13	30
gene:Bcin01g08120	4	5	1	36	43	40
gene:Bcin01g08130	1	0	0	0	0	0
gene:Bcin01g08140	48	78	11	16	7	5
gene:Bcin01g08150	1659	2162	463	829	1298	900
gene:Bcin01g08160	1421	2015	119	37	112	44
gene:Bcin01g08170	100	152	125	211	162	120
gene:Bcin01g08180	388	435	319	389	342	403
gene:Bcin01g08190	210	310	220	75	37	44
gene:Bcin01g08200	142	177	104	91	45	47
gene:Bcin01g08210	1121	1350	860	585	713	513
gene:Bcin01g08220	9454	12592	7686	516	281	250
gene:Bcin01g08230	1067	1192	931	4750	7327	1973
gene:Bcin01g08240	421	425	493	927	1323	689
gene:Bcin01g08250	2018	2307	1878	3172	4321	2771
gene:Bcin01g08260	1135	1273	1173	1967	1892	1458
gene:Bcin01g08270	200	213	175	198	148	112
gene:Bcin01g08280	471	530	396	702	452	491
gene:Bcin01g08290	265	310	231	412	247	262
gene:Bcin01g08300	30	30	20	25	22	15
gene:Bcin01g08310	769	695	767	689	396	354
gene:Bcin01g08320	31064	33042	32159	15912	14227	11486
gene:Bcin01g08330	223	309	231	273	222	134
gene:Bcin01g08340	179	365	36	83	122	92
gene:Bcin01g08350	876	871	738	1216	904	751
gene:Bcin01g08360	2541	3221	1802	1136	858	840
gene:Bcin01g08370	397	396	320	172	62	53
gene:Bcin01g08380	75	73	60	76	57	37
gene:Bcin01g08390	26	45	29	57	65	44
gene:Bcin01g08400	2851	3126	2791	3143	1878	1874
gene:Bcin01g08410	671	688	599	919	612	598
gene:Bcin01g08420	315	315	284	211	167	169
gene:Bcin01g08430	1228	1467	1231	1086	1000	751
gene:Bcin01g08440	500	565	500	436	317	308
gene:Bcin01g08450	22	11	13	32	13	17
gene:Bcin01g08460	298	355	261	847	541	542
gene:Bcin01g08470	412	518	413	637	474	463
gene:Bcin01g08480	941	1175	879	602	520	444
gene:Bcin01g08490	3489	3638	2884	3804	3035	2697
gene:Bcin01g08500	1181	1280	1068	1193	972	862
gene:Bcin01g08510	268	352	277	398	180	165
gene:Bcin01g08520	1805	1510	2678	6019	5667	5008
gene:Bcin01g08530	963	1056	818	798	610	580
gene:Bcin01g08540	308	331	319	361	325	260
gene:Bcin01g08550	957	1206	826	1001	1067	703
gene:Bcin01g08560	309	403	320	282	312	251
gene:Bcin01g08570	399	469	387	520	379	392
gene:Bcin01g08580	127	125	113	137	153	123
gene:Bcin01g08590	18	29	17	13	11	14
gene:Bcin01g08600	107	128	124	75	49	40
gene:Bcin01g08610	67	77	34	24	23	24
gene:Bcin01g08620	303	351	248	30	22	11
gene:Bcin01g08630	3	2	1	1	3	2
gene:Bcin01g08640	16	17	6	16	27	21
gene:Bcin01g08650	934	1109	833	555	455	370
gene:Bcin01g08660	806	869	739	543	427	369
gene:Bcin01g08670	48	53	61	15	39	26
gene:Bcin01g08680	10534	8526	8741	1838	5864	3070
gene:Bcin01g08690	1877	1934	1442	1429	3512	1938
gene:Bcin01g08700	5	6	2	6	5	6
gene:Bcin01g08710	563	665	575	744	589	489
gene:Bcin01g08720	1344	1537	1276	2031	1674	1531
gene:Bcin01g08730	1330	1578	1262	656	536	482
gene:Bcin01g08740	1401	1557	1928	1529	1047	966
gene:Bcin01g08750	144	156	120	164	152	107
gene:Bcin01g08760	1587	1919	1592	1666	1735	1097
gene:Bcin01g08770	2366	2606	2169	1668	1710	1455
gene:Bcin01g08780	2069	2193	1791	4688	3743	3092
gene:Bcin01g08790	391	455	330	340	356	376
gene:Bcin01g08800	1	0	0	3	5	1
gene:Bcin01g08810	167	190	141	94	80	71
gene:Bcin01g08820	180	203	204	317	239	207
gene:Bcin01g08830	360	390	325	653	753	505
gene:Bcin01g08840	3134	3472	2754	1916	2280	1830
gene:Bcin01g08850	885	924	725	922	876	852
gene:Bcin01g08860	36	55	23	38	79	65
gene:Bcin01g08870	735	948	624	924	766	605
gene:Bcin01g08880	355	452	278	1422	1418	1354
gene:Bcin01g08890	20	15	14	35	41	32
gene:Bcin01g08900	472	684	523	160	151	119
gene:Bcin01g08910	2990	3672	2813	541	444	454
gene:Bcin01g08920	2020	2492	1743	2083	2913	2110
gene:Bcin01g08930	271	322	246	197	159	161
gene:Bcin01g08940	467	523	374	229	192	164
gene:Bcin01g08950	4	4	1	9	9	2
gene:Bcin01g08960	123	109	101	150	139	93
gene:EFBcG00000013257	0	0	0	0	0	0
gene:ENSRNA049534862	0	0	0	0	0	0
gene:EFBcG00000013303	2	0	0	0	5	0
gene:EFBcG00000013142	0	0	0	0	0	0
gene:ENSRNA049512682	0	0	0	0	0	0
gene:Bcin01g08970	2657	2991	2556	5444	5975	4065
gene:Bcin01g08980	1800	1852	1726	1211	1710	1240
gene:Bcin01g08990	296	337	277	508	714	386
gene:Bcin01g09000	277	303	161	697	812	378
gene:Bcin01g09010	7	9	4	45	53	53
gene:Bcin01g09020	4	6	2	1	8	4
gene:Bcin01g09030	343	416	323	463	280	253
gene:Bcin01g09040	979	1004	944	733	1059	585
gene:Bcin01g09050	452	430	334	879	767	654
gene:Bcin01g09060	355	351	340	240	237	205
gene:Bcin01g09070	4	10	9	1	7	4
gene:Bcin01g09080	1362	1448	1244	1015	1672	870
gene:Bcin01g09090	11	20	18	80	92	54
gene:Bcin01g09100	1810	2184	1603	2212	1920	1309
gene:Bcin01g09110	834	902	547	893	1116	810
gene:Bcin01g09120	2907	3461	2943	3505	2567	2483
gene:Bcin01g09130	6	5	3	8	3	5
gene:Bcin01g09140	1477	1700	1316	1422	1660	1356
gene:Bcin01g09150	1934	2377	1910	2566	1684	1835
gene:Bcin01g09160	433	501	395	488	527	389
gene:Bcin01g09170	1630	1739	1703	1770	1287	1132
gene:Bcin01g09180	209	201	191	95	285	147
gene:Bcin01g09190	3	4	3	2	7	2
gene:Bcin01g09200	202	219	156	457	771	521
gene:Bcin01g09210	0	0	0	0	0	0
gene:Bcin01g09220	0	2	1	12	5	3
gene:Bcin01g09230	820	1088	752	1818	2068	1522
gene:Bcin01g09240	753	904	617	719	580	700
gene:Bcin01g09250	250	241	193	182	178	145
gene:Bcin01g09260	42	43	35	41	30	20
gene:Bcin01g09270	31	57	28	35	17	20
gene:Bcin01g09280	787	838	719	768	527	506
gene:Bcin01g09290	4	2	0	5	2	0
gene:Bcin01g09300	864	930	674	577	423	367
gene:Bcin01g09310	15082	16748	14155	12467	12722	10329
gene:Bcin01g09320	7709	8196	8243	3374	2479	2366
gene:Bcin01g09330	2232	2606	2181	3081	2123	2075
gene:Bcin01g09340	802	888	779	512	322	315
gene:Bcin01g09350	14556	14585	12788	20662	19512	16022
gene:Bcin01g09360	10622	12782	11918	8637	7174	6163
gene:Bcin01g09370	1941	2427	1700	2225	2267	1816
gene:Bcin01g09380	35	34	39	41	28	21
gene:Bcin01g09390	10	9	6	17	12	5
gene:Bcin01g09400	2661	2636	2155	1222	1464	1486
gene:Bcin01g09410	5	5	5	5	2	3
gene:Bcin01g09420	5	11	4	10	5	11
gene:Bcin01g09430	75716	83259	52814	87	111	82
gene:Bcin01g09440	685	756	614	1066	1009	675
gene:Bcin01g09450	23307	23226	23718	1792	834	1286
gene:Bcin01g09460	20	17	15	9	15	13
gene:Bcin01g09470	228	273	209	190	147	145
gene:Bcin01g09480	601	665	549	648	511	484
gene:Bcin01g09490	492	569	383	545	569	413
gene:Bcin01g09500	1911	2262	1718	1277	1261	998
gene:Bcin01g09510	1999	2413	1909	2463	1955	1753
gene:Bcin01g09520	91	120	115	104	67	66
gene:Bcin01g09530	1477	896	4317	138	80	106
gene:Bcin01g09540	1071	974	1330	373	345	339
gene:Bcin01g09550	1159	1416	1176	1677	1603	1267
gene:Bcin01g09560	4173	4330	3360	3614	2974	2696
gene:Bcin01g09570	710	758	581	470	334	271
gene:ENSRNA049512791	10	10	7	20	16	24
gene:Bcin01g09580	3039	2823	2403	3665	2507	2261
gene:Bcin01g09590	3144	3104	2390	2494	3587	3215
gene:Bcin01g09600	3023	3777	3173	3886	3199	2970
gene:Bcin01g09610	1488	1653	1288	1733	1342	1170
gene:Bcin01g09620	19896	20731	17646	26469	21099	19899
gene:Bcin01g09630	320	272	116	3020	1393	1166
gene:Bcin01g09640	23	15	18	254	98	101
gene:Bcin01g09650	7818	9088	8188	7173	6235	5274
gene:Bcin01g09660	15163	15865	14126	18105	17150	14244
gene:Bcin01g09670	1384	1407	1402	3811	3764	1979
gene:Bcin01g09680	146	177	123	127	143	110
gene:Bcin01g09690	510	558	522	493	323	272
gene:Bcin01g09700	10	9	6	15	7	7
gene:Bcin01g09710	81	106	112	248	118	97
gene:Bcin01g09720	259	273	211	517	751	553
gene:Bcin01g09730	562	586	406	957	724	521
gene:Bcin01g09740	837	783	791	2383	2964	1556
gene:Bcin01g09750	159	182	155	136	82	79
gene:Bcin01g09760	363	461	334	326	273	244
gene:Bcin01g09770	679	605	457	483	529	391
gene:Bcin01g09780	1896	2490	1983	2055	2221	1365
gene:Bcin01g09790	462	497	378	1143	1143	632
gene:Bcin01g09800	204	199	137	303	194	167
gene:Bcin01g09810	2238	2619	2091	1436	1358	958
gene:Bcin01g09820	1	0	0	0	0	0
gene:Bcin01g09830	16	15	11	15	11	11
gene:Bcin01g09840	2124	2286	1988	2465	2066	1873
gene:Bcin01g09850	16	18	26	38	23	28
gene:Bcin01g09860	1296	1468	1143	1288	862	820
gene:Bcin01g09870	623	803	522	388	321	312
gene:Bcin01g09880	8	7	3	12	10	6
gene:Bcin01g09890	422	455	426	409	289	280
gene:Bcin01g09900	5540	6101	5032	4446	3052	3093
gene:Bcin01g09910	475	504	783	850	606	578
gene:Bcin01g09920	102	110	57	10	11	12
gene:Bcin01g09930	27	30	17	0	1	2
gene:Bcin01g09940	6660	7545	5598	4327	3531	2914
gene:Bcin01g09950	49634	53975	40690	15935	15016	11556
gene:Bcin01g09960	346	424	300	252	214	182
gene:Bcin01g09970	156	176	92	67	68	59
gene:Bcin01g09980	315	449	145	254	199	136
gene:Bcin01g09990	297	412	146	273	198	150
gene:Bcin01g10000	95	98	76	74	40	39
gene:Bcin01g10010	538	532	491	924	859	526
gene:Bcin01g10020	161	200	154	125	86	60
gene:Bcin01g10030	6	5	3	7	4	6
gene:EFBcG00000013221	0	0	0	0	0	0
gene:ENSRNA049534927	0	0	0	0	0	0
gene:Bcin01g10040	193	280	126	445	335	212
gene:Bcin01g10050	2112	2418	2071	2100	1724	1385
gene:Bcin01g10060	1356	1483	1174	1259	1303	927
gene:Bcin01g10070	243	279	203	310	294	239
gene:Bcin01g10080	100	119	102	141	179	148
gene:Bcin01g10090	333	430	372	314	160	210
gene:Bcin01g10100	11738	11916	10086	26398	21140	18914
gene:Bcin01g10110	1471	1650	1457	2891	2458	2097
gene:Bcin01g10120	788	960	652	930	570	567
gene:Bcin01g10130	14	11	11	33	26	14
gene:Bcin01g10140	9	9	2	7	7	1
gene:Bcin01g10150	28	32	7	29	29	28
gene:Bcin01g10160	23	45	24	358	399	279
gene:Bcin01g10170	108	95	81	139	127	87
gene:Bcin01g10180	2049	1935	1411	744	1855	1005
gene:Bcin01g10190	0	0	0	0	0	0
gene:Bcin01g10200	0	1	1	2	0	0
gene:Bcin01g10210	0	0	0	0	2	1
gene:Bcin01g10220	1	3	1	4	8	5
gene:Bcin01g10230	8	7	6	18	24	20
gene:Bcin01g10240	579	616	659	586	452	373
gene:Bcin01g10250	3181	3624	1944	232	85	74
gene:Bcin01g10260	0	0	0	1	0	1
gene:Bcin01g10270	1	4	6	454	152	100
gene:Bcin01g10280	634	655	396	756	607	512
gene:Bcin01g10290	598	654	548	432	284	348
gene:Bcin01g10300	111	125	138	104	161	79
gene:Bcin01g10310	7848	8465	5923	4293	4730	3290
gene:Bcin01g10320	1616	1881	1734	2581	1885	1795
gene:Bcin01g10330	1520	1839	1609	3664	3713	3075
gene:Bcin01g10340	7411	7955	7284	7992	6725	5568
gene:Bcin01g10350	559	465	399	451	308	228
gene:Bcin01g10360	197	211	143	187	146	126
gene:Bcin01g10370	0	0	0	4	7	10
gene:EFBcG00000013241	0	0	0	0	0	0
gene:ENSRNA049534995	0	0	0	0	0	0
gene:Bcin01g10380	61	49	52	202	255	66
gene:Bcin01g10390	215	198	177	1189	2072	664
gene:Bcin01g10400	491	583	476	568	569	374
gene:Bcin01g10410	55	61	36	58	104	83
gene:Bcin01g10420	10	21	12	619	960	202
gene:Bcin01g10430	17	28	37	159	342	196
gene:Bcin01g10440	32	43	27	21	16	20
gene:Bcin01g10450	354	425	322	494	534	383
gene:Bcin01g10460	137	133	114	133	171	108
gene:Bcin01g10470	552	583	532	767	775	488
gene:Bcin01g10480	426	386	288	713	487	389
gene:Bcin01g10490	1453	1603	1390	1347	1040	991
gene:Bcin01g10500	24421	29247	17518	33070	39813	29720
gene:Bcin01g10510	52	96	54	74	71	40
gene:Bcin01g10520	1375	1547	1169	1621	1287	1003
gene:Bcin01g10530	376	544	319	360	232	192
gene:Bcin01g10540	214	261	199	231	187	116
gene:Bcin01g10550	199	233	216	223	102	148
gene:Bcin01g10560	997	1105	1101	980	818	677
gene:Bcin01g10570	69	69	74	32	48	31
gene:Bcin01g10580	30	41	30	4	5	3
gene:Bcin01g10590	5	5	4	6	0	1
gene:Bcin01g10600	1700	1878	1526	496	314	360
gene:Bcin01g10610	1137	1401	1033	1186	753	765
gene:Bcin01g10620	25	20	33	29	22	22
gene:Bcin01g10630	11	6	13	1	2	3
gene:ENSRNA049512760	0	0	0	1	0	0
gene:Bcin01g10640	1629	1916	1453	877	754	646
gene:Bcin01g10650	1028	1144	1011	341	163	197
gene:Bcin01g10660	1990	2468	2259	2470	1930	1737
gene:Bcin01g10670	95	106	89	74	71	41
gene:Bcin01g10680	827	1163	1005	1968	1510	1037
gene:Bcin01g10690	1295	1549	1037	1238	998	770
gene:EFBcG00000013182	0	0	0	0	0	0
gene:ENSRNA049512489	0	0	0	0	0	0
gene:Bcin01g10700	1006	1052	965	1046	1352	628
gene:Bcin01g10710	1141	1302	1220	1586	1296	831
gene:Bcin01g10720	654	824	792	301	222	191
gene:Bcin01g10730	325	367	402	189	168	129
gene:Bcin01g10740	20	23	13	31	92	62
gene:Bcin01g10750	199	251	78	131	195	160
gene:Bcin01g10760	16	21	14	7	13	11
gene:Bcin01g10770	114	153	72	112	124	102
gene:Bcin01g10780	63	87	36	73	94	44
gene:Bcin01g10790	273	282	93	117	117	52
gene:Bcin01g10810	13649	13332	11655	19210	18297	14298
gene:Bcin01g10820	399	465	287	236	256	152
gene:Bcin01g10830	77	51	143	12	7	6
gene:Bcin01g10840	654	715	590	4883	2930	2452
gene:Bcin01g10850	5	5	3	12	12	12
gene:Bcin01g10860	289	329	269	276	216	220
gene:Bcin01g10870	2243	2623	2274	1531	1564	1242
gene:Bcin01g10880	3270	3241	2468	1585	2880	2742
gene:Bcin01g10890	2178	2226	1852	1931	2452	2512
gene:Bcin01g10900	1	2	0	0	1	0
gene:Bcin01g10910	171	168	46	27	13	15
gene:Bcin01g10920	299	377	237	267	378	260
gene:Bcin01g10930	1165	1339	1007	831	804	710
gene:Bcin01g10940	26	25	26	36	39	22
gene:Bcin01g10950	414	398	402	491	321	280
gene:Bcin01g10960	912	959	931	599	542	522
gene:Bcin01g10970	994	1088	863	965	898	710
gene:Bcin01g10980	4506	5767	4271	3414	2527	2262
gene:Bcin01g10990	5	3	2	6	6	5
gene:Bcin01g11000	87	130	74	102	87	54
gene:Bcin01g11010	267	326	256	9	5	8
gene:Bcin01g11020	237	327	198	16	11	4
gene:Bcin01g11030	115	194	151	13	14	10
gene:Bcin01g11040	160	142	88	21	19	17
gene:Bcin01g11050	499	561	172	143	210	159
gene:Bcin01g11060	128	139	182	45	61	44
gene:Bcin01g11070	1	0	1	0	0	0
gene:Bcin01g11080	0	0	0	0	0	0
gene:Bcin01g11090	0	0	0	0	0	0
gene:EFBcG00000013343	0	0	0	0	0	0
gene:ENSRNA049534977	0	0	0	0	0	0
gene:Bcin01g11100	0	0	0	0	0	0
gene:Bcin01g11110	2	1	2	9	4	4
gene:Bcin01g11120	276	332	265	245	169	145
gene:Bcin01g11130	37	39	43	51	42	34
gene:Bcin01g11140	34	48	25	20	19	12
gene:Bcin01g11150	2885	3029	1812	67	40	28
gene:Bcin01g11160	1056	1117	796	38	28	47
gene:Bcin01g11170	1329	1702	1409	1218	1042	883
gene:Bcin01g11180	184	195	220	200	126	124
gene:Bcin01g11190	0	4	0	2	2	1
gene:Bcin01g11200	86	143	89	74	50	37
gene:Bcin01g11210	5	8	9	46	27	13
gene:Bcin01g11220	1636	2069	1399	2962	4960	2501
gene:Bcin01g11230	534	588	478	664	621	521
gene:Bcin01g11240	133	148	141	138	121	106
gene:Bcin01g11250	0	1	0	5	5	2
gene:Bcin01g11260	1	2	0	1	3	5
gene:Bcin01g11270	69	102	73	51	66	28
gene:Bcin01g11280	262	253	260	206	286	154
gene:Bcin01g11290	33	22	15	62	71	28
gene:Bcin01g11300	2686	2732	2339	8764	13360	10424
gene:Bcin01g11310	28	32	18	216	147	132
gene:Bcin01g11320	162	207	181	279	313	251
gene:Bcin01g11330	3553	4610	3280	2890	2243	2079
gene:Bcin01g11340	1094	1315	968	652	721	597
gene:Bcin01g11350	418	489	380	490	314	322
gene:Bcin01g11360	1979	2555	1708	1671	1476	1138
gene:Bcin01g11370	0	0	0	2	0	0
gene:Bcin01g11380	1	2	0	1	0	1
gene:Bcin01g11390	365	422	299	171	118	96
gene:Bcin01g11400	0	1	3	3	1	2
gene:Bcin01g11410	2	3	8	0	1	2
gene:Bcin01g11420	5	14	17	22	9	11
gene:Bcin01g11430	137	158	143	137	103	84
gene:Bcin01g11440	1	0	2	0	2	0
gene:Bcin01g11450	9	17	12	15	11	19
gene:Bcin01g11460	3	6	1	14	15	10
gene:Bcin01g11470	3	4	2	6	8	7
gene:Bcin01g11480	0	1	1	5	7	2
gene:Bcin01g11490	0	0	0	2	1	3
gene:Bcin01g11500	142	144	145	285	238	203
gene:Bcin01g11510	10	25	18	82	119	114
gene:Bcin01g11520	5	5	1	30	12	15
gene:Bcin01g11530	0	2	4	15	9	10
gene:Bcin01g11540	35	45	17	20	35	23
gene:Bcin01g11550	214	244	185	159	192	131
gene:Bcin01g11560	56	51	46	30	30	36
gene:Bcin10g00010	144	212	47	1196	1534	1100
gene:Bcin10g00020	174	276	72	685	936	587
gene:Bcin10g00030	6843	9015	3592	27575	32120	28025
gene:Bcin10g00040	317	388	125	669	798	752
gene:Bcin10g00050	24	23	26	194	114	117
gene:Bcin10g00060	492	546	617	1513	886	811
gene:Bcin10g00070	2	0	0	0	0	0
gene:Bcin10g00080	0	0	0	15	36	20
gene:Bcin10g00090	0	0	0	21	16	26
gene:Bcin10g00100	0	0	0	0	1	0
gene:Bcin10g00110	1486	1663	1651	1199	973	877
gene:Bcin10g00120	1234	1592	1372	1773	1200	1233
gene:Bcin10g00130	984	1013	820	802	947	586
gene:Bcin10g00140	1113	1078	917	7408	3327	3086
gene:Bcin10g00150	56	58	65	482	353	329
gene:Bcin10g00160	0	0	0	0	0	0
gene:Bcin10g00170	0	0	0	0	0	0
gene:Bcin10g00180	7	3	0	5	3	2
gene:Bcin10g00190	38	31	31	74	36	35
gene:Bcin10g00200	827	1029	825	737	788	558
gene:Bcin10g00210	17	14	9	22	16	10
gene:Bcin10g00220	0	3	0	3	2	5
gene:Bcin10g00230	149	148	137	125	88	70
gene:Bcin10g00240	543	596	522	632	436	463
gene:Bcin10g00250	2324	2792	2395	2072	1644	1537
gene:Bcin10g00260	228	250	226	155	110	126
gene:Bcin10g00270	787	863	681	667	678	541
gene:Bcin10g00280	6	5	6	12	13	0
gene:Bcin10g00290	3	2	1	2	4	2
gene:Bcin10g00300	62866	55478	74394	21366	12378	14086
gene:Bcin10g00310	1572	1485	1313	940	1038	779
gene:Bcin10g00320	0	3	2	1	2	0
gene:Bcin10g00330	20	20	39	97	109	87
gene:Bcin10g00340	1736	2102	1551	1953	1838	1441
gene:Bcin10g00350	13	18	6	59	74	82
gene:EFBcG00000013085	0	0	0	0	0	0
gene:ENSRNA049536313	0	0	0	0	0	0
gene:Bcin10g00360	720	710	653	498	501	383
gene:Bcin10g00370	532	469	552	489	683	422
gene:Bcin10g00380	568	440	720	13181	16496	10918
gene:Bcin10g00390	1976	2204	1793	1930	1911	1493
gene:Bcin10g00400	882	794	653	702	584	463
gene:Bcin10g00410	1197	1462	1110	715	682	571
gene:Bcin10g00420	631	685	859	216	180	132
gene:Bcin10g00430	549	652	503	178	167	118
gene:Bcin10g00440	1247	1646	1104	344	311	278
gene:Bcin10g00450	62	73	63	188	299	123
gene:Bcin10g00460	2086	2312	2033	976	871	722
gene:Bcin10g00470	2	5	2	7	5	3
gene:EFBcG00000013211	0	0	0	0	0	0
gene:ENSRNA049511667	0	0	0	0	0	0
gene:Bcin10g00480	11868	12550	10963	6997	12644	7475
gene:Bcin10g00490	882	1115	1340	1370	1521	658
gene:Bcin10g00500	4	4	4	6	4	1
gene:Bcin10g00510	3001	3230	2915	2031	2179	1343
gene:Bcin10g00520	1244	1411	831	11467	16631	4453
gene:Bcin10g00530	56	64	38	35	63	26
gene:Bcin10g00540	3932	4217	4033	2636	2310	2130
gene:Bcin10g00550	428	528	449	407	328	310
gene:Bcin10g00560	232	347	197	555	729	493
gene:Bcin10g00570	758	898	819	575	487	416
gene:Bcin10g00580	279	358	267	311	346	261
gene:Bcin10g00590	1022	1157	977	896	691	670
gene:Bcin10g00600	810	796	782	794	720	623
gene:Bcin10g00610	114	122	112	284	458	228
gene:Bcin10g00620	819	899	784	761	1301	743
gene:Bcin10g00630	557	701	508	484	406	410
gene:Bcin10g00640	3376	3543	2985	3009	2626	2381
gene:Bcin10g00650	2314	2922	2543	1662	1423	1279
gene:Bcin10g00660	681	801	364	370	563	353
gene:Bcin10g00670	1163	1585	1088	731	718	652
gene:Bcin10g00680	378	388	350	291	227	219
gene:Bcin10g00690	29	42	31	49	36	33
gene:Bcin10g00700	0	1	3	1	3	0
gene:Bcin10g00710	0	0	0	0	2	0
gene:Bcin10g00720	372	499	324	191	130	136
gene:Bcin10g00730	3	7	6	1	0	3
gene:Bcin10g00740	1225	1646	1105	1241	815	740
gene:Bcin10g00750	1440	1752	1180	1528	1338	1021
gene:Bcin10g00760	4	8	3	6	5	2
gene:Bcin10g00770	599	686	511	384	326	265
gene:EFBcG00000013253	1	3	0	0	1	0
gene:Bcin10g00780	1467	1670	1199	1277	1174	991
gene:Bcin10g00790	1713	1889	1569	1021	695	673
gene:Bcin10g00800	11	10	5	14	27	13
gene:Bcin10g00810	0	0	0	0	0	0
gene:Bcin10g00820	0	0	0	0	0	0
gene:Bcin10g00830	1	2	4	11	7	8
gene:Bcin10g00840	91	101	49	68	33	32
gene:Bcin10g00850	64	88	59	39	17	18
gene:Bcin10g00860	268	301	243	470	555	400
gene:Bcin10g00870	83	97	95	111	126	97
gene:Bcin10g00880	1	1	1	0	0	4
gene:Bcin10g00890	454	446	262	284	268	245
gene:EFBcG00000013122	0	0	0	0	0	0
gene:Bcin10g00900	286	294	312	219	104	122
gene:Bcin10g00910	0	0	0	0	0	0
gene:Bcin10g00920	71	91	73	101	62	61
gene:Bcin10g00930	677	809	674	753	567	495
gene:Bcin10g00940	688	929	659	772	677	571
gene:Bcin10g00950	219	304	257	114	60	62
gene:Bcin10g00960	4	7	3	8	7	4
gene:Bcin10g00970	49	71	50	88	42	52
gene:Bcin10g00980	24	40	22	26	27	23
gene:Bcin10g00990	453	580	398	497	369	300
gene:Bcin10g01000	613	768	609	531	395	401
gene:Bcin10g01010	2	6	1	12	6	4
gene:Bcin10g01020	864	1279	756	903	813	836
gene:Bcin10g01030	7151	9660	6498	11962	11977	10050
gene:Bcin10g01040	317	306	270	215	183	150
gene:EFBcG00000013296	7	7	5	12	8	8
gene:Bcin10g01050	3810	4119	3528	3802	3893	3263
gene:Bcin10g01060	2710	3490	2007	1217	1190	1019
gene:Bcin10g01070	123	147	106	94	92	65
gene:Bcin10g01080	619	913	321	733	309	278
gene:Bcin10g01090	317	348	318	395	289	234
gene:Bcin10g01100	42	48	38	42	30	29
gene:Bcin10g01110	48	71	35	53	56	59
gene:Bcin10g01120	1263	1393	1243	1704	1500	1290
gene:Bcin10g01130	1145	1126	962	834	588	615
gene:Bcin10g01140	0	0	0	1	0	2
gene:Bcin10g01150	26	43	14	183	74	58
gene:Bcin10g01160	186	237	175	177	171	137
gene:Bcin10g01170	217	283	177	146	151	123
gene:Bcin10g01180	6467	6535	4826	7114	5611	4570
gene:Bcin10g01190	1686	1897	1693	1571	1417	1012
gene:Bcin10g01200	0	0	0	0	1	0
gene:Bcin10g01210	165	119	39	2	59	17
gene:Bcin10g01220	625	708	524	878	977	619
gene:Bcin10g01230	354	372	321	528	639	460
gene:Bcin10g01240	2617	3361	2702	2722	2252	2010
gene:Bcin10g01250	2426	2466	2254	2095	1694	1288
gene:Bcin10g01260	28272	29582	25634	32967	28976	24671
gene:Bcin10g01270	2059	2365	1259	197	165	133
gene:Bcin10g01280	16	19	12	67	43	49
gene:Bcin10g01290	656	644	569	990	884	747
gene:Bcin10g01300	50	67	33	26	34	17
gene:Bcin10g01310	54	50	41	21	13	7
gene:Bcin10g01320	1121	1373	1064	1420	1389	1139
gene:Bcin10g01330	821	1088	714	645	785	710
gene:Bcin10g01340	0	0	0	0	0	3
gene:Bcin10g01350	19	20	14	19	31	35
gene:Bcin10g01360	0	0	0	1	0	1
gene:Bcin10g01370	1	6	2	5	5	7
gene:Bcin10g01380	3798	4065	3140	2825	2450	2040
gene:Bcin10g01390	303	351	293	257	187	171
gene:Bcin10g01400	661	734	639	845	940	771
gene:Bcin10g01410	1184	1350	962	1137	864	788
gene:Bcin10g01430	1	0	0	0	0	1
gene:Bcin10g01440	619	786	641	424	320	265
gene:Bcin10g01450	25	38	27	19	11	5
gene:Bcin10g01460	16	14	18	3	11	7
gene:Bcin10g01470	50	91	42	21	23	16
gene:Bcin10g01480	66	76	60	50	29	17
gene:Bcin10g01490	45	66	46	51	34	35
gene:Bcin10g01500	28009	30098	29698	30876	18033	18711
gene:Bcin10g01510	18	16	9	269	476	75
gene:Bcin10g01520	995	1077	845	794	486	543
gene:Bcin10g01530	4077	4505	4300	4742	3776	3218
gene:Bcin10g01540	654	869	731	934	685	617
gene:Bcin10g01550	12758	15534	8995	3176	4012	3519
gene:Bcin10g01560	5	8	0	1	3	3
gene:Bcin10g01570	920	1020	889	599	651	599
gene:Bcin10g01580	1317	1353	1173	878	779	716
gene:Bcin10g01590	2648	2753	2574	3171	3817	2902
gene:Bcin10g01600	860	971	663	443	608	458
gene:Bcin10g01610	304	259	274	114	87	62
gene:Bcin10g01620	338	430	341	295	151	172
gene:Bcin10g01630	288	339	276	221	143	182
gene:Bcin10g01640	97	108	86	86	68	87
gene:Bcin10g01650	0	5	1	0	5	2
gene:Bcin10g01660	1819	1812	1800	1047	985	734
gene:Bcin10g01670	6	3	2	8	11	4
gene:Bcin10g01680	0	0	0	0	0	0
gene:Bcin10g01690	359	435	319	923	1324	581
gene:Bcin10g01700	863	978	976	1916	1582	1103
gene:Bcin10g01710	14	10	12	24	22	23
gene:Bcin10g01720	9	7	9	11	37	20
gene:Bcin10g01730	0	0	0	1	0	0
gene:Bcin10g01740	0	0	0	0	0	1
gene:Bcin10g01750	2	7	2	4	3	9
gene:Bcin10g01760	1	1	1	19	53	21
gene:Bcin10g01770	0	1	0	10	17	4
gene:Bcin10g01780	260	329	96	105	89	54
gene:Bcin10g01790	1	0	0	1	0	0
gene:Bcin10g01800	0	0	0	1	0	0
gene:Bcin10g01810	0	0	0	1	0	2
gene:Bcin10g01820	0	0	1	2	0	1
gene:Bcin10g01830	0	0	1	0	0	0
gene:Bcin10g01840	2117	2592	2243	152	117	79
gene:Bcin10g01850	0	0	1	6	2	0
gene:Bcin10g01860	3	11	4	4	5	5
gene:Bcin10g01870	608	738	571	481	669	597
gene:Bcin10g01880	1637	1694	944	1103	1776	1360
gene:Bcin10g01890	294	571	192	394	321	284
gene:Bcin10g01900	10	20	25	52	56	34
gene:Bcin10g01910	2	4	1	5	3	3
gene:Bcin10g01920	3	0	1	15	8	6
gene:Bcin10g01930	1	6	2	7	7	1
gene:Bcin10g01940	5	9	4	14	11	11
gene:Bcin10g01950	75	77	35	20	25	23
gene:Bcin10g01960	313	388	319	1432	1845	1090
gene:Bcin10g01970	0	1	0	0	1	0
gene:Bcin10g01980	340	297	551	99	562	138
gene:Bcin10g01990	25	43	37	29	42	34
gene:Bcin10g02000	205	280	197	169	177	139
gene:Bcin10g02010	27	51	31	90	104	56
gene:Bcin10g02020	3	4	0	3	4	3
gene:Bcin10g02030	79	88	79	271	267	238
gene:Bcin10g02040	1	3	1	9	7	9
gene:Bcin10g02050	9	11	2	27	49	34
gene:Bcin10g02060	786	894	1465	1016	844	767
gene:Bcin10g02070	118	169	175	83	50	60
gene:Bcin10g02080	6	4	2	6	9	5
gene:Bcin10g02090	448	465	428	298	317	246
gene:Bcin10g02100	632	626	508	146	73	108
gene:Bcin10g02110	0	0	0	0	0	0
gene:Bcin10g02120	0	0	0	0	0	0
gene:Bcin10g02130	453	495	447	494	354	333
gene:Bcin10g02140	3548	4474	2934	2105	1669	1448
gene:Bcin10g02150	20	30	9	80	114	88
gene:Bcin10g02160	16	20	17	67	85	33
gene:Bcin10g02170	2	2	0	6	9	7
gene:Bcin10g02180	12942	12274	5867	2412	4483	2282
gene:Bcin10g02190	21	21	19	24	40	18
gene:Bcin10g02200	1375	1411	1351	1218	1321	968
gene:Bcin10g02210	342	427	348	469	293	297
gene:Bcin10g02220	759	757	738	406	776	450
gene:Bcin10g02230	5530	6572	5433	6435	5119	4332
gene:EFBcG00000013175	0	0	0	0	0	0
gene:ENSRNA049536359	0	0	0	0	0	0
gene:Bcin10g02240	304	356	270	280	206	160
gene:Bcin10g02250	168	166	162	152	139	83
gene:Bcin10g02260	1315	1530	1405	1463	1309	1134
gene:Bcin10g02270	833	930	841	268	174	143
gene:Bcin10g02280	6623	6881	4562	3864	5875	4227
gene:Bcin10g02290	2908	3281	2442	2495	2058	1751
gene:Bcin10g02300	2006	2439	1564	1697	1934	1365
gene:Bcin10g02310	198	246	202	334	212	241
gene:Bcin10g02320	148	146	142	191	117	102
gene:Bcin10g02330	918	960	861	980	890	734
gene:Bcin10g02340	2955	3135	2224	2152	1679	1533
gene:Bcin10g02350	748	871	610	994	880	685
gene:Bcin10g02360	404	478	425	523	403	351
gene:Bcin10g02370	304	409	305	160	146	120
gene:Bcin10g02380	906	1004	922	742	832	676
gene:Bcin10g02390	224	214	182	127	104	121
gene:Bcin10g02400	123	185	139	93	52	38
gene:Bcin10g02410	204	211	173	316	217	187
gene:Bcin10g02420	516	653	437	508	532	370
gene:Bcin10g02430	1959	2125	1550	2043	1558	1390
gene:Bcin10g02440	7665	6435	8180	3128	2635	2406
gene:Bcin10g02450	2240	2511	3286	388	294	290
gene:Bcin10g02460	1487	1543	1475	1331	936	718
gene:Bcin10g02470	338	391	321	601	594	295
gene:Bcin10g02480	86	92	83	122	91	89
gene:Bcin10g02490	593	693	497	468	360	278
gene:Bcin10g02500	294	394	308	380	269	267
gene:Bcin10g02510	95	85	72	135	135	107
gene:Bcin10g02520	2	4	1	1	0	0
gene:Bcin10g02530	6667	7000	1160	32	69	64
gene:Bcin10g02540	4	2	1	6	2	1
gene:Bcin10g02550	3990	3851	2899	3509	4818	3512
gene:Bcin10g02560	75	82	48	462	293	171
gene:Bcin10g02570	401	495	312	316	345	235
gene:Bcin10g02580	396	454	355	1425	1090	620
gene:Bcin10g02590	257	318	233	501	377	261
gene:Bcin10g02600	7	22	8	11	16	9
gene:Bcin10g02610	476	649	369	600	405	417
gene:Bcin10g02620	518	564	493	267	232	215
gene:Bcin10g02630	1935	2190	1838	1736	1600	1293
gene:Bcin10g02640	412	412	290	377	347	298
gene:Bcin10g02650	19482	20941	19560	367	365	271
gene:Bcin10g02660	1401	1180	2182	628	447	403
gene:Bcin10g02670	12	15	6	16	5	2
gene:Bcin10g02680	0	0	0	1	3	0
gene:Bcin10g02690	0	1	0	0	0	0
gene:Bcin10g02700	7	6	1	6	9	6
gene:Bcin10g02710	220	194	69	168	228	219
gene:Bcin10g02720	12	7	6	17	12	7
gene:Bcin10g02730	0	0	0	0	0	0
gene:Bcin10g02740	0	0	0	0	0	0
gene:Bcin10g02750	0	0	0	0	0	0
gene:Bcin10g02760	0	0	0	2	0	0
gene:Bcin10g02770	0	0	0	0	0	0
gene:Bcin10g02780	0	0	0	0	0	0
gene:Bcin10g02790	0	0	0	0	0	0
gene:Bcin10g02800	0	0	2	0	0	0
gene:Bcin10g02810	1135	1410	1053	917	1014	789
gene:Bcin10g02820	2808	3597	3384	131	111	75
gene:Bcin10g02830	5004	5666	6269	147	135	81
gene:Bcin10g02840	466	455	419	412	321	293
gene:Bcin10g02850	5276	6362	4272	4477	5308	3743
gene:Bcin10g02860	351	397	347	441	332	334
gene:Bcin10g02870	691	828	721	863	633	578
gene:Bcin10g02880	329	378	401	325	191	187
gene:Bcin10g02890	12	12	6	10	9	6
gene:Bcin10g02900	12	23	15	14	16	15
gene:Bcin10g02910	0	0	0	0	0	1
gene:Bcin10g02920	67	78	32	14	11	7
gene:Bcin10g02930	247	240	136	10	9	4
gene:Bcin10g02940	1354	1562	1134	1069	869	807
gene:Bcin10g02950	425	431	430	251	207	170
gene:Bcin10g02960	1207	1157	1058	566	521	475
gene:Bcin10g02970	71	83	56	58	59	55
gene:Bcin10g02980	680	810	562	657	616	546
gene:Bcin10g02990	618	657	520	461	420	338
gene:Bcin10g03000	888	1014	939	1240	893	866
gene:Bcin10g03010	2052	2364	1803	1459	1261	990
gene:Bcin10g03020	499	693	462	473	432	353
gene:Bcin10g03030	43	34	56	129	211	180
gene:Bcin10g03040	28	27	18	70	22	32
gene:Bcin10g03050	26	32	29	82	73	85
gene:Bcin10g03060	5	3	0	14	9	5
gene:Bcin10g03070	1	1	2	2	0	1
gene:Bcin10g03080	43	45	35	284	156	109
gene:Bcin10g03090	1709	1791	1819	3643	2209	1945
gene:Bcin10g03100	647	859	500	399	317	312
gene:Bcin10g03110	15	22	11	28	24	16
gene:Bcin10g03120	6	4	6	8	18	7
gene:Bcin10g03130	472	619	449	449	338	255
gene:Bcin10g03140	330	399	295	378	268	251
gene:Bcin10g03150	914	883	755	1070	1279	718
gene:Bcin10g03160	177	166	225	630	616	523
gene:Bcin10g03170	185	214	146	143	131	142
gene:Bcin10g03180	263	265	277	367	483	383
gene:Bcin10g03190	504	519	373	497	648	543
gene:Bcin10g03200	535	564	537	430	411	290
gene:Bcin10g03210	801	1015	872	1018	765	641
gene:Bcin10g03220	394	432	470	285	190	197
gene:Bcin10g03230	637	712	540	354	245	202
gene:Bcin10g03240	4499	4759	3579	3815	2904	2626
gene:Bcin10g03250	2257	2425	2300	1703	1624	1135
gene:Bcin10g03260	2847	2834	3183	2007	1459	976
gene:Bcin10g03270	9	7	7	15	20	14
gene:Bcin10g03280	2445	2782	2046	1541	1421	941
gene:Bcin10g03290	1350	1528	1217	987	1069	651
gene:Bcin10g03300	667	742	568	356	269	305
gene:Bcin10g03310	1659	1832	1651	1276	1311	1043
gene:Bcin10g03320	423	379	375	165	231	142
gene:Bcin10g03330	755	931	904	1093	1161	899
gene:Bcin10g03340	2191	2474	1941	2032	1477	1331
gene:Bcin10g03350	154	132	118	138	121	73
gene:Bcin10g03360	19	30	9	14	14	5
gene:Bcin10g03370	4035	4902	3154	2552	2453	2158
gene:Bcin10g03380	128	151	109	149	109	75
gene:Bcin10g03390	83	97	61	61	50	42
gene:Bcin10g03400	1318	1252	1030	1235	1122	915
gene:Bcin10g03410	1791	1847	1871	681	912	693
gene:Bcin10g03420	690	768	659	572	741	512
gene:Bcin10g03430	2767	3390	2559	2653	2223	1760
gene:Bcin10g03440	1795	2040	1709	980	819	685
gene:Bcin10g03450	1577	1411	1018	1279	2504	1790
gene:Bcin10g03460	996	1140	1130	770	588	537
gene:Bcin10g03470	1246	1572	1276	769	619	619
gene:Bcin10g03480	1287	1401	1274	761	728	510
gene:Bcin10g03490	17	20	10	29	16	15
gene:Bcin10g03500	1059	1003	1037	659	535	446
gene:Bcin10g03510	292	299	256	253	252	196
gene:Bcin10g03520	2585	2872	2261	2402	2124	1518
gene:Bcin10g03530	8630	8267	6267	10709	19094	7846
gene:Bcin10g03540	585	752	589	687	506	431
gene:Bcin10g03550	490	623	814	1229	1397	735
gene:Bcin10g03560	2074	2435	1826	2293	2179	1577
gene:Bcin10g03570	232	231	217	381	324	235
gene:Bcin10g03580	15313	16743	14103	24048	18383	16990
gene:Bcin10g03590	3350	4006	3017	543	379	314
gene:Bcin10g03600	503	577	500	374	382	264
gene:Bcin10g03610	823	921	755	1089	1172	654
gene:Bcin10g03620	1456	1842	1428	2132	1836	1517
gene:Bcin10g03630	4191	4358	3676	2939	1993	1754
gene:Bcin10g03640	478	549	381	247	194	216
gene:Bcin10g03650	1633	1782	1600	1203	1409	1150
gene:Bcin10g03660	419	538	353	434	483	329
gene:Bcin10g03670	217	208	224	241	150	99
gene:Bcin10g03680	288	302	291	140	148	119
gene:Bcin10g03690	239	245	286	458	534	509
gene:Bcin10g03700	469	406	414	582	636	491
gene:Bcin10g03710	1	2	2	181	244	185
gene:Bcin10g03720	158	161	152	124	86	93
gene:Bcin10g03730	13	31	19	33	30	23
gene:Bcin10g03740	5	7	2	4	18	6
gene:Bcin10g03750	418	475	386	336	272	243
gene:Bcin10g03760	602	708	591	571	641	369
gene:Bcin10g03770	291	240	696	35	104	44
gene:Bcin10g03780	2282	2514	2341	2524	2374	2020
gene:Bcin10g03790	514	503	521	562	356	388
gene:Bcin10g03800	694	812	439	458	485	448
gene:Bcin10g03810	6	8	8	92	50	29
gene:Bcin10g03820	7850	8664	6229	5352	4695	4339
gene:Bcin10g03830	239	232	229	202	132	127
gene:Bcin10g03840	1924	2348	1725	2338	2036	1624
gene:Bcin10g03850	3	6	2	0	6	0
gene:Bcin10g03860	6	6	13	5	15	13
gene:Bcin10g03870	1431	1357	1742	1606	2121	1781
gene:Bcin10g03880	944	1018	834	991	1678	1000
gene:Bcin10g03890	321	394	331	568	448	293
gene:Bcin10g03900	982	930	966	463	437	376
gene:Bcin10g03910	7541	6096	9280	1554	1987	2006
gene:Bcin10g03920	735	942	667	858	616	521
gene:Bcin10g03930	5369	5836	5073	5634	4762	3758
gene:Bcin10g03940	159	224	131	95	70	71
gene:Bcin10g03950	1338	1274	846	1192	877	760
gene:Bcin10g03960	169	220	162	192	133	155
gene:Bcin10g03970	7452	6885	7676	3990	3031	2632
gene:Bcin10g03980	721	720	578	700	610	477
gene:Bcin10g03990	29	24	17	39	25	17
gene:EFBcG00000013348	0	0	0	0	0	0
gene:ENSRNA049536381	0	0	0	0	0	0
gene:EFBcG00000013099	0	0	0	0	0	0
gene:ENSRNA049536478	0	0	0	0	0	0
gene:Bcin10g04000	55	60	63	91	64	57
gene:Bcin10g04010	7	7	6	9	11	7
gene:Bcin10g04020	1987	2599	1766	1461	1553	1153
gene:Bcin10g04030	127	171	121	185	157	152
gene:Bcin10g04040	18	24	19	27	26	12
gene:Bcin10g04050	991	1004	775	918	635	556
gene:Bcin10g04060	1446	1545	1197	702	501	428
gene:Bcin10g04070	2940	3203	2098	347	318	277
gene:Bcin10g04080	17	27	10	24	25	11
gene:Bcin10g04090	1945	2446	1526	1568	1681	1295
gene:Bcin10g04100	345	389	318	197	143	202
gene:Bcin10g04110	908	1088	913	794	837	648
gene:Bcin10g04120	637	718	659	451	464	389
gene:Bcin10g04130	784	903	709	941	593	634
gene:Bcin10g04140	1218	1518	1112	1766	1496	1194
gene:Bcin10g04150	437	496	371	309	181	224
gene:Bcin10g04160	8	13	11	11	8	12
gene:Bcin10g04170	2	1	3	0	2	0
gene:Bcin10g04180	246	310	53	205	201	175
gene:Bcin10g04190	217	229	69	83	130	98
gene:Bcin10g04200	0	1	0	4	0	3
gene:Bcin10g04210	624	756	659	467	373	287
gene:EFBcG00000013333	0	0	0	0	0	0
gene:ENSRNA049536465	0	0	0	0	0	0
gene:Bcin10g04220	15605	15952	13707	21080	17295	16314
gene:Bcin10g04230	1418	1765	1669	2011	2162	1515
gene:Bcin10g04240	112	133	126	312	578	349
gene:Bcin10g04250	198	229	167	70	59	48
gene:Bcin10g04260	144	155	110	142	123	144
gene:Bcin10g04270	50	51	74	45	37	29
gene:Bcin10g04280	365	455	355	348	252	203
gene:Bcin10g04290	21978	22551	20134	32763	26512	23935
gene:Bcin10g04300	19178	20814	18447	30788	27601	23983
gene:Bcin10g04310	544	573	498	724	613	466
gene:Bcin10g04320	6537	8452	6941	11304	9553	7634
gene:Bcin10g04330	2477	3733	2603	706	581	562
gene:ENSRNA049511355	27	24	14	35	26	22
gene:Bcin10g04340	837	902	665	351	264	285
gene:Bcin10g04350	195	246	101	49	36	30
gene:Bcin10g04360	204	258	94	31	17	16
gene:Bcin10g04370	3103	4542	2049	2473	2000	1801
gene:Bcin10g04380	14	13	7	15	14	6
gene:Bcin10g04390	598	660	562	538	507	447
gene:Bcin10g04400	1167	1114	903	1891	2280	1717
gene:Bcin10g04410	625	732	655	692	549	586
gene:Bcin10g04420	2	3	2	3	3	8
gene:Bcin10g04430	0	0	0	0	0	0
gene:Bcin10g04440	4	4	4	11	6	5
gene:Bcin10g04450	505	662	391	386	363	339
gene:Bcin10g04460	0	0	0	0	0	0
gene:Bcin10g04470	0	0	0	1	1	0
gene:Bcin10g04480	670	718	440	776	875	682
gene:Bcin10g04490	89	86	46	146	194	148
gene:Bcin10g04500	109	140	119	42	25	38
gene:Bcin10g04510	203	234	181	244	203	198
gene:Bcin10g04520	0	1	0	0	1	1
gene:EFBcG00000013225	0	0	0	0	0	0
gene:ENSRNA049536443	0	0	0	0	0	0
gene:Bcin10g04530	1084	1265	989	938	1051	798
gene:Bcin10g04540	339	357	380	291	181	195
gene:Bcin10g04550	3418	3333	2683	3892	3435	2770
gene:Bcin10g04560	8	8	5	12	1	6
gene:Bcin10g04570	23	18	26	8	1	1
gene:Bcin10g04580	7776	9355	7655	6452	4323	4116
gene:Bcin10g04590	15107	15675	13354	21226	18888	15913
gene:Bcin10g04600	848	928	638	945	1259	791
gene:Bcin10g04610	15984	16132	13790	18159	16822	14367
gene:Bcin10g04620	1424	1551	1301	2490	2326	1704
gene:Bcin10g04630	151	171	129	255	228	162
gene:ENSRNA049511538	0	0	0	1	0	1
gene:Bcin10g04640	649	732	774	1300	1466	1208
gene:Bcin10g04650	1409	1712	1377	1612	1400	1155
gene:Bcin10g04660	504	472	404	356	380	242
gene:Bcin10g04670	1204	1353	1154	1281	1012	925
gene:Bcin10g04680	1082	1250	1097	965	857	766
gene:Bcin10g04690	196	180	189	191	166	141
gene:Bcin10g04700	325	396	320	372	221	231
gene:Bcin10g04710	6783	7046	4929	3771	5347	4357
gene:Bcin10g04720	22	22	7	18	8	9
gene:Bcin10g04730	22	20	10	20	18	20
gene:Bcin10g04740	0	4	0	0	0	0
gene:Bcin10g04750	0	1	0	2	0	1
gene:Bcin10g04760	0	0	0	0	0	0
gene:Bcin10g04770	0	0	0	0	1	0
gene:Bcin10g04780	22	16	3	12	20	16
gene:Bcin10g04790	0	0	0	0	0	0
gene:Bcin10g04800	9	6	6	11	6	4
gene:Bcin10g04810	519	291	313	475	258	293
gene:Bcin10g04820	1137	1248	1231	1213	1017	826
gene:Bcin10g04830	974	1003	822	715	629	543
gene:Bcin10g04840	2	4	7	7	3	7
gene:Bcin10g04850	1438	1492	1544	1535	1223	920
gene:Bcin10g04860	12	15	15	8	14	18
gene:Bcin10g04870	0	1	2	0	0	0
gene:Bcin10g04880	1646	1982	1437	1067	951	820
gene:Bcin10g04890	341	389	340	325	215	205
gene:Bcin10g04900	1187	1449	1227	2576	2095	1770
gene:Bcin10g04910	457	494	424	395	283	244
gene:Bcin10g04920	416	475	432	539	361	325
gene:ENSRNA049511632	0	0	0	0	0	0
gene:EFBcG00000013136	0	0	0	0	0	0
gene:Bcin10g04930	3	8	3	7	4	7
gene:Bcin10g04940	303	392	255	577	440	344
gene:Bcin10g04950	1317	1506	1336	2393	2513	1684
gene:Bcin10g04960	158	151	167	239	228	196
gene:Bcin10g04970	202	256	113	876	729	767
gene:Bcin10g04980	74	86	79	340	592	409
gene:Bcin10g04990	1340	1437	1347	2038	2542	1258
gene:Bcin10g05000	540	579	567	1190	882	689
gene:Bcin10g05010	6472	6461	2061	18	12	6
gene:Bcin10g05020	7	14	7	2	10	0
gene:Bcin10g05030	0	0	0	0	0	0
gene:Bcin10g05040	1583	1663	1369	2094	1727	1546
gene:Bcin10g05050	4401	5609	4604	5115	3974	3791
gene:Bcin10g05060	51	57	47	293	144	151
gene:Bcin10g05070	1	2	0	1	2	1
gene:Bcin10g05080	16	10	12	30	20	11
gene:Bcin10g05090	4504	4890	4535	6594	5662	5021
gene:Bcin10g05100	3645	3836	3041	1090	1096	993
gene:Bcin10g05110	10	11	6	16	10	11
gene:Bcin10g05120	3	2	0	5	1	2
gene:Bcin10g05130	415	418	330	258	230	135
gene:Bcin10g05140	206	217	196	186	129	130
gene:Bcin10g05150	1689	1601	1402	1787	1476	1270
gene:Bcin10g05160	1	2	1	1	3	3
gene:Bcin10g05170	205	228	213	217	146	132
gene:Bcin10g05180	3349	3945	2872	4550	4028	3227
gene:Bcin10g05190	177	154	162	238	229	200
gene:Bcin10g05200	1	2	0	2	3	1
gene:Bcin10g05210	4	14	4	14	13	14
gene:Bcin10g05220	6	9	2	17	9	8
gene:Bcin10g05230	1590	2522	970	1561	2193	1675
gene:Bcin10g05240	441	477	375	486	583	505
gene:Bcin10g05250	958	1108	928	550	445	374
gene:Bcin10g05260	157	188	131	138	122	67
gene:Bcin10g05270	268	286	223	222	154	148
gene:Bcin10g05280	1342	1585	1495	2405	2456	2186
gene:Bcin10g05290	1192	1287	1087	602	696	550
gene:Bcin10g05300	125	127	109	68	71	45
gene:Bcin10g05310	2635	2522	3139	4746	2654	2777
gene:Bcin10g05320	749	784	630	989	796	586
gene:Bcin10g05330	696	645	648	2605	3025	2078
gene:Bcin10g05340	121	124	132	320	353	253
gene:Bcin10g05350	213	256	238	174	191	116
gene:Bcin10g05360	556	602	622	259	274	270
gene:Bcin10g05370	756	946	918	1244	2291	1459
gene:Bcin10g05380	294	323	285	249	191	186
gene:Bcin10g05390	434	503	362	417	242	257
gene:Bcin10g05400	5680	6743	5116	4875	3433	3183
gene:Bcin10g05410	3241	3483	2873	3220	1972	2070
gene:Bcin10g05420	626	641	574	397	432	300
gene:Bcin10g05430	15507	15183	13356	15074	15966	13029
gene:Bcin10g05440	507	515	476	1658	1547	718
gene:Bcin10g05450	1331	1685	1193	1337	1323	1014
gene:Bcin10g05460	3625	4430	3755	4332	2609	2614
gene:Bcin10g05470	279	330	262	254	186	161
gene:Bcin10g05480	74	81	32	51	49	32
gene:Bcin10g05490	122	155	148	258	148	170
gene:Bcin10g05500	1657	1925	1630	2168	2335	1977
gene:Bcin10g05510	1518	1755	1381	1330	1143	986
gene:Bcin10g05520	924	908	804	546	827	529
gene:Bcin10g05530	926	955	917	19	11	9
gene:Bcin10g05540	478	584	483	666	497	442
gene:Bcin10g05550	21149	21264	21935	963	740	747
gene:Bcin10g05560	5652	5708	5434	4804	6220	4712
gene:Bcin10g05570	0	0	0	0	1	0
gene:Bcin10g05580	29	19	20	7	8	2
gene:Bcin10g05590	31824	26084	32304	157	125	104
gene:Bcin10g05600	323	264	267	618	677	307
gene:Bcin10g05610	502	446	476	2646	4107	1208
gene:Bcin10g05620	103	98	99	24	34	36
gene:Bcin10g05630	6612	7769	5522	299	254	232
gene:Bcin10g05640	2567	2704	2560	2305	1709	1586
gene:Bcin10g05650	301	346	313	442	419	338
gene:Bcin10g05660	747	796	765	481	512	447
gene:Bcin10g05670	96	76	114	573	427	103
gene:Bcin10g05680	171	203	98	290	350	246
gene:Bcin10g05690	1535	1851	1428	3401	4599	1765
gene:Bcin10g05700	247	252	209	652	918	441
gene:Bcin10g05710	3509	2930	4034	8290	10180	6687
gene:Bcin10g05720	613	725	540	904	810	621
gene:Bcin10g05730	131	163	103	77	73	69
gene:Bcin10g05740	887	1019	1094	1331	1024	967
gene:Bcin10g05750	1334	1508	1169	5826	6045	3550
gene:Bcin10g05760	12	14	6	19	28	24
gene:Bcin10g05770	3907	4771	3717	3095	3052	2134
gene:Bcin10g05780	310	371	329	840	1133	452
gene:Bcin10g05790	387	501	381	228	349	302
gene:Bcin10g05800	2680	3025	2190	1200	1684	1266
gene:Bcin10g05810	4	1	3	0	1	1
gene:Bcin10g05820	8	8	8	5	12	1
gene:Bcin10g05830	10	10	12	10	7	6
gene:Bcin10g05840	161	133	26	17	30	16
gene:Bcin10g05850	1756	2150	1474	826	393	334
gene:Bcin10g05870	1868	2296	1737	1437	806	728
gene:Bcin10g05880	250	291	238	251	148	139
gene:Bcin10g05890	779	820	601	1361	872	741
gene:Bcin10g05900	429	445	389	559	478	437
gene:Bcin10g05910	139	158	19	518	767	329
gene:Bcin10g05920	234	261	245	211	196	136
gene:Bcin10g05930	145	147	133	243	131	121
gene:Bcin10g05940	634	787	568	928	819	697
gene:Bcin10g05950	5645	5860	4385	4375	4022	3268
gene:Bcin10g05960	46	30	18	40	29	23
gene:Bcin10g05970	933	1114	858	1449	1413	985
gene:Bcin10g05980	1426	1442	1216	1154	1116	847
gene:Bcin10g05990	1861	1838	1591	1256	1524	1151
gene:Bcin10g06000	481	433	402	393	323	219
gene:EFBcG00000013324	0	0	0	0	0	0
gene:ENSRNA049511589	0	0	0	0	0	0
gene:Bcin10g06010	18024	17476	15303	22760	18843	16439
gene:Bcin10g06020	2233	1983	1943	3291	3343	2466
gene:Bcin10g06030	1622	1626	1474	1469	1174	988
gene:Bcin10g06040	0	0	1	0	0	0
gene:Bcin10g06050	10	5	10	113	18	13
gene:Bcin10g06060	54	69	37	104	112	71
gene:Bcin10g06070	489	473	354	1468	2594	723
gene:Bcin10g06080	739	770	709	1902	2336	946
gene:Bcin10g06090	68	63	65	162	142	111
gene:Bcin10g06100	505	571	379	592	546	421
gene:EFBcG00000013147	0	0	0	0	0	0
gene:ENSRNA049536417	0	0	0	0	0	0
gene:Bcin10g06110	2	1	1	6	1	2
gene:Bcin10g06120	16	13	13	0	1	1
gene:Bcin10g06130	5308	5264	4403	76	89	81
gene:EFBcG00000013108	0	0	0	0	0	0
gene:Bcin10g06140	5	9	5	12	8	4
gene:Bcin10g06150	79	108	49	61	48	47
gene:Bcin10g06160	0	0	0	1	1	0
gene:Bcin10g06170	3	1	3	1	1	4
gene:Bcin10g06180	0	0	1	0	0	0
gene:Bcin10g06190	0	0	0	0	0	0
gene:Bcin10g06200	0	0	0	0	0	0
gene:Bcin10g06210	0	1	0	1	0	0
gene:Bcin10g06220	4	3	3	8	14	12
gene:Bcin10g06230	0	0	0	0	0	0
gene:Bcin10g06240	0	0	0	0	0	0
gene:Bcin10g06250	0	0	1	0	2	0
gene:Bcin10g06260	1	2	0	2	1	3
gene:Bcin10g06270	9	7	5	5	5	4
gene:Bcin11g00010	7	9	16	43	21	20
gene:Bcin11g00020	21	21	18	36	36	23
gene:Bcin11g00030	0	0	0	2	0	0
gene:Bcin11g00040	0	0	0	0	0	0
gene:Bcin11g00050	0	0	1	1	2	1
gene:Bcin11g00060	111	83	55	69	33	40
gene:Bcin11g00070	0	0	0	0	0	0
gene:Bcin11g00080	3	5	1	4	6	3
gene:Bcin11g00090	74	88	73	47	78	54
gene:Bcin11g00100	288	302	209	233	188	156
gene:Bcin11g00110	0	1	0	0	0	0
gene:Bcin11g00120	422	461	399	348	336	262
gene:Bcin11g00130	1080	979	776	930	639	613
gene:Bcin11g00140	638	878	487	2484	3982	2736
gene:Bcin11g00150	1651	1933	1436	600	494	463
gene:Bcin11g00160	1269	1279	1676	3335	2461	2290
gene:Bcin11g00170	1808	2217	1686	1938	1336	1299
gene:Bcin11g00180	24	21	21	43	26	28
gene:Bcin11g00190	418	450	366	176	78	101
gene:Bcin11g00200	640	684	518	461	389	297
gene:Bcin11g00210	384	395	228	94	105	62
gene:EFBcG00000013363	0	0	0	0	0	0
gene:ENSRNA049536716	0	0	0	0	0	0
gene:Bcin11g00220	441	572	521	347	252	294
gene:Bcin11g00230	2512	2550	2311	2569	2164	2118
gene:Bcin11g00240	3	3	3	8	11	4
gene:Bcin11g00250	187	314	103	141	91	99
gene:Bcin11g00260	516	716	366	245	335	242
gene:Bcin11g00270	282	355	295	227	156	137
gene:Bcin11g00280	346	403	279	286	204	190
gene:Bcin11g00290	0	1	3	1	2	1
gene:Bcin11g00300	1	2	0	3	7	3
gene:Bcin11g00310	1	5	2	7	10	2
gene:Bcin11g00320	1693	1887	1468	2029	2100	1508
gene:Bcin11g00330	4582	5810	4261	10338	6683	4813
gene:Bcin11g00340	113	112	77	45	40	30
gene:Bcin11g00350	3607	4015	3060	1206	944	910
gene:Bcin11g00360	965	1272	915	732	550	514
gene:Bcin11g00370	1163	1196	1185	1169	962	818
gene:Bcin11g00380	444	527	815	389	216	193
gene:Bcin11g00390	270	310	266	104	94	66
gene:Bcin11g00400	97	114	63	28	25	26
gene:Bcin11g00410	685	825	433	179	163	124
gene:Bcin11g00420	340	444	305	341	261	253
gene:Bcin11g00430	129	136	97	78	65	48
gene:Bcin11g00440	1689	1784	1743	3540	1882	2214
gene:Bcin11g00450	127	201	157	91	110	88
gene:Bcin11g00460	348	363	293	317	204	213
gene:Bcin11g00470	1469	1740	1309	927	844	755
gene:Bcin11g00480	1717	1928	1532	1056	820	778
gene:Bcin11g00490	376	394	398	392	322	257
gene:Bcin11g00500	2605	2865	3764	5057	3259	3218
gene:Bcin11g00510	179	178	153	117	98	103
gene:Bcin11g00520	622	604	652	401	367	287
gene:Bcin11g00530	251	226	184	471	328	291
gene:Bcin11g00540	648	692	603	758	654	523
gene:Bcin11g00550	837	1019	895	417	289	241
gene:Bcin11g00560	1389	1528	1411	847	631	564
gene:Bcin11g00570	717	896	644	931	671	553
gene:Bcin11g00580	159	157	109	125	104	77
gene:Bcin11g00590	372	489	350	396	299	283
gene:Bcin11g00600	472	579	487	626	450	425
gene:Bcin11g00610	251	274	237	380	311	270
gene:Bcin11g00620	113	150	108	187	124	128
gene:Bcin11g00630	30	26	11	25	9	12
gene:Bcin11g00640	0	0	0	2	0	2
gene:Bcin11g00650	0	1	0	1	6	0
gene:Bcin11g00660	2	4	2	42	40	14
gene:Bcin11g00670	1	0	0	2	1	2
gene:Bcin11g00680	20	21	8	21	41	15
gene:Bcin11g00690	610	666	512	448	381	331
gene:Bcin11g00700	163	228	178	255	177	154
gene:Bcin11g00710	55	58	48	88	61	40
gene:Bcin11g00720	1	0	0	0	0	0
gene:Bcin11g00730	2217	2473	1526	1335	1179	905
gene:Bcin11g00740	663	748	685	703	651	401
gene:Bcin11g00750	2803	3093	2032	1894	1704	1241
gene:Bcin11g00760	1	3	2	2	5	1
gene:Bcin11g00770	1300	949	985	1501	1939	1642
gene:Bcin11g00780	127	135	110	333	336	201
gene:Bcin11g00790	1531	1781	1342	1377	1229	1055
gene:Bcin11g00800	278	257	302	1695	3151	743
gene:Bcin11g00810	267	306	277	1521	1682	1188
gene:Bcin11g00820	121	151	122	165	126	115
gene:Bcin11g00830	2756	3516	1811	2783	2748	2150
gene:Bcin11g00840	0	2	0	0	3	1
gene:Bcin11g00850	0	0	1	0	0	0
gene:Bcin11g00860	0	0	0	0	1	0
gene:Bcin11g00870	5	4	8	7	11	13
gene:Bcin11g00880	0	0	1	1	0	1
gene:Bcin11g00890	0	0	0	0	0	0
gene:Bcin11g00900	0	0	0	0	0	0
gene:Bcin11g00910	0	0	0	0	0	0
gene:Bcin11g00920	1	2	2	1	1	0
gene:Bcin11g00930	2715	2799	2382	1678	1240	1226
gene:Bcin11g00940	67	51	68	874	1913	1435
gene:Bcin11g00950	1	0	2	1	0	1
gene:Bcin11g00960	2232	2438	1865	1804	1614	1326
gene:Bcin11g00970	1938	2220	1845	2156	1237	1421
gene:Bcin11g00980	701	832	636	741	553	534
gene:Bcin11g00990	1994	2084	1957	2679	2253	1988
gene:Bcin11g01000	271	384	255	375	225	306
gene:Bcin11g01010	2	0	0	0	1	0
gene:Bcin11g01020	1218	1645	901	358	254	244
gene:Bcin11g01030	989	1037	1024	666	515	458
gene:EFBcG00000013126	6	3	4	10	1	0
gene:EFBcG00000013194	1	2	3	2	1	1
gene:Bcin11g01040	2146	1589	156	10048	24108	12664
gene:Bcin11g01050	1224	1696	772	3247	9650	4090
gene:Bcin11g01060	821	989	463	77	129	82
gene:Bcin11g01070	0	1	0	0	0	0
gene:Bcin11g01080	45	42	40	254	153	76
gene:Bcin11g01090	530	899	504	848	656	480
gene:Bcin11g01100	24	23	17	58	50	29
gene:Bcin11g01110	6	12	5	33	18	15
gene:Bcin11g01120	0	0	0	0	0	0
gene:Bcin11g01130	0	0	0	0	0	0
gene:Bcin11g01140	0	0	0	0	0	0
gene:Bcin11g01150	0	0	0	0	0	0
gene:Bcin11g01160	1	0	0	0	0	0
gene:Bcin11g01170	0	0	0	0	0	0
gene:Bcin11g01180	0	0	0	1	2	1
gene:Bcin11g01190	250	269	451	7160	13767	9659
gene:Bcin11g01200	143	131	108	327	469	292
gene:Bcin11g01210	0	1	1	0	2	0
gene:Bcin11g01220	922	975	909	1126	1284	900
gene:Bcin11g01230	317	304	225	1370	1355	1096
gene:Bcin11g01240	0	0	0	1	2	1
gene:Bcin11g01250	0	0	0	0	0	0
gene:Bcin11g01260	4	4	1	8	3	2
gene:Bcin11g01270	0	0	0	2	3	0
gene:Bcin11g01280	1705	1850	1472	3873	3280	2664
gene:Bcin11g01290	324	338	335	1289	1529	702
gene:Bcin11g01300	4	9	5	122	77	69
gene:Bcin11g01310	577	1046	346	2202	1579	1289
gene:Bcin11g01320	17	19	6	9	6	5
gene:Bcin11g01330	882	985	848	1506	1340	1195
gene:Bcin11g01340	181	168	47	173	69	59
gene:Bcin11g01350	400	521	239	231	135	150
gene:Bcin11g01360	68	50	57	507	555	523
gene:Bcin11g01370	139	139	47	74	45	43
gene:Bcin11g01380	18	27	9	27	13	17
gene:Bcin11g01390	4	5	1	8	6	9
gene:Bcin11g01400	4760	5224	4158	7249	7993	6908
gene:Bcin11g01410	15	22	12	26	24	26
gene:Bcin11g01420	17	19	12	16	11	7
gene:Bcin11g01430	2686	2109	2380	94	52	38
gene:Bcin11g01440	83	87	42	2	0	2
gene:Bcin11g01450	8	4	8	10	3	6
gene:Bcin11g01460	0	0	0	0	0	0
gene:Bcin11g01470	0	0	0	0	0	0
gene:Bcin11g01480	0	0	0	0	0	0
gene:Bcin11g01490	0	0	1	0	0	1
gene:Bcin11g01500	0	0	0	0	0	0
gene:Bcin11g01510	0	0	0	0	1	0
gene:Bcin11g01520	0	0	0	0	0	0
gene:Bcin11g01530	0	1	0	0	0	1
gene:Bcin11g01540	4	3	2	6	2	4
gene:Bcin11g01550	2	2	0	1	1	0
gene:Bcin11g01560	110	130	144	27	114	35
gene:Bcin11g01570	818	757	561	952	648	552
gene:Bcin11g01580	634	748	570	732	557	549
gene:Bcin11g01590	453	426	319	427	298	270
gene:Bcin11g01600	1122	1035	974	1058	1169	761
gene:Bcin11g01610	19	27	16	43	49	45
gene:Bcin11g01620	280	354	254	427	273	245
gene:Bcin11g01630	1238	1439	1109	809	552	575
gene:Bcin11g01640	1776	2005	1703	1605	1159	1044
gene:Bcin11g01650	680	715	632	547	447	404
gene:Bcin11g01660	1642	2098	1472	1446	1119	998
gene:Bcin11g01670	8412	9033	8231	4823	3743	3364
gene:Bcin11g01680	486	558	460	1284	1603	505
gene:Bcin11g01690	263	286	252	1674	2378	1846
gene:Bcin11g01700	64	68	77	272	194	154
gene:Bcin11g01710	0	0	0	0	0	1
gene:Bcin11g01720	680	816	651	668	856	557
gene:Bcin11g01730	1	6	4	9	16	7
gene:Bcin11g01740	0	0	0	0	0	0
gene:Bcin11g01750	645	719	543	516	417	398
gene:Bcin11g01760	814	901	744	657	517	541
gene:Bcin11g01770	4	5	2	7	9	2
gene:Bcin11g01780	2	0	1	2	1	2
gene:Bcin11g01790	431	528	364	791	653	449
gene:Bcin11g01800	186	235	136	288	297	206
gene:Bcin11g01810	1694	1892	933	223	94	133
gene:Bcin11g01820	9	4	8	3	5	2
gene:Bcin11g01830	2124	2277	2211	2444	1823	1583
gene:Bcin11g01840	11	6	5	11	4	5
gene:Bcin11g01850	0	0	0	0	0	1
gene:Bcin11g01860	298	435	313	803	643	576
gene:Bcin11g01870	767	875	815	1038	1036	687
gene:Bcin11g01880	1380	1586	1549	1469	1179	1039
gene:Bcin11g01890	40	45	57	121	89	102
gene:Bcin11g01900	194	188	174	180	137	130
gene:Bcin11g01910	367	388	370	138	150	151
gene:Bcin11g01920	2503	2777	2297	2075	1519	1286
gene:Bcin11g01930	1226	1524	1235	1274	1153	856
gene:Bcin11g01940	386	395	367	598	850	348
gene:Bcin11g01950	1627	1635	1597	1418	1776	916
gene:Bcin11g01960	329	406	325	335	220	176
gene:Bcin11g01970	626	738	568	362	251	246
gene:Bcin11g01980	81	113	65	61	50	49
gene:Bcin11g01990	23	23	23	41	26	14
gene:Bcin11g02000	19	23	7	24	37	24
gene:Bcin11g02010	17	26	20	10	26	10
gene:Bcin11g02020	1	0	0	3	1	1
gene:Bcin11g02030	1398	1295	1137	812	1216	593
gene:Bcin11g02040	3932	5026	2410	345	382	334
gene:Bcin11g02050	1778	2406	2219	326	302	235
gene:Bcin11g02060	469	723	381	744	966	519
gene:Bcin11g02070	540	604	680	458	558	370
gene:Bcin11g02080	0	0	0	0	0	0
gene:Bcin11g02090	5	2	2	0	1	2
gene:Bcin11g02100	95	99	84	88	62	57
gene:Bcin11g02110	4230	4128	3112	5980	3931	3900
gene:Bcin11g02120	329	325	289	220	182	157
gene:Bcin11g02130	3671	4155	3270	4732	4066	3559
gene:Bcin11g02140	39	31	25	847	148	174
gene:Bcin11g02150	6	7	8	2	5	1
gene:Bcin11g02160	3	2	0	3	3	0
gene:Bcin11g02170	3	1	0	6	2	2
gene:EFBcG00000013168	0	0	0	0	0	0
gene:ENSRNA049536514	0	0	0	0	0	0
gene:Bcin11g02180	2175	2476	1898	50	37	32
gene:Bcin11g02190	2026	2319	2092	2741	3050	2152
gene:Bcin11g02200	498	597	487	505	388	283
gene:EFBcG00000013283	0	0	0	0	0	0
gene:ENSRNA049536686	0	0	0	0	0	0
gene:Bcin11g02210	1	0	0	0	0	0
gene:Bcin11g02220	935	1098	804	1065	726	609
gene:Bcin11g02230	917	1099	624	406	411	279
gene:Bcin11g02240	242	204	238	280	273	251
gene:Bcin11g02250	946	872	604	1079	696	602
gene:Bcin11g02260	29	33	20	22	8	13
gene:Bcin11g02270	7	5	4	2	0	4
gene:Bcin11g02280	429	505	262	202	191	172
gene:Bcin11g02290	134	130	91	233	225	160
gene:Bcin11g02300	128	202	86	240	316	136
gene:Bcin11g02310	872	1081	782	1372	1163	788
gene:Bcin11g02320	527	713	570	832	600	589
gene:Bcin11g02330	5710	6678	5363	4006	2868	2523
gene:Bcin11g02340	969	1098	991	756	633	427
gene:Bcin11g02350	210	202	139	232	190	159
gene:Bcin11g02360	63	65	60	69	44	41
gene:Bcin11g02370	26	53	27	41	11	17
gene:Bcin11g02380	0	0	0	0	0	0
gene:Bcin11g02390	0	0	0	0	0	0
gene:Bcin11g02400	0	0	0	0	0	0
gene:Bcin11g02410	1064	1271	950	1728	2207	1316
gene:Bcin11g02420	1278	1121	1603	552	442	257
gene:Bcin11g02430	654	737	677	1093	1205	614
gene:Bcin11g02440	4041	4456	3249	3387	3401	2416
gene:Bcin11g02450	217	208	120	85	56	44
gene:Bcin11g02460	1	0	1	0	0	0
gene:Bcin11g02470	0	0	0	0	0	0
gene:Bcin11g02480	16	26	22	12	16	12
gene:Bcin11g02490	8622	10931	7477	16445	15339	13736
gene:Bcin11g02500	394	416	344	598	459	418
gene:Bcin11g02510	16	23	16	20	9	11
gene:Bcin11g02520	4236	3986	3447	3013	5119	3966
gene:Bcin11g02530	22	22	19	10	19	18
gene:Bcin11g02540	0	0	0	0	0	0
gene:Bcin11g02550	4	6	4	16	8	7
gene:Bcin11g02560	49	49	40	61	60	32
gene:Bcin11g02570	545	688	480	317	299	278
gene:Bcin11g02580	1003	1074	946	721	575	487
gene:Bcin11g02590	1247	1420	1310	1298	891	841
gene:Bcin11g02600	373	429	322	300	272	222
gene:Bcin11g02610	6528	7122	5783	6883	4391	4924
gene:EFBcG00000013191	5	3	1	10	2	0
gene:Bcin11g02620	10	15	1	834	386	292
gene:Bcin11g02630	224	235	61	244	387	322
gene:Bcin11g02640	39	26	8	57	86	87
gene:Bcin11g02650	201	237	65	17	43	28
gene:Bcin11g02660	265	278	69	46	144	73
gene:Bcin11g02670	701	945	282	404	839	595
gene:Bcin11g02680	158	200	53	23	58	29
gene:Bcin11g02690	65	122	23	12	14	7
gene:Bcin11g02700	831	875	390	151	306	224
gene:Bcin11g02710	4359	4959	4686	2580	2160	1818
gene:Bcin11g02720	8558	7807	9193	3322	6954	4103
gene:Bcin11g02730	10433	7522	10399	3850	9165	4381
gene:Bcin11g02740	6	2	1	10	4	4
gene:Bcin11g02750	121	137	124	184	163	122
gene:Bcin11g02760	2	5	4	0	8	5
gene:Bcin11g02770	257	300	313	937	1227	881
gene:Bcin11g02780	15	18	19	19	10	16
gene:Bcin11g02790	6	6	3	16	14	5
gene:Bcin11g02800	229	284	195	433	449	249
gene:Bcin11g02810	37	47	40	108	161	69
gene:Bcin11g02820	878	1141	1021	1475	1469	744
gene:Bcin11g02830	19	26	12	16	14	7
gene:Bcin11g02840	425	438	390	362	292	268
gene:Bcin11g02850	14	8	12	20	6	13
gene:Bcin11g02860	0	0	0	0	0	0
gene:Bcin11g02870	0	2	1	2	6	0
gene:Bcin11g02880	6	8	1	13	4	5
gene:EFBcG00000013130	0	0	0	0	0	0
gene:ENSRNA049536654	0	0	0	0	0	0
gene:Bcin11g02890	259	266	180	185	137	92
gene:Bcin11g02900	55226	48458	23318	230	257	191
gene:Bcin11g02910	1044	1135	961	1065	1178	896
gene:Bcin11g02920	191	242	191	1069	1364	450
gene:Bcin11g02930	135	175	186	149	126	70
gene:Bcin11g02940	2890	2999	2543	4225	3754	3178
gene:Bcin11g02950	1940	1985	1571	1566	1494	1073
gene:Bcin11g02960	2097	2292	1258	3300	4347	2507
gene:Bcin11g02970	2	1	0	0	2	0
gene:Bcin11g02980	23	31	21	30	36	46
gene:Bcin11g02990	144	145	124	85	82	76
gene:Bcin11g03000	567	705	581	282	216	214
gene:Bcin11g03010	36	41	34	45	30	20
gene:Bcin11g03020	4111	4472	4128	1910	1242	1083
gene:Bcin11g03030	326	428	305	315	264	235
gene:Bcin11g03040	2708	2636	2652	4152	3064	2949
gene:Bcin11g03050	140	86	32	14	12	10
gene:Bcin11g03060	130	109	82	121	153	118
gene:EFBcG00000013093	0	0	0	0	0	0
gene:ENSRNA049536527	0	0	0	0	0	0
gene:Bcin11g03070	2	6	4	4	2	1
gene:Bcin11g03080	3038	3307	2883	4097	4353	2573
gene:Bcin11g03090	19171	21117	18396	19314	17487	14091
gene:Bcin11g03100	1138	1272	1069	1030	723	756
gene:Bcin11g03110	1235	1284	1238	589	440	376
gene:Bcin11g03120	426	517	350	397	286	327
gene:Bcin11g03130	797	818	612	1038	714	646
gene:Bcin11g03140	673	698	513	552	394	409
gene:Bcin11g03150	1312	1535	1002	472	326	343
gene:Bcin11g03160	304	333	310	269	248	187
gene:Bcin11g03170	51	54	33	19	23	15
gene:Bcin11g03180	192	216	197	127	180	126
gene:Bcin11g03190	860	1073	748	651	639	522
gene:Bcin11g03200	1453	1675	1272	3426	3596	1755
gene:Bcin11g03210	670	661	639	673	530	494
gene:Bcin11g03220	377	480	386	432	321	327
gene:Bcin11g03230	10	9	9	149	70	74
gene:Bcin11g03240	1	0	0	0	0	0
gene:Bcin11g03250	48	53	55	2078	1655	376
gene:Bcin11g03260	2093	2452	1180	1038	1211	648
gene:Bcin11g03270	1028	1119	960	1116	777	734
gene:Bcin11g03280	17413	17796	16056	28209	23659	21320
gene:Bcin11g03290	429	479	397	389	241	222
gene:Bcin11g03300	516	556	502	543	606	353
gene:Bcin11g03310	1714	1871	1323	926	922	748
gene:Bcin11g03320	1684	1998	1554	1579	1160	1155
gene:Bcin11g03330	134	126	114	429	428	243
gene:Bcin11g03340	9	12	21	21	36	19
gene:Bcin11g03350	28	33	19	31	32	32
gene:Bcin11g03360	1225	1373	1005	1336	1637	1412
gene:Bcin11g03370	159	186	147	58	34	38
gene:Bcin11g03380	19	11	10	27	16	10
gene:Bcin11g03390	33	45	40	74	107	75
gene:Bcin11g03400	1179	1357	1094	811	842	725
gene:Bcin11g03410	1314	1526	1266	1095	818	726
gene:Bcin11g03420	125	127	100	128	119	110
gene:Bcin11g03430	2222	2466	1973	2837	2389	1948
gene:Bcin11g03440	657	781	527	471	394	420
gene:Bcin11g03450	887	923	574	384	265	266
gene:Bcin11g03460	1165	1293	921	573	769	786
gene:Bcin11g03470	328	373	348	342	281	265
gene:Bcin11g03480	0	1	0	3	0	0
gene:Bcin11g03490	1	1	0	1	1	1
gene:Bcin11g03500	1702	1866	1570	1297	1978	1466
gene:Bcin11g03510	2	1	1	3	4	0
gene:EFBcG00000013377	0	0	0	0	0	0
gene:ENSRNA049536558	0	0	0	0	0	0
gene:Bcin11g03520	9046	11877	11016	20210	12556	12163
gene:Bcin11g03530	326	378	278	465	344	281
gene:Bcin11g03540	151	149	133	207	163	163
gene:Bcin11g03550	435	564	442	471	353	383
gene:Bcin11g03560	817	904	716	877	704	651
gene:Bcin11g03570	66	86	116	271	271	161
gene:Bcin11g03580	711	706	985	897	1305	1213
gene:Bcin11g03590	0	3	0	6	6	5
gene:Bcin11g03600	0	1	0	2	2	0
gene:Bcin11g03610	167	159	125	134	108	114
gene:Bcin11g03620	1336	1533	1140	949	1026	718
gene:Bcin11g03630	349	392	310	296	214	189
gene:Bcin11g03640	18	26	9	30	13	22
gene:Bcin11g03650	606	777	506	681	669	530
gene:Bcin11g03660	408	471	399	336	329	277
gene:Bcin11g03670	66	71	62	140	149	93
gene:Bcin11g03680	553	527	517	404	388	349
gene:Bcin11g03690	17	23	10	7	4	2
gene:Bcin11g03700	97	111	88	73	30	34
gene:Bcin11g03710	1306	989	657	255	424	288
gene:Bcin11g03720	527	572	554	478	400	349
gene:Bcin11g03730	774	832	709	700	569	477
gene:Bcin11g03740	3951	4072	3257	3940	2944	2677
gene:Bcin11g03750	2403	2674	2105	2173	1975	1463
gene:Bcin11g03760	7	7	8	11	5	13
gene:Bcin11g03770	58	60	39	46	45	17
gene:Bcin11g03790	2	1	1	20	4	0
gene:Bcin11g03800	5	6	12	75	29	12
gene:Bcin11g03810	444	454	423	482	511	320
gene:Bcin11g03820	502	535	384	311	282	226
gene:Bcin11g03830	892	1003	809	760	601	449
gene:Bcin11g03840	447	354	392	237	217	169
gene:Bcin11g03850	111	118	101	78	52	57
gene:ENSRNA049512156	22	26	11	34	60	41
gene:Bcin11g03860	6042	5145	4940	5501	11574	3620
gene:Bcin11g03870	3	5	1	5	16	1
gene:Bcin11g03880	244	311	192	155	149	91
gene:Bcin11g03890	178	180	182	249	260	174
gene:Bcin11g03900	3	9	3	5	4	6
gene:Bcin11g03910	226	227	220	114	103	121
gene:Bcin11g03920	357	345	333	240	440	252
gene:Bcin11g03930	55	45	67	13	15	10
gene:Bcin11g03940	4152	4683	3642	2737	2563	1976
gene:Bcin11g03950	2293	2468	2041	1634	1683	1367
gene:Bcin11g03960	1868	2133	1558	1175	976	813
gene:ENSRNA049511941	40	47	28	36	32	23
gene:Bcin11g03970	3772	4089	3550	4953	4570	3804
gene:Bcin11g03980	1055	1154	1141	1840	1617	1233
gene:Bcin11g03990	4022	4880	3498	2758	2387	2003
gene:Bcin11g04000	0	0	1	0	0	1
gene:Bcin11g04010	269	272	263	271	150	187
gene:Bcin11g04020	348	379	309	415	258	274
gene:Bcin11g04030	216	289	242	208	165	174
gene:Bcin11g04040	1253	1486	1209	1048	920	852
gene:Bcin11g04050	914	1147	779	1113	773	677
gene:Bcin11g04060	904	1215	727	1748	1623	1244
gene:Bcin11g04070	2636	2906	2151	3370	3899	2301
gene:Bcin11g04080	568	624	516	833	651	473
gene:Bcin11g04090	193	269	184	264	226	168
gene:EFBcG00000013201	0	0	0	0	0	0
gene:Bcin11g04100	73	80	74	100	96	75
gene:Bcin11g04110	741	911	834	964	659	752
gene:EFBcG00000013202	0	0	0	0	0	0
gene:Bcin11g04120	1002	1196	696	444	405	271
gene:Bcin11g04130	1693	2170	977	503	407	271
gene:EFBcG00000013314	8	4	2	1	0	0
gene:Bcin11g04140	35	49	31	35	31	31
gene:Bcin11g04150	934	911	614	1023	701	655
gene:Bcin11g04160	32	57	30	171	101	99
gene:Bcin11g04170	358	445	337	241	204	151
gene:Bcin11g04180	6022	6951	6004	4844	3765	3074
gene:Bcin11g04190	663	623	564	780	931	464
gene:Bcin11g04200	473	459	431	420	377	306
gene:Bcin11g04210	1861	1980	2496	1050	666	744
gene:Bcin11g04220	110	121	124	128	117	111
gene:Bcin11g04230	1040	1249	982	643	449	432
gene:Bcin11g04240	2347	2143	2613	859	844	721
gene:Bcin11g04250	950	1655	266	98	87	74
gene:Bcin11g04260	398	425	311	250	177	214
gene:Bcin11g04270	290	322	337	396	311	325
gene:Bcin11g04280	1335	1644	1268	1313	1239	1025
gene:Bcin11g04290	738	793	697	699	485	516
gene:Bcin11g04300	393	449	408	506	470	426
gene:Bcin11g04310	556	663	572	300	200	221
gene:Bcin11g04320	943	1173	1079	542	362	319
gene:Bcin11g04330	5087	5621	4661	4906	4817	4051
gene:Bcin11g04340	12	18	22	31	23	21
gene:Bcin11g04350	1232	1491	913	1011	1241	872
gene:Bcin11g04360	418	500	386	598	554	500
gene:Bcin11g04370	946	1009	846	1970	1492	1464
gene:Bcin11g04380	75	111	52	1498	881	444
gene:Bcin11g04390	789	839	615	788	736	542
gene:Bcin11g04400	69	72	42	91	70	47
gene:Bcin11g04410	952	793	1623	405	294	296
gene:Bcin11g04420	12313	12480	11021	13222	10379	9206
gene:EFBcG00000013373	1	0	0	1	0	0
gene:Bcin11g04430	631	692	612	682	556	513
gene:Bcin11g04440	10	14	13	17	15	8
gene:Bcin11g04450	47	34	41	187	339	208
gene:Bcin11g04460	1059	1338	2105	1175	553	546
gene:EFBcG00000013232	3	5	9	6	9	2
gene:Bcin11g04470	388	488	413	735	654	549
gene:Bcin11g04480	739	728	634	1220	1186	920
gene:Bcin11g04490	462	515	435	553	360	313
gene:Bcin11g04500	422	445	399	268	189	201
gene:Bcin11g04510	2541	2795	2335	2284	2071	1675
gene:Bcin11g04520	503	579	538	158	92	104
gene:Bcin11g04530	1136	1217	1885	3	5	5
gene:Bcin11g04540	2	1	1	5	2	3
gene:Bcin11g04550	7	4	1	9	7	6
gene:ENSRNA049512094	47	47	41	204	186	86
gene:ENSRNA049512063	3	0	10	12	11	10
gene:Bcin11g04570	773	897	768	1770	1860	871
gene:Bcin11g04580	464	604	221	398	390	364
gene:Bcin11g04590	948	1235	899	1101	1089	721
gene:EFBcG00000013146	0	0	0	0	0	0
gene:Bcin11g04600	475	486	351	366	443	372
gene:Bcin11g04610	2783	3463	2974	4014	3004	2665
gene:Bcin11g04620	10619	12445	10381	13913	11538	9807
gene:Bcin11g04630	9609	11010	10481	3342	1947	2109
gene:Bcin11g04640	787	830	827	818	632	591
gene:Bcin11g04650	906	940	883	896	637	576
gene:Bcin11g04660	1046	1106	890	583	469	412
gene:EFBcG00000013131	0	0	0	0	0	0
gene:Bcin11g04670	1	3	2	0	3	0
gene:Bcin11g04680	481	556	454	383	313	249
gene:Bcin11g04690	748	789	840	1213	932	953
gene:Bcin11g04700	280	303	321	242	200	179
gene:Bcin11g04710	19424	21755	36239	1032	608	593
gene:Bcin11g04720	1034	1071	946	586	468	373
gene:Bcin11g04730	37	25	23	21	24	14
gene:Bcin11g04740	675	793	635	662	421	395
gene:Bcin11g04750	285	295	257	314	235	197
gene:Bcin11g04760	246	301	250	312	227	209
gene:Bcin11g04770	156	165	134	102	85	93
gene:Bcin11g04780	4	0	7	8	19	11
gene:Bcin11g04790	200	226	279	318	283	156
gene:Bcin11g04800	164	169	122	491	675	447
gene:Bcin11g04810	1433	1711	1344	1674	1288	1162
gene:Bcin11g04820	120	179	60	238	117	106
gene:Bcin11g04830	3946	4560	3689	3327	2719	2557
gene:Bcin11g04840	1534	1593	1465	1310	1137	990
gene:Bcin11g04850	729	865	714	837	812	620
gene:Bcin11g04860	361	411	358	447	277	286
gene:Bcin11g04870	2071	2452	2017	1414	1151	1047
gene:Bcin11g04880	2009	2613	2039	2299	1934	1915
gene:Bcin11g04890	1113	1330	1280	1907	1298	1306
gene:Bcin11g04900	1022	1096	441	938	723	593
gene:Bcin11g04910	6	13	9	30	8	15
gene:Bcin11g04920	30	52	35	685	165	157
gene:Bcin11g04930	1547	1608	1103	846	1444	539
gene:Bcin11g04940	292	327	261	302	389	277
gene:Bcin11g04950	108	126	92	52	50	64
gene:Bcin11g04960	1417	1604	1488	958	793	767
gene:Bcin11g04970	378	403	206	87	65	48
gene:Bcin11g04980	70	72	60	66	54	28
gene:Bcin11g04990	5	0	8	5	0	2
gene:Bcin11g05000	3	11	8	8	0	5
gene:Bcin11g05010	1147	1257	997	1148	1334	629
gene:EFBcG00000013362	1	0	0	0	0	0
gene:Bcin11g05020	0	0	1	6	1	1
gene:Bcin11g05030	1	1	1	0	1	0
gene:Bcin11g05040	381	466	353	551	443	345
gene:Bcin11g05050	189	219	177	133	134	102
gene:Bcin11g05060	380	393	333	430	393	326
gene:Bcin11g05070	305	386	380	357	388	294
gene:Bcin11g05080	2209	2990	3410	983	636	646
gene:Bcin11g05090	604	679	549	677	624	515
gene:Bcin11g05100	0	5	4	8	0	3
gene:Bcin11g05110	413	472	342	362	245	254
gene:Bcin11g05120	271	282	312	361	260	263
gene:Bcin11g05130	2986	3403	2503	2856	2297	1979
gene:Bcin11g05140	167	184	142	247	227	206
gene:Bcin11g05150	738	887	805	726	689	549
gene:Bcin11g05160	12365	14847	12700	31308	23042	20393
gene:Bcin11g05170	3207	3449	2473	3793	2901	2451
gene:Bcin11g05180	79	96	71	380	294	236
gene:Bcin11g05190	73	105	74	85	57	42
gene:Bcin11g05200	284	358	359	312	216	177
gene:Bcin11g05210	2551	2817	2301	1600	1237	1040
gene:Bcin11g05220	513	534	445	482	418	363
gene:EFBcG00000013240	0	0	0	0	0	0
gene:ENSRNA049511966	0	0	0	0	0	0
gene:Bcin11g05230	605	661	710	502	457	356
gene:Bcin11g05240	5648	6104	5687	10733	9329	8413
gene:Bcin11g05250	115	186	69	73	137	74
gene:Bcin11g05260	53	58	43	49	30	35
gene:Bcin11g05270	207	263	251	175	170	131
gene:Bcin11g05280	205	203	189	209	169	152
gene:Bcin11g05290	937	820	738	845	631	599
gene:Bcin11g05300	0	1	0	1	1	2
gene:Bcin11g05310	0	1	3	7	0	1
gene:Bcin11g05320	2	1	1	2	0	0
gene:Bcin11g05330	0	0	0	0	0	0
gene:Bcin11g05340	519	656	600	590	424	318
gene:Bcin11g05350	138	132	121	188	163	106
gene:Bcin11g05360	294	144	51	0	1	3
gene:Bcin11g05370	0	0	0	0	0	0
gene:Bcin11g05380	392	343	373	1445	1566	917
gene:Bcin11g05390	704	628	533	265	197	123
gene:Bcin11g05400	7	14	7	4	12	7
gene:Bcin11g05410	0	0	0	1	0	0
gene:Bcin11g05420	428	453	356	454	409	292
gene:Bcin11g05430	788	1073	435	179	123	114
gene:Bcin11g05440	1293	1417	1080	1208	1461	927
gene:Bcin11g05450	2	4	2	7	40	18
gene:Bcin11g05460	290	638	17	3581	30453	11434
gene:Bcin11g05470	0	0	0	2	0	0
gene:Bcin11g05480	83	89	76	209	197	93
gene:Bcin11g05490	8	9	4	9	11	9
gene:Bcin11g05500	6	4	5	7	0	2
gene:Bcin11g05510	72	60	142	17	18	14
gene:Bcin11g05520	27	43	23	37	27	27
gene:Bcin11g05530	87	82	70	54	28	33
gene:Bcin11g05540	48	71	64	458	438	321
gene:Bcin11g05550	289	491	221	506	447	413
gene:Bcin11g05560	928	1030	875	679	591	637
gene:Bcin11g05570	2396	2604	2283	3543	3083	2691
gene:Bcin11g05580	3501	3912	3339	3894	2371	2400
gene:Bcin11g05590	2	2	1	7	4	6
gene:Bcin11g05600	6	3	1	3	0	9
gene:Bcin11g05610	2268	2688	2039	2703	2088	1991
gene:Bcin11g05620	382	437	287	188	235	166
gene:Bcin11g05630	0	1	0	0	2	2
gene:Bcin11g05640	2	4	2	7	3	2
gene:Bcin11g05650	446	447	413	434	428	294
gene:Bcin11g05660	1527	1646	1560	1988	1777	1310
gene:Bcin11g05670	5	0	1	3	1	0
gene:Bcin11g05680	427	390	321	375	208	243
gene:Bcin11g05690	258	294	250	189	129	118
gene:Bcin11g05700	4456	4982	3962	5318	5744	4348
gene:Bcin11g05710	3741	4610	3733	3281	2276	2099
gene:Bcin11g05720	17	25	22	17	11	7
gene:Bcin11g05730	1683	1873	1567	1409	1127	914
gene:Bcin11g05740	224	289	235	191	167	126
gene:Bcin11g05750	69	107	53	112	85	58
gene:Bcin11g05760	1165	1272	979	1134	938	765
gene:Bcin11g05770	583	692	557	901	875	754
gene:Bcin11g05780	340	383	318	368	235	248
gene:Bcin11g05790	91	124	96	90	71	69
gene:Bcin11g05800	2	3	2	2	0	1
gene:Bcin11g05810	804	996	814	1169	1055	849
gene:Bcin11g05820	21	29	32	32	16	22
gene:Bcin11g05830	302	271	422	312	178	157
gene:Bcin11g05840	2195	2918	2006	7010	7935	6833
gene:Bcin11g05850	41	53	51	67	67	36
gene:Bcin11g05860	5	2	2	17	6	5
gene:Bcin11g05870	792	848	711	950	712	604
gene:Bcin11g05880	39	46	28	28	40	19
gene:Bcin11g05890	2032	2620	2087	2498	1806	1600
gene:Bcin11g05900	17141	17534	15265	20173	21476	17099
gene:Bcin11g05910	1455	1725	1204	1262	1111	987
gene:Bcin11g05920	23224	24581	21237	32454	26208	24365
gene:Bcin11g05930	1646	1983	1619	965	998	885
gene:EFBcG00000013280	1	4	1	1	0	0
gene:EFBcG00000013223	0	0	0	0	0	0
gene:ENSRNA049536598	0	0	0	0	0	0
gene:Bcin11g05940	28	39	37	171	106	64
gene:Bcin11g05950	769	976	719	914	954	821
gene:Bcin11g05960	570	642	604	505	677	525
gene:Bcin11g05970	120	168	141	140	303	198
gene:Bcin11g05980	9	9	9	13	8	5
gene:Bcin11g05990	2	0	2	0	0	0
gene:Bcin11g06000	6035	7002	4938	741	505	413
gene:Bcin11g06010	1932	2119	1490	1902	1894	1281
gene:Bcin11g06020	3223	3868	3160	3625	2401	2374
gene:Bcin11g06030	41	37	27	27	19	24
gene:Bcin11g06040	538	613	542	623	567	538
gene:Bcin11g06050	1196	1453	1262	1100	871	866
gene:Bcin11g06060	333	393	238	242	225	186
gene:Bcin11g06070	32	43	19	30	28	18
gene:Bcin11g06080	5545	6210	5834	7057	6382	5565
gene:Bcin11g06090	12	14	4	14	9	13
gene:Bcin11g06100	699	835	660	706	600	549
gene:Bcin11g06110	3667	3750	3260	1909	1627	1266
gene:Bcin11g06120	210	214	117	177	128	94
gene:Bcin11g06130	4325	4155	3959	3244	3389	2215
gene:Bcin11g06140	1984	2295	1966	1591	1174	1096
gene:Bcin11g06150	2	4	4	3	4	4
gene:Bcin11g06160	423	565	452	501	483	400
gene:Bcin11g06170	695	745	599	493	398	415
gene:Bcin11g06180	1802	2024	1396	1063	1007	979
gene:Bcin11g06190	6	5	1	7	5	2
gene:Bcin11g06200	26	42	37	298	776	280
gene:Bcin11g06210	5	5	2	18	46	17
gene:Bcin11g06220	11	9	3	3	6	3
gene:Bcin11g06230	449	486	446	630	667	394
gene:Bcin11g06240	7817	8977	7162	10656	7275	7072
gene:Bcin11g06250	1187	1356	1120	1806	1843	1361
gene:Bcin11g06260	1096	1178	1229	2517	2332	926
gene:Bcin11g06270	1990	4030	632	674	474	419
gene:Bcin11g06280	1360	1505	1711	21	31	27
gene:EFBcG00000013190	0	0	0	0	0	0
gene:ENSRNA049512031	0	0	0	0	0	0
gene:Bcin11g06290	3219	3476	2587	1304	1740	1204
gene:Bcin11g06300	7711	9138	4623	252	255	224
gene:Bcin11g06310	8	18	5	0	0	2
gene:Bcin11g06320	362	419	282	312	219	212
gene:Bcin11g06330	333	367	283	362	347	332
gene:Bcin11g06340	1011	1242	932	1435	1084	858
gene:Bcin11g06350	1306	1395	1257	1075	666	625
gene:Bcin11g06360	12	13	16	22	18	9
gene:Bcin11g06370	1289	1184	1087	960	827	623
gene:Bcin11g06380	6	5	12	12	5	1
gene:Bcin11g06390	2	0	0	0	0	4
gene:Bcin11g06400	14	53	20	479	313	242
gene:Bcin11g06410	74	85	31	37	32	23
gene:Bcin11g06420	300	365	220	128	138	79
gene:Bcin11g06430	34	41	38	137	177	60
gene:Bcin11g06440	1285	856	1561	12630	10437	11365
gene:Bcin11g06450	320	339	264	145	85	68
gene:Bcin11g06460	1642	1907	862	175	158	146
gene:Bcin11g06470	662	821	404	118	64	70
gene:Bcin11g06480	1318	1382	1071	1599	1285	1130
gene:Bcin11g06490	241	277	245	361	350	359
gene:Bcin11g06500	0	0	0	1	1	1
gene:Bcin11g06510	55	83	8	39	648	286
gene:Bcin11g06520	93	136	10	88	1607	694
gene:Bcin11g06530	199	237	179	117	113	91
gene:Bcin11g06540	37	38	22	17	31	20
gene:Bcin11g06550	0	0	0	0	0	0
gene:Bcin11g06560	145	164	99	58	39	51
gene:Bcin12g00010	7	24	35	273	181	109
gene:Bcin12g00020	0	0	0	1	0	0
gene:Bcin12g00030	267	273	281	227	176	134
gene:Bcin12g00040	2	2	2	7	12	7
gene:Bcin12g00050	32	47	27	38	29	16
gene:Bcin12g00060	4	8	3	11	4	10
gene:Bcin12g00070	6	1	3	5	1	2
gene:Bcin12g00080	2	1	0	0	0	0
gene:Bcin12g00090	1756	1912	453	4	9	4
gene:Bcin12g00100	363	464	326	465	284	274
gene:Bcin12g00110	68	89	59	53	42	56
gene:Bcin12g00120	666	606	676	665	470	396
gene:Bcin12g00130	246	241	205	278	337	336
gene:Bcin12g00140	901	852	637	614	752	706
gene:Bcin12g00150	0	0	1	2	4	5
gene:Bcin12g00160	49	59	32	85	73	42
gene:Bcin12g00170	1141	1271	785	916	797	726
gene:Bcin12g00180	2147	2009	2139	12000	17056	11586
gene:Bcin12g00190	1201	1117	956	1275	965	939
gene:Bcin12g00200	216	242	195	229	163	136
gene:Bcin12g00210	1154	1309	1270	918	664	598
gene:Bcin12g00220	2325	2648	2579	3439	4894	2903
gene:Bcin12g00230	20	25	13	27	22	12
gene:Bcin12g00240	171	217	147	176	202	148
gene:EFBcG00000013177	0	0	0	0	0	1
gene:Bcin12g00250	41	42	26	224	246	131
gene:EFBcG00000013228	0	0	0	0	0	0
gene:ENSRNA049536270	0	0	0	0	0	0
gene:EFBcG00000013297	0	0	0	0	0	0
gene:ENSRNA049536244	0	0	0	0	0	0
gene:EFBcG00000013244	6	3	3	1	0	1
gene:Bcin12g00260	886	1143	296	119	82	76
gene:Bcin12g00270	317	395	299	426	275	245
gene:Bcin12g00280	1517	1718	1506	2302	1648	1416
gene:Bcin12g00290	1178	1364	1133	924	776	646
gene:Bcin12g00300	17162	21501	17534	589	655	460
gene:Bcin12g00310	805	791	788	1236	997	845
gene:Bcin12g00320	2904	3600	2645	5539	4590	3847
gene:Bcin12g00330	3265	3602	2905	2520	2214	1862
gene:Bcin12g00340	21	23	25	89	64	37
gene:Bcin12g00350	31	24	35	29	31	18
gene:Bcin12g00360	365	633	401	442	494	283
gene:Bcin12g00370	81	81	44	25	17	13
gene:Bcin12g00380	3335	3514	1979	46	35	28
gene:Bcin12g00390	91	92	103	61	146	39
gene:Bcin12g00400	0	0	1	0	3	0
gene:Bcin12g00410	0	0	0	1	0	0
gene:Bcin12g00420	1069	1006	732	1255	1075	821
gene:Bcin12g00430	100	135	85	113	121	122
gene:Bcin12g00440	145	177	141	138	94	121
gene:Bcin12g00450	327	278	338	175	115	127
gene:Bcin12g00460	1510	1907	1169	1676	2189	1364
gene:Bcin12g00470	0	0	0	0	0	0
gene:Bcin12g00480	1055	1058	866	761	673	569
gene:Bcin12g00490	1636	1851	1427	1660	1603	1263
gene:Bcin12g00500	1442	1800	1409	2075	1946	1553
gene:Bcin12g00510	718	889	740	625	370	396
gene:Bcin12g00520	0	6	7	11	6	1
gene:Bcin12g00530	6	19	9	13	11	8
gene:Bcin12g00540	642	786	603	640	462	472
gene:Bcin12g00550	1374	1447	654	107	93	77
gene:Bcin12g00560	642	708	648	800	524	584
gene:Bcin12g00570	0	0	1	1	4	2
gene:Bcin12g00580	1	0	1	0	1	0
gene:Bcin12g00590	0	0	2	2	4	2
gene:Bcin12g00600	202	233	224	226	225	239
gene:Bcin12g00610	658	831	566	355	219	192
gene:Bcin12g00620	2	1	3	17	13	8
gene:Bcin12g00630	1335	1674	674	750	770	708
gene:Bcin12g00640	4600	4498	4171	16054	24931	10034
gene:Bcin12g00650	36	42	17	46	37	37
gene:Bcin12g00660	2523	2796	1935	1812	2097	1539
gene:Bcin12g00670	484	479	370	392	297	291
gene:Bcin12g00680	318	335	332	328	300	232
gene:Bcin12g00690	1816	1621	1157	714	905	639
gene:Bcin12g00700	35	41	18	116	84	49
gene:Bcin12g00710	911	752	507	1028	1859	1403
gene:Bcin12g00720	1122	1180	1005	702	740	618
gene:Bcin12g00730	405	469	390	239	238	223
gene:Bcin12g00740	1472	1574	1223	1658	2245	1736
gene:Bcin12g00750	4029	4751	3941	3103	2352	2194
gene:Bcin12g00760	860	922	804	449	315	412
gene:Bcin12g00770	4235	3534	2998	1179	1924	992
gene:Bcin12g00780	0	0	1	3	3	0
gene:Bcin12g00790	0	0	0	0	0	0
gene:Bcin12g00800	0	0	0	4	1	0
gene:Bcin12g00810	0	1	0	0	1	1
gene:Bcin12g00820	604	654	498	609	513	448
gene:Bcin12g00830	354	379	319	282	154	163
gene:Bcin12g00840	165	174	169	367	291	258
gene:Bcin12g00850	0	2	0	5	8	7
gene:Bcin12g00860	58	95	35	125	349	194
gene:Bcin12g00870	37	107	32	166	311	218
gene:Bcin12g00880	17	29	12	9	13	16
gene:Bcin12g00890	56	81	45	54	61	41
gene:EFBcG00000013184	0	0	0	0	0	0
gene:ENSRNA049536121	0	0	0	0	0	0
gene:Bcin12g00900	87	88	84	58	34	10
gene:Bcin12g00910	27	35	38	97	170	62
gene:Bcin12g00920	2	5	2	9	8	3
gene:Bcin12g00930	4398	4779	3468	10572	18065	6250
gene:Bcin12g00940	16485	19713	14341	1631	1151	920
gene:Bcin12g00950	7156	7685	7350	17	10	13
gene:Bcin12g00960	347	399	379	470	368	377
gene:Bcin12g00970	348	410	297	399	330	332
gene:Bcin12g00980	1099	1046	794	669	670	520
gene:Bcin12g00990	645	691	534	400	418	342
gene:Bcin12g01000	555	687	483	555	719	476
gene:Bcin12g01010	3369	4329	1766	2546	3702	2242
gene:Bcin12g01020	44770	40822	37674	1728	521	599
gene:Bcin12g01030	3247	3514	2497	442	210	190
gene:Bcin12g01040	829	874	574	753	552	493
gene:Bcin12g01050	1445	1604	1116	1017	729	663
gene:Bcin12g01060	293	472	212	6	15	8
gene:Bcin12g01070	1412	2249	799	88	49	52
gene:Bcin12g01080	55	62	69	68	39	56
gene:Bcin12g01090	15	18	19	27	13	15
gene:Bcin12g01100	7616	6282	5456	61	46	43
gene:Bcin12g01110	30	57	29	5	12	6
gene:Bcin12g01120	59	45	33	18	8	7
gene:Bcin12g01130	6	8	11	73	33	35
gene:Bcin12g01140	445	361	485	824	905	646
gene:Bcin12g01150	952	847	760	3316	4231	3002
gene:Bcin12g01160	1	1	2	7	8	10
gene:Bcin12g01170	2	2	4	7	4	7
gene:Bcin12g01180	353	361	381	855	913	773
gene:Bcin12g01190	373	396	282	171	239	184
gene:Bcin12g01200	0	1	0	0	1	1
gene:Bcin12g01210	0	0	0	0	0	0
gene:Bcin12g01220	1303	1216	998	802	1443	672
gene:Bcin12g01230	3477	3920	3233	2636	2805	2201
gene:Bcin12g01240	168	175	116	272	244	149
gene:Bcin12g01250	2	4	6	10	7	3
gene:Bcin12g01260	944	973	883	714	672	598
gene:Bcin12g01270	243	361	244	568	843	367
gene:Bcin12g01280	2492	2939	2251	1549	1857	1160
gene:Bcin12g01290	158	212	162	251	246	123
gene:Bcin12g01300	13090	13570	11431	16561	13841	12231
gene:Bcin12g01310	657	782	734	428	513	341
gene:Bcin12g01320	713	809	608	1509	1128	983
gene:Bcin12g01330	827	862	746	2473	1929	1690
gene:Bcin12g01340	582	714	478	627	278	348
gene:Bcin12g01350	4906	6006	4375	4368	2981	2863
gene:Bcin12g01360	9271	11253	7210	9199	5563	5582
gene:Bcin12g01370	5651	6293	5551	3583	4887	4025
gene:Bcin12g01380	1158	1404	1137	1452	1161	806
gene:Bcin12g01390	560	589	513	835	633	563
gene:Bcin12g01400	310	322	241	301	313	243
gene:Bcin12g01410	348	402	272	403	345	262
gene:Bcin12g01420	83	117	75	201	178	151
gene:Bcin12g01430	3	2	0	12	13	6
gene:Bcin12g01440	268	299	430	216	289	198
gene:Bcin12g01450	902	1025	811	878	985	642
gene:Bcin12g01460	164	179	105	199	172	122
gene:Bcin12g01470	73	72	47	98	79	83
gene:Bcin12g01480	931	1124	856	1010	871	716
gene:Bcin12g01490	1993	2407	1789	1138	1012	843
gene:Bcin12g01500	920	820	623	675	417	383
gene:Bcin12g01510	1143	1354	943	671	645	557
gene:Bcin12g01520	45	54	27	373	546	479
gene:Bcin12g01530	4	7	11	437	606	626
gene:Bcin12g01540	4	5	2	286	549	485
gene:Bcin12g01550	734	723	676	451	468	407
gene:Bcin12g01560	439	396	463	362	589	307
gene:Bcin12g01570	554	619	456	214	194	198
gene:Bcin12g01580	377	403	405	331	202	240
gene:Bcin12g01590	1084	1265	1073	806	636	570
gene:Bcin12g01600	13	9	4	10	14	8
gene:Bcin12g01610	292	348	340	706	645	511
gene:Bcin12g01620	17	19	8	39	18	37
gene:Bcin12g01630	117	108	112	162	89	100
gene:Bcin12g01640	457	639	350	285	312	239
gene:Bcin12g01650	425	512	406	438	371	336
gene:Bcin12g01660	0	0	0	2	0	0
gene:Bcin12g01670	144	196	151	231	136	149
gene:Bcin12g01680	266	369	268	359	213	250
gene:Bcin12g01690	775	1016	816	857	668	536
gene:Bcin12g01700	1	2	3	4	4	3
gene:Bcin12g01710	443	525	368	525	382	284
gene:Bcin12g01720	1	0	0	2	0	2
gene:Bcin12g01730	0	0	0	0	0	0
gene:Bcin12g01740	17	12	13	0	3	1
gene:Bcin12g01750	54	67	58	47	53	42
gene:Bcin12g01760	356	413	314	570	466	458
gene:Bcin12g01770	369	352	141	792	2953	1946
gene:Bcin12g01780	1953	2202	1658	2359	1808	1681
gene:Bcin12g01790	951	931	769	743	515	539
gene:Bcin12g01800	10	12	8	15	9	6
gene:Bcin12g01810	495	485	366	388	302	252
gene:Bcin12g01820	435	401	342	363	302	261
gene:Bcin12g01830	706	770	671	643	534	485
gene:Bcin12g01840	301	400	339	359	248	276
gene:Bcin12g01850	59	44	38	47	22	22
gene:Bcin12g01860	3058	2920	3824	1305	975	845
gene:Bcin12g01870	1188	1316	1119	1105	1014	861
gene:Bcin12g01880	2246	2259	1296	3723	6488	4714
gene:Bcin12g01890	58	61	31	16	16	14
gene:Bcin12g01900	38	29	24	11	8	5
gene:Bcin12g01910	97	96	65	425	273	231
gene:Bcin12g01920	654	796	628	490	384	358
gene:Bcin12g01930	160	199	165	216	167	153
gene:Bcin12g01940	703	667	576	565	582	440
gene:EFBcG00000013350	0	0	0	0	0	0
gene:ENSRNA049536131	0	0	0	0	0	0
gene:EFBcG00000013237	0	0	0	0	0	0
gene:ENSRNA049536141	0	0	0	0	0	0
gene:Bcin12g01950	55	53	28	794	408	325
gene:Bcin12g01960	18	11	4	5032	3078	1970
gene:EFBcG00000013361	0	0	0	0	0	0
gene:ENSRNA049536227	0	0	0	0	0	0
gene:Bcin12g01970	1531	1951	1520	1399	1028	956
gene:Bcin12g01980	26	11	10	16	17	17
gene:Bcin12g01990	929	1116	920	856	587	649
gene:Bcin12g02000	898	977	806	724	441	469
gene:Bcin12g02010	78	89	63	104	87	80
gene:Bcin12g02020	136	160	158	169	117	109
gene:Bcin12g02030	1361	1561	1319	981	746	687
gene:Bcin12g02040	52969	85726	37548	17110	21089	15251
gene:Bcin12g02050	1579	2173	1865	1178	848	694
gene:Bcin12g02060	6926	7321	4699	2547	2305	1979
gene:Bcin12g02070	1474	1679	1159	1044	972	884
gene:Bcin12g02080	804	903	433	40	37	37
gene:Bcin12g02090	43	63	26	1	0	4
gene:Bcin12g02100	0	0	1	0	1	0
gene:Bcin12g02110	1311	1455	748	727	867	762
gene:Bcin12g02120	128	142	32	19	24	11
gene:Bcin12g02130	0	0	1	0	1	1
gene:Bcin12g02140	99	81	56	89	73	61
gene:Bcin12g02150	693	767	558	309	258	214
gene:Bcin12g02160	698	844	614	645	471	472
gene:Bcin12g02170	2033	2225	1960	2064	1941	1564
gene:Bcin12g02180	8	9	5	11	11	9
gene:Bcin12g02190	760	610	365	56	26	25
gene:Bcin12g02200	56	63	45	42	26	51
gene:Bcin12g02210	6	7	1	4	4	8
gene:Bcin12g02220	4	1	2	4	3	1
gene:Bcin12g02230	11	23	7	41	11	27
gene:Bcin12g02240	2310	2750	1766	2407	2897	2278
gene:Bcin12g02250	300	375	299	284	189	195
gene:Bcin12g02260	709	751	632	524	508	379
gene:Bcin12g02270	347	372	350	309	192	187
gene:Bcin12g02280	170	266	114	228	332	210
gene:Bcin12g02290	619	694	499	1043	996	610
gene:Bcin12g02300	7244	5993	6263	23707	26053	18916
gene:Bcin12g02310	244	294	181	677	871	682
gene:Bcin12g02320	263	323	201	396	437	362
gene:Bcin12g02330	105	131	69	304	467	362
gene:Bcin12g02340	1280	1377	1207	1072	1082	789
gene:Bcin12g02350	297	320	378	307	217	171
gene:Bcin12g02360	3	6	3	7	6	7
gene:Bcin12g02370	4	5	0	15	3	5
gene:Bcin12g02380	3	1	4	4	4	2
gene:Bcin12g02390	836	1015	732	194	101	131
gene:Bcin12g02400	32	31	23	2	3	3
gene:Bcin12g02410	14	21	18	14	12	11
gene:Bcin12g02420	0	0	0	0	0	0
gene:Bcin12g02430	4782	5732	3682	2455	1689	1986
gene:Bcin12g02440	1720	2187	1302	951	567	710
gene:Bcin12g02450	9527	8866	7660	3864	2699	3025
gene:Bcin12g02460	591	749	534	788	532	482
gene:Bcin12g02470	7	11	8	8	0	2
gene:Bcin12g02480	6	2	3	2	1	2
gene:Bcin12g02490	0	1	2	4	2	0
gene:Bcin12g02500	0	0	0	0	0	0
gene:Bcin12g02510	739	816	617	483	384	384
gene:Bcin12g02520	1452	1751	1159	1354	1461	1024
gene:Bcin12g02530	848	935	857	446	522	386
gene:Bcin12g02540	592	668	531	421	301	286
gene:EFBcG00000013242	0	0	0	0	0	0
gene:ENSRNA049536212	0	0	0	0	0	0
gene:Bcin12g02550	404	450	380	732	575	526
gene:Bcin12g02560	236	285	380	30	24	32
gene:Bcin12g02570	0	0	0	0	1	0
gene:Bcin12g02580	1	0	1	0	0	0
gene:Bcin12g02590	25	35	22	36	27	34
gene:Bcin12g02600	1449	1474	1568	1338	949	854
gene:Bcin12g02610	3495	3731	3349	5699	4578	4069
gene:Bcin12g02620	3	4	2	2	2	1
gene:Bcin12g02630	492	570	438	585	515	399
gene:Bcin12g02640	1413	1651	1416	1354	970	909
gene:Bcin12g02650	45	70	55	411	194	165
gene:Bcin12g02660	18	21	17	250	70	63
gene:Bcin12g02670	957	1093	820	1115	1108	856
gene:Bcin12g02680	2863	3067	1001	168	177	175
gene:Bcin12g02690	13	17	12	432	231	132
gene:Bcin12g02700	704	1016	731	1410	1100	823
gene:Bcin12g02710	2	6	7	5	3	5
gene:Bcin12g02720	325	314	292	431	365	278
gene:Bcin12g02730	160	150	132	219	152	94
gene:Bcin12g02740	46	47	54	54	54	41
gene:Bcin12g02750	189	210	179	221	203	143
gene:Bcin12g02760	699	689	590	867	667	621
gene:Bcin12g02770	269	258	287	132	123	106
gene:Bcin12g02780	524	418	547	214	159	161
gene:Bcin12g02790	1193	1516	1110	1010	1117	877
gene:Bcin12g02800	357	359	267	469	342	285
gene:Bcin12g02810	2275	2716	2192	2512	2321	1835
gene:Bcin12g02820	2503	2996	2439	1561	1398	1166
gene:Bcin12g02830	17	24	15	44	26	39
gene:Bcin12g02840	79	99	68	88	64	67
gene:Bcin12g02850	560	521	437	420	309	292
gene:Bcin12g02860	1	0	1	3	2	0
gene:Bcin12g02870	29	23	14	140	77	50
gene:Bcin12g02880	1	5	1	1	1	1
gene:Bcin12g02890	88	92	79	96	84	75
gene:Bcin12g02900	156	198	124	35	21	27
gene:Bcin12g02910	5195	6573	3960	256	125	127
gene:Bcin12g02920	9	12	23	23	10	5
gene:Bcin12g02930	768	921	758	938	799	664
gene:Bcin12g02940	454	487	402	451	394	311
gene:Bcin12g02950	6	11	6	15	24	6
gene:Bcin12g02960	736	926	732	897	580	590
gene:Bcin12g02970	587	692	580	443	365	323
gene:Bcin12g02980	110	111	184	104	263	149
gene:Bcin12g02990	368	413	389	454	543	440
gene:Bcin12g03000	122	128	116	214	322	135
gene:Bcin12g03010	0	0	0	1	0	0
gene:Bcin12g03020	487	450	405	429	238	251
gene:Bcin12g03030	922	1006	934	886	754	685
gene:Bcin12g03040	56	45	73	2240	4246	2950
gene:Bcin12g03050	163	210	183	331	317	340
gene:Bcin12g03060	315	419	312	378	280	250
gene:Bcin12g03070	1	0	1	3	2	0
gene:Bcin12g03080	0	0	0	0	0	0
gene:Bcin12g03090	6	6	1	4	6	3
gene:Bcin12g03100	350	327	327	406	307	287
gene:Bcin12g03110	479	626	421	453	630	486
gene:Bcin12g03120	126	181	115	92	104	96
gene:Bcin12g03130	38	42	33	36	46	30
gene:Bcin12g03140	102	147	119	91	85	65
gene:Bcin12g03150	3980	4828	3681	3774	2888	2495
gene:Bcin12g03160	569	599	463	628	377	344
gene:Bcin12g03170	35	53	28	57	41	33
gene:Bcin12g03180	8737	9963	9384	7457	5459	4493
gene:Bcin12g03190	1074	1145	1107	1245	1080	1034
gene:Bcin12g03200	6	7	11	23	24	6
gene:Bcin12g03210	3263	3642	2959	1290	1043	883
gene:Bcin12g03220	850	1009	952	1103	1597	1039
gene:Bcin12g03230	44	49	25	35	29	24
gene:Bcin12g03240	84	72	65	109	54	49
gene:Bcin12g03250	535	559	482	386	269	238
gene:Bcin12g03260	3471	3405	1736	246	348	166
gene:Bcin12g03270	1885	2120	1766	2321	1828	1726
gene:Bcin12g03280	1172	1421	1298	1601	1428	1126
gene:Bcin12g03290	1012	1063	955	553	535	377
gene:Bcin12g03300	42	53	38	45	57	53
gene:Bcin12g03310	71	88	52	113	150	62
gene:Bcin12g03320	127	175	110	147	299	104
gene:Bcin12g03330	443	586	526	759	1587	507
gene:Bcin12g03340	349	358	411	538	495	423
gene:Bcin12g03350	393	396	330	338	350	258
gene:Bcin12g03360	9	11	5	7	7	9
gene:Bcin12g03370	402	441	286	175	157	132
gene:Bcin12g03380	14	13	8	3	4	3
gene:Bcin12g03390	145	127	88	583	705	622
gene:Bcin12g03400	302	405	298	406	269	204
gene:Bcin12g03410	169	245	147	242	178	145
gene:Bcin12g03420	62	83	46	85	66	64
gene:Bcin12g03430	31	33	35	51	130	56
gene:Bcin12g03440	40	42	44	27	13	4
gene:Bcin12g03450	48	51	54	26	18	21
gene:Bcin12g03460	1	0	3	2	3	0
gene:Bcin12g03470	6	25	29	14	13	23
gene:Bcin12g03480	4616	4864	5580	3650	3528	3309
gene:Bcin12g03490	358	381	336	463	382	360
gene:Bcin12g03500	37	58	40	87	95	83
gene:Bcin12g03510	0	0	2	0	2	1
gene:Bcin12g03520	123	175	179	388	496	404
gene:Bcin12g03530	464	558	400	736	705	577
gene:Bcin12g03540	159	175	136	110	108	70
gene:Bcin12g03550	56	54	30	39	46	38
gene:Bcin12g03560	488	565	251	605	630	466
gene:Bcin12g03570	3895	4148	2176	1136	805	715
gene:Bcin12g03580	850	1129	701	452	303	338
gene:Bcin12g03590	262	262	214	218	171	142
gene:Bcin12g03600	519	562	508	742	965	516
gene:Bcin12g03610	397	429	363	496	562	358
gene:Bcin12g03620	537	602	481	1255	1685	743
gene:Bcin12g03630	241	262	177	302	310	185
gene:Bcin12g03640	1123	1213	903	809	566	468
gene:Bcin12g03650	1501	2498	4903	858	393	367
gene:Bcin12g03660	208	259	188	185	174	172
gene:Bcin12g03670	628	747	646	935	805	706
gene:Bcin12g03680	75	80	99	77	63	38
gene:Bcin12g03690	5912	5762	5193	1388	1761	1286
gene:Bcin12g03700	1707	1664	1912	1317	1336	809
gene:Bcin12g03710	1634	1596	1441	1999	1443	1494
gene:Bcin12g03720	832	959	754	684	487	491
gene:Bcin12g03730	4	2	3	4	6	5
gene:Bcin12g03740	5158	5920	5417	10909	8167	6153
gene:Bcin12g03750	1181	1349	1279	2144	2141	1419
gene:Bcin12g03760	1714	2011	1648	1652	1413	1240
gene:Bcin12g03770	725	708	504	870	560	542
gene:Bcin12g03780	6	9	6	13	9	3
gene:Bcin12g03790	833	920	756	666	558	617
gene:Bcin12g03800	102	117	68	94	95	80
gene:Bcin12g03810	0	1	2	7	4	3
gene:Bcin12g03820	3	4	5	11	16	9
gene:Bcin12g03830	457	520	247	1244	1350	979
gene:Bcin12g03840	11	13	9	214	97	97
gene:Bcin12g03850	86	92	43	78	77	87
gene:Bcin12g03860	1011	1118	738	1042	709	689
gene:Bcin12g03870	808	884	750	607	516	409
gene:Bcin12g03880	3383	3937	2903	3273	2577	2403
gene:Bcin12g03890	881	997	776	756	624	551
gene:Bcin12g03900	1603	1681	1506	1348	1177	1043
gene:Bcin12g03910	3000	3586	2471	2568	2255	2155
gene:Bcin12g03920	100	92	68	63	107	100
gene:Bcin12g03930	4101	4403	5073	3286	2066	2216
gene:Bcin12g03940	1561	1946	1451	2067	2243	1542
gene:Bcin12g03950	576	584	547	832	654	613
gene:Bcin12g03960	195	264	171	281	299	238
gene:Bcin12g03970	34	47	46	82	43	55
gene:Bcin12g03980	11	13	19	5	16	2
gene:Bcin12g03990	114	144	121	134	103	103
gene:Bcin12g04000	216	228	226	281	305	230
gene:Bcin12g04010	2	3	4	3	3	0
gene:Bcin12g04020	7	14	8	71	32	23
gene:Bcin12g04030	573	690	499	859	869	663
gene:Bcin12g04040	904	1027	942	1778	1431	1171
gene:Bcin12g04050	106	113	66	106	99	88
gene:Bcin12g04060	498	533	404	282	241	223
gene:Bcin12g04070	138	152	114	131	93	96
gene:Bcin12g04080	329	432	301	339	254	253
gene:Bcin12g04090	460	440	460	465	315	332
gene:Bcin12g04100	86	121	68	68	68	81
gene:Bcin12g04110	2668	3008	2364	2144	2159	1799
gene:Bcin12g04120	4209	4973	3399	5709	5951	4956
gene:Bcin12g04130	662	759	576	498	442	382
gene:Bcin12g04140	542	663	432	466	446	434
gene:Bcin12g04150	879	1007	797	501	548	414
gene:Bcin12g04160	162	201	151	86	109	56
gene:Bcin12g04170	942	1079	909	608	413	433
gene:Bcin12g04180	941	1549	562	753	1518	810
gene:Bcin12g04190	29	32	27	31	28	14
gene:Bcin12g04200	241	270	238	163	164	141
gene:Bcin12g04210	563	519	536	553	573	529
gene:Bcin12g04220	1193	1346	1173	2119	1823	1623
gene:Bcin12g04230	3	0	3	7	8	3
gene:Bcin12g04240	253	286	284	451	570	481
gene:Bcin12g04250	0	0	0	0	4	0
gene:Bcin12g04260	60	82	50	72	120	97
gene:Bcin12g04270	768	840	648	1277	1555	1058
gene:Bcin12g04280	5297	6001	5225	8779	8812	6346
gene:Bcin12g04290	1159	1283	1009	1235	973	866
gene:Bcin12g04300	27	30	2	21	52	22
gene:Bcin12g04310	5	10	4	8	7	1
gene:Bcin12g04320	75	88	56	46	45	36
gene:Bcin12g04330	8	7	15	3	4	3
gene:Bcin12g04340	0	0	0	6	1	1
gene:Bcin12g04350	1	0	0	0	0	1
gene:Bcin12g04360	0	0	0	0	0	0
gene:Bcin12g04370	0	0	0	0	0	0
gene:Bcin12g04380	26832	28423	21628	19767	20161	16522
gene:Bcin12g04390	8	6	11	21	8	13
gene:Bcin12g04400	0	0	0	0	0	0
gene:Bcin12g04410	246	271	174	214	208	156
gene:Bcin12g04420	712	838	659	584	367	396
gene:Bcin12g04430	827	750	517	673	532	429
gene:Bcin12g04440	0	2	0	2	1	1
gene:Bcin12g04450	939	1022	838	639	505	470
gene:Bcin12g04460	260	309	229	307	223	187
gene:Bcin12g04470	489	618	414	535	435	451
gene:Bcin12g04480	351	379	328	439	280	286
gene:Bcin12g04490	366	486	229	130	82	77
gene:Bcin12g04500	610	782	552	577	577	508
gene:Bcin12g04510	1113	1325	1113	1833	1493	1242
gene:Bcin12g04520	151	186	115	1469	973	823
gene:Bcin12g04530	11788	11097	12908	40	35	23
gene:Bcin12g04540	897	894	1104	671	421	315
gene:Bcin12g04550	647	673	699	468	519	466
gene:Bcin12g04560	1877	1986	1670	1627	1399	1195
gene:Bcin12g04570	1837	2035	1697	1325	1271	1102
gene:Bcin12g04580	3769	3333	5442	2641	2036	1662
gene:Bcin12g04590	63	96	70	66	55	43
gene:Bcin12g04600	28	32	27	46	26	28
gene:Bcin12g04610	32	22	26	28	28	18
gene:Bcin12g04620	229	217	426	952	607	422
gene:Bcin12g04630	11	30	18	5	13	9
gene:Bcin12g04640	1625	1674	911	647	1202	736
gene:Bcin12g04650	5996	6697	6074	6906	6482	5468
gene:Bcin12g04660	3535	4128	3322	3323	2239	2194
gene:Bcin12g04670	2959	3265	2461	3435	2305	2224
gene:Bcin12g04680	2458	2966	2005	2303	1977	1610
gene:Bcin12g04690	8135	9114	6133	1639	1017	988
gene:Bcin12g04700	1452	1438	920	397	343	303
gene:Bcin12g04710	260	253	180	205	161	143
gene:Bcin12g04720	395	458	397	350	323	247
gene:Bcin12g04730	19	24	14	20	19	12
gene:Bcin12g04740	140	148	150	330	448	387
gene:Bcin12g04750	205	259	187	118	85	72
gene:Bcin12g04760	342	489	384	574	491	430
gene:Bcin12g04770	16	17	12	43	21	28
gene:Bcin12g04780	1	1	2	1	1	9
gene:Bcin12g04790	0	0	0	0	0	0
gene:Bcin12g04800	0	0	0	0	0	0
gene:Bcin12g04810	262	330	258	582	413	385
gene:Bcin12g04820	595	701	551	391	355	292
gene:Bcin12g04830	134	145	113	169	162	125
gene:Bcin12g04840	238	231	37	30	156	95
gene:Bcin12g04850	476	561	392	347	346	290
gene:Bcin12g04860	5028	4906	3216	3264	2433	2132
gene:Bcin12g04870	107	93	80	24	27	19
gene:Bcin12g04880	42	74	42	74	75	48
gene:Bcin12g04890	479	535	410	527	400	368
gene:Bcin12g04900	6	7	6	19	13	26
gene:Bcin12g04910	9	14	22	29	40	41
gene:Bcin12g04920	3	2	0	9	0	2
gene:Bcin12g04930	1	0	0	1	1	0
gene:Bcin12g04940	24	21	23	67	54	39
gene:Bcin12g04950	322	426	236	420	265	239
gene:Bcin12g04960	41	56	27	32	28	36
gene:Bcin12g04970	5	8	1	26	6	6
gene:Bcin12g04980	13	23	13	14	23	15
gene:Bcin12g04990	2181	2673	2057	1868	1342	1181
gene:Bcin12g05000	1209	1181	1200	1312	1275	1106
gene:Bcin12g05010	473	538	393	507	372	390
gene:Bcin12g05020	711	794	714	568	594	503
gene:Bcin12g05030	715	593	1171	580	833	415
gene:Bcin12g05040	696	843	675	535	435	395
gene:Bcin12g05050	645	788	579	830	638	622
gene:Bcin12g05060	202	243	189	213	248	212
gene:Bcin12g05070	15	33	22	74	31	25
gene:Bcin12g05080	623	741	619	895	822	688
gene:Bcin12g05090	1465	1788	1332	1525	1325	1120
gene:Bcin12g05100	1864	2091	1739	1489	1134	1055
gene:Bcin12g05110	5	5	5	5	7	4
gene:Bcin12g05120	41	55	58	1348	1240	879
gene:Bcin12g05130	223	249	257	2679	1582	1223
gene:Bcin12g05140	1205	1303	1308	925	1000	760
gene:Bcin12g05150	458	432	384	332	253	226
gene:Bcin12g05160	16	24	13	16	10	8
gene:Bcin12g05170	25	36	29	29	26	31
gene:EFBcG00000013300	1	0	1	3	1	0
gene:Bcin12g05180	1	3	0	0	2	4
gene:Bcin12g05190	5053	5690	5050	3271	1763	1984
gene:EFBcG00000013336	7	3	4	2	1	0
gene:Bcin12g05200	321	391	263	704	624	413
gene:EFBcG00000013110	0	0	0	0	0	0
gene:ENSRNA049536185	0	0	0	0	0	0
gene:Bcin12g05210	21109	23368	20367	11151	10005	8363
gene:Bcin12g05220	1760	1824	1682	44	39	49
gene:Bcin12g05230	15	15	16	5	4	2
gene:Bcin12g05240	207	257	170	196	164	138
gene:Bcin12g05250	16	22	13	26	21	21
gene:Bcin12g05260	0	0	0	3	0	0
gene:Bcin12g05270	3	6	1	32	18	10
gene:Bcin12g05280	166	103	99	333	69	53
gene:Bcin12g05290	1721	2083	1720	2095	1374	1403
gene:Bcin12g05300	355	469	352	567	454	368
gene:Bcin12g05310	139	157	102	88	72	76
gene:Bcin12g05320	458	606	450	557	383	316
gene:Bcin12g05330	5082	6024	4851	6132	6760	5213
gene:Bcin12g05340	48	78	36	93	89	76
gene:Bcin12g05350	0	0	1	0	0	1
gene:Bcin12g05360	4431	6235	3760	5934	6411	4576
gene:Bcin12g05370	6107	8849	5023	9401	8910	6915
gene:Bcin12g05380	0	2	1	5	2	1
gene:Bcin12g05390	0	0	0	0	0	0
gene:Bcin12g05400	0	1	0	2	1	1
gene:Bcin12g05410	202	206	172	266	152	152
gene:Bcin12g05420	1369	1612	1480	1960	1351	1165
gene:Bcin12g05430	0	0	1	3	8	4
gene:Bcin12g05440	0	0	0	0	0	1
gene:Bcin12g05450	0	0	0	0	0	0
gene:Bcin12g05460	0	1	3	3	7	0
gene:Bcin12g05470	1587	1704	1561	2663	2665	1280
gene:Bcin12g05480	0	0	0	0	0	0
gene:Bcin12g05490	0	0	0	0	0	0
gene:Bcin12g05500	1	2	1	26	8	9
gene:Bcin12g05510	1	0	2	3	0	1
gene:Bcin12g05520	4	6	3	24	6	9
gene:Bcin12g05530	304	343	280	414	288	247
gene:Bcin12g05540	215	311	233	209	184	139
gene:Bcin12g05550	21878	21889	13312	4554	4356	3807
gene:Bcin12g05560	571	608	603	490	294	305
gene:Bcin12g05570	313	407	263	148	155	75
gene:Bcin12g05580	544	505	496	184	166	156
gene:Bcin12g05590	0	0	1	1	0	0
gene:Bcin12g05600	2	3	0	1	2	2
gene:Bcin12g05610	422	448	364	680	554	520
gene:Bcin12g05620	1	3	0	0	0	0
gene:Bcin12g05630	2031	1935	1612	928	1274	1019
gene:Bcin12g05640	1	1	3	3	8	8
gene:Bcin12g05650	8	4	7	21	13	18
gene:Bcin12g05660	274	405	247	145	125	106
gene:Bcin12g05670	362	516	255	82	85	78
gene:Bcin12g05680	225	294	189	64	70	60
gene:Bcin12g05690	2461	3794	2924	340	219	187
gene:Bcin12g05700	390	247	116	72	38	36
gene:Bcin12g05710	754	874	669	625	559	437
gene:Bcin12g05720	600	742	572	648	557	395
gene:Bcin12g05730	6902	7605	6951	10413	9061	8360
gene:Bcin12g05740	2085	2245	1923	1427	1079	961
gene:Bcin12g05750	27	27	11	22	21	16
gene:Bcin12g05760	3129	3491	2695	2730	2801	2341
gene:Bcin12g05770	1319	1392	1289	1803	1536	1228
gene:Bcin12g05780	1510	1573	1622	1514	1111	845
gene:Bcin12g05790	337	380	266	483	451	296
gene:Bcin12g05800	547	628	546	736	555	512
gene:Bcin12g05810	779	820	521	331	604	376
gene:Bcin12g05820	197	239	81	40	76	38
gene:Bcin12g05830	9	14	7	38	51	34
gene:Bcin12g05840	0	0	0	0	0	1
gene:Bcin12g05850	0	1	0	0	0	0
gene:Bcin12g05860	79	90	57	63	55	46
gene:Bcin12g05870	139	162	123	116	180	107
gene:Bcin12g05880	1105	1243	833	653	619	496
gene:Bcin12g05885	24	20	15	25	16	18
gene:Bcin12g05890	112	116	99	126	108	77
gene:Bcin12g05900	0	1	0	1	3	0
gene:Bcin12g05910	1	0	1	2	1	0
gene:Bcin12g05920	6	5	8	1	2	0
gene:Bcin12g05930	1	2	0	1	0	1
gene:Bcin12g05940	14	14	17	11	7	2
gene:Bcin12g05950	16	25	31	4	6	2
gene:Bcin12g05960	21	22	32	75	50	33
gene:Bcin12g05970	5	3	4	1	2	3
gene:Bcin12g05980	231	358	232	130	163	119
gene:Bcin12g05985	618	1191	140	201	180	116
gene:Bcin12g05990	430	418	461	208	204	169
gene:Bcin12g06000	3443	3895	3339	2158	1491	1382
gene:Bcin12g06010	39	51	57	66	32	20
gene:Bcin12g06020	83153	86303	71673	37905	47675	35371
gene:Bcin12g06030	5	8	3	14	13	13
gene:Bcin12g06040	7	9	6	10	14	13
gene:Bcin12g06050	2	5	4	12	7	3
gene:Bcin12g06060	1	2	0	4	4	3
gene:Bcin12g06070	2	2	2	9	4	5
gene:Bcin12g06080	2	2	1	5	3	5
gene:Bcin12g06090	0	1	1	5	6	3
gene:Bcin12g06100	0	0	0	0	1	3
gene:Bcin12g06110	0	0	0	1	4	1
gene:EFBcG00000013234	0	0	0	0	0	0
gene:Bcin12g06120	1678	1472	1534	828	1073	823
gene:Bcin12g06130	977	1182	921	929	779	667
gene:Bcin12g06140	626	729	624	781	788	675
gene:Bcin12g06150	0	0	0	0	0	0
gene:Bcin12g06160	134	126	152	595	200	228
gene:Bcin12g06170	383	529	322	2063	597	551
gene:Bcin12g06180	27	37	17	536	2643	1051
gene:Bcin12g06190	4	3	1	5	8	3
gene:Bcin12g06200	110	113	83	75	56	53
gene:Bcin12g06210	26	37	22	85	77	72
gene:Bcin12g06220	430	574	386	485	325	254
gene:Bcin12g06230	172	241	255	127	55	71
gene:Bcin12g06240	779	998	751	361	302	199
gene:Bcin12g06250	3	1	0	4	0	1
gene:Bcin12g06260	12	11	8	53	18	17
gene:Bcin12g06270	23	36	11	4292	1254	1105
gene:Bcin12g06280	1427	2127	1583	1951	1521	1260
gene:Bcin12g06290	9	17	11	6	11	9
gene:Bcin12g06300	71353	83476	51488	19	23	10
gene:Bcin12g06310	1920	2271	1349	134	113	121
gene:Bcin12g06320	446	596	474	558	374	394
gene:Bcin12g06330	21	30	26	85	42	36
gene:Bcin12g06340	0	0	0	1	0	1
gene:Bcin12g06350	114	54	485	1867	2588	1562
gene:Bcin12g06360	278	217	104	19	13	6
gene:Bcin12g06370	3519	6589	8436	30039	18113	16456
gene:Bcin12g06380	7220	13617	18062	66369	59629	46899
gene:Bcin12g06390	5033	8911	13133	48800	32734	27143
gene:Bcin12g06400	4044	7609	9985	39006	31719	26296
gene:Bcin12g06410	2069	4001	5508	20372	10268	10102
gene:Bcin12g06420	514	976	934	4052	2495	2221
gene:Bcin12g06430	9005	13691	22198	97211	71054	65716
gene:Bcin12g06440	102	117	70	97	80	67
gene:Bcin12g06450	806	838	718	809	547	534
gene:Bcin12g06460	4637	6211	5614	814	605	472
gene:Bcin12g06470	1004	961	928	766	575	475
gene:Bcin12g06480	1656	1837	1222	462	350	327
gene:Bcin12g06490	7	15	5	7	4	0
gene:Bcin12g06500	4	6	2	5	1	2
gene:Bcin12g06510	2	1	2	0	2	1
gene:Bcin12g06520	389	440	378	398	527	402
gene:Bcin12g06530	1566	1685	1370	840	723	692
gene:Bcin12g06540	5390	6004	5611	8429	7425	6389
gene:Bcin12g06550	2857	3344	2968	3526	2857	2641
gene:Bcin12g06560	706	808	661	522	468	407
gene:Bcin12g06570	2	2	1	0	3	1
gene:Bcin12g06580	718	1152	536	65	36	33
gene:Bcin12g06590	20	23	13	12	5	7
gene:Bcin12g06600	299	371	317	188	155	143
gene:Bcin12g06610	0	0	1	4	3	4
gene:Bcin12g06620	802	1083	774	972	1420	1072
gene:Bcin12g06630	2257	2906	2330	1389	1963	1472
gene:Bcin12g06640	266	238	262	222	156	127
gene:Bcin12g06650	245	225	187	199	187	157
gene:Bcin12g06660	1288	1633	2233	1789	1353	983
gene:Bcin12g06670	318	409	360	490	421	346
gene:Bcin12g06680	51	71	60	28	30	24
gene:Bcin12g06690	520	763	455	495	424	361
gene:Bcin12g06700	1	0	1	1	9	6
gene:Bcin12g06710	127	155	151	225	195	164
gene:Bcin12g06720	1	2	1	17	33	27
gene:Bcin12g06730	165	167	150	106	115	102
gene:Bcin12g06740	847	1038	706	1119	778	780
gene:Bcin12g06750	23	28	17	41	23	18
gene:Bcin12g06760	75	88	86	35	84	73
gene:Bcin12g06770	985	1513	1205	131	85	87
gene:Bcin12g06780	89	119	77	76	66	48
gene:Bcin12g06790	0	1	1	4	1	0
gene:Bcin12g06800	34	23	20	49	41	47
gene:Bcin12g06810	1047	1204	881	896	1236	794
gene:Bcin13g00010	7	11	12	34	41	19
gene:Bcin13g00020	219	190	235	185	215	196
gene:Bcin13g00030	20	22	11	36	64	57
gene:Bcin13g00040	0	0	0	34	8	6
gene:Bcin13g00050	2922	3304	2491	23569	30603	16337
gene:Bcin13g00060	107	132	102	153	194	113
gene:Bcin13g00070	5	8	9	13	6	10
gene:Bcin13g00080	332	349	330	445	340	309
gene:Bcin13g00090	1872	2083	1751	2224	2114	1863
gene:Bcin13g00100	189	309	187	466	454	348
gene:Bcin13g00110	3	0	2	5	9	6
gene:Bcin13g00120	581	678	723	3684	3626	1570
gene:Bcin13g00130	32	45	51	87	75	52
gene:Bcin13g00140	44	45	57	169	93	73
gene:Bcin13g00160	0	0	0	2	0	0
gene:Bcin13g00170	0	0	0	0	0	0
gene:Bcin13g00180	4	4	1	3	1	0
gene:Bcin13g00190	34	43	22	30	31	19
gene:Bcin13g00200	458	542	216	21	12	12
gene:Bcin13g00210	1513	1573	1375	1356	1330	913
gene:Bcin13g00220	6756	8136	5363	5889	6112	5278
gene:Bcin13g00230	3826	4194	3329	4527	2984	2960
gene:Bcin13g00240	414	555	429	702	462	463
gene:Bcin13g00250	277	222	163	163	154	67
gene:Bcin13g00260	0	2	1	1	2	1
gene:Bcin13g00270	107	169	121	202	177	164
gene:Bcin13g00280	4270	7205	2705	22541	20468	17423
gene:Bcin13g00290	113	147	98	201	226	130
gene:Bcin13g00300	581	1347	313	1235	1692	448
gene:Bcin13g00310	8	4	8	42	73	4
gene:Bcin13g00320	8	10	9	28	20	14
gene:Bcin13g00330	18	15	17	26	9	11
gene:Bcin13g00340	49	55	31	74	32	30
gene:Bcin13g00350	0	0	0	0	0	0
gene:Bcin13g00360	1	1	3	0	1	0
gene:Bcin13g00370	11	13	6	25	41	25
gene:Bcin13g00380	1066	1055	913	2446	6526	2684
gene:Bcin13g00390	196	199	157	272	332	200
gene:Bcin13g00400	39	39	44	195	262	166
gene:Bcin13g00410	9	11	8	40	35	10
gene:Bcin13g00420	2	0	0	2	0	3
gene:Bcin13g00430	13	17	9	17	16	13
gene:Bcin13g00440	885	823	921	1166	1001	790
gene:Bcin13g00450	662	761	550	518	431	373
gene:Bcin13g00460	642	632	604	491	511	384
gene:Bcin13g00470	17	33	11	18	17	12
gene:Bcin13g00480	1645	1957	1511	1392	1127	1045
gene:Bcin13g00490	547	561	374	262	216	219
gene:Bcin13g00500	1550	1830	1283	709	626	446
gene:Bcin13g00510	70	64	48	88	52	40
gene:Bcin13g00520	262	314	278	440	317	260
gene:Bcin13g00530	117	118	158	124	78	74
gene:Bcin13g00540	1192	1455	1266	1512	1112	958
gene:Bcin13g00550	7407	7856	6588	6925	5955	5132
gene:Bcin13g00560	948	1148	941	702	486	494
gene:Bcin13g00570	752	764	643	308	260	217
gene:Bcin13g00580	48	61	43	43	26	24
gene:Bcin13g00590	33	41	27	39	27	17
gene:Bcin13g00600	0	1	0	0	3	1
gene:Bcin13g00610	0	0	0	0	0	0
gene:Bcin13g00620	6378	6685	5930	4922	3906	3284
gene:Bcin13g00630	477	493	420	276	255	205
gene:Bcin13g00640	6	9	3	1	2	5
gene:Bcin13g00650	0	2	0	0	2	0
gene:Bcin13g00660	18	44	19	14	3	0
gene:Bcin13g00670	16	26	35	47	35	34
gene:Bcin13g00680	1190	1393	931	1085	1027	777
gene:Bcin13g00690	666	638	641	637	447	484
gene:Bcin13g00700	4298	4988	4481	2824	2121	1891
gene:Bcin13g00710	455	601	1971	3271	834	472
gene:EFBcG00000013166	0	0	0	0	0	0
gene:ENSRNA049538517	0	0	0	0	0	0
gene:Bcin13g00720	110	125	164	204	98	82
gene:EFBcG00000013114	0	0	0	0	0	0
gene:EFBcG00000013279	0	0	0	0	0	0
gene:ENSRNA049537953	0	0	0	0	0	0
gene:Bcin13g00730	4	8	3	8	2	3
gene:Bcin13g00740	44	78	58	59	60	62
gene:Bcin13g00750	282	320	283	419	289	280
gene:Bcin13g00760	296	364	304	418	406	301
gene:Bcin13g00770	17064	20911	19102	2064	1378	1259
gene:Bcin13g00780	662	771	564	505	375	312
gene:Bcin13g00790	1054	1128	911	1232	989	867
gene:Bcin13g00810	73	72	95	112	45	68
gene:Bcin13g00820	26	30	15	78	84	43
gene:Bcin13g00830	14503	14764	13861	16484	17604	13645
gene:Bcin13g00840	429	554	442	320	203	246
gene:Bcin13g00850	4	2	0	1	0	0
gene:Bcin13g00860	2	0	1	2	1	0
gene:Bcin13g00870	9	13	8	66	203	78
gene:Bcin13g00880	1	0	0	10	23	10
gene:Bcin13g00890	10000	12058	10567	18160	16241	14825
gene:Bcin13g00900	400	458	391	330	328	265
gene:Bcin13g00910	563	538	524	682	482	493
gene:Bcin13g00920	493	542	543	559	403	411
gene:Bcin13g00930	789	1005	789	786	459	457
gene:Bcin13g00940	0	0	0	2	0	0
gene:Bcin13g00950	187	219	213	258	329	276
gene:Bcin13g00960	81444	91679	84402	40900	29636	28437
gene:Bcin13g00970	365	424	328	606	739	392
gene:EFBcG00000013319	0	1	0	0	5	0
gene:Bcin13g00980	907	827	779	553	640	409
gene:Bcin13g00990	1311	1501	1199	902	823	713
gene:Bcin13g01000	1323	1602	1317	837	754	615
gene:Bcin13g01010	101	140	152	39	38	50
gene:Bcin13g01020	1185	1299	816	612	429	221
gene:Bcin13g01030	3693	4314	3187	8215	9541	5772
gene:Bcin13g01040	288	358	284	271	147	169
gene:Bcin13g01050	1320	1398	1128	724	588	543
gene:Bcin13g01060	873	1123	1012	780	569	597
gene:Bcin13g01070	362	416	279	331	335	298
gene:Bcin13g01080	0	4	1	4	3	1
gene:Bcin13g01090	63	61	17	476	442	118
gene:Bcin13g01100	0	1	0	0	4	0
gene:Bcin13g01110	69	137	75	397	279	165
gene:Bcin13g01120	6	13	13	580	570	261
gene:Bcin13g01130	4840	7175	1908	31888	20691	14199
gene:Bcin13g01140	882	1311	510	7056	7534	3653
gene:EFBcG00000013222	5	0	1	1	0	0
gene:Bcin13g01150	42	61	39	412	523	153
gene:Bcin13g01160	127	124	129	205	386	140
gene:Bcin13g01170	2	0	0	0	1	0
gene:ENSRNA049513920	0	0	0	0	0	0
gene:EFBcG00000013301	0	0	0	0	0	0
gene:Bcin13g01180	75	88	78	121	45	56
gene:Bcin13g01190	7	13	5	25	23	11
gene:Bcin13g01200	0	0	0	0	0	0
gene:Bcin13g01210	0	1	0	0	1	0
gene:Bcin13g01220	0	0	0	0	0	0
gene:Bcin13g01230	0	0	0	0	0	0
gene:Bcin13g01240	15	21	9	58	70	47
gene:Bcin13g01250	5	8	5	9	5	1
gene:Bcin13g01260	47	72	52	76	64	53
gene:Bcin13g01270	919	1007	995	1238	1667	1480
gene:Bcin13g01280	801	945	789	945	842	738
gene:Bcin13g01290	181	177	110	127	342	179
gene:Bcin13g01300	1112	1088	874	785	1287	1101
gene:Bcin13g01310	607	610	498	476	294	313
gene:Bcin13g01320	1093	1268	941	567	558	560
gene:Bcin13g01330	935	1053	988	1890	1334	1171
gene:Bcin13g01340	2716	2821	2438	2048	2012	1571
gene:Bcin13g01350	2107	2335	2249	1859	1754	1615
gene:Bcin13g01360	60	50	172	54	36	32
gene:Bcin13g01370	89	104	100	27	19	29
gene:Bcin13g01380	111	115	298	33	33	27
gene:ENSRNA049513861	0	0	0	1	0	0
gene:Bcin13g01390	3294	4222	2941	3187	2629	2242
gene:Bcin13g01400	1071	1302	1196	2410	1983	1128
gene:Bcin13g01410	1996	2191	1974	1085	1420	894
gene:Bcin13g01420	1056	1156	906	480	562	448
gene:Bcin13g01430	994	1780	417	205	136	137
gene:Bcin13g01440	457	487	471	399	261	245
gene:Bcin13g01450	3075	3313	2798	1808	1567	1467
gene:Bcin13g01460	19	32	19	23	18	14
gene:Bcin13g01470	14	12	14	31	16	12
gene:Bcin13g01480	3	5	7	20	20	11
gene:Bcin13g01490	1	0	0	2	3	2
gene:Bcin13g01500	5	4	4	7	0	6
gene:Bcin13g01510	74	76	64	56	52	41
gene:Bcin13g01520	51	52	43	195	179	113
gene:Bcin13g01530	0	0	0	0	0	0
gene:Bcin13g01540	10	8	11	4	5	4
gene:Bcin13g01550	2	0	0	0	2	1
gene:Bcin13g01560	192	200	172	116	90	89
gene:Bcin13g01570	1962	1875	1874	1397	780	997
gene:Bcin13g01580	77	87	75	52	44	49
gene:Bcin13g01590	419	525	437	460	320	327
gene:Bcin13g01600	1473	1797	1212	1086	947	708
gene:Bcin13g01610	2599	3056	2268	2062	1680	1507
gene:Bcin13g01620	627	727	604	641	432	436
gene:Bcin13g01630	2711	3361	2691	3087	2258	2115
gene:Bcin13g01640	635	777	631	496	402	372
gene:Bcin13g01650	1137	1312	1032	1134	839	759
gene:Bcin13g01660	1	0	0	2	2	1
gene:Bcin13g01670	3	2	1	56	78	55
gene:Bcin13g01680	290	321	256	292	218	190
gene:EFBcG00000013141	0	0	0	0	0	0
gene:ENSRNA049538300	0	0	0	0	0	0
gene:Bcin13g01690	2	1	2	1	2	2
gene:Bcin13g01700	0	0	0	0	0	0
gene:Bcin13g01710	86	93	97	325	103	80
gene:Bcin13g01720	626	709	551	790	698	639
gene:Bcin13g01730	1474	1750	1373	2054	1371	1483
gene:Bcin13g01740	900	932	845	1112	806	796
gene:Bcin13g01750	7	11	13	11	6	5
gene:Bcin13g01760	2684	3365	2434	2275	2116	1810
gene:Bcin13g01770	16	15	17	24	26	19
gene:EFBcG00000013155	0	0	0	0	0	0
gene:ENSRNA049538010	0	0	0	0	0	0
gene:Bcin13g01780	13	22	9	1	0	0
gene:Bcin13g01790	406	432	660	77	778	208
gene:Bcin13g01800	0	0	0	0	0	0
gene:Bcin13g01810	230	248	208	252	193	165
gene:Bcin13g01820	920	1029	896	782	624	640
gene:Bcin13g01830	893	1015	840	953	955	706
gene:Bcin13g01840	175	170	184	133	148	98
gene:Bcin13g01850	650	663	616	568	546	395
gene:Bcin13g01860	2384	2647	2072	1150	1312	1134
gene:Bcin13g01870	5	7	1	7	6	4
gene:Bcin13g01880	110	107	89	73	50	53
gene:Bcin13g01890	0	2	1	2	1	2
gene:Bcin13g01900	322	385	288	572	471	235
gene:Bcin13g01910	0	1	0	0	0	0
gene:Bcin13g01920	1	1	1	0	1	0
gene:Bcin13g01930	416	457	333	273	297	215
gene:Bcin13g01940	479	583	423	344	242	263
gene:Bcin13g01950	70	114	75	51	28	31
gene:Bcin13g01960	224	259	188	230	166	174
gene:Bcin13g01970	858	945	771	594	463	389
gene:Bcin13g01980	59	83	59	122	72	68
gene:Bcin13g01990	128	155	112	139	128	93
gene:Bcin13g02000	92	110	579	35	20	19
gene:Bcin13g02010	4	12	8	76	77	6
gene:Bcin13g02020	73	124	85	267	229	203
gene:Bcin13g02030	143	136	122	152	92	87
gene:Bcin13g02040	0	0	0	0	0	0
gene:Bcin13g02050	558	691	553	873	1211	692
gene:Bcin13g02060	64	64	54	81	118	63
gene:Bcin13g02070	1	1	2	4	7	3
gene:Bcin13g02080	2	1	0	4	5	2
gene:Bcin13g02090	458	525	645	375	381	281
gene:Bcin13g02100	120103	110812	94835	93	68	59
gene:Bcin13g02110	150	150	159	203	128	185
gene:Bcin13g02120	141	164	134	212	147	118
gene:Bcin13g02130	1625	2057	1609	1249	1207	914
gene:Bcin13g02140	67	80	72	98	107	56
gene:Bcin13g02150	54	79	37	79	44	42
gene:Bcin13g02160	218	222	192	147	208	163
gene:Bcin13g02170	9	51	13	104	203	140
gene:Bcin13g02180	0	0	1	3	2	4
gene:Bcin13g02190	119	150	130	138	149	108
gene:Bcin13g02200	0	1	0	1	0	0
gene:Bcin13g02210	2	2	0	4	0	2
gene:Bcin13g02220	1	1	0	1	3	3
gene:Bcin13g02230	32	56	39	42	53	17
gene:Bcin13g02240	4761	4613	3072	3461	2655	2333
gene:Bcin13g02250	4	3	1	4	7	1
gene:Bcin13g02260	9	12	13	12	9	10
gene:Bcin13g02270	5	11	11	17	5	8
gene:Bcin13g02280	0	0	0	1	0	1
gene:Bcin13g02290	0	0	0	0	0	0
gene:Bcin13g02300	1	1	1	8	4	1
gene:Bcin13g02310	4	16	11	35	21	26
gene:Bcin13g02320	14993	17712	13500	65	73	63
gene:Bcin13g02330	2061	2460	1985	1687	1523	1389
gene:Bcin13g02340	1	1	3	0	1	4
gene:Bcin13g02350	0	0	0	2	0	0
gene:ENSRNA049513900	0	0	0	0	0	0
gene:EFBcG00000013278	0	0	0	0	0	0
gene:Bcin13g02360	936	1023	723	732	541	519
gene:Bcin13g02370	1451	1746	1398	2158	1634	1478
gene:Bcin13g02380	1023	1255	935	1364	1188	1047
gene:Bcin13g02390	766	821	731	921	750	631
gene:Bcin13g02400	270	302	245	355	278	265
gene:Bcin13g02410	888	1016	909	1113	711	613
gene:Bcin13g02420	152	195	182	207	165	148
gene:Bcin13g02430	6036	8226	9400	33794	26934	22132
gene:Bcin13g02440	9558	12547	13072	38759	31746	27240
gene:Bcin13g02450	317	371	263	898	996	848
gene:Bcin13g02460	13	18	17	70	45	33
gene:Bcin13g02470	35	38	36	186	50	66
gene:Bcin13g02480	265	286	247	723	688	308
gene:Bcin13g02490	789	931	689	1426	1476	845
gene:Bcin13g02500	845	821	906	860	691	641
gene:Bcin13g02510	11254	12998	13397	6996	4592	4337
gene:Bcin13g02520	1406	1542	1392	3366	3814	1668
gene:Bcin13g02530	400	391	334	561	539	444
gene:Bcin13g02540	6	5	4	9	14	2
gene:Bcin13g02550	503	572	492	173	85	71
gene:Bcin13g02560	4	2	4	9	4	8
gene:EFBcG00000013273	0	0	0	0	0	0
gene:ENSRNA049538271	0	0	0	0	0	0
gene:Bcin13g02570	14	18	16	27	30	16
gene:Bcin13g02580	22	29	13	29	34	21
gene:Bcin13g02590	18	30	13	37	20	20
gene:Bcin13g02600	713	761	633	595	506	388
gene:Bcin13g02610	0	1	0	0	1	1
gene:EFBcG00000013310	0	0	0	0	0	0
gene:ENSRNA049538242	0	0	0	0	0	0
gene:Bcin13g02620	707	734	813	2740	3645	2476
gene:Bcin13g02630	771	877	743	689	704	452
gene:Bcin13g02640	317	339	357	92	153	111
gene:Bcin13g02650	3333	3620	2975	2773	2206	2030
gene:Bcin13g02660	29	33	23	48	29	22
gene:Bcin13g02670	347	292	326	434	288	232
gene:Bcin13g02680	70	103	61	247	241	194
gene:Bcin13g02690	106	112	74	803	692	556
gene:Bcin13g02700	8	15	5	20	24	18
gene:Bcin13g02710	32	51	35	145	76	57
gene:EFBcG00000013173	0	0	0	0	0	0
gene:ENSRNA049538208	0	0	0	0	0	0
gene:Bcin13g02720	1918	2279	1777	2252	1957	1656
gene:Bcin13g02730	216	285	250	200	142	104
gene:Bcin13g02740	4748	5355	4223	948	608	590
gene:Bcin13g02750	126	208	83	51	69	52
gene:Bcin13g02760	36	38	24	137	244	44
gene:Bcin13g02770	28	29	13	14	9	10
gene:Bcin13g02780	1936	2103	1557	1051	918	987
gene:Bcin13g02790	123	151	158	252	245	199
gene:Bcin13g02800	132	127	112	87	68	74
gene:Bcin13g02810	17	28	4	21	14	29
gene:Bcin13g02820	5	6	2	32	77	43
gene:Bcin13g02830	1058	1118	778	1145	830	710
gene:Bcin13g02840	422	522	451	832	789	662
gene:Bcin13g02850	596	670	576	872	723	645
gene:Bcin13g02860	106	139	120	124	83	102
gene:Bcin13g02870	11	8	4	12	14	8
gene:Bcin13g02880	2160	2656	1970	2889	2547	1606
gene:Bcin13g02900	2663	3102	2162	577	504	413
gene:Bcin13g02910	2962	3474	2388	2442	2871	1914
gene:Bcin13g02920	16	14	12	12	23	6
gene:Bcin13g02930	62	54	55	80	67	54
gene:Bcin13g02940	712	879	777	570	447	424
gene:Bcin13g02950	4	2	3	1	2	1
gene:Bcin13g02960	3975	4810	1382	14	19	18
gene:Bcin13g02970	1183	1279	1185	715	1074	606
gene:Bcin13g02980	555	470	420	616	498	418
gene:Bcin13g02990	972	1173	989	1186	1282	917
gene:Bcin13g03000	3270	3519	3169	3703	4082	2553
gene:Bcin13g03010	531	554	466	357	287	250
gene:Bcin13g03020	820	1532	298	162	147	100
gene:Bcin13g03030	0	0	0	0	2	0
gene:Bcin13g03040	49	76	45	43	21	27
gene:Bcin13g03050	430	447	351	358	276	242
gene:Bcin13g03060	210	259	216	161	166	118
gene:Bcin13g03070	271	272	267	599	497	394
gene:Bcin13g03080	60	113	101	143	116	75
gene:Bcin13g03090	13	17	25	135	80	97
gene:Bcin13g03100	867	1902	1115	2482	2912	1986
gene:Bcin13g03110	338	633	363	1770	2255	1349
gene:Bcin13g03120	62	68	53	85	71	83
gene:Bcin13g03130	0	0	0	0	0	1
gene:Bcin13g03160	20	15	7	49	58	30
gene:Bcin13g03170	9	10	3	27	32	4
gene:Bcin13g03180	10	20	8	24	26	21
gene:Bcin13g03190	9	6	2	10	20	10
gene:Bcin13g03200	319	362	319	413	395	287
gene:Bcin13g03210	1107	1419	907	777	446	395
gene:Bcin13g03220	51	44	11	17	12	13
gene:Bcin13g03230	0	1	2	0	2	1
gene:Bcin13g03240	2	4	1	6	3	2
gene:Bcin13g03250	3020	3449	2673	2060	2351	1669
gene:Bcin13g03260	131	131	128	1087	1881	554
gene:Bcin13g03270	12	18	9	26	97	34
gene:Bcin13g03280	0	0	0	0	2	0
gene:Bcin13g03290	4	2	4	5	1	5
gene:Bcin13g03300	0	1	3	1	4	5
gene:Bcin13g03310	596	602	496	747	672	504
gene:Bcin13g03320	422	462	368	452	435	294
gene:Bcin13g03330	967	971	1028	1390	2092	633
gene:Bcin13g03340	80	85	68	256	351	100
gene:Bcin13g03350	268	342	273	576	690	490
gene:Bcin13g03360	1304	1506	1136	1656	1525	1233
gene:Bcin13g03370	607	718	488	626	634	471
gene:Bcin13g03380	6	0	2	8	12	5
gene:Bcin13g03390	77	110	81	238	344	314
gene:EFBcG00000013252	0	0	0	0	0	0
gene:Bcin13g03400	0	1	0	4	2	2
gene:Bcin13g03410	167	179	140	2493	762	655
gene:Bcin13g03420	382	484	392	524	279	313
gene:Bcin13g03430	377	470	423	301	199	211
gene:Bcin13g03440	9	5	3	17	12	8
gene:Bcin13g03450	2448	2393	3403	7200	4467	3896
gene:Bcin13g03460	3	5	2	233	27	29
gene:Bcin13g03470	98	89	101	200	252	112
gene:Bcin13g03480	535	595	473	364	361	280
gene:Bcin13g03490	1098	1330	1000	1032	714	674
gene:Bcin13g03500	143	152	138	130	90	99
gene:EFBcG00000013231	0	0	0	0	0	0
gene:ENSRNA049513941	0	0	0	0	0	0
gene:Bcin13g03510	4685	5091	3012	677	562	510
gene:Bcin13g03520	635	724	615	391	350	296
gene:Bcin13g03530	1	1	0	2	2	2
gene:Bcin13g03540	114	154	88	122	70	78
gene:Bcin13g03550	1	1	0	0	0	1
gene:EFBcG00000013112	0	0	0	0	0	0
gene:ENSRNA049538178	0	0	0	0	0	0
gene:EFBcG00000013340	0	0	0	0	0	0
gene:ENSRNA049538045	0	0	0	0	0	0
gene:Bcin13g03560	1348	1369	1199	1142	1408	933
gene:Bcin13g03570	277	298	254	233	223	198
gene:Bcin13g03580	34	42	24	19	19	23
gene:Bcin13g03590	435	572	502	424	289	215
gene:Bcin13g03600	13843	14315	11845	22514	17862	16552
gene:Bcin13g03610	1	3	2	4	12	4
gene:Bcin13g03620	1	0	0	0	1	1
gene:Bcin13g03630	3	3	1	92	101	79
gene:Bcin13g03640	2421	2720	2119	2620	2424	1903
gene:Bcin13g03650	65	63	35	88	131	92
gene:Bcin13g03660	253	205	240	2507	4550	3063
gene:Bcin13g03670	526	595	420	614	483	388
gene:Bcin13g03680	275	524	210	605	686	545
gene:Bcin13g03690	76	110	57	364	476	164
gene:Bcin13g03700	116	124	118	119	88	62
gene:Bcin13g03710	80	89	54	121	79	80
gene:Bcin13g03720	3	6	2	3	12	5
gene:EFBcG00000013156	0	1	0	0	0	0
gene:Bcin13g03730	1985	1922	2280	1406	1269	1245
gene:Bcin13g03740	61	59	40	35	12	31
gene:Bcin13g03750	470	464	441	629	603	560
gene:Bcin13g03760	90	112	98	148	112	110
gene:Bcin13g03770	1195	1450	1074	921	932	679
gene:Bcin13g03780	4	10	6	34	8	7
gene:Bcin13g03790	1121	1226	1045	804	593	616
gene:Bcin13g03800	1122	1299	1187	689	389	478
gene:Bcin13g03810	2398	2857	2407	314	210	266
gene:Bcin13g03820	502	681	465	549	537	411
gene:Bcin13g03830	431	501	323	352	293	202
gene:Bcin13g03840	544	620	473	400	415	343
gene:Bcin13g03850	453	386	377	374	212	209
gene:Bcin13g03860	477	566	416	596	328	400
gene:EFBcG00000013320	0	0	0	0	0	0
gene:ENSRNA049538146	0	0	0	0	0	0
gene:EFBcG00000013230	1	3	2	1	1	1
gene:Bcin13g03870	89	148	80	76	75	60
gene:Bcin13g03880	1898	1716	1282	1990	1334	1190
gene:EFBcG00000013290	0	0	0	0	0	0
gene:ENSRNA049538070	0	0	0	0	0	0
gene:Bcin13g03890	331	754	1101	191	64	63
gene:Bcin13g03900	5	6	4	1	6	2
gene:Bcin13g03910	46	66	40	44	31	27
gene:Bcin13g03920	1	1	0	3	1	3
gene:Bcin13g03930	4	2	3	0	0	0
gene:Bcin13g03940	100	95	96	93	102	61
gene:Bcin13g03950	19450	19880	23278	69	52	46
gene:Bcin13g03960	90	122	85	36	21	15
gene:Bcin13g03970	87	100	69	75	63	67
gene:EFBcG00000013106	0	0	0	0	0	0
gene:ENSRNA049538124	0	0	0	0	0	0
gene:Bcin13g03980	1324	1565	1182	1336	1147	929
gene:Bcin13g03990	10887	12594	11909	7159	6049	5202
gene:Bcin13g04000	3504	3797	3096	10892	16955	9986
gene:ENSRNA049513883	31	17	21	55	51	17
gene:Bcin13g04010	1486	1760	1548	1975	2587	1126
gene:Bcin13g04020	416	472	377	1332	1631	694
gene:Bcin13g04030	1553	1775	1505	1444	1503	941
gene:Bcin13g04040	470	470	568	832	981	503
gene:Bcin13g04050	2	0	1	3	1	1
gene:Bcin13g04060	12	17	5	6	2	2
gene:Bcin13g04070	3	11	4	16	8	2
gene:Bcin13g04080	2	7	1	2	5	6
gene:Bcin13g04090	114	146	97	64	42	39
gene:Bcin13g04100	33	29	38	30	13	12
gene:Bcin13g04110	3	0	0	1	4	0
gene:Bcin13g04120	0	0	0	0	0	0
gene:Bcin13g04130	20	28	27	20	36	15
gene:Bcin13g04140	773	848	745	1088	793	746
gene:Bcin13g04150	363	358	230	574	478	368
gene:Bcin13g04160	7	12	6	12	11	11
gene:Bcin13g04170	37	49	46	88	124	94
gene:Bcin13g04180	3	0	0	0	1	1
gene:Bcin13g04190	1	1	0	1	1	1
gene:Bcin13g04200	540	312	460	265	499	464
gene:Bcin13g04210	302	294	133	58	42	28
gene:Bcin13g04220	476	509	355	384	514	321
gene:Bcin13g04230	87	111	62	108	111	79
gene:Bcin13g04240	1052	1124	1296	389	257	231
gene:Bcin13g04250	312	339	257	323	289	236
gene:Bcin13g04260	1432	1673	1442	643	599	573
gene:Bcin13g04270	362	403	314	231	191	174
gene:Bcin13g04280	969	1078	937	924	787	547
gene:Bcin13g04290	148	159	140	51	104	75
gene:Bcin13g04300	332	345	296	298	208	210
gene:Bcin13g04310	324	366	292	210	174	150
gene:Bcin13g04320	1	10	5	8	7	4
gene:Bcin13g04330	605	743	414	1072	973	818
gene:Bcin13g04340	25	29	18	123	56	50
gene:Bcin13g04350	586	494	468	261	320	205
gene:Bcin13g04360	350	406	372	290	249	227
gene:Bcin13g04370	0	0	0	0	0	0
gene:Bcin13g04380	1564	1630	1142	1321	998	922
gene:Bcin13g04390	560	624	571	389	318	316
gene:Bcin13g04400	415	496	406	575	346	365
gene:Bcin13g04410	23443	26349	23603	41931	43415	35716
gene:Bcin13g04420	13135	15177	13698	26615	22613	20928
gene:Bcin13g04430	2514	2764	2328	2233	1835	1670
gene:Bcin13g04440	284	245	314	59	48	47
gene:Bcin13g04450	0	0	0	0	0	0
gene:Bcin13g04460	0	0	0	9	3	2
gene:Bcin13g04470	713	628	824	2126	6995	1393
gene:Bcin13g04480	263	228	247	311	259	196
gene:Bcin13g04490	259	298	270	319	338	249
gene:Bcin13g04500	2649	3025	2301	1166	945	957
gene:Bcin13g04510	1100	1211	892	711	692	548
gene:Bcin13g04520	2044	2342	1860	1438	1462	1169
gene:Bcin13g04530	12	11	9	8	12	7
gene:Bcin13g04540	4170	4845	3717	2997	2145	2199
gene:Bcin13g04550	113	112	91	282	328	296
gene:Bcin13g04560	214	276	168	222	187	196
gene:Bcin13g04570	1285	1473	1264	680	690	499
gene:Bcin13g04580	1	1	0	0	0	0
gene:Bcin13g04590	0	0	0	0	0	0
gene:Bcin13g04600	0	0	0	0	0	0
gene:Bcin13g04610	1017	964	1214	241	1141	407
gene:Bcin13g04620	23	30	43	52	79	33
gene:Bcin13g04630	1193	1285	1117	1056	1227	679
gene:Bcin13g04640	4246	5234	3218	2414	3286	1976
gene:Bcin13g04650	951	1157	922	1025	781	745
gene:Bcin13g04660	898	1001	808	911	879	768
gene:Bcin13g04670	663	656	465	597	449	418
gene:Bcin13g04680	1104	1251	1159	947	958	712
gene:Bcin13g04690	709	824	717	677	627	530
gene:Bcin13g04700	65	53	24	603	5004	2380
gene:Bcin13g04710	311	387	268	300	181	171
gene:Bcin13g04720	180	257	173	242	168	193
gene:Bcin13g04730	1740	2171	1619	983	1567	1235
gene:Bcin13g04740	5	10	8	9	3	8
gene:Bcin13g04750	9	4	5	9	6	7
gene:Bcin13g04760	8	2	4	14	5	5
gene:Bcin13g04780	173	162	84	148	164	106
gene:Bcin13g04790	1422	1980	1133	1550	1498	1258
gene:Bcin13g04800	2070	2133	1848	2240	2132	1471
gene:Bcin13g04810	1150	1167	1098	616	648	567
gene:Bcin13g04820	9023	8113	6116	51	44	40
gene:Bcin13g04830	1505	1688	1251	905	1175	583
gene:Bcin13g04840	1617	1893	1826	1318	1377	1106
gene:Bcin13g04850	6643	6937	6563	198	211	161
gene:Bcin13g04860	1978	2086	2276	1329	2071	1108
gene:Bcin13g04870	8	10	10	17	15	10
gene:Bcin13g04880	420	443	382	497	353	296
gene:EFBcG00000013364	0	0	0	0	0	0
gene:ENSRNA049538105	0	0	0	0	0	0
gene:Bcin13g04890	0	0	0	0	0	0
gene:Bcin13g04900	0	0	0	0	0	0
gene:Bcin13g04910	1723	2092	1682	1426	1413	1031
gene:Bcin13g04920	5437	6502	2700	892	1398	814
gene:Bcin13g04930	0	0	0	0	0	0
gene:Bcin13g04940	0	0	0	0	0	0
gene:Bcin13g04950	0	0	0	0	0	0
gene:Bcin13g04960	0	0	0	1	1	1
gene:Bcin13g04970	0	0	1	0	0	1
gene:Bcin13g04980	8	11	7	14	9	6
gene:EFBcG00000013264	0	0	0	0	0	0
gene:ENSRNA049513813	0	0	0	0	0	0
gene:Bcin13g04990	2	6	2	8	2	2
gene:Bcin13g05010	58	58	46	222	198	85
gene:Bcin13g05020	1979	2113	2265	3326	1904	2031
gene:Bcin13g05030	7	15	6	11	5	5
gene:Bcin13g05040	16	18	16	30	26	28
gene:Bcin13g05050	10	14	6	753	654	190
gene:Bcin13g05060	0	5	1	4	12	3
gene:Bcin13g05070	122	138	121	8	8	11
gene:Bcin13g05080	635	729	550	400	281	295
gene:Bcin13g05090	1013	1133	961	1221	1073	859
gene:Bcin13g05100	370	432	314	823	733	718
gene:Bcin13g05110	4091	4886	4333	6388	6192	4725
gene:Bcin13g05120	1	7	1	19	20	13
gene:Bcin13g05130	6	3	5	27	51	20
gene:Bcin13g05140	71	119	72	983	538	290
gene:Bcin13g05150	2541	2647	2162	10493	7747	6978
gene:Bcin13g05160	27	44	22	46	44	33
gene:Bcin13g05170	0	0	0	0	0	1
gene:Bcin13g05180	0	0	0	0	0	0
gene:Bcin13g05190	4	5	2	6	5	3
gene:Bcin13g05200	10	9	17	7	9	4
gene:Bcin13g05210	128	144	73	137	118	107
gene:Bcin13g05220	1606	1606	1384	1263	1041	926
gene:Bcin13g05230	1897	2178	1992	2181	1522	1376
gene:Bcin13g05240	4005	4385	3815	5821	5384	3990
gene:Bcin13g05250	1656	2097	1697	1436	1048	990
gene:Bcin13g05260	444	489	654	2042	2305	1156
gene:Bcin13g05270	109	116	99	776	1444	949
gene:Bcin13g05280	40	31	21	65	63	28
gene:Bcin13g05290	287	349	320	324	337	221
gene:Bcin13g05300	26	46	33	204	158	63
gene:Bcin13g05310	0	0	0	0	0	0
gene:Bcin13g05320	0	0	0	0	2	0
gene:Bcin13g05330	1	3	4	1	1	0
gene:Bcin13g05340	490	557	476	524	385	417
gene:Bcin13g05350	102	101	94	226	102	139
gene:Bcin13g05360	97	87	55	105	99	74
gene:Bcin13g05370	3454	3861	3454	4895	4142	3569
gene:Bcin13g05380	17	19	18	28	25	13
gene:Bcin13g05390	259	267	227	235	230	201
gene:Bcin13g05400	1777	1798	1547	2009	1884	1527
gene:Bcin13g05410	10	12	8	4	3	9
gene:Bcin13g05420	118	117	161	234	94	88
gene:Bcin13g05430	302	364	353	283	218	200
gene:Bcin13g05440	880	957	912	2148	2094	1105
gene:Bcin13g05450	106	149	89	211	145	144
gene:Bcin13g05460	1179	1450	852	1481	1126	992
gene:Bcin13g05470	491	563	260	494	321	258
gene:Bcin13g05480	475	473	446	513	332	297
gene:Bcin13g05490	1317	1109	1213	815	659	632
gene:Bcin13g05500	1601	1739	1434	1546	2459	1830
gene:Bcin13g05510	1353	1502	1303	1148	866	861
gene:Bcin13g05520	288	314	265	302	200	217
gene:Bcin13g05530	4242	5245	4193	5824	4375	4033
gene:Bcin13g05540	134	139	108	139	126	87
gene:Bcin13g05550	331	350	323	250	207	194
gene:Bcin13g05560	969	1183	762	656	452	388
gene:ENSRNA049513850	8	9	13	228	560	1306
gene:Bcin13g05570	220	299	195	219	175	223
gene:Bcin13g05580	9141	10423	4757	7131	7881	6794
gene:Bcin13g05590	96	100	75	105	76	66
gene:Bcin13g05600	3	9	6	3	6	0
gene:Bcin13g05610	1920	2311	1817	2267	2003	1557
gene:Bcin13g05620	7650	8701	8977	9209	6438	5620
gene:Bcin13g05630	451	601	442	521	301	404
gene:Bcin13g05640	131	152	63	59	61	47
gene:Bcin13g05650	0	0	0	0	0	0
gene:Bcin13g05660	0	0	0	0	0	0
gene:Bcin13g05670	2	2	4	2	0	0
gene:Bcin13g05680	0	0	0	0	1	1
gene:Bcin13g05690	0	0	0	0	2	0
gene:Bcin13g05700	0	0	1	10	1	0
gene:Bcin13g05710	1083	1303	1083	3045	1269	1058
gene:Bcin13g05720	1036	1441	1001	3780	1503	1347
gene:Bcin13g05730	436	453	233	746	1324	456
gene:Bcin13g05740	422	421	249	44	65	39
gene:Bcin13g05750	140	147	138	64	62	55
gene:Bcin13g05760	16068	13636	10171	36	26	32
gene:Bcin13g05770	94	129	82	78	65	37
gene:Bcin13g05780	1042	1102	1366	444	1518	493
gene:Bcin13g05790	4	2	7	4	11	2
gene:Bcin13g05800	307	364	251	316	389	340
gene:Bcin13g05810	66135	68928	54058	9039	6972	6219
gene:Bcin13g05820	507	534	482	488	443	369
gene:Bcin13g05830	51	51	26	19	16	10
gene:Bcin13g05840	0	0	0	1	0	1
gene:Bcin13g05850	0	0	0	0	4	0
gene:Bcin13g05860	1	2	0	62	58	44
gene:Bcin13g05870	4	1	0	103	112	83
gene:Bcin13g05880	20	29	29	36	52	43
gene:Bcin14g00010	0	0	0	55	67	35
gene:Bcin14g00020	15	16	13	4	4	3
gene:Bcin14g00030	0	0	0	0	0	0
gene:Bcin14g00040	0	0	0	1	0	0
gene:Bcin14g00050	0	0	0	0	0	0
gene:Bcin14g00060	1	0	0	0	0	1
gene:Bcin14g00070	0	0	0	1	1	0
gene:Bcin14g00080	2	3	2	9	27	6
gene:Bcin14g00090	282	353	173	1090	1119	853
gene:Bcin14g00100	1094	1207	1047	1557	1294	1236
gene:Bcin14g00110	248	254	214	280	252	194
gene:Bcin14g00120	4689	5606	4885	5495	4965	4025
gene:Bcin14g00130	820	1024	750	629	683	575
gene:Bcin14g00140	369	423	271	213	311	170
gene:Bcin14g00150	202	273	167	202	255	167
gene:Bcin14g00160	1696	1954	1624	1954	2084	1605
gene:Bcin14g00170	375	413	325	602	549	423
gene:Bcin14g00180	2341	2861	2132	2393	1626	1640
gene:Bcin14g00190	153	165	131	143	126	114
gene:Bcin14g00200	931	880	907	729	938	507
gene:Bcin14g00210	2910	3019	4656	437	204	202
gene:Bcin14g00220	149	148	118	125	125	101
gene:Bcin14g00230	263	289	249	239	196	167
gene:Bcin14g00240	1	3	3	4	2	0
gene:Bcin14g00250	706	715	559	538	682	532
gene:Bcin14g00260	594	532	322	61	42	29
gene:Bcin14g00270	3238	3256	1538	255	170	212
gene:Bcin14g00280	301	313	264	329	232	235
gene:Bcin14g00290	653	755	607	387	344	304
gene:Bcin14g00300	508	509	548	381	453	279
gene:Bcin14g00310	264	274	201	167	73	79
gene:Bcin14g00320	569	662	542	566	300	330
gene:Bcin14g00330	237	267	247	225	209	178
gene:Bcin14g00340	431	417	882	4082	3396	2908
gene:Bcin14g00350	57	83	38	129	130	72
gene:EFBcG00000013371	0	0	0	0	0	0
gene:ENSRNA049537780	0	0	0	0	0	0
gene:Bcin14g00360	1876	2427	1988	1690	2226	1990
gene:Bcin14g00370	194	269	193	181	103	127
gene:Bcin14g00380	3	3	2	5	2	1
gene:Bcin14g00390	16	13	10	21	44	17
gene:Bcin14g00400	224	239	203	313	260	260
gene:Bcin14g00410	98	115	196	234	117	140
gene:Bcin14g00420	1	4	2	2	5	3
gene:Bcin14g00430	2898	2604	2782	3377	2032	2154
gene:Bcin14g00440	1	2	3	4	0	1
gene:Bcin14g00450	21	15	15	23	13	21
gene:Bcin14g00460	319	439	356	379	312	271
gene:Bcin14g00470	862	1025	731	906	810	761
gene:Bcin14g00480	6502	6337	9315	444	584	514
gene:Bcin14g00490	19	23	24	2	5	5
gene:Bcin14g00500	278	313	468	45	21	17
gene:Bcin14g00510	346	352	643	2	1	0
gene:Bcin14g00520	384	454	378	617	381	370
gene:Bcin14g00530	1193	1252	1347	957	1089	976
gene:Bcin14g00540	6721	7848	4379	19299	11727	13367
gene:Bcin14g00550	2	2	1	3	0	0
gene:Bcin14g00560	1	0	0	0	0	1
gene:Bcin14g00570	0	1	0	0	0	0
gene:Bcin14g00580	0	1	1	1	1	2
gene:Bcin14g00590	0	0	0	1	0	0
gene:Bcin14g00600	1	1	1	0	1	1
gene:Bcin14g00610	8299	9066	7895	6675	3000	2871
gene:Bcin14g00620	13	16	15	24	20	8
gene:Bcin14g00630	143	265	47	90	60	48
gene:Bcin14g00640	251	251	201	189	119	112
gene:Bcin14g00650	925	719	707	1483	2087	1708
gene:Bcin14g00660	114	144	42	62	100	75
gene:Bcin14g00670	12	17	15	6	8	7
gene:Bcin14g00680	240	294	203	279	175	196
gene:Bcin14g00690	6	3	7	107	49	38
gene:Bcin14g00700	558	551	474	517	454	346
gene:Bcin14g00710	696	829	576	460	443	411
gene:Bcin14g00720	293	312	280	335	224	229
gene:Bcin14g00730	676	776	736	384	336	312
gene:Bcin14g00740	1350	1427	878	2742	1619	1263
gene:Bcin14g00750	46	59	37	116	79	51
gene:EFBcG00000013120	0	0	0	0	0	0
gene:ENSRNA049537762	0	0	0	0	0	0
gene:Bcin14g00760	4068	4490	3453	368	248	264
gene:Bcin14g00770	106	118	96	46	43	30
gene:Bcin14g00780	53	43	33	27	20	21
gene:Bcin14g00790	32	36	22	26	17	21
gene:Bcin14g00800	2	0	1	0	0	0
gene:Bcin14g00810	16	30	4	27	50	22
gene:Bcin14g00820	4174	4768	3831	3312	2408	2182
gene:Bcin14g00830	3260	3766	3257	4371	3109	2679
gene:Bcin14g00840	482	591	544	682	408	413
gene:Bcin14g00850	155478	199138	171448	99347	77282	77659
gene:Bcin14g00860	1435	2869	1463	1605	1100	1133
gene:Bcin14g00870	1231	1088	1135	1937	1540	881
gene:Bcin14g00880	928	1167	938	1004	750	659
gene:Bcin14g00890	3063	3594	2616	2054	1861	1576
gene:Bcin14g00900	59	41	39	74	67	50
gene:Bcin14g00910	100	97	103	78	90	59
gene:Bcin14g00920	404	437	317	651	773	552
gene:EFBcG00000013357	0	0	0	0	0	0
gene:ENSRNA049537710	0	0	0	0	0	0
gene:Bcin14g00930	2	0	1	3	0	0
gene:Bcin14g00940	531	565	475	271	141	158
gene:Bcin14g00950	3220	3612	2954	3046	4330	2426
gene:Bcin14g00960	746	715	539	1162	823	630
gene:Bcin14g00970	315	465	305	464	323	291
gene:Bcin14g00980	109	110	88	135	135	92
gene:Bcin14g00990	2	1	1	1	3	4
gene:Bcin14g01000	1	0	0	1	0	1
gene:Bcin14g01010	1143	1180	1203	1458	662	697
gene:Bcin14g01020	3105	3179	2891	2875	3196	1993
gene:Bcin14g01030	8902	9397	7454	9374	7477	6517
gene:Bcin14g01040	10	8	4	5	3	1
gene:Bcin14g01050	0	0	1	2	1	0
gene:Bcin14g01060	87	100	88	204	121	134
gene:Bcin14g01070	389	762	1855	346	102	79
gene:Bcin14g01080	10113	11713	8062	8413	8881	7449
gene:Bcin14g01090	9	11	2	13	23	16
gene:ENSRNA049514103	3	1	3	10	6	7
gene:ENSRNA049514122	3	3	1	6	5	3
gene:Bcin14g01100	92	94	98	720	913	622
gene:Bcin14g01110	16	11	15	22	23	10
gene:Bcin14g01120	38	35	22	53	61	40
gene:Bcin14g01130	0	2	0	1	1	2
gene:Bcin14g01140	0	1	0	0	0	0
gene:Bcin14g01150	252	254	230	291	240	205
gene:Bcin14g01160	1	4	2	2	3	1
gene:Bcin14g01170	402	403	352	558	644	467
gene:Bcin14g01180	702	747	723	1067	1097	798
gene:Bcin14g01190	100	114	63	281	320	258
gene:Bcin14g01200	7263	9228	6602	11579	27855	11253
gene:Bcin14g01210	3	4	1	6	7	4
gene:Bcin14g01220	26	23	14	35	23	34
gene:Bcin14g01230	1537	1885	1465	1518	1445	1189
gene:Bcin14g01240	100	114	83	233	176	164
gene:Bcin14g01250	4	16	7	18	6	5
gene:Bcin14g01260	17	24	13	49	30	18
gene:Bcin14g01270	1	0	1	4	0	1
gene:Bcin14g01290	0	1	2	4	8	0
gene:Bcin14g01300	79	104	80	65	63	62
gene:Bcin14g01310	0	0	0	0	1	1
gene:Bcin14g01320	1	3	3	7	3	0
gene:Bcin14g01330	3	9	20	7	11	6
gene:Bcin14g01340	1	0	0	3	1	4
gene:Bcin14g01350	1	2	4	12	9	6
gene:Bcin14g01360	311	564	407	108	59	68
gene:Bcin14g01370	22	23	10	5	11	6
gene:Bcin14g01380	3358	3415	3101	2905	3652	2836
gene:Bcin14g01390	267	363	253	363	541	358
gene:Bcin14g01400	127	165	115	97	181	112
gene:Bcin14g01410	73	95	70	999	2100	1679
gene:Bcin14g01420	0	1	1	2	3	3
gene:Bcin14g01430	13	75	10	4617	6658	4149
gene:Bcin14g01440	532	597	532	638	400	403
gene:Bcin14g01450	165	161	143	141	146	111
gene:Bcin14g01460	407	532	381	517	634	553
gene:Bcin14g01470	1	1	5	7	6	5
gene:Bcin14g01480	238	261	162	1751	4081	2718
gene:Bcin14g01490	30	42	4	410	1413	618
gene:Bcin14g01500	1678	2194	1466	1298	1220	991
gene:Bcin14g01510	580	682	497	780	883	619
gene:Bcin14g01520	508	478	185	21	6	7
gene:Bcin14g01530	9884	11129	7070	1012	559	526
gene:Bcin14g01540	873	1230	663	712	536	521
gene:Bcin14g01550	1100	1334	955	963	1001	704
gene:Bcin14g01560	3508	3604	3983	3857	4958	3116
gene:Bcin14g01570	2	1	1	1	3	1
gene:Bcin14g01580	2500	3672	4012	301	93	76
gene:Bcin14g01590	2828	3357	2638	2133	1627	1495
gene:Bcin14g01600	220	269	219	416	415	256
gene:Bcin14g01610	1844	2144	1932	2596	2214	1981
gene:Bcin14g01620	247	255	257	269	410	247
gene:Bcin14g01630	14458	7687	843	134	79	40
gene:Bcin14g01640	402	390	397	104	100	41
gene:Bcin14g01650	659	743	566	207	227	206
gene:Bcin14g01660	219	235	183	190	150	95
gene:Bcin14g01670	545	646	504	1038	866	659
gene:Bcin14g01680	414	554	424	400	354	310
gene:Bcin14g01690	15437	13523	10962	15	18	11
gene:Bcin14g01700	40017	33856	23737	32	15	16
gene:Bcin14g01710	1620	1706	1749	1107	856	685
gene:Bcin14g01720	459	503	522	526	376	374
gene:Bcin14g01730	2060	2453	1880	2121	2046	1752
gene:Bcin14g01740	5000	4834	4150	5761	5047	4319
gene:Bcin14g01750	713	745	591	590	527	475
gene:Bcin14g01760	64	84	65	53	80	48
gene:Bcin14g01770	368	755	458	637	213	127
gene:Bcin14g01780	33	49	43	35	40	23
gene:Bcin14g01790	799	907	721	1853	1598	786
gene:Bcin14g01800	208	249	217	374	293	322
gene:Bcin14g01810	599	754	732	1544	1555	864
gene:Bcin14g01820	149	187	156	195	164	121
gene:Bcin14g01830	368	410	305	307	257	231
gene:Bcin14g01840	851	1017	799	1084	1100	911
gene:Bcin14g01850	6	6	25	91	33	24
gene:Bcin14g01860	369	422	324	212	207	161
gene:Bcin14g01870	553	643	520	621	550	518
gene:Bcin14g01880	262	253	190	196	170	156
gene:Bcin14g01890	171	212	129	112	83	83
gene:Bcin14g01900	889	953	750	554	437	425
gene:Bcin14g01910	665	662	595	539	441	441
gene:Bcin14g01920	1153	1532	995	1621	1661	1182
gene:Bcin14g01930	537	594	490	844	626	568
gene:Bcin14g01940	429	567	465	617	458	313
gene:Bcin14g01950	200	216	203	238	161	168
gene:Bcin14g01960	43	48	39	70	49	51
gene:Bcin14g01970	1682	2081	1777	1526	1078	1066
gene:Bcin14g01980	13705	16041	12980	14471	13899	11317
gene:Bcin14g01990	29	46	35	603	927	493
gene:Bcin14g02000	574	666	534	653	907	702
gene:Bcin14g02010	4279	5275	4428	7019	6643	4931
gene:Bcin14g02020	4851	4652	4126	5467	4074	3718
gene:Bcin14g02030	12769	14524	13274	1119	618	599
gene:Bcin14g02040	19	24	19	12	12	11
gene:Bcin14g02050	588	584	679	399	431	333
gene:Bcin14g02060	18	17	8	7	20	10
gene:Bcin14g02070	30108	26533	20053	27527	40239	32815
gene:Bcin14g02080	647	815	196	50	35	43
gene:Bcin14g02090	424	517	375	316	324	269
gene:Bcin14g02100	1602	1892	1546	1740	1686	1365
gene:Bcin14g02110	572	540	511	958	1114	548
gene:Bcin14g02120	1211	1283	1143	1693	1800	869
gene:Bcin14g02130	473	653	404	657	575	485
gene:Bcin14g02140	124	175	118	111	68	101
gene:Bcin14g02150	417	473	538	827	665	616
gene:Bcin14g02160	1022	1077	936	806	639	566
gene:Bcin14g02170	732	817	657	854	498	595
gene:Bcin14g02180	429	394	317	577	465	378
gene:Bcin14g02190	431	369	343	284	269	223
gene:Bcin14g02200	297	326	254	214	188	247
gene:Bcin14g02210	200	206	166	233	204	171
gene:Bcin14g02220	722	824	655	792	736	534
gene:Bcin14g02230	116	144	106	225	151	125
gene:Bcin14g02240	2594	2680	1931	1296	1099	904
gene:Bcin14g02250	388	523	313	380	346	288
gene:Bcin14g02260	346	370	350	304	231	179
gene:Bcin14g02270	709	704	555	440	358	362
gene:Bcin14g02280	74	81	73	84	85	69
gene:Bcin14g02290	985	1115	850	955	968	812
gene:Bcin14g02300	86	137	64	161	171	159
gene:Bcin14g02310	1	1	2	2	0	0
gene:Bcin14g02320	2	1	0	4	2	2
gene:Bcin14g02330	281	245	207	214	171	133
gene:Bcin14g02340	7	12	6	13	4	6
gene:ENSRNA049514089	0	0	0	0	0	0
gene:EFBcG00000013342	0	0	0	0	0	0
gene:Bcin14g02350	139	164	123	100	107	64
gene:Bcin14g02360	1792	1991	1689	1712	1018	1157
gene:Bcin14g02370	9334	9356	10902	12079	8591	7811
gene:Bcin14g02380	702	695	801	787	508	523
gene:Bcin14g02390	358	345	352	413	278	281
gene:Bcin14g02400	14	15	14	9	9	3
gene:Bcin14g02410	30	23	26	34	37	19
gene:Bcin14g02420	1	0	0	3	2	2
gene:Bcin14g02430	1	5	5	0	9	4
gene:Bcin14g02440	4698	4184	2968	2318	6268	2780
gene:Bcin14g02450	996	1264	997	634	452	452
gene:Bcin14g02460	4800	5446	6471	52	63	59
gene:Bcin14g02470	2	0	1	2	0	0
gene:Bcin14g02480	2729	2911	2993	2258	1420	1379
gene:Bcin14g02490	1848	1972	1725	5768	7777	3010
gene:Bcin14g02500	232	261	167	251	311	201
gene:Bcin14g02510	20	21	23	529	416	261
gene:Bcin14g02520	567	591	446	825	471	429
gene:Bcin14g02530	1918	2245	1595	1332	1252	995
gene:Bcin14g02540	509	592	520	731	538	502
gene:Bcin14g02550	599	680	554	674	428	436
gene:Bcin14g02560	295	301	305	561	693	520
gene:Bcin14g02570	15	15	14	26	23	13
gene:Bcin14g02580	7215	7399	6573	6399	5995	4932
gene:Bcin14g02590	2484	2833	2115	2595	2406	1809
gene:Bcin14g02600	903	869	830	958	767	630
gene:Bcin14g02610	1124	1269	938	1397	1782	803
gene:Bcin14g02620	1720	1933	1406	1172	1147	916
gene:Bcin14g02630	1	0	0	0	4	0
gene:Bcin14g02640	4	6	6	8	23	7
gene:Bcin14g02650	532	642	512	1308	1602	592
gene:Bcin14g02660	761	908	716	616	489	441
gene:Bcin14g02670	10	17	4	12	19	6
gene:Bcin14g02680	22528	22603	19670	32361	26437	23044
gene:Bcin14g02690	115	115	105	101	73	93
gene:Bcin14g02700	221	225	191	167	137	120
gene:Bcin14g02710	517	626	531	285	239	198
gene:EFBcG00000013258	0	0	0	0	0	0
gene:ENSRNA049537678	0	0	0	0	0	0
gene:Bcin14g02720	1790	1951	1817	2149	1693	1374
gene:Bcin14g02730	1719	1874	1706	2292	2844	1433
gene:Bcin14g02740	42	55	55	54	32	56
gene:Bcin14g02750	92	110	95	126	144	131
gene:Bcin14g02760	444	371	482	355	234	150
gene:Bcin14g02770	530	494	422	626	424	394
gene:Bcin14g02780	633	706	584	388	236	235
gene:Bcin14g02790	4	5	5	5	5	2
gene:Bcin14g02800	2411	2491	3367	134	112	91
gene:Bcin14g02810	2981	2968	3383	133	82	77
gene:Bcin14g02820	1212	1341	1151	2598	2970	1689
gene:Bcin14g02830	38310	39459	32780	47277	38782	34247
gene:Bcin14g02840	775	672	566	377	372	252
gene:Bcin14g02850	683	699	526	322	319	260
gene:Bcin14g02860	20	16	10	6	13	10
gene:Bcin14g02870	114	116	102	131	126	121
gene:Bcin14g02880	0	0	0	0	0	2
gene:Bcin14g02890	0	1	0	2	0	3
gene:Bcin14g02900	187	231	158	440	361	248
gene:Bcin14g02910	285	335	287	522	440	409
gene:Bcin14g02920	1134	1233	1151	1454	1090	1015
gene:Bcin14g02930	408	558	445	488	346	351
gene:Bcin14g02940	4013	4213	3547	335	269	257
gene:Bcin14g02950	19	21	15	10	7	8
gene:Bcin14g02960	2494	2798	2082	380	211	152
gene:Bcin14g02970	818	1071	845	1014	713	719
gene:Bcin14g02973	89	145	100	209	176	164
gene:Bcin14g02980	2654	3005	2690	4443	5107	3971
gene:Bcin14g02990	307	376	284	290	231	189
gene:Bcin14g03000	375	501	421	466	282	301
gene:Bcin14g03010	23808	24120	19646	30300	27706	23039
gene:Bcin14g03020	20	13	4	73	34	26
gene:Bcin14g03030	59	69	126	106	130	76
gene:Bcin14g03040	710	805	596	904	688	638
gene:Bcin14g03050	847	940	739	633	544	477
gene:Bcin14g03060	655	715	595	589	447	417
gene:Bcin14g03070	36	53	26	39	37	29
gene:Bcin14g03080	15	11	6	15	15	4
gene:Bcin14g03090	628	703	563	617	1282	523
gene:Bcin14g03100	1346	1568	1214	1585	1166	1148
gene:Bcin14g03110	1730	1938	1574	1272	1121	846
gene:Bcin14g03120	3	2	1	3	0	2
gene:Bcin14g03130	8	5	4	9	4	2
gene:Bcin14g03140	2	2	4	4	7	1
gene:Bcin14g03150	31	24	19	310	373	98
gene:Bcin14g03160	2	1	1	1	3	0
gene:Bcin14g03170	18	23	10	23	25	20
gene:Bcin14g03180	568	527	189	75	481	145
gene:Bcin14g03190	24	22	19	44	36	26
gene:Bcin14g03200	23	36	18	12	19	14
gene:Bcin14g03210	20	27	12	162	233	90
gene:Bcin14g03220	1	0	1	1	3	0
gene:Bcin14g03230	34	29	31	26	47	23
gene:Bcin14g03240	1	2	5	2	4	6
gene:Bcin14g03250	163	148	126	163	120	102
gene:Bcin14g03260	194	201	153	984	2111	646
gene:Bcin14g03270	156	173	52	21	9	9
gene:Bcin14g03280	0	0	0	0	0	0
gene:Bcin14g03290	2	0	0	2	0	2
gene:Bcin14g03300	4	12	5	87	76	45
gene:Bcin14g03310	27	28	23	58	39	23
gene:Bcin14g03320	601	668	642	833	992	660
gene:Bcin14g03330	0	0	0	0	0	0
gene:Bcin14g03340	360	455	432	275	233	171
gene:Bcin14g03350	55	43	46	69	65	47
gene:Bcin14g03360	398	468	386	302	263	234
gene:Bcin14g03370	944	1225	867	931	806	622
gene:Bcin14g03380	218	254	193	238	178	170
gene:Bcin14g03390	7564	8634	6710	19206	18002	13281
gene:Bcin14g03400	2373	2835	2480	2465	2039	1770
gene:Bcin14g03410	512	579	522	738	597	530
gene:EFBcG00000013248	0	0	0	0	0	0
gene:ENSRNA049537609	0	0	0	0	0	0
gene:Bcin14g03420	81	93	54	85	42	56
gene:Bcin14g03430	9473	8495	7395	19024	11056	11566
gene:EFBcG00000013347	0	0	0	0	0	0
gene:ENSRNA049537645	0	0	0	0	0	0
gene:Bcin14g03440	0	2	1	5	0	0
gene:Bcin14g03450	5541	5572	2212	40	46	40
gene:Bcin14g03460	664	769	508	1052	859	675
gene:Bcin14g03470	65	60	49	55	67	36
gene:Bcin14g03480	2	9	5	8	8	5
gene:Bcin14g03490	784	806	602	861	1134	749
gene:Bcin14g03500	4806	5321	4559	5113	3733	3323
gene:Bcin14g03510	746	888	783	930	800	538
gene:Bcin14g03520	451	369	684	1444	1133	665
gene:Bcin14g03530	188	200	220	319	175	177
gene:Bcin14g03540	386	490	338	214	213	192
gene:Bcin14g03550	416	510	463	492	405	351
gene:Bcin14g03560	0	5	1	0	0	0
gene:Bcin14g03570	0	1	0	5	2	0
gene:Bcin14g03580	2	3	2	6	2	2
gene:Bcin14g03590	84	97	149	176	334	145
gene:Bcin14g03600	251	246	283	262	331	185
gene:Bcin14g03610	2199	1543	1944	254	1595	388
gene:Bcin14g03630	2375	2329	2177	1512	1592	1056
gene:Bcin14g03640	213	227	199	224	223	174
gene:Bcin14g03650	340	397	317	609	582	426
gene:Bcin14g03660	283	358	189	274	277	200
gene:ENSRNA049514072	0	0	0	0	0	0
gene:EFBcG00000013199	0	0	0	0	0	0
gene:Bcin14g03670	19	18	13	15	18	12
gene:Bcin14g03680	34	42	18	17	59	27
gene:EFBcG00000013088	2	1	1	4	0	0
gene:Bcin14g03690	0	1	0	2	0	0
gene:Bcin14g03700	0	0	0	1	0	0
gene:Bcin14g03710	0	0	0	0	0	0
gene:Bcin14g03720	15	30	5	3	4	0
gene:Bcin14g03730	319	263	69	31	19	13
gene:Bcin14g03740	50	38	13	6	4	2
gene:Bcin14g03750	31	30	17	30	36	38
gene:Bcin14g03760	0	0	0	0	1	0
gene:Bcin14g03770	2	0	1	0	0	0
gene:Bcin14g03780	52	59	20	111	109	58
gene:Bcin14g03790	5840	6658	5465	2066	1766	1499
gene:Bcin14g03800	1506	1787	1586	1328	975	966
gene:Bcin14g03810	27	41	53	202	220	108
gene:Bcin14g03820	445	453	370	548	404	295
gene:Bcin14g03830	2232	2668	2277	3235	2442	2174
gene:Bcin14g03840	66	85	91	157	119	112
gene:Bcin14g03850	604	663	733	948	495	448
gene:Bcin14g03860	3699	4357	3775	3469	4053	3014
gene:Bcin14g03870	18	22	16	28	22	27
gene:Bcin14g03880	976	1136	915	1157	1204	919
gene:Bcin14g03890	3214	3553	2855	1436	956	850
gene:Bcin14g03900	30	36	18	14	10	14
gene:Bcin14g03910	199	266	161	125	124	113
gene:Bcin14g03920	2154	2437	1932	2059	1842	1636
gene:Bcin14g03930	1754	2269	1482	2400	3647	2559
gene:Bcin14g03940	44	42	41	135	171	104
gene:Bcin14g03950	444	508	419	637	613	487
gene:Bcin14g03960	10	23	14	46	50	48
gene:Bcin14g03970	8499	9155	8862	21478	23890	16575
gene:Bcin14g03980	147	177	170	292	214	233
gene:Bcin14g03990	1	2	3	6	0	4
gene:Bcin14g04000	0	0	0	1	2	1
gene:Bcin14g04010	0	2	0	4	8	4
gene:Bcin14g04020	33	28	24	82	78	77
gene:Bcin14g04030	0	1	0	0	8	2
gene:Bcin14g04040	9	5	6	4	0	1
gene:ENSRNA049514038	0	1	0	6	13	7
gene:Bcin14g04050	730	801	690	850	546	564
gene:Bcin14g04060	487	583	501	550	442	340
gene:Bcin14g04070	187	227	163	142	109	91
gene:Bcin14g04080	987	979	900	634	533	369
gene:Bcin14g04090	3269	3299	3637	1261	965	861
gene:Bcin14g04100	15342	16474	13966	21548	16888	15414
gene:Bcin14g04110	10514	9400	9993	9295	20520	8331
gene:Bcin14g04120	636	703	593	1048	1072	594
gene:Bcin14g04130	179	161	196	78	53	19
gene:Bcin14g04140	2282	2704	2149	1855	1581	1392
gene:Bcin14g04150	3	7	2	2	2	1
gene:Bcin14g04160	3	3	3	6	5	6
gene:Bcin14g04170	1893	1960	2497	153	81	63
gene:Bcin14g04180	19422	20133	29884	182	115	115
gene:Bcin14g04190	1846	1827	2307	273	235	219
gene:Bcin14g04200	204	202	165	92	62	63
gene:Bcin14g04210	1026	1225	886	119	91	61
gene:Bcin14g04220	669	780	605	432	345	315
gene:Bcin14g04230	25079	26150	22591	28383	26206	21328
gene:Bcin14g04240	1914	1686	2288	903	834	734
gene:Bcin14g04250	248	312	174	992	497	498
gene:Bcin14g04260	2635	2049	3542	30458	36640	23944
gene:Bcin14g04270	0	1	0	5	2	1
gene:Bcin14g04280	2	7	6	7	11	3
gene:Bcin14g04290	703	814	768	1423	1621	742
gene:Bcin14g04300	22	34	15	100	92	41
gene:Bcin14g04310	69	87	50	862	717	521
gene:Bcin14g04320	1051	1118	980	2790	3700	2288
gene:Bcin14g04330	483	664	482	351	316	224
gene:Bcin14g04340	3270	3777	2956	2619	2737	2041
gene:Bcin14g04350	611	722	471	925	981	669
gene:Bcin14g04380	1368	1605	1152	1529	1524	1048
gene:Bcin14g04390	510	566	452	384	379	336
gene:Bcin14g04400	0	1	1	4	0	3
gene:Bcin14g04410	0	0	0	0	0	0
gene:Bcin14g04420	23	42	46	582	219	302
gene:Bcin14g04430	8	10	4	229	90	71
gene:Bcin14g04440	175	181	230	213	91	62
gene:Bcin14g04450	1	0	0	6	6	2
gene:Bcin14g04460	32	32	21	67	104	65
gene:Bcin14g04470	819	944	741	4179	4294	3455
gene:Bcin14g04480	910	1410	1403	0	5	1
gene:Bcin14g04490	785	945	695	748	547	473
gene:Bcin14g04500	4	3	6	4	10	4
gene:Bcin14g04510	1	1	0	0	3	2
gene:Bcin14g04520	3109	3445	3266	3447	2694	2447
gene:Bcin14g04530	3130	2226	4286	891	1698	867
gene:Bcin14g04540	3	10	13	30	16	9
gene:Bcin14g04550	2294	2665	2077	2327	1905	1522
gene:Bcin14g04560	221	308	169	58	38	36
gene:Bcin14g04570	140	109	48	33	22	11
gene:Bcin14g04580	20727	23887	20003	12793	17028	11220
gene:Bcin14g04590	15253	15513	13742	16782	18953	14581
gene:Bcin14g04600	427	466	395	581	555	367
gene:Bcin14g04610	100	114	166	144	102	108
gene:Bcin14g04620	3294	3602	3073	5520	5510	4371
gene:Bcin14g04630	4807	5284	5009	6436	5821	4979
gene:Bcin14g04640	209	273	249	347	232	187
gene:Bcin14g04650	4782	5297	4490	2330	2239	1822
gene:Bcin14g04660	610	612	566	658	519	444
gene:Bcin14g04670	227	276	256	554	500	322
gene:Bcin14g04680	2	1	0	3	3	3
gene:Bcin14g04690	201	282	178	219	197	176
gene:Bcin14g04700	576	641	468	806	687	559
gene:Bcin14g04710	749	814	771	764	595	585
gene:Bcin14g04720	91	84	71	26	19	10
gene:Bcin14g04730	1586	1716	1468	1202	1047	938
gene:Bcin14g04740	285	295	212	124	113	94
gene:Bcin14g04750	58	45	48	54	53	33
gene:Bcin14g04760	773	760	838	640	494	456
gene:Bcin14g04770	2377	2842	1765	1903	1697	1169
gene:Bcin14g04780	2	3	1	6	2	0
gene:Bcin14g04790	17018	16452	15041	17800	18048	14605
gene:Bcin14g04800	719	813	647	477	522	375
gene:Bcin14g04810	409	412	346	417	361	293
gene:Bcin14g04820	289	275	237	175	118	116
gene:Bcin14g04830	1	0	0	8	0	0
gene:Bcin14g04840	0	2	1	2	0	0
gene:Bcin14g04850	2050	2085	1636	3317	2559	2238
gene:Bcin14g04860	3404	3470	3504	4599	4002	3316
gene:Bcin14g04870	2019	2514	2408	2586	1866	1842
gene:Bcin14g04880	0	1	1	1	0	0
gene:Bcin14g04890	1	2	1	1	0	3
gene:Bcin14g04900	0	2	2	0	2	0
gene:Bcin14g04910	0	0	0	0	0	0
gene:Bcin14g04920	61	68	65	70	56	41
gene:Bcin14g04930	8	6	5	761	104	95
gene:Bcin14g04940	1341	1492	1633	1932	1403	1355
gene:Bcin14g04950	373	475	400	333	272	243
gene:Bcin14g04960	11	23	16	32	28	24
gene:Bcin14g04970	28	27	17	93	293	143
gene:Bcin14g04980	1178	1480	1212	1703	1677	1424
gene:Bcin14g04990	579	788	899	2922	2228	2217
gene:Bcin14g05000	189	263	174	214	186	137
gene:Bcin14g05010	366	426	396	522	426	389
gene:Bcin14g05020	16	16	20	45	20	11
gene:EFBcG00000013281	0	1	1	0	0	0
gene:Bcin14g05030	9	7	4	5	10	13
gene:Bcin14g05040	985	1063	885	1647	1825	1420
gene:Bcin14g05050	108	115	73	138	115	100
gene:Bcin14g05060	1419	1653	762	1130	764	673
gene:Bcin14g05070	5	8	3	82	92	51
gene:Bcin14g05080	5	3	3	3	4	4
gene:Bcin14g05090	1078	1160	928	747	596	503
gene:Bcin14g05100	256	349	293	317	223	218
gene:Bcin14g05110	1120	1131	657	930	718	607
gene:Bcin14g05120	1827	2113	1854	1784	1655	1401
gene:Bcin14g05130	142	153	137	157	102	93
gene:Bcin14g05150	714	836	667	812	698	592
gene:Bcin14g05160	525	559	438	464	361	300
gene:Bcin14g05170	628	798	649	497	350	270
gene:Bcin14g05180	0	0	0	0	0	0
gene:Bcin14g05190	0	0	0	0	0	0
gene:Bcin14g05200	0	0	0	0	0	0
gene:Bcin14g05210	0	0	0	0	0	0
gene:Bcin14g05220	525	718	510	929	858	500
gene:Bcin14g05230	1000	909	757	1192	805	727
gene:Bcin14g05240	2527	2874	1943	2031	2189	1728
gene:Bcin14g05250	335	441	323	178	127	131
gene:Bcin14g05260	119	183	126	117	92	70
gene:Bcin14g05270	26	28	14	16	10	22
gene:Bcin14g05280	82	77	62	173	62	60
gene:Bcin14g05290	0	0	0	0	0	0
gene:Bcin14g05300	0	0	0	0	0	0
gene:Bcin14g05310	0	0	0	0	0	0
gene:Bcin14g05320	0	0	0	0	0	0
gene:Bcin14g05330	7	9	7	1	2	7
gene:Bcin14g05340	230	230	172	203	198	138
gene:Bcin14g05350	1589	1471	1307	538	1013	449
gene:Bcin14g05360	6172	6076	3467	2169	3962	2733
gene:Bcin14g05370	169	220	352	89	93	68
gene:Bcin14g05380	689	1319	2833	38	23	17
gene:Bcin14g05390	4712	5478	2568	928	1610	833
gene:Bcin14g05400	7095	6122	7106	9004	6866	6664
gene:Bcin14g05410	23	27	24	166	62	48
gene:Bcin14g05420	830	812	691	302	436	387
gene:Bcin14g05430	931	939	945	755	571	568
gene:Bcin14g05440	721	762	799	1731	1653	1227
gene:Bcin14g05450	183	225	204	262	332	294
gene:Bcin14g05460	1594	1683	1408	1257	815	823
gene:Bcin14g05470	1074	1189	1012	851	685	584
gene:Bcin14g05480	104	150	93	15	9	7
gene:Bcin14g05490	19	37	28	3	1	5
gene:Bcin14g05500	136	105	185	179	122	93
gene:Bcin14g05510	2669	3462	1632	195	138	127
gene:Bcin14g05520	5	6	7	1	0	3
gene:Bcin14g05530	110	40	30	8	2	5
gene:Bcin14g05540	191	104	78	36	58	32
gene:Bcin14g05550	296	333	248	62	65	65
gene:Bcin14g05560	749	1135	404	362	674	414
gene:Bcin14g05570	10	66	10	8	3	6
gene:Bcin14g05580	3	0	1	1	1	1
gene:Bcin15g00010	2	2	1	4	6	4
gene:Bcin15g00020	0	0	0	0	2	0
gene:Bcin15g00030	0	0	0	0	3	0
gene:Bcin15g00040	0	0	1	6	6	6
gene:Bcin15g00050	3	1	1	6	1	6
gene:Bcin15g00060	2	1	3	7	10	3
gene:Bcin15g00070	27	20	19	68	29	29
gene:Bcin15g00080	184	229	157	179	138	133
gene:Bcin15g00090	2	0	1	9	4	0
gene:Bcin15g00100	4743	5821	3776	23862	18452	11889
gene:Bcin15g00110	6	9	11	21	27	29
gene:ENSRNA049514255	4	4	4	1	2	1
gene:Bcin15g00120	394	484	385	186	120	130
gene:Bcin15g00130	8684	8161	4088	18	15	7
gene:Bcin15g00140	312	293	136	1733	2888	2366
gene:Bcin15g00160	921	1079	1266	3045	3714	2068
gene:Bcin15g00150	0	0	0	0	0	0
gene:Bcin15g00170	9	17	19	43	43	20
gene:Bcin15g00180	32	43	21	42	31	27
gene:Bcin15g00190	1506	1843	1390	1601	1150	1054
gene:Bcin15g00200	664	791	586	1152	796	607
gene:Bcin15g00210	355	409	373	59	59	53
gene:Bcin15g00220	505	570	360	180	115	98
gene:Bcin15g00230	84	137	80	80	63	60
gene:Bcin15g00240	11	5	3	10	8	5
gene:Bcin15g00250	23	25	27	24	13	9
gene:Bcin15g00260	282	400	260	52	50	25
gene:Bcin15g00270	17	17	10	39	14	6
gene:Bcin15g00280	1713	2060	1303	2096	2411	1858
gene:Bcin15g00290	0	0	0	3	2	3
gene:Bcin15g00300	328	392	254	561	622	397
gene:Bcin15g00310	1267	1403	1181	1081	917	890
gene:Bcin15g00320	10	32	20	2773	4774	3360
gene:Bcin15g00330	107	99	58	407	1248	197
gene:Bcin15g00340	744	870	728	739	539	510
gene:Bcin15g00350	320	348	287	326	233	216
gene:Bcin15g00360	1760	2224	1740	2185	1541	1339
gene:Bcin15g00370	355	440	356	510	367	356
gene:Bcin15g00380	673	751	636	885	599	571
gene:Bcin15g00390	284	289	206	289	244	191
gene:Bcin15g00400	584	580	568	394	344	304
gene:Bcin15g00410	675	803	627	650	594	512
gene:Bcin15g00420	0	0	0	1	3	0
gene:Bcin15g00430	2074	2007	2150	1557	4575	2107
gene:Bcin15g00440	219	272	181	311	484	314
gene:Bcin15g00450	45	89	50	39	40	24
gene:Bcin15g00460	225	206	228	221	178	143
gene:Bcin15g00470	320	320	339	411	360	293
gene:Bcin15g00480	798	1051	750	1028	1012	741
gene:Bcin15g00490	1133	1288	934	1118	1008	767
gene:Bcin15g00500	1789	1980	1617	2048	1792	1670
gene:Bcin15g00510	1083	1396	942	598	509	423
gene:Bcin15g00520	6	2	2	16	13	3
gene:Bcin15g00530	3	2	2	12	4	8
gene:Bcin15g00540	0	0	1	9	15	4
gene:Bcin15g00550	1	3	6	35	49	26
gene:Bcin15g00560	4	4	4	2	8	0
gene:Bcin15g00570	593	687	540	1383	1770	570
gene:Bcin15g00580	33	28	25	509	398	170
gene:Bcin15g00590	1159	1369	1035	1655	2279	713
gene:Bcin15g00600	250	237	222	464	655	314
gene:Bcin15g00610	481	500	569	822	1334	571
gene:Bcin15g00620	3	5	1	6	9	4
gene:Bcin15g00630	21	29	30	10	6	4
gene:Bcin15g00640	468	516	434	260	191	194
gene:Bcin15g00650	385	528	378	381	330	235
gene:Bcin15g00660	27	27	16	29	45	19
gene:Bcin15g00670	1443	1705	1311	1453	969	797
gene:Bcin15g00680	0	0	0	0	0	0
gene:Bcin15g00690	0	0	0	0	0	0
gene:Bcin15g00700	0	0	1	0	2	2
gene:Bcin15g00710	0	4	2	6	2	0
gene:Bcin15g00720	280	324	288	269	209	185
gene:Bcin15g00730	2	7	3	1	3	1
gene:ENSRNA049514198	0	0	0	0	0	0
gene:EFBcG00000013113	0	0	0	0	0	0
gene:Bcin15g00740	287	319	266	332	310	241
gene:Bcin15g00750	11	30	15	26	12	10
gene:Bcin15g00760	1249	1527	1208	1454	1578	1253
gene:Bcin15g00770	123	137	97	130	104	92
gene:Bcin15g00780	0	0	0	0	0	0
gene:Bcin15g00790	0	0	0	0	0	0
gene:Bcin15g00800	0	0	0	0	0	0
gene:Bcin15g00810	2971	3660	2973	7089	7067	4914
gene:Bcin15g00820	664	745	693	883	651	596
gene:Bcin15g00830	813	934	753	753	530	512
gene:Bcin15g00840	597	625	610	1298	1047	999
gene:Bcin15g00850	18	14	18	44	46	27
gene:Bcin15g00860	855	1186	888	1253	1203	1134
gene:Bcin15g00870	3057	3413	2684	2595	1934	1912
gene:Bcin15g00880	1805	2135	1540	1590	1461	1139
gene:Bcin15g00890	0	0	0	0	0	0
gene:Bcin15g00900	0	1	0	0	1	3
gene:Bcin15g00910	4	5	3	3	3	2
gene:Bcin15g00920	6	9	3	6	4	2
gene:Bcin15g00930	0	0	0	1	2	0
gene:Bcin15g00940	6	2	3	5	3	1
gene:Bcin15g00950	361	413	323	345	262	226
gene:Bcin15g00960	255	284	280	216	222	213
gene:Bcin15g00970	70	97	77	55	39	38
gene:Bcin15g00980	1934	2335	1837	1779	1357	1203
gene:Bcin15g00990	1386	1678	1168	1796	1817	1088
gene:Bcin15g01000	6	6	3	10	1	2
gene:Bcin15g01010	5	6	4	9	6	10
gene:Bcin15g01020	1648	1883	1575	1927	2546	1194
gene:Bcin15g01030	3628	5052	3047	190	173	122
gene:Bcin15g01040	227	231	132	139	206	132
gene:Bcin15g01050	4828	5568	4048	1685	1412	1308
gene:Bcin15g01060	347	382	378	509	399	302
gene:Bcin15g01070	222	292	300	368	335	245
gene:Bcin15g01080	412	427	416	618	677	516
gene:Bcin15g01090	25	29	29	43	47	35
gene:Bcin15g01100	251	322	232	204	203	167
gene:Bcin15g01110	1	1	5	13	16	16
gene:Bcin15g01120	30934	34011	28256	22937	22886	17905
gene:Bcin15g01130	198	236	87	2260	2897	1982
gene:Bcin15g01140	947	1093	883	667	924	761
gene:Bcin15g01150	3083	3687	3036	2531	2226	1760
gene:Bcin15g01160	108	125	70	103	92	67
gene:Bcin15g01170	701	409	97	41	31	31
gene:Bcin15g01180	14038	16312	12736	12140	8067	7500
gene:Bcin15g01190	352	419	206	75	34	28
gene:Bcin15g01200	122	125	64	203	71	85
gene:Bcin15g01210	316	348	335	331	319	278
gene:Bcin15g01220	3200	3932	2999	2559	2347	1852
gene:Bcin15g01230	416	401	316	215	177	143
gene:Bcin15g01240	2936	3653	2621	2070	1654	1577
gene:Bcin15g01250	987	1026	794	1573	1435	1237
gene:Bcin15g01260	435	382	262	372	251	215
gene:Bcin15g01270	1285	1334	961	1604	1026	1098
gene:Bcin15g01280	72	107	78	78	46	52
gene:Bcin15g01290	3012	2960	2634	3766	2816	2485
gene:Bcin15g01300	2147	2538	1852	1291	959	900
gene:Bcin15g01310	167	195	145	143	98	89
gene:Bcin15g01320	205	221	129	120	89	89
gene:Bcin15g01330	2470	2369	2177	1349	2001	1136
gene:Bcin15g01340	274	257	322	150	119	133
gene:Bcin15g01350	5790	7337	4088	4531	4546	3259
gene:Bcin15g01360	1552	1670	1434	1396	1170	911
gene:Bcin15g01370	242	251	176	215	203	171
gene:Bcin15g01380	7518	8171	7519	8804	7209	6328
gene:Bcin15g01390	5	7	4	112	146	127
gene:Bcin15g01400	614	550	533	11169	13278	10573
gene:Bcin15g01410	100	117	75	170	250	85
gene:Bcin15g01420	639	776	610	1056	878	692
gene:Bcin15g01430	19	16	9	15	20	12
gene:Bcin15g01440	832	905	848	1089	851	738
gene:Bcin15g01450	929	1231	963	985	1095	772
gene:Bcin15g01460	247	223	209	265	203	175
gene:Bcin15g01470	602	550	640	419	409	251
gene:Bcin15g01480	1028	1244	994	1110	1128	776
gene:Bcin15g01490	779	938	714	1105	960	742
gene:Bcin15g01500	2186	2515	1948	1333	1299	1035
gene:Bcin15g01510	1	0	1	9	10	11
gene:Bcin15g01520	899	976	931	860	602	505
gene:Bcin15g01530	684	730	700	709	570	477
gene:Bcin15g01540	5	3	2	15	6	6
gene:Bcin15g01550	456	418	327	540	395	390
gene:Bcin15g01560	801	1019	738	392	213	219
gene:Bcin15g01570	1754	2238	1650	2401	1410	1345
gene:Bcin15g01580	0	1	1	3	0	0
gene:Bcin15g01590	0	0	1	0	0	1
gene:Bcin15g01600	5352	7704	3045	3	0	0
gene:Bcin15g01610	645	705	547	642	458	422
gene:Bcin15g01620	566	572	432	1139	893	711
gene:Bcin15g01630	393	474	298	706	745	636
gene:Bcin15g01640	333	297	298	250	218	201
gene:Bcin15g01650	1541	1926	1218	1119	807	851
gene:Bcin15g01660	362	404	386	544	407	339
gene:Bcin15g01670	1233	1441	1022	319	221	256
gene:Bcin15g01680	6	6	5	4	4	2
gene:Bcin15g01690	17	15	7	6	4	8
gene:Bcin15g01700	11	9	5	12	18	15
gene:Bcin15g01710	7	9	10	16	10	5
gene:Bcin15g01720	0	0	1	0	0	0
gene:Bcin15g01730	64	68	42	367	323	230
gene:Bcin15g01740	1523	1771	1573	1291	1130	901
gene:Bcin15g01750	3	2	0	2	1	2
gene:Bcin15g01760	1	1	0	1	0	2
gene:Bcin15g01770	0	0	0	0	0	0
gene:Bcin15g01780	0	0	0	0	0	0
gene:Bcin15g01790	0	2	0	4	1	1
gene:Bcin15g01800	7	5	8	10	9	4
gene:Bcin15g01810	1627	1778	1587	1660	1673	1138
gene:Bcin15g01820	1402	1654	1446	1593	1313	1208
gene:Bcin15g01830	4	0	0	6	2	1
gene:Bcin15g01840	23	32	21	83	49	36
gene:Bcin15g01850	665	766	676	645	734	466
gene:Bcin15g01860	273	282	278	324	258	197
gene:Bcin15g01870	19	31	16	18	14	12
gene:Bcin15g01880	28	34	8	99	184	61
gene:Bcin15g01890	43	49	41	61	130	55
gene:Bcin15g01900	4371	4795	4061	5918	6208	4168
gene:Bcin15g01910	170	196	196	252	370	223
gene:Bcin15g01920	59	64	43	111	132	78
gene:Bcin15g01930	35	54	29	79	81	74
gene:Bcin15g01940	115	146	102	463	413	210
gene:Bcin15g01950	30	45	28	7	3	3
gene:Bcin15g01960	58	82	36	10	3	5
gene:Bcin15g01970	3	10	4	1	2	0
gene:Bcin15g01980	1	1	1	3	3	1
gene:Bcin15g01990	233	182	196	95	299	192
gene:Bcin15g02000	175	160	162	108	114	73
gene:Bcin15g02010	290	311	285	205	140	145
gene:Bcin15g02020	336	384	328	419	377	325
gene:Bcin15g02030	1238	1380	1119	1025	889	773
gene:Bcin15g02040	596	626	562	648	628	482
gene:Bcin15g02050	268	374	255	368	379	289
gene:Bcin15g02060	535	633	532	482	417	346
gene:Bcin15g02070	484	556	421	443	317	283
gene:Bcin15g02080	30269	33374	27518	21397	23553	17559
gene:Bcin15g02090	5456	5902	4784	2911	3608	2666
gene:Bcin15g02100	837	860	813	654	1070	455
gene:Bcin15g02110	7037	8060	6685	10538	9992	8694
gene:Bcin15g02120	25308	26870	24748	88909	71643	66039
gene:Bcin15g02130	742	870	633	560	438	374
gene:Bcin15g02140	344	382	302	483	303	238
gene:Bcin15g02150	246	278	198	189	170	121
gene:Bcin15g02160	460	537	371	440	510	439
gene:Bcin15g02170	14	27	17	14	7	8
gene:Bcin15g02180	3759	4526	3108	2273	2043	1749
gene:Bcin15g02190	404	475	361	462	537	445
gene:Bcin15g02200	999	1045	907	784	1685	886
gene:Bcin15g02210	0	1	1	3	3	2
gene:Bcin15g02220	0	0	0	0	0	0
gene:Bcin15g02230	2	2	0	1	7	2
gene:Bcin15g02240	19	28	9	90	168	126
gene:Bcin15g02260	536	528	518	1000	1678	857
gene:Bcin15g02270	12898	11516	9449	4784	5664	3612
gene:Bcin15g02280	7	6	4	2	6	0
gene:Bcin15g02290	1	0	1	1	6	3
gene:Bcin15g02300	19	24	20	16	18	21
gene:Bcin15g02310	1815	1790	1126	608	765	709
gene:Bcin15g02320	253	279	289	456	356	348
gene:Bcin15g02330	291	325	236	303	452	403
gene:EFBcG00000013282	0	0	0	0	0	0
gene:ENSRNA049537823	0	0	0	0	0	0
gene:Bcin15g02340	1144	1183	997	1031	831	679
gene:Bcin15g02350	441	496	389	353	230	246
gene:Bcin15g02360	714	816	671	416	360	326
gene:Bcin15g02370	577	639	480	666	429	396
gene:Bcin15g02380	8002	24808	6728	450	697	559
gene:Bcin15g02390	3	3	4	5	2	2
gene:Bcin15g02400	432	569	368	852	849	858
gene:Bcin15g02410	32	37	44	323	484	323
gene:Bcin15g02420	14	14	8	20	21	14
gene:Bcin15g02430	526	606	496	508	438	363
gene:Bcin15g02440	3125	2842	1361	20	12	12
gene:Bcin15g02450	149	177	150	145	90	121
gene:Bcin15g02460	10440	11301	8218	6858	5603	5014
gene:Bcin15g02470	724	891	754	767	758	659
gene:Bcin15g02480	426	434	326	238	203	152
gene:Bcin15g02490	269	300	243	376	329	296
gene:Bcin15g02500	1527	1792	1426	2645	2344	2150
gene:Bcin15g02510	1380	1847	1307	1600	1178	989
gene:Bcin15g02520	387	474	311	349	401	277
gene:Bcin15g02530	113	146	100	182	168	144
gene:Bcin15g02540	28	28	15	74	42	37
gene:Bcin15g02550	23	25	9	199	137	105
gene:Bcin15g02560	627	730	595	1604	1568	1053
gene:Bcin15g02570	1082	1148	933	928	910	685
gene:Bcin15g02580	276	277	338	1608	1589	1325
gene:Bcin15g02590	1467	1764	1348	1222	1108	840
gene:Bcin15g02600	651	824	722	635	509	492
gene:Bcin15g02610	3197	3641	2864	3367	3458	3004
gene:Bcin15g02620	754	732	553	611	403	373
gene:Bcin15g02630	92	82	69	43	44	38
gene:Bcin15g02640	564	675	505	624	561	489
gene:Bcin15g02650	1219	1492	1074	469	364	306
gene:Bcin15g02660	814	680	651	368	399	331
gene:Bcin15g02670	26	30	24	38	36	37
gene:Bcin15g02680	27	19	13	41	25	28
gene:Bcin15g02690	177	206	173	714	318	224
gene:Bcin15g02700	467	539	374	607	548	406
gene:Bcin15g02710	430	432	348	534	405	422
gene:Bcin15g02720	2311	2702	2227	2864	2081	2072
gene:Bcin15g02730	2313	2710	2026	2077	1380	1391
gene:Bcin15g02740	259	319	111	104	81	71
gene:Bcin15g02750	62	83	30	92	158	35
gene:Bcin15g02760	192	242	116	152	96	108
gene:Bcin15g02770	390	470	259	463	403	349
gene:Bcin15g02780	589	788	389	535	681	533
gene:Bcin15g02790	120	158	73	122	125	112
gene:Bcin15g02800	1	2	3	5	3	2
gene:Bcin15g02810	14	13	14	9	6	5
gene:Bcin15g02820	196	207	111	124	104	60
gene:Bcin15g02830	62	78	70	103	62	83
gene:Bcin15g02840	45	52	43	38	30	34
gene:Bcin15g02850	0	0	1	1	0	1
gene:Bcin15g02860	943	1006	949	1127	841	810
gene:Bcin15g02870	1077	1145	1022	970	678	670
gene:Bcin15g02880	1043	1162	1362	1590	911	1020
gene:Bcin15g02890	824	1046	783	719	506	471
gene:Bcin15g02900	736	899	501	203	147	129
gene:Bcin15g02910	47	58	26	64	58	33
gene:Bcin15g02920	0	0	0	0	0	1
gene:Bcin15g02930	781	831	679	622	519	455
gene:EFBcG00000013309	0	0	0	0	0	0
gene:Bcin15g02940	68	64	51	38	39	44
gene:Bcin15g02950	1267	1310	1242	938	922	736
gene:Bcin15g02960	1084	1145	993	1428	1001	1070
gene:Bcin15g02970	1489	1736	1375	866	759	676
gene:Bcin15g02980	1266	1415	1216	815	588	605
gene:Bcin15g02990	496	555	451	529	420	397
gene:Bcin15g03000	219	257	206	24533	14919	11488
gene:Bcin15g03010	4945	5760	4986	75442	70887	60341
gene:Bcin15g03020	1710	2077	1366	1318	1506	1121
gene:Bcin15g03030	4	6	7	19	11	11
gene:Bcin15g03040	238	233	208	377	481	348
gene:Bcin15g03050	639	742	616	509	901	613
gene:Bcin15g03060	12	12	11	7	7	4
gene:Bcin15g03070	1608	1836	1781	402	532	433
gene:Bcin15g03080	4851	4611	4769	223	251	238
gene:Bcin15g03090	41	47	50	9	18	5
gene:Bcin15g03100	55	54	40	77	47	56
gene:Bcin15g03110	86	89	69	57	61	30
gene:Bcin15g03120	2855	3799	2463	4723	3275	2761
gene:Bcin15g03130	665	773	482	561	328	349
gene:Bcin15g03140	191	112	34	10	4	6
gene:Bcin15g03150	22950	36142	12794	6379	7606	5641
gene:ENSRNA049514141	1	1	2	0	0	1
gene:Bcin15g03160	883	983	762	740	647	510
gene:Bcin15g03170	14	60	9	75	237	115
gene:Bcin15g03180	10	5	8	28	19	9
gene:Bcin15g03190	602	641	597	698	753	600
gene:Bcin15g03200	2777	3796	2657	3305	3036	2621
gene:Bcin15g03210	567	656	486	786	615	557
gene:Bcin15g03220	1233	1499	1304	1159	1095	874
gene:Bcin15g03230	442	518	404	650	647	519
gene:Bcin15g03240	789	1007	789	1195	1282	669
gene:Bcin15g03250	1	0	0	0	1	0
gene:Bcin15g03260	14	17	18	27	13	15
gene:Bcin15g03270	0	0	0	0	0	0
gene:Bcin15g03280	316	376	294	245	305	197
gene:Bcin15g03290	4499	5321	4330	3011	2973	2235
gene:Bcin15g03300	3192	3416	2545	8805	9662	4976
gene:ENSRNA049514212	0	0	0	0	0	0
gene:EFBcG00000013092	0	0	0	0	0	0
gene:Bcin15g03310	639	723	566	1196	1087	785
gene:Bcin15g03320	1289	1670	433	975	1283	950
gene:Bcin15g03330	469	666	326	347	243	288
gene:Bcin15g03340	863	820	1113	1644	1867	1163
gene:Bcin15g03350	427	452	454	307	267	192
gene:Bcin15g03360	735	743	505	613	501	439
gene:Bcin15g03370	606	2472	56	64	38	21
gene:Bcin15g03380	118	372	20	17	15	7
gene:Bcin15g03390	2053	2277	1726	1775	1863	1338
gene:Bcin15g03400	402	497	376	418	471	425
gene:Bcin15g03410	1846	2132	1554	1405	1390	1126
gene:Bcin15g03420	5041	6277	4996	5100	4450	3883
gene:Bcin15g03430	4209	4213	3682	3175	4049	2739
gene:Bcin15g03440	870	964	848	1260	2127	752
gene:Bcin15g03450	257	258	229	213	164	114
gene:Bcin15g03460	1036	1048	927	1819	2585	1097
gene:Bcin15g03470	1896	2034	1672	3154	3996	2644
gene:Bcin15g03480	804	942	828	1222	1110	892
gene:Bcin15g03490	477	566	489	416	337	299
gene:Bcin15g03500	2	1	1	5	2	1
gene:Bcin15g03510	719	862	631	1026	998	741
gene:Bcin15g03520	540	533	541	560	432	439
gene:Bcin15g03530	2640	3287	2357	2055	1270	1293
gene:Bcin15g03540	1663	1824	1504	1448	1339	1077
gene:Bcin15g03550	224	229	194	138	130	93
gene:Bcin15g03560	514	572	495	514	384	344
gene:Bcin15g03570	39	48	36	91	98	76
gene:Bcin15g03580	5543	4739	4453	2734	4925	2747
gene:Bcin15g03590	847	1083	744	708	785	564
gene:Bcin15g03600	2225	2582	1859	1748	1381	1125
gene:Bcin15g03610	911	1017	780	1419	1292	995
gene:Bcin15g03620	4818	6291	2901	8400	10589	8077
gene:Bcin15g03630	526	716	200	262	414	293
gene:Bcin15g03640	1316	1867	582	2076	2665	2124
gene:Bcin15g03650	859	1106	885	1238	1111	942
gene:Bcin15g03660	542	622	550	575	488	422
gene:Bcin15g03670	1128	1360	1104	792	821	639
gene:Bcin15g03680	1049	1227	1016	1137	930	835
gene:Bcin15g03690	1930	2119	1392	738	652	512
gene:Bcin15g03700	772	878	757	691	671	493
gene:Bcin15g03710	397	456	431	343	310	255
gene:Bcin15g03720	66	61	63	46	33	49
gene:Bcin15g03730	14	11	9	11	7	8
gene:Bcin15g03740	609	696	522	783	947	520
gene:Bcin15g03750	1221	1404	1177	2971	3679	2073
gene:Bcin15g03760	31	33	22	35	35	17
gene:EFBcG00000013299	0	0	0	0	0	0
gene:ENSRNA049514247	0	0	0	0	0	0
gene:Bcin15g03770	792	929	593	664	612	389
gene:Bcin15g03780	299	264	214	237	173	158
gene:Bcin15g03790	227	272	220	138	132	130
gene:Bcin15g03800	444	533	438	761	658	410
gene:Bcin15g03810	10	13	10	7	23	11
gene:Bcin15g03820	479	423	600	101	56	69
gene:Bcin15g03830	11	8	7	5	4	4
gene:Bcin15g03840	15	16	10	5	10	6
gene:Bcin15g03850	627	721	568	824	664	520
gene:Bcin15g03860	129	132	226	218	298	164
gene:EFBcG00000013186	2	0	0	2	3	1
gene:Bcin15g03870	1414	1628	1313	309	337	231
gene:Bcin15g03880	138	142	39	40	84	32
gene:Bcin15g03890	872	1123	758	899	704	655
gene:Bcin15g03900	740	677	518	774	687	522
gene:Bcin15g03910	1299	1502	1228	1553	1460	1003
gene:Bcin15g03920	332	401	302	370	284	241
gene:Bcin15g03930	6359	6297	6893	5052	4835	3911
gene:Bcin15g03940	0	0	0	0	0	0
gene:Bcin15g03950	0	0	0	0	0	0
gene:Bcin15g03960	5	6	0	4	2	4
gene:Bcin15g03970	3	2	0	0	0	0
gene:Bcin15g03980	5	19	0	0	0	0
gene:Bcin15g03990	37	49	1	0	1	2
gene:Bcin15g04000	5	7	1	1	0	1
gene:Bcin15g04010	148	243	4	26	72	37
gene:Bcin15g04020	0	2	0	0	0	0
gene:Bcin15g04030	299	331	209	474	268	127
gene:Bcin15g04040	423	456	370	405	291	285
gene:Bcin15g04050	4832	4921	4029	1407	1126	821
gene:Bcin15g04060	1028	994	855	496	511	392
gene:Bcin15g04070	2	3	3	1	2	1
gene:Bcin15g04080	1	1	0	0	0	1
gene:Bcin15g04090	0	0	0	3	2	0
gene:Bcin15g04100	0	0	0	2	0	0
gene:Bcin15g04110	217	243	189	195	145	164
gene:Bcin15g04120	2303	2321	2509	1606	1268	1151
gene:Bcin15g04130	3	1	2	2	0	2
gene:Bcin15g04140	455	565	424	437	367	300
gene:Bcin15g04150	1733	1868	1552	1608	1144	1061
gene:Bcin15g04160	1	3	1	2	0	2
gene:Bcin15g04170	0	1	2	2	0	1
gene:Bcin15g04180	60	80	46	126	108	89
gene:Bcin15g04190	1087	1009	1518	573	407	391
gene:Bcin15g04200	3562	4225	3650	4792	3635	3363
gene:Bcin15g04210	876	1072	498	405	242	274
gene:Bcin15g04220	294	326	291	293	285	140
gene:Bcin15g04230	1	2	1	4	5	4
gene:Bcin15g04240	11	16	11	20	12	14
gene:EFBcG00000013094	0	0	0	0	0	0
gene:Bcin15g04250	0	0	0	1	0	0
gene:Bcin15g04260	1	1	0	1	1	1
gene:Bcin15g04270	38	46	32	50	31	30
gene:Bcin15g04280	191	234	177	321	301	266
gene:Bcin15g04290	2	0	1	1	0	1
gene:EFBcG00000013101	0	0	0	0	0	0
gene:ENSRNA049537928	0	0	0	0	0	0
gene:Bcin15g04300	0	0	0	0	0	0
gene:Bcin15g04310	31	31	19	0	1	0
gene:Bcin15g04320	119	182	132	20	23	16
gene:Bcin15g04330	2	7	0	7	4	5
gene:Bcin15g04340	404	412	351	405	329	275
gene:Bcin15g04350	1627	3012	2094	702	469	402
gene:Bcin15g04360	956	1010	888	697	499	442
gene:Bcin15g04370	870	949	925	970	644	554
gene:Bcin15g04380	7	5	14	8	4	13
gene:Bcin15g04390	1	3	2	5	0	2
gene:Bcin15g04400	2	1	0	0	0	0
gene:Bcin15g04410	5178	6444	4139	3559	2541	2446
gene:Bcin15g04420	3239	3878	2978	4455	3774	3310
gene:Bcin15g04430	572	642	407	385	458	335
gene:Bcin15g04440	18	20	18	35	14	17
gene:Bcin15g04450	695	826	544	644	640	482
gene:Bcin15g04460	170	125	194	269	595	410
gene:Bcin15g04470	185	210	129	158	158	91
gene:Bcin15g04480	2482	4520	1485	2199	1471	1341
gene:Bcin15g04490	4931	5375	4124	4866	4160	3523
gene:Bcin15g04500	299	355	259	253	223	106
gene:Bcin15g04510	89	104	65	237	203	73
gene:Bcin15g04520	25	20	19	15	12	11
gene:Bcin15g04530	0	0	0	0	0	0
gene:Bcin15g04540	32	42	17	137	55	65
gene:Bcin15g04550	342	342	216	814	753	600
gene:Bcin15g04560	11	14	8	37	24	21
gene:Bcin15g04570	649	703	638	525	508	388
gene:Bcin15g04580	248	264	245	265	248	160
gene:Bcin15g04590	260	295	243	273	221	228
gene:Bcin15g04600	341	401	326	383	267	305
gene:Bcin15g04610	462	492	436	503	454	368
gene:Bcin15g04620	1849	2059	1695	1720	1346	1340
gene:Bcin15g04630	3494	3455	2229	6301	4629	3169
gene:Bcin15g04640	8	8	3	21	58	13
gene:Bcin15g04650	10	7	5	16	8	15
gene:Bcin15g04660	36	61	40	71	77	51
gene:Bcin15g04670	8200	13002	8200	2676	2502	2567
gene:Bcin15g04680	185	172	177	96	227	99
gene:Bcin15g04690	11	10	0	12	19	5
gene:Bcin15g04700	168	188	126	479	689	382
gene:Bcin15g04710	924	1059	1025	1950	1880	1665
gene:Bcin15g04720	1436	1438	1425	2349	2305	1918
gene:Bcin15g04730	1144	1104	1016	806	699	683
gene:ENSRNA049514180	0	0	0	0	0	0
gene:EFBcG00000013160	0	0	0	0	0	0
gene:Bcin15g04740	5	2	5	10	3	1
gene:Bcin15g04750	37	66	22	213	34	53
gene:Bcin15g04760	31	41	21	123	25	31
gene:Bcin15g04770	55	86	41	295	67	99
gene:Bcin15g04780	110	151	88	5046	953	963
gene:Bcin15g04790	57	90	53	2050	367	392
gene:Bcin15g04800	17	34	21	1501	475	428
gene:Bcin15g04810	49	51	18	903	270	256
gene:Bcin15g04820	129	143	99	128	129	117
gene:EFBcG00000013164	0	0	0	0	0	0
gene:ENSRNA049537881	0	0	0	0	0	0
gene:Bcin15g04830	6	12	4	462	104	120
gene:Bcin15g04840	0	0	0	4	7	5
gene:Bcin15g04850	2	2	0	1	1	1
gene:Bcin15g04860	0	0	0	0	0	0
gene:Bcin15g04870	0	0	0	1	1	3
gene:Bcin15g04880	1	0	0	0	0	0
gene:Bcin15g04890	0	0	0	0	3	0
gene:Bcin15g04900	1	3	1	0	0	4
gene:Bcin15g04910	0	0	0	0	1	0
gene:Bcin15g04920	0	0	1	1	0	0
gene:Bcin15g04930	0	0	0	0	0	0
gene:Bcin15g04940	0	0	0	0	0	1
gene:Bcin15g04950	102	113	64	93	115	77
gene:Bcin15g04960	771	827	778	580	517	424
gene:Bcin15g04970	11129	12966	10950	8992	7383	6812
gene:Bcin15g04980	2955	3841	2685	3043	2617	2187
gene:Bcin15g04990	701	764	606	709	690	577
gene:Bcin15g05000	6	12	5	10	12	8
gene:Bcin15g05010	805	951	773	960	722	622
gene:Bcin15g05020	864	997	784	689	516	514
gene:Bcin15g05030	1217	1362	951	177	120	148
gene:Bcin15g05040	47	33	25	9	4	5
gene:Bcin15g05050	13	8	9	5	5	4
gene:Bcin15g05060	20	16	20	9	11	10
gene:Bcin15g05070	1411	1784	1238	1025	866	748
gene:Bcin15g05080	25	25	13	914	389	305
gene:Bcin15g05090	35	48	29	40	31	19
gene:Bcin15g05100	546	627	508	320	278	251
gene:Bcin15g05110	25300	28133	20331	2635	1878	1743
gene:Bcin15g05120	945	989	1277	428	2009	701
gene:Bcin15g05130	35	57	32	57	77	44
gene:Bcin15g05140	115	148	91	74	47	43
gene:Bcin15g05150	2	3	2	2	0	1
gene:Bcin15g05160	1	0	0	4	2	3
gene:EFBcG00000013354	0	0	0	0	0	0
gene:ENSRNA049537860	0	0	0	0	0	0
gene:Bcin15g05170	331	315	260	142	183	129
gene:Bcin15g05180	350	332	298	283	489	224
gene:Bcin15g05190	562	511	625	94	233	158
gene:Bcin15g05200	2	2	0	1	2	1
gene:Bcin15g05210	1	3	1	6	0	0
gene:Bcin15g05220	2	0	0	1	6	0
gene:Bcin15g05230	155	171	139	230	145	145
gene:Bcin15g05240	2670	2979	2592	2882	2342	2172
gene:Bcin15g05250	179	233	206	247	240	185
gene:Bcin15g05260	567	557	486	666	692	467
gene:Bcin15g05270	113	146	115	222	270	255
gene:Bcin15g05280	42	48	29	40	79	35
gene:Bcin15g05290	0	1	2	4	1	3
gene:Bcin15g05300	55	89	53	123	153	84
gene:Bcin15g05310	161	197	174	440	455	210
gene:Bcin15g05320	1	5	3	4	7	9
gene:Bcin15g05330	1156	1522	1100	1032	763	816
gene:Bcin15g05340	704	771	649	541	367	304
gene:Bcin15g05350	749	989	423	933	1096	761
gene:Bcin15g05360	2623	2850	2647	1831	1090	1178
gene:Bcin15g05370	552	642	330	734	772	677
gene:Bcin15g05380	3072	3591	2142	1426	1253	1021
gene:Bcin15g05390	129	140	99	45	20	32
gene:Bcin15g05400	39	52	19	156	407	232
gene:Bcin15g05410	9	6	5	6	7	0
gene:Bcin15g05420	2412	3045	2279	2946	2441	2065
gene:Bcin15g05430	1044	1167	1101	826	625	610
gene:Bcin15g05440	312	420	300	285	139	120
gene:Bcin15g05450	591	700	583	854	749	626
gene:Bcin15g05460	367	415	360	326	265	248
gene:Bcin15g05470	133	111	160	565	603	369
gene:Bcin15g05480	8	9	10	13	12	8
gene:Bcin15g05490	181	194	166	208	164	149
gene:Bcin15g05500	8	9	6	28	31	16
gene:Bcin15g05510	287	322	184	220	296	169
gene:Bcin15g05520	320	377	259	612	797	487
gene:Bcin15g05530	65	54	24	48	39	42
gene:Bcin15g05540	443	477	431	493	338	359
gene:Bcin15g05550	1568	2091	1549	1944	1571	1430
gene:Bcin15g05560	1496	1699	1327	1093	953	778
gene:Bcin15g05570	206	194	296	294	414	267
gene:Bcin15g05580	798	944	1144	1179	1273	786
gene:Bcin15g05590	295	352	264	365	262	269
gene:Bcin15g05600	13774	14489	11271	7787	6868	6572
gene:Bcin15g05610	4823	5704	4571	3343	2450	2327
gene:Bcin15g05620	0	8	4	4	3	4
gene:Bcin15g05630	261	618	1068	34	35	19
gene:Bcin15g05640	0	0	0	0	0	0
gene:Bcin15g05650	1	1	2	3	6	6
gene:Bcin15g05660	131	153	98	336	293	198
gene:Bcin15g05670	112	82	37	15	21	17
gene:Bcin15g05680	0	0	0	0	0	0
gene:Bcin15g05690	0	2	3	10	10	8
gene:Bcin15g05700	3409	4745	3016	12	13	8
gene:Bcin15g05710	181	183	314	28	9	4
gene:Bcin15g05720	28	63	20	9	6	3
gene:Bcin16g00002	375	510	1133	176	86	83
gene:Bcin16g00003	0	0	0	0	0	0
gene:Bcin16g00004	0	0	0	0	0	0
gene:Bcin16g00005	23	29	52	363	110	110
gene:Bcin16g00006	14	8	48	106	17	19
gene:Bcin16g00010	29	39	24	14	22	29
gene:Bcin16g00020	6	2	3	9	2	5
gene:Bcin16g00030	78	98	88	135	183	126
gene:Bcin16g00040	1424	1720	1304	1418	1021	839
gene:Bcin16g00050	701	801	705	696	674	450
gene:Bcin16g00060	42	56	86	60	98	65
gene:Bcin16g00070	24	12	3	5	0	2
gene:Bcin16g00080	63	102	31	223	332	265
gene:Bcin16g00090	50	42	53	340	497	115
gene:Bcin16g00100	0	3	1	6	5	2
gene:Bcin16g00110	2	2	0	7	2	1
gene:Bcin16g00120	397	467	435	471	463	317
gene:Bcin16g00130	2	1	1	2	1	2
gene:Bcin16g00140	2	2	3	3	1	2
gene:Bcin16g00150	633	742	665	501	471	394
gene:Bcin16g00160	1024	1139	1468	1408	1449	1063
gene:Bcin16g00170	1	5	2	8	8	3
gene:Bcin16g00180	1287	1609	1153	207	201	199
gene:Bcin16g00190	9	24	16	6	15	3
gene:Bcin16g00200	36	52	29	36	16	24
gene:EFBcG00000013286	0	0	0	0	0	0
gene:Bcin16g00210	1	2	1	2	1	0
gene:Bcin16g00220	12	11	16	6	3	3
gene:Bcin16g00230	95	174	447	30	21	5
gene:Bcin16g00240	0	0	0	15	2	4
gene:Bcin16g00250	0	2	0	16	2	3
gene:Bcin16g00260	28	37	16	37	38	36
gene:Bcin16g00270	728	828	728	885	848	706
gene:Bcin16g00280	1445	1432	1125	967	1357	1017
gene:Bcin16g00290	231	245	204	238	247	180
gene:Bcin16g00300	0	0	1	3	1	1
gene:Bcin16g00310	101	120	78	111	137	91
gene:Bcin16g00320	85	115	92	99	90	82
gene:Bcin16g00330	65	88	82	128	85	88
gene:Bcin16g00340	196	250	241	260	151	147
gene:Bcin16g00350	650	746	573	519	358	404
gene:Bcin16g00360	4	5	5	77	77	15
gene:Bcin16g00370	1389	1460	1784	2850	2632	1239
gene:Bcin16g00380	131	141	144	1027	1348	893
gene:Bcin16g00390	4	1	3	7	8	2
gene:Bcin16g00400	0	0	0	1	0	0
gene:Bcin16g00410	2	2	2	2	7	1
gene:Bcin16g00420	1	1	3	2	1	3
gene:Bcin16g00430	4077	4542	3759	3460	2332	2334
gene:Bcin16g00440	335	354	316	237	202	176
gene:Bcin16g00450	251	258	255	196	146	139
gene:Bcin16g00460	13	17	8	28	15	11
gene:EFBcG00000013196	0	0	0	0	0	0
gene:ENSRNA049538331	0	0	0	0	0	0
gene:Bcin16g00470	246	232	260	211	169	132
gene:Bcin16g00480	66	98	71	79	51	32
gene:Bcin16g00490	1640	1961	1580	1814	1420	1268
gene:Bcin16g00500	345	424	449	546	488	380
gene:Bcin16g00510	87	99	82	86	67	42
gene:Bcin16g00520	564	597	486	526	445	339
gene:Bcin16g00530	203	215	221	105	123	71
gene:Bcin16g00540	1	0	0	0	0	0
gene:Bcin16g00550	272	243	206	256	238	112
gene:Bcin16g00560	46	47	42	46	29	25
gene:Bcin16g00570	122	107	141	318	156	120
gene:Bcin16g00580	78	82	66	101	93	66
gene:Bcin16g00590	468	563	522	582	576	474
gene:Bcin16g00600	231	279	254	263	215	222
gene:Bcin16g00610	565	505	466	468	362	282
gene:Bcin16g00620	534	648	587	640	611	472
gene:Bcin16g00630	9147	12368	4774	4702	2991	2622
gene:Bcin16g00640	1066	1340	1079	1324	1185	897
gene:Bcin16g00650	907	1093	923	713	571	467
gene:Bcin16g00660	32	39	37	53	46	36
gene:Bcin16g00670	39	54	38	46	34	26
gene:Bcin16g00680	38	38	26	43	59	63
gene:Bcin16g00690	843	1010	1043	1121	791	709
gene:Bcin16g00700	1497	1746	1522	1309	1070	866
gene:Bcin16g00710	5077	5873	4677	4489	3301	2946
gene:Bcin16g00720	317	370	313	246	202	153
gene:Bcin16g00730	1643	1800	1569	1306	1192	955
gene:Bcin16g00740	201	267	189	234	216	185
gene:Bcin16g00750	1202	1582	1159	1156	767	734
gene:Bcin16g00760	1	0	0	1	0	0
gene:Bcin16g00770	11	34	21	30	26	19
gene:Bcin16g00780	105	110	74	109	59	64
gene:Bcin16g00790	0	0	0	0	1	0
gene:Bcin16g00800	0	0	0	0	0	0
gene:EFBcG00000013356	5	0	3	0	0	0
gene:Bcin16g00810	627	506	457	259	121	93
gene:Bcin16g00820	3191	3298	3631	1931	1563	1393
gene:Bcin16g00830	2884	2669	3714	2054	1544	1576
gene:Bcin16g00840	1800	2111	1901	1667	1301	1145
gene:Bcin16g00850	762	875	775	928	595	594
gene:Bcin16g00860	2	1	3	8	5	2
gene:Bcin16g00870	4222	4443	4378	7977	8214	6896
gene:Bcin16g00880	680	726	690	389	294	288
gene:Bcin16g00890	0	0	0	0	0	0
gene:Bcin16g00900	0	1	0	0	0	0
gene:Bcin16g00910	0	0	0	0	0	0
gene:Bcin16g00920	1	2	0	6	4	8
gene:Bcin16g00930	3503	3401	5043	8329	12061	8938
gene:Bcin16g00940	111	105	94	265	186	130
gene:Bcin16g00950	4	2	3	9	21	13
gene:Bcin16g00960	3288	3816	3629	3145	3355	2449
gene:EFBcG00000013251	0	0	0	0	0	0
gene:ENSRNA049538357	0	0	0	0	0	0
gene:Bcin16g00970	31	21	50	29	45	15
gene:Bcin16g00980	15	21	19	111	130	38
gene:Bcin16g00990	21	13	9	48	53	18
gene:Bcin16g01000	804	847	532	9404	5063	2373
gene:Bcin16g01010	32	39	28	492	525	154
gene:Bcin16g01020	29	30	31	15	19	12
gene:Bcin16g01030	238	288	192	268	564	336
gene:Bcin16g01040	81	110	141	151	106	86
gene:Bcin16g01050	257	266	233	3570	3833	1261
gene:Bcin16g01060	325	339	279	646	479	446
gene:Bcin16g01070	111	139	121	113	81	63
gene:Bcin16g01080	626	677	550	543	477	392
gene:Bcin16g01090	4175	5720	3098	20682	18380	8285
gene:Bcin16g01100	635	756	680	459	384	309
gene:Bcin16g01110	296	301	278	239	227	154
gene:Bcin16g01120	210	213	194	254	472	214
gene:Bcin16g01130	1515	1924	1519	1686	1327	1055
gene:Bcin16g01140	131	123	111	169	151	105
gene:Bcin16g01150	312	386	341	319	192	207
gene:Bcin16g01160	640	646	710	610	475	356
gene:Bcin16g01170	4997	6057	5372	3991	2835	2585
gene:Bcin16g01180	329	387	325	331	267	196
gene:Bcin16g01190	5	7	5	13	8	7
gene:Bcin16g01200	525	597	555	655	617	473
gene:Bcin16g01210	767	884	863	736	835	616
gene:Bcin16g01220	382	444	435	598	600	505
gene:Bcin16g01230	278	296	335	325	278	214
gene:Bcin16g01240	921	1280	1051	1314	572	609
gene:Bcin16g01250	118	143	139	75	44	54
gene:Bcin16g01260	1027	1206	1007	347	280	246
gene:Bcin16g01270	615	639	747	84	283	77
gene:Bcin16g01280	568	649	615	716	526	446
gene:Bcin16g01290	572	616	514	614	416	469
gene:Bcin16g01300	1828	2618	1570	1216	1436	929
gene:Bcin16g01310	465	511	372	282	220	198
gene:Bcin16g01320	1077	1258	1002	563	595	507
gene:Bcin16g01330	321	345	226	200	127	101
gene:Bcin16g01340	580	646	611	619	510	494
gene:Bcin16g01350	6675	7178	5784	5230	4251	3941
gene:Bcin16g01360	675	806	787	402	307	349
gene:Bcin16g01370	408	411	442	476	323	295
gene:Bcin16g01380	422	487	453	603	440	443
gene:Bcin16g01390	1241	1413	1250	970	597	735
gene:Bcin16g01400	679	751	670	692	496	473
gene:Bcin16g01410	165	209	178	124	141	82
gene:Bcin16g01420	70	99	53	83	57	66
gene:Bcin16g01430	1523	1881	1291	1140	748	745
gene:Bcin16g01440	78	116	67	241	140	120
gene:Bcin16g01450	189	207	217	257	235	205
gene:Bcin16g01460	10	12	14	18	11	5
gene:Bcin16g01470	544	634	483	1002	990	716
gene:Bcin16g01480	117	193	64	31	22	23
gene:Bcin16g01490	76	128	439	73	45	38
gene:Bcin16g01500	785	813	777	624	542	441
gene:ENSRNA049513972	0	0	0	0	0	0
gene:EFBcG00000013369	0	0	0	0	0	0
gene:EFBcG00000013206	0	0	0	0	0	0
gene:ENSRNA049538383	0	0	0	0	0	0
gene:EFBcG00000013378	0	0	0	0	0	0
gene:ENSRNA049538492	0	0	0	0	0	0
gene:EFBcG00000013124	0	0	0	0	0	0
gene:ENSRNA049538407	0	0	0	0	0	0
gene:Bcin16g01510	547	551	522	786	1036	724
gene:Bcin16g01520	1513	1659	1387	1150	809	800
gene:Bcin16g01530	771	830	812	887	638	637
gene:Bcin16g01540	276	292	260	339	281	253
gene:Bcin16g01550	6301	7849	4610	8318	11073	8309
gene:Bcin16g01560	1408	1520	2010	2303	2133	1346
gene:Bcin16g01570	115	125	157	99	106	69
gene:Bcin16g01580	62	68	77	70	60	42
gene:EFBcG00000013213	0	0	0	0	0	0
gene:ENSRNA049538445	0	0	0	0	0	0
gene:Bcin16g01590	4	2	4	2	32	5
gene:Bcin16g01600	17	15	11	9	16	12
gene:Bcin16g01610	25	29	22	14	23	18
gene:Bcin16g01620	31	30	23	13	23	11
gene:Bcin16g01630	156	119	146	67	123	87
gene:Bcin16g01640	4003	4451	3910	4144	2584	2732
gene:Bcin16g01650	646	646	669	728	629	495
gene:Bcin16g01660	609	659	706	620	1043	448
gene:Bcin16g01670	402	419	360	393	561	244
gene:Bcin16g01680	2	2	2	5	16	10
gene:Bcin16g01690	1	1	0	1	3	3
gene:Bcin16g01700	6	2	5	14	15	8
gene:Bcin16g01710	61	62	67	214	329	242
gene:Bcin16g01720	821	792	777	731	536	488
gene:Bcin16g01730	217	209	183	238	256	120
gene:Bcin16g01740	513	459	488	550	889	419
gene:Bcin16g01750	85	99	80	94	92	63
gene:Bcin16g01760	86	141	81	98	120	88
gene:Bcin16g01770	749	1040	1095	1069	1170	888
gene:Bcin16g01780	278	310	324	583	856	482
gene:Bcin16g01790	11	16	12	13	9	9
gene:Bcin16g01800	12	14	19	28	87	57
gene:Bcin16g01810	14	27	28	38	94	64
gene:Bcin16g01820	39	30	91	42	116	85
gene:Bcin16g01830	62	60	62	13221	2581	3297
gene:Bcin16g01840	4	3	4	18	2	2
gene:Bcin16g01850	0	0	0	2	0	1
gene:Bcin16g01860	61	77	56	105	111	71
gene:Bcin16g01870	14	11	8	22	23	29
gene:Bcin16g01880	1	1	1	39	9	11
gene:Bcin16g01890	1	3	0	2472	565	522
gene:Bcin16g01900	243	297	285	353	191	208
gene:Bcin16g01910	431	388	398	455	385	267
gene:Bcin16g01920	1324	1605	1452	987	773	722
gene:Bcin16g01930	1	2	2	2	2	2
gene:Bcin16g01940	1	5	0	17	18	16
gene:Bcin16g01950	12355	14814	14264	3220	1978	2044
gene:Bcin16g01960	407	393	401	332	196	250
gene:Bcin16g01970	2176	2404	2172	1081	820	726
gene:Bcin16g01980	1082	1320	1174	1444	1351	1137
gene:Bcin16g01990	1990	2432	1914	1982	1879	1623
gene:Bcin16g02000	3	4	2	1	0	1
gene:Bcin16g02010	1557	1074	2195	665	360	468
gene:Bcin16g02020	32674	38546	34175	30882	28488	22634
gene:Bcin16g02030	51	70	33	94	129	79
gene:Bcin16g02040	1591	1816	1579	1067	934	720
gene:Bcin16g02050	238	265	242	277	266	171
gene:Bcin16g02060	18	19	16	50	34	34
gene:Bcin16g02070	15	15	17	26	21	29
gene:Bcin16g02080	34	35	51	230	167	178
gene:Bcin16g02090	254	305	292	518	488	329
gene:Bcin16g02100	137	152	166	195	160	160
gene:Bcin16g02110	361	338	314	245	245	212
gene:Bcin16g02120	459	526	636	1081	1182	823
gene:Bcin16g02130	1153	1332	895	446	157	151
gene:Bcin16g02140	17	23	16	454	177	139
gene:Bcin16g02150	1	4	1	20	11	12
gene:Bcin16g02160	0	1	1	1	0	2
gene:Bcin16g02170	1097	1347	1146	1199	928	885
gene:Bcin16g02180	11	12	3	5	11	6
gene:Bcin16g02190	817	924	813	1043	1198	1031
gene:Bcin16g02200	879	1031	929	1146	957	810
gene:Bcin16g02210	1973	2377	2065	2469	2003	1783
gene:Bcin16g02220	2157	2617	1839	2505	2387	2023
gene:Bcin16g02230	866	913	995	951	716	614
gene:Bcin16g02240	190	227	219	138	141	100
gene:Bcin16g02250	27	31	23	15	23	11
gene:Bcin16g02260	2085	2283	1383	540	425	455
gene:Bcin16g02270	502	583	526	330	258	336
gene:Bcin16g02280	795	949	871	857	560	549
gene:Bcin16g02290	17	12	13	16	14	10
gene:Bcin16g02300	262	240	289	196	153	125
gene:Bcin16g02310	873	1155	843	1103	824	709
gene:Bcin16g02320	257	269	305	450	485	380
gene:Bcin16g02330	612	484	500	844	493	396
gene:Bcin16g02340	214	250	212	233	198	166
gene:Bcin16g02350	7	7	5	10	10	5
gene:Bcin16g02360	2788	3554	2749	1698	1813	1373
gene:Bcin16g02370	12	11	5	13	15	7
gene:Bcin16g02380	186	209	154	120	109	80
gene:Bcin16g02390	2366	2679	2525	1839	1634	1403
gene:EFBcG00000013291	0	0	0	0	0	0
gene:ENSRNA049538466	0	0	0	0	0	0
gene:Bcin16g02400	0	0	0	0	0	2
gene:Bcin16g02410	139	172	163	214	166	142
gene:Bcin16g02420	0	0	0	0	0	0
gene:Bcin16g02430	1382	1325	1448	3736	4462	2661
gene:Bcin16g02440	2	1	3	6	9	5
gene:Bcin16g02450	2	6	9	18	9	8
gene:Bcin16g02460	59	69	54	57	77	47
gene:Bcin16g02470	29	30	37	51	23	31
gene:Bcin16g02480	1267	1040	1174	201	422	298
gene:Bcin16g02490	2148	2400	2458	733	737	688
gene:Bcin16g02500	4	3	6	35	26	18
gene:Bcin16g02510	49	66	24	47	40	28
gene:Bcin16g02520	293	337	193	139	125	114
gene:Bcin16g02530	3	4	3	10	3	6
gene:Bcin16g02540	20	25	23	16	24	14
gene:Bcin16g02550	134	152	119	150	108	107
gene:Bcin16g02560	441	344	356	10	22	14
gene:Bcin16g02570	8	8	7	34	19	10
gene:Bcin16g02580	4	3	2	22	12	13
gene:Bcin16g02590	1	0	0	3	4	1
gene:Bcin16g02600	1	1	2	3	4	2
gene:Bcin16g02610	10	8	3	6	15	4
gene:Bcin16g02620	0	0	1	1	0	0
gene:Bcin16g02630	559	627	642	332	198	240
gene:Bcin16g02640	832	989	717	1254	1132	1052
gene:Bcin16g02650	4	1	0	3	0	5
gene:Bcin16g02660	4	0	2	3	2	2
gene:Bcin16g02670	1	2	0	4	9	3
gene:Bcin16g02680	2922	3369	2804	1436	1180	1009
gene:Bcin16g02690	384	375	442	413	261	237
gene:Bcin16g02700	6782	8725	7267	954	1005	755
gene:Bcin16g02710	359	378	288	133	72	69
gene:Bcin16g02720	5	3	4	26	38	25
gene:Bcin16g02730	273	325	332	1035	2048	682
gene:Bcin16g02740	1	7	1	0	1	1
gene:Bcin16g02750	371	526	402	351	244	273
gene:Bcin16g02760	771	821	757	284	330	319
gene:Bcin16g02770	73520	89292	53280	1365	1359	1370
gene:Bcin16g02780	31	32	19	12	5	5
gene:Bcin16g02790	3074	4522	2732	1158	1365	1253
gene:Bcin16g02800	61	59	42	57	41	34
gene:Bcin16g02810	2640	2783	2998	2193	2702	1803
gene:Bcin16g02820	2475	2476	2794	3267	2031	1993
gene:Bcin16g02830	29	16	22	20	35	11
gene:ENSRNA049514020	0	0	0	2	0	1
gene:Bcin16g02840	53	83	39	63	89	64
gene:Bcin16g02850	602	900	443	100	138	130
gene:Bcin16g02860	528	636	449	251	199	144
gene:Bcin16g02870	60	74	49	34	29	25
gene:Bcin16g02880	235	301	265	395	253	225
gene:Bcin16g02890	317	334	231	283	183	181
gene:Bcin16g02900	60	90	45	90	66	44
gene:Bcin16g02910	332	442	382	372	458	307
gene:Bcin16g02920	438	456	359	275	244	228
gene:Bcin16g02930	0	0	0	0	1	1
gene:Bcin16g02940	1	0	0	0	0	0
gene:Bcin16g02950	0	1	0	0	0	0
gene:Bcin16g02960	0	0	0	0	0	1
gene:Bcin16g02970	31	32	41	18	28	17
gene:Bcin16g02980	471	563	538	489	443	375
gene:Bcin16g02990	387	355	514	1843	2136	1549
gene:Bcin16g03000	14	17	19	68	42	48
gene:Bcin16g03010	66	77	56	123	110	68
gene:Bcin16g03020	13364	15261	9870	46	22	23
gene:Bcin16g03030	21	22	9	31	38	17
gene:Bcin16g03040	317	347	422	70	101	85
gene:Bcin16g03050	1	2	0	3	2	0
gene:Bcin16g03060	122	161	131	75	56	57
gene:Bcin16g03070	918	1035	1003	764	718	585
gene:Bcin16g03080	5392	6168	5058	7806	10178	4709
gene:Bcin16g03090	1067	1170	1083	1151	1082	826
gene:Bcin16g03100	176	185	152	173	124	93
gene:Bcin16g03110	234	242	223	242	165	149
gene:Bcin16g03120	1803	1983	1611	1163	1029	555
gene:Bcin16g03130	571	574	589	644	557	544
gene:Bcin16g03140	4540	4553	4023	5662	4645	3828
gene:Bcin16g03150	759	919	846	516	460	395
gene:Bcin16g03160	448	432	478	941	591	498
gene:Bcin16g03170	921	1009	792	1315	873	763
gene:Bcin16g03180	12241	14648	8720	1596	996	1060
gene:Bcin16g03190	812	911	776	950	774	830
gene:Bcin16g03200	545	731	550	711	751	532
gene:Bcin16g03210	3	6	5	6	8	2
gene:Bcin16g03220	6	11	15	8	6	8
gene:Bcin16g03230	109	133	164	144	96	98
gene:Bcin16g03240	7	5	12	15	0	3
gene:Bcin16g03250	42	37	49	10	12	9
gene:Bcin16g03260	5	3	0	12	4	4
gene:Bcin16g03270	2	2	0	2	7	6
gene:Bcin16g03280	2162	2394	2042	1607	1530	1091
gene:Bcin16g03290	310	354	341	384	367	240
gene:Bcin16g03300	421	383	530	555	426	385
gene:Bcin16g03310	0	0	0	6	5	10
gene:Bcin16g03320	31	39	36	1735	2724	2027
gene:Bcin16g03330	0	0	0	3	1	2
gene:Bcin16g03340	370	401	337	280	227	199
gene:Bcin16g03350	3	5	2	5	1	3
gene:Bcin16g03360	265	270	287	200	205	146
gene:Bcin16g03370	114	130	149	128	84	79
gene:Bcin16g03380	1435	1384	2274	3787	4019	2546
gene:Bcin16g03390	194	214	190	357	234	196
gene:Bcin16g03400	257	287	233	294	213	189
gene:Bcin16g03410	1325	1653	1304	1349	933	989
gene:Bcin16g03420	7682	8488	5652	225	56	85
gene:Bcin16g03430	1118	1343	811	237	205	151
gene:Bcin16g03440	571	807	614	2786	1482	1164
gene:Bcin16g03450	474	540	473	358	285	219
gene:ENSRNA049514001	0	0	0	0	0	0
gene:EFBcG00000013284	0	0	0	0	0	0
gene:Bcin16g03460	182	226	187	300	224	191
gene:Bcin16g03470	6	9	6	16	22	16
gene:Bcin16g03480	981	1048	871	883	626	631
gene:Bcin16g03490	671	677	690	451	506	404
gene:Bcin16g03500	810	1279	686	1553	1207	908
gene:Bcin16g03510	628	753	741	1433	1213	968
gene:Bcin16g03520	1621	1625	1609	2139	1538	1022
gene:Bcin16g03530	2025	2862	1717	1023	786	587
gene:Bcin16g03540	3751	5560	1740	600	442	424
gene:Bcin16g03550	1128	1447	773	2039	2702	1611
gene:Bcin16g03560	74	90	92	72	75	59
gene:Bcin16g03570	162	183	149	101	148	98
gene:Bcin16g03580	93	126	93	400	714	188
gene:Bcin16g03590	542	690	500	497	412	342
gene:Bcin16g03600	153	224	203	158	99	85
gene:Bcin16g03610	1815	2155	2173	1927	1384	1273
gene:Bcin16g03620	2907	4179	5178	544	503	324
gene:Bcin16g03630	1274	1381	1365	1710	1893	1356
gene:Bcin16g03640	101	106	101	153	187	130
gene:Bcin16g03650	963	1002	1031	1077	1308	930
gene:Bcin16g03660	1813	2011	1753	1353	953	804
gene:Bcin16g03670	1440	1650	1314	2643	4583	1306
gene:Bcin16g03680	526	686	537	1490	1890	845
gene:Bcin16g03690	53	55	57	60	60	24
gene:Bcin16g03700	3157	3260	2619	2512	1947	1810
gene:Bcin16g03710	641	706	649	1316	1116	889
gene:Bcin16g03720	693	705	716	793	711	598
gene:Bcin16g03730	928	1062	1034	882	1060	746
gene:Bcin16g03740	527	548	552	710	881	469
gene:Bcin16g03750	400	461	430	415	285	268
gene:Bcin16g03760	2	4	2	8	3	5
gene:Bcin16g03770	609	608	571	571	489	434
gene:Bcin16g03780	2583	2843	2829	3246	2594	2452
gene:Bcin16g03790	778	946	877	832	707	620
gene:Bcin16g03800	704	784	783	749	641	528
gene:Bcin16g03810	20	17	22	134	165	129
gene:Bcin16g03820	2	8	2	13	9	8
gene:Bcin16g03830	21	29	24	16	13	16
gene:Bcin16g03840	1	2	0	3	3	4
gene:Bcin16g03850	0	0	0	0	0	0
gene:Bcin16g03860	0	0	0	0	0	0
gene:Bcin16g03870	287	359	375	224	111	118
gene:Bcin16g03880	240	254	265	336	220	196
gene:Bcin16g03890	333	391	330	323	293	258
gene:Bcin16g03900	1540	1785	1166	467	366	308
gene:Bcin16g03910	396	395	408	528	553	416
gene:Bcin16g03920	590	626	701	599	458	422
gene:Bcin16g03930	1615	1943	1655	1086	955	758
gene:Bcin16g03940	89	92	72	83	64	41
gene:Bcin16g03950	47957	53100	15876	53	44	29
gene:Bcin16g03960	0	0	0	1	0	0
gene:Bcin16g03970	932	1152	1130	994	740	555
gene:Bcin16g03980	4162	4728	2787	85	67	43
gene:Bcin16g03990	119	96	176	1700	1667	1641
gene:Bcin16g04000	10055	12410	9936	7513	5976	5077
gene:Bcin16g04010	403	459	459	365	344	276
gene:Bcin16g04020	8	15	9	25	22	25
gene:Bcin16g04030	421	578	376	231	514	296
gene:Bcin16g04040	970	981	940	395	660	423
gene:Bcin16g04050	7310	6975	9854	15678	12669	11368
gene:Bcin16g04060	0	0	0	2	5	2
gene:Bcin16g04070	13	14	22	21	11	11
gene:Bcin16g04080	268	292	240	282	256	239
gene:Bcin16g04090	19	12	12	124	89	60
gene:Bcin16g04100	266	321	145	211	255	153
gene:Bcin16g04110	240	278	313	319	236	242
gene:Bcin16g04120	33	35	36	64	29	26
gene:Bcin16g04130	143	124	125	93	85	44
gene:Bcin16g04140	59	72	55	64	42	38
gene:Bcin16g04150	247	280	252	146	165	166
gene:Bcin16g04160	690	752	685	371	430	365
gene:Bcin16g04170	761	977	703	589	500	382
gene:Bcin16g04180	692	751	729	290	332	290
gene:Bcin16g04190	1	3	1	3	0	2
gene:Bcin16g04200	151	197	126	92	85	66
gene:Bcin16g04210	71	77	81	101	105	104
gene:Bcin16g04220	14	16	16	16	15	15
gene:Bcin16g04230	73	70	76	110	206	110
gene:Bcin16g04240	1401	1509	1557	1765	1081	1161
gene:Bcin16g04250	853	848	1036	684	640	539
gene:Bcin16g04260	0	3	0	22	14	0
gene:Bcin16g04270	0	3	1	23	22	4
gene:Bcin16g04280	146	187	228	223	120	100
gene:Bcin16g04290	433	442	431	390	268	210
gene:Bcin16g04300	1099	1191	1222	1349	1007	918
gene:Bcin16g04310	486	505	490	369	309	299
gene:Bcin16g04320	1925	2384	1999	1939	1340	1159
gene:Bcin16g04330	6542	6876	5288	4334	4294	3398
gene:Bcin16g04340	2370	2401	2357	2053	1819	1392
gene:Bcin16g04350	1089	1196	1071	621	468	455
gene:Bcin16g04360	84	145	38	53	49	34
gene:Bcin16g04370	377	510	228	210	181	139
gene:Bcin16g04380	0	1	0	0	1	0
gene:Bcin16g04390	0	0	0	0	0	0
gene:Bcin16g04400	1	3	0	0	3	2
gene:Bcin16g04410	3	2	3	12	9	4
gene:Bcin16g04420	182	153	197	493	897	619
gene:Bcin16g04430	5	3	5	36	11	7
gene:Bcin16g04440	717	692	704	645	758	526
gene:Bcin16g04450	243	244	250	260	233	195
gene:Bcin16g04460	46	57	47	48	54	43
gene:Bcin16g04470	6	4	1	6	1	5
gene:Bcin16g04480	594	579	310	358	375	279
gene:Bcin16g04490	6	3	4	5	2	3
gene:Bcin16g04500	3442	4166	3017	1211	923	936
gene:Bcin16g04520	1126	1382	939	238	243	207
gene:Bcin16g04530	0	0	0	0	0	0
gene:Bcin16g04540	1242	1449	1161	999	1010	778
gene:Bcin16g04550	6	11	10	3	17	7
gene:Bcin16g04560	176	215	179	210	164	140
gene:Bcin16g04570	0	0	0	0	1	0
gene:Bcin16g04580	668	684	668	640	467	373
gene:Bcin16g04590	104	107	64	113	137	104
gene:Bcin16g04600	42	48	30	240	259	156
gene:Bcin16g04610	6	18	0	63	54	43
gene:Bcin16g04620	796	2948	519	27673	32974	24219
gene:Bcin16g04630	142	206	169	2349	2570	2341
gene:Bcin16g04640	17961	24183	16053	44648	35055	33602
gene:Bcin16g04650	3	2	2	2	4	3
gene:Bcin16g04660	3	6	1	7	1	2
gene:Bcin16g04670	616	535	507	557	416	348
gene:Bcin16g04680	879	993	860	898	808	643
gene:Bcin16g04690	3809	4111	4350	3498	2716	2307
gene:Bcin16g04700	41	65	53	33	48	38
gene:Bcin16g04710	2633	3126	2520	3529	3062	2656
gene:Bcin16g04720	1576	1982	1759	2312	2076	1733
gene:Bcin16g04730	990	1001	1008	990	704	602
gene:Bcin16g04740	508	530	519	484	399	350
gene:Bcin16g04750	372	342	347	688	513	403
gene:Bcin16g04760	400	539	433	359	276	239
gene:Bcin16g04770	114	101	130	99	72	68
gene:Bcin16g04780	786	848	794	546	306	379
gene:Bcin16g04790	182	200	115	1248	400	368
gene:Bcin16g04800	10133	11883	10437	15549	12475	11446
gene:Bcin16g04810	13391	13995	13150	16683	14715	12485
gene:Bcin16g04820	1026	1064	1280	988	1240	650
gene:Bcin16g04830	372	453	380	294	188	166
gene:Bcin16g04840	0	1	3	1	0	1
gene:Bcin16g04850	142	175	221	161	141	102
gene:Bcin16g04860	1522	1318	851	4	2	7
gene:Bcin16g04870	2299	2430	1937	13	7	11
gene:Bcin16g04880	10	15	2	0	0	0
gene:Bcin16g04890	48	54	44	24	17	23
gene:Bcin16g04900	8	8	8	3	0	2
gene:Bcin16g04910	2058	2625	2028	1377	1536	1208
gene:Bcin16g04920	378	431	362	549	527	422
gene:Bcin16g04930	137	118	65	88	50	53
gene:Bcin16g04940	64	61	53	44	20	29
gene:Bcin16g04950	121	152	150	235	148	134
gene:Bcin16g04960	5	7	3	2	1	3
gene:Bcin16g04970	984	1107	902	1287	1239	773
gene:Bcin16g04980	0	0	0	0	0	0
gene:Bcin16g04990	1085	952	1240	6685	10712	8366
gene:Bcin16g05000	58	104	59	83	48	32
gene:Bcin16g05010	38	34	39	68	87	60
gene:Bcin16g05020	12	26	11	21	18	14
gene:Bcin16g05030	9	9	10	19	10	7
gene:Bcin16g05040	4	3	4	7	3	0
gene:Bcin16g05050	7	7	9	4	2	9
gene:Bcin16g05060	0	0	0	0	0	0
gene:Bcin16g05070	1438	1846	1408	1346	1026	905
gene:Bcin16g05080	3280	3713	3539	2025	1760	1281
gene:Bcin16g05090	910	1153	707	976	1092	713
gene:Bcin16g05100	55	77	71	195	164	91
gene:Bcin16g05110	18	21	19	40	25	20
gene:Bcin16g05120	599	606	625	701	401	382
gene:Bcin16g05130	17	24	20	29	16	12
gene:Bcin16g05140	1322	1492	1217	1249	1205	873
gene:Bcin16g05150	10	16	23	21	18	12
gene:Bcin16g05160	55	74	66	82	61	48
gene:Bcin16g05170	299	333	317	346	206	233
gene:Bcin16g05180	1182	1503	1346	998	846	639
gene:Bcin16g05190	2707	3547	5870	285	160	196
gene:Bcin16g05195	16	17	19	123	171	147
gene:Bcin16g05196	1	3	3	10	19	10
gene:Bcin16g05198	14	30	34	226	261	195
gene:Bcin16g05200	3	0	0	1	0	0
gene:Bcin17g00010	213	351	188	122	137	110
gene:Bcin17g00020	78	134	68	23	35	36
gene:Bcin17g00030	148	235	194	68	93	61
gene:Bcin17g00040	1251	1971	1639	410	344	342
gene:Bcin17g00050	109	215	72	14	17	18
gene:Bcin17g00060	58	65	36	54	66	65
gene:Bcin17g00065	212	235	226	214	163	160
gene:Bcin17g00070	711	875	659	594	572	506
gene:Bcin17g00090	0	0	0	4	1	0
gene:Bcin17g00110	1	1	0	6	1	2
gene:Bcin17g00120	0	0	0	2	0	0
gene:Bcin17g00130	10	9	7	19	18	14
gene:Bcin17g00140	159	190	148	175	143	106
gene:Bcin17g00150	0	0	0	0	0	0
gene:Bcin17g00160	0	0	0	0	0	0
gene:Bcin17g00170	9	8	7	10	7	5
gene:Bcin17g00180	0	0	0	0	0	0
gene:Bcin17g00230	239	285	188	229	157	147
gene:Bcin18g00010	2	1	0	18	17	9
gene:Bcin18g00020	52	56	66	636	704	636
gene:Bcin18g00040	3	2	4	3	4	6
gene:Bcin18g00060	266	273	217	245	160	152
gene:Bcin18g00090	0	0	0	0	0	0
gene:Bcin18g00110	207	267	216	198	139	120
gene:Bcin18g00120	0	0	2	0	0	0
gene:Bcin18g00130	1	0	0	0	1	0
gene:Bcin18g00135	16	35	24	21	11	8
gene:Bcin18g00140	11	15	8	17	12	17
gene:Bcin18g00145	410	499	350	573	610	430
gene:Bcin18g00150	96	150	132	44	18	22
gene:Bcin18g00160	14	13	17	4	2	5
gene:Bcin18g00170	0	1	0	0	2	2
gene:Bcin18g00180	40	39	19	69	45	24
gene:Bcin18g00190	156	175	132	140	126	116
gene:Bcin02g00002	9	6	4	13	5	4
gene:Bcin02g00003	0	0	1	1	0	0
gene:Bcin02g00004	4	1	4	5	2	3
gene:Bcin02g00005	960	1027	960	347	332	295
gene:Bcin02g00006	33	40	25	29	26	26
gene:Bcin02g00007	689	823	607	941	856	678
gene:Bcin02g00008	116	127	101	92	128	74
gene:Bcin02g00009	2	0	1	3	1	0
gene:Bcin02g00010	2	3	2	2	3	3
gene:Bcin02g00011	1	1	1	2	1	1
gene:Bcin02g00012	0	0	0	0	0	0
gene:Bcin02g00013	3017	4039	3350	19253	14459	12670
gene:Bcin02g00014	31	73	89	473	199	201
gene:Bcin02g00015	6	21	15	182	71	64
gene:Bcin02g00016	250	775	1325	2736	683	653
gene:Bcin02g00018	1	3	0	1	2	2
gene:Bcin02g00020	417	432	159	191	162	140
gene:Bcin02g00030	612	578	297	81	59	66
gene:Bcin02g00040	4	8	4	4	9	0
gene:Bcin02g00050	13	23	7	5	4	6
gene:Bcin02g00060	86	76	26	11	6	12
gene:Bcin02g00070	274	326	126	26	10	24
gene:Bcin02g00080	11482	10702	11657	297	246	229
gene:Bcin02g00090	56	53	45	82	69	55
gene:Bcin02g00100	20	18	44	15	16	14
gene:Bcin02g00110	377	380	353	285	239	200
gene:Bcin02g00120	1754	2008	1536	1457	846	906
gene:Bcin02g00130	681	649	627	683	781	561
gene:Bcin02g00140	61	54	65	37	24	16
gene:Bcin02g00150	241	293	191	314	225	180
gene:Bcin02g00160	20818	36790	18269	69470	65442	52990
gene:Bcin02g00170	1772	1928	1882	1732	1661	1106
gene:Bcin02g00180	10	7	14	12	22	12
gene:Bcin02g00190	1734	1891	1557	1227	1215	833
gene:Bcin02g00200	189	215	112	133	146	106
gene:Bcin02g00210	10937	10839	5673	286	259	157
gene:Bcin02g00220	480	592	604	2167	3077	2291
gene:Bcin02g00230	3329	3467	3368	5650	8254	6980
gene:Bcin02g00240	1442	1680	1442	5420	7359	4795
gene:Bcin02g00250	242	326	260	850	1052	625
gene:Bcin02g00260	752	864	681	1975	2248	1761
gene:Bcin02g00270	1486	1529	1534	3370	5462	3872
gene:Bcin02g00280	2709	3731	3064	12262	13474	11920
gene:Bcin02g00290	2	2	1	11	19	17
gene:Bcin02g00300	35	72	32	227	485	302
gene:Bcin02g00310	715	736	665	1009	876	702
gene:Bcin02g00320	147	161	108	218	255	208
gene:Bcin02g00330	3	1	3	10	4	5
gene:Bcin02g00340	0	0	0	1	0	1
gene:Bcin02g00350	251	277	267	680	802	419
gene:Bcin02g00360	13	29	12	1	1	0
gene:Bcin02g00370	15	14	11	7	6	4
gene:Bcin02g00380	85	118	65	47	30	25
gene:Bcin02g00390	83	127	60	9	14	8
gene:Bcin02g00400	87	81	62	34	19	19
gene:Bcin02g00410	48	52	31	9	9	3
gene:Bcin02g00420	7529	9292	4711	49	87	51
gene:Bcin02g00430	13	19	12	6	16	14
gene:Bcin02g00440	776	747	332	511	1120	292
gene:Bcin02g00450	1	0	0	0	0	0
gene:Bcin02g00460	2593	6318	339	98	83	68
gene:Bcin02g00470	3339	3782	3106	2245	2249	1958
gene:Bcin02g00480	895	915	729	883	597	526
gene:Bcin02g00490	856	1003	976	996	1022	780
gene:Bcin02g00500	135	174	44	76	93	62
gene:Bcin02g00510	1	1	0	1	3	1
gene:Bcin02g00520	109	129	111	314	257	223
gene:Bcin02g00530	8	19	13	19	45	21
gene:Bcin02g00540	591	666	635	515	486	410
gene:Bcin02g00550	4	1	1	5	4	0
gene:Bcin02g00560	1	1	0	1	0	0
gene:Bcin02g00570	630	696	570	513	325	328
gene:Bcin02g00580	1	0	0	0	0	0
gene:Bcin02g00590	0	0	0	0	0	0
gene:Bcin02g00600	0	1	0	3	0	0
gene:Bcin02g00610	3	0	1	2	0	0
gene:Bcin02g00620	59	95	15	25	16	7
gene:Bcin02g00630	1128	1126	869	987	707	695
gene:Bcin02g00640	637	701	674	463	360	377
gene:Bcin02g00650	7	10	7	18	14	11
gene:Bcin02g00660	954	893	1170	577	497	468
gene:Bcin02g00670	900	1144	854	1116	811	740
gene:Bcin02g00680	19	19	22	35	17	23
gene:Bcin02g00690	0	0	0	0	0	0
gene:Bcin02g00700	1	2	3	22	18	11
gene:Bcin02g00710	683	710	590	785	807	616
gene:Bcin02g00720	16	18	9	62	53	28
gene:Bcin02g00730	4	5	6	8	5	4
gene:Bcin02g00740	33	52	60	72	148	65
gene:Bcin02g00750	17	7	6	402	965	617
gene:Bcin02g00760	23	27	34	57	57	52
gene:Bcin02g00770	90	90	67	104	115	89
gene:Bcin02g00780	529	507	458	366	644	245
gene:Bcin02g00790	688	817	544	396	411	420
gene:Bcin02g00800	5529	6507	4959	2315	2751	2013
gene:Bcin02g00810	473	669	355	226	184	182
gene:Bcin02g00820	1215	1389	892	311	393	331
gene:Bcin02g00830	927	1037	776	387	465	383
gene:Bcin02g00840	226	288	240	159	77	85
gene:Bcin02g00850	2998	3456	2831	1881	2232	1544
gene:Bcin02g00860	34	30	39	1102	1790	1782
gene:Bcin02g00870	26	28	26	71	101	60
gene:Bcin02g00880	1532	1712	1432	3370	4581	1886
gene:Bcin02g00890	201	255	199	192	187	159
gene:Bcin02g00900	6760	8005	5717	7868	7508	5878
gene:Bcin02g00910	4140	4742	3790	2680	3431	1895
gene:Bcin02g00920	248	250	184	376	262	261
gene:Bcin02g00930	0	0	0	0	0	0
gene:Bcin02g00940	0	1	0	3	2	0
gene:Bcin02g00950	198	227	159	234	181	162
gene:Bcin02g00960	715	903	674	1319	1206	861
gene:Bcin02g00970	18	21	9	35	17	16
gene:Bcin02g00980	13	10	10	17	12	9
gene:Bcin02g00990	590	628	439	835	644	510
gene:Bcin02g01000	537	580	413	665	535	430
gene:Bcin02g01010	277	446	161	2241	2562	2220
gene:Bcin02g01020	2968	3479	2878	3485	2975	2555
gene:Bcin02g01030	1440	1669	1444	1116	907	791
gene:Bcin02g01040	39	52	46	40	41	22
gene:Bcin02g01050	0	0	0	0	0	0
gene:Bcin02g01060	16917	18308	15012	32364	30515	25057
gene:Bcin02g01070	6097	7495	5919	4154	3065	2796
gene:Bcin02g01080	548	784	361	418	478	386
gene:Bcin02g01090	369	334	241	337	244	231
gene:Bcin02g01100	0	0	0	4	0	1
gene:Bcin02g01110	2	1	1	0	1	1
gene:Bcin02g01120	3	7	6	85	27	44
gene:Bcin02g01130	1	0	2	14	7	4
gene:Bcin02g01140	0	0	1	8	6	5
gene:Bcin02g01150	3	0	1	63	29	15
gene:Bcin02g01160	389	515	366	686	541	488
gene:Bcin02g01170	658	733	685	1376	1493	819
gene:Bcin02g01180	0	2	1	11	7	7
gene:Bcin02g01190	0	0	0	1	0	0
gene:Bcin02g01200	0	0	1	0	1	0
gene:Bcin02g01210	197	214	174	171	196	160
gene:Bcin02g01220	40	40	39	72	41	36
gene:Bcin02g01230	29	55	12	20685	5013	5301
gene:Bcin02g01240	2	2	3	8	2	1
gene:Bcin02g01250	14	20	16	102	46	27
gene:Bcin02g01260	327	289	524	1383	723	257
gene:Bcin02g01270	23	37	40	50	19	24
gene:Bcin02g01280	489	573	436	294	210	177
gene:Bcin02g01290	75	102	77	82	86	78
gene:Bcin02g01300	744	780	679	881	675	561
gene:Bcin02g01310	163	190	178	187	120	109
gene:Bcin02g01320	481	625	443	148	115	135
gene:Bcin02g01330	239	320	227	106	83	79
gene:Bcin02g01340	172	180	136	109	73	69
gene:Bcin02g01350	188	221	239	203	185	141
gene:Bcin02g01360	1701	1903	1666	1721	1439	1134
gene:Bcin02g01370	6300	6988	5720	6077	4392	4260
gene:Bcin02g01380	11	12	17	14	16	8
gene:Bcin02g01390	4145	4780	3625	3430	3452	2793
gene:Bcin02g01400	11	7	6	4	3	2
gene:Bcin02g01410	5	5	4	2	0	1
gene:Bcin02g01420	569	510	400	2082	1734	1573
gene:Bcin02g01430	1350	1596	1250	1550	1160	1021
gene:Bcin02g01440	72	72	78	62	174	58
gene:Bcin02g01450	700	880	381	37	26	24
gene:Bcin02g01460	437	576	247	42	12	14
gene:Bcin02g01470	30	35	9	66	121	72
gene:Bcin02g01480	38	58	24	44	20	12
gene:Bcin02g01490	84	129	69	84	86	60
gene:Bcin02g01500	13	5	15	27	19	10
gene:Bcin02g01510	462	523	457	521	488	407
gene:Bcin02g01520	938	1072	900	861	718	689
gene:Bcin02g01530	522	506	465	360	286	306
gene:Bcin02g01540	4292	4986	3527	4092	3143	2843
gene:Bcin02g01550	16	13	34	83	65	72
gene:Bcin02g01560	371	482	386	545	332	355
gene:Bcin02g01570	1	1	1	3	3	0
gene:Bcin02g01580	621	828	291	182	121	114
gene:Bcin02g01590	240	379	122	147	119	98
gene:EFBcG00000013127	0	0	0	0	0	0
gene:ENSRNA049512272	0	0	0	0	0	0
gene:Bcin02g01600	3	6	2	2	0	2
gene:Bcin02g01610	542	918	484	970	956	728
gene:Bcin02g01620	72	87	53	68	83	77
gene:Bcin02g01630	1001	1285	893	909	929	797
gene:Bcin02g01640	31	42	9	20	11	6
gene:Bcin02g01650	447	532	215	307	316	167
gene:Bcin02g01660	2878	3625	1973	1264	929	844
gene:Bcin02g01670	9	8	14	7	5	7
gene:EFBcG00000013140	0	1	2	0	1	1
gene:Bcin02g01680	17	7	8	11	14	10
gene:Bcin02g01690	14	11	2	23	18	11
gene:Bcin02g01700	0	0	0	0	0	0
gene:Bcin02g01710	5	4	1	6	8	2
gene:Bcin02g01720	2263	2914	1534	1684	1462	1233
gene:Bcin02g01730	226	226	86	1120	1685	1147
gene:Bcin02g01740	336	436	337	558	550	451
gene:Bcin02g01750	206	272	208	176	128	117
gene:Bcin02g01760	2138	2174	1658	2481	2027	1680
gene:EFBcG00000013189	0	0	0	0	0	0
gene:ENSRNA049538535	0	0	0	0	0	0
gene:Bcin02g01770	16	9	7	8	0	4
gene:Bcin02g01780	39	14	45	5	4	2
gene:Bcin02g01790	9216	10035	8262	8771	8986	7421
gene:Bcin02g01800	2130	2568	1908	1936	1750	1420
gene:Bcin02g01810	2386	2689	2266	1672	2531	1652
gene:Bcin02g01820	363	390	324	792	821	569
gene:Bcin02g01830	283	274	223	489	356	266
gene:Bcin02g01840	190	244	217	406	421	278
gene:Bcin02g01850	1919	2130	1541	3249	4598	1750
gene:Bcin02g01860	1	1	1	1	0	0
gene:Bcin02g01870	90	89	57	86	72	41
gene:Bcin02g01880	4	4	6	11	13	5
gene:Bcin02g01890	14	13	11	14	14	14
gene:Bcin02g01900	252	261	205	146	106	97
gene:Bcin02g01910	161	165	126	139	101	109
gene:Bcin02g01920	2960	3305	2482	2647	1878	1890
gene:Bcin02g01930	2906	3401	2870	3242	2231	2289
gene:Bcin02g01940	9	14	7	43	34	18
gene:Bcin02g01950	41	55	79	220	102	59
gene:Bcin02g01960	9221	9499	7098	49	55	46
gene:Bcin02g01970	235	269	220	436	449	382
gene:Bcin02g01980	3985	4947	4132	3757	3000	2598
gene:Bcin02g01990	5	11	4	7	18	22
gene:Bcin02g02000	8401	9789	9892	326	276	332
gene:Bcin02g02010	602	583	569	675	872	437
gene:Bcin02g02020	414	417	326	379	252	225
gene:Bcin02g02030	2062	2518	1966	2133	1916	1579
gene:Bcin02g02040	2437	1878	469	5	5	4
gene:Bcin02g02050	48	47	56	61	45	49
gene:Bcin02g02060	38	28	23	62	27	24
gene:Bcin02g02070	0	0	0	0	0	0
gene:Bcin02g02080	3	1	3	2	5	3
gene:Bcin02g02090	4501	4583	3428	5877	13361	6932
gene:EFBcG00000013325	0	0	0	0	0	0
gene:ENSRNA049538561	0	0	0	0	0	0
gene:Bcin02g02100	878	973	1060	1026	684	559
gene:Bcin02g02110	1977	2414	2041	2732	1668	1835
gene:Bcin02g02120	21	21	12	22	15	14
gene:Bcin02g02130	1	2	0	2	0	0
gene:Bcin02g02140	112	103	64	46	30	22
gene:Bcin02g02150	1022	1739	695	74	49	26
gene:Bcin02g02160	603	590	481	653	692	555
gene:Bcin02g02170	12	4	12	25	25	13
gene:Bcin02g02180	241	314	279	328	320	244
gene:Bcin02g02190	17	21	25	45	38	22
gene:Bcin02g02200	314	360	244	236	267	227
gene:Bcin02g02210	4355	4678	4685	8064	8420	6950
gene:Bcin02g02220	2	3	3	20	23	10
gene:Bcin02g02230	21	23	25	23	7	15
gene:Bcin02g02240	6210	7660	6400	5448	4107	3460
gene:Bcin02g02250	2537	2590	2414	2420	2346	1783
gene:Bcin02g02260	966	1120	948	847	649	564
gene:Bcin02g02270	98	97	79	154	106	82
gene:Bcin02g02280	621	537	561	651	549	438
gene:Bcin02g02290	158	177	146	155	129	98
gene:Bcin02g02300	841	902	585	1997	3094	1410
gene:Bcin02g02310	634	662	491	558	556	451
gene:Bcin02g02320	1217	1391	1135	393	334	285
gene:Bcin02g02330	737	805	592	546	577	394
gene:Bcin02g02340	1211	1375	1174	1221	934	831
gene:Bcin02g02350	1119	1113	959	1278	866	889
gene:Bcin02g02360	585	717	565	644	596	472
gene:Bcin02g02370	506	522	537	739	492	383
gene:Bcin02g02380	50	47	26	43	38	44
gene:Bcin02g02390	29	31	27	27	17	16
gene:Bcin02g02400	553	569	507	456	324	345
gene:Bcin02g02410	4645	5334	4651	11436	14260	11224
gene:Bcin02g02420	3049	3165	1176	348	280	203
gene:Bcin02g02430	19	9	11	26	15	18
gene:Bcin02g02440	0	2	2	6	4	2
gene:Bcin02g02450	166	123	71	81	105	83
gene:Bcin02g02460	134	141	93	527	618	426
gene:Bcin02g02470	386	540	392	315	310	276
gene:Bcin02g02480	747	877	637	1106	1251	860
gene:Bcin02g02490	3010	3413	2695	2759	2447	2085
gene:Bcin02g02500	321	400	291	420	351	296
gene:Bcin02g02510	4642	5108	4549	6983	6218	5312
gene:Bcin02g02520	10221	11253	10371	12603	9926	9063
gene:Bcin02g02530	797	753	734	834	547	505
gene:Bcin02g02540	1428	1462	1326	1990	1814	1465
gene:Bcin02g02550	109	125	138	138	121	93
gene:Bcin02g02560	199	262	203	149	116	129
gene:Bcin02g02570	4220	4896	3642	4818	5270	3690
gene:Bcin02g02580	1711	1849	1625	2580	2538	2265
gene:Bcin02g02590	28	53	29	41	29	29
gene:Bcin02g02600	2475	3122	2417	2470	1613	1727
gene:Bcin02g02610	5524	6243	5145	4260	3272	3045
gene:Bcin02g02620	8	12	7	19	14	6
gene:Bcin02g02630	3203	3998	2857	2761	2105	1901
gene:Bcin02g02640	337	457	348	416	317	316
gene:Bcin02g02650	504	634	525	532	308	374
gene:Bcin02g02660	735	688	831	591	635	452
gene:Bcin02g02670	868	1109	863	3428	1310	1116
gene:Bcin02g02680	352	415	281	461	364	313
gene:Bcin02g02690	418	517	466	379	253	281
gene:Bcin02g02700	523	602	604	2036	2225	1518
gene:Bcin02g02710	1878	2177	1696	1313	1137	865
gene:Bcin02g02720	0	6	3	214	20	31
gene:Bcin02g02730	44	49	28	27	19	25
gene:ENSRNA049512377	0	0	0	0	0	0
gene:EFBcG00000013295	0	0	0	0	0	0
gene:Bcin02g02740	5145	6572	4897	13528	12125	11258
gene:Bcin02g02750	19975	21897	20107	16913	14059	12731
gene:Bcin02g02760	934	1216	792	881	768	699
gene:Bcin02g02770	184	251	177	142	133	105
gene:Bcin02g02780	83	176	48	1016	1079	911
gene:Bcin02g02790	135	170	70	565	672	679
gene:Bcin02g02800	296	265	237	255	173	174
gene:Bcin02g02810	233	275	168	243	168	212
gene:Bcin02g02820	1565	2301	1249	1723	2027	1641
gene:Bcin02g02830	33	42	33	52	77	53
gene:Bcin02g02840	587	678	535	387	341	302
gene:Bcin02g02850	34	24	34	66	100	46
gene:Bcin02g02860	0	0	0	0	0	0
gene:Bcin02g02870	640	731	595	646	537	452
gene:Bcin02g02880	125	146	128	148	140	119
gene:Bcin02g02890	1148	1370	1078	1199	942	918
gene:Bcin02g02900	495	537	507	668	573	516
gene:Bcin02g02910	5931	6096	4755	3272	3425	2372
gene:Bcin02g02920	2670	3154	2604	2914	2178	2161
gene:Bcin02g02930	1417	1507	1092	712	984	720
gene:Bcin02g02940	400	516	839	206	89	85
gene:Bcin02g02950	27	36	30	67	37	34
gene:Bcin02g02960	877	1076	865	1149	1074	829
gene:Bcin02g02970	102	117	105	155	123	73
gene:Bcin02g02980	841	839	842	2891	2569	2049
gene:Bcin02g02990	663	745	621	419	432	411
gene:Bcin02g03000	163	166	110	54	32	34
gene:Bcin02g03010	219	269	226	235	175	175
gene:Bcin02g03020	311	400	285	344	263	210
gene:Bcin02g03030	80	79	58	59	36	35
gene:Bcin02g03040	13	18	10	36	23	18
gene:Bcin02g03050	120	139	95	185	64	75
gene:Bcin02g03060	6589	7228	3318	2041	1572	1119
gene:Bcin02g03070	245	233	189	511	544	476
gene:Bcin02g03080	4429	4857	4331	4830	3322	3303
gene:Bcin02g03090	7347	9873	6936	2533	2842	2378
gene:Bcin02g03100	204	204	163	224	209	165
gene:Bcin02g03110	187	276	235	293	230	161
gene:Bcin02g03120	1	1	2	4	0	1
gene:Bcin02g03130	0	0	0	0	1	0
gene:Bcin02g03140	1	8	3	6	10	2
gene:Bcin02g03150	297	277	224	301	221	191
gene:Bcin02g03160	786	825	753	737	503	516
gene:Bcin02g03170	1216	1474	1237	1442	1189	1112
gene:Bcin02g03180	3533	3538	2887	3745	3349	2980
gene:Bcin02g03190	153	210	132	139	99	118
gene:Bcin02g03200	688	903	710	1411	1120	952
gene:Bcin02g03210	355	474	196	52	44	39
gene:Bcin02g03220	3	10	4	3	4	1
gene:Bcin02g03230	3	8	4	8	23	24
gene:Bcin02g03240	573	638	691	1178	1467	1084
gene:Bcin02g03250	335	364	329	327	314	251
gene:Bcin02g03260	302	535	220	356	376	307
gene:Bcin02g03270	343	415	399	408	185	181
gene:Bcin02g03280	237	269	243	304	234	208
gene:Bcin02g03290	1156	1431	1127	697	670	568
gene:Bcin02g03300	1295	1496	1177	1051	1165	930
gene:Bcin02g03310	13	15	6	9	6	9
gene:Bcin02g03320	2936	3475	2750	3908	5015	3027
gene:Bcin02g03330	463	449	448	564	402	353
gene:Bcin02g03340	1733	1788	1551	1337	823	847
gene:Bcin02g03350	217	249	303	426	269	248
gene:Bcin02g03360	677	741	622	402	276	285
gene:Bcin02g03370	651	700	621	505	381	354
gene:Bcin02g03380	157	169	130	107	107	91
gene:Bcin02g03390	550	591	444	434	331	305
gene:EFBcG00000013263	2	0	0	0	0	0
gene:Bcin02g03400	1871	1872	1381	3064	2626	1423
gene:Bcin02g03410	297	352	234	240	141	102
gene:Bcin02g03420	799	860	742	737	581	529
gene:Bcin02g03430	1630	1492	1709	816	467	490
gene:Bcin02g03440	617	501	543	204	148	128
gene:Bcin02g03450	2053	2336	1953	2698	2192	2019
gene:Bcin02g03460	181	226	170	161	145	91
gene:Bcin02g03470	1150	1317	1077	1107	933	824
gene:Bcin02g03480	818	852	294	33	27	22
gene:Bcin02g03490	1850	2017	1093	1458	1268	900
gene:Bcin02g03500	332	390	337	423	539	391
gene:Bcin02g03510	174	154	80	287	320	98
gene:Bcin02g03520	1389	1441	1292	1210	1130	878
gene:Bcin02g03530	22395	22555	20640	26492	25279	20976
gene:Bcin02g03540	20686	20993	18605	28759	24073	20874
gene:Bcin02g03550	90	93	61	70	64	50
gene:Bcin02g03560	892	1274	705	2382	1612	1144
gene:Bcin02g03570	374	452	342	323	187	222
gene:Bcin02g03580	838	812	604	881	606	478
gene:Bcin02g03590	655	780	649	561	553	394
gene:Bcin02g03600	571	593	528	1483	1625	1343
gene:Bcin02g03610	599	708	614	659	500	472
gene:Bcin02g03620	129	164	112	108	99	101
gene:Bcin02g03630	62	75	66	157	133	90
gene:Bcin02g03640	569	713	552	582	517	439
gene:Bcin02g03650	20	26	10	14	9	8
gene:Bcin02g03660	303	306	312	191	359	230
gene:Bcin02g03670	699	719	457	157	92	97
gene:Bcin02g03680	0	0	0	2	0	0
gene:Bcin02g03690	0	0	0	0	0	0
gene:Bcin02g03700	0	0	0	0	0	0
gene:Bcin02g03710	0	0	0	0	0	0
gene:Bcin02g03720	0	0	0	0	0	0
gene:Bcin02g03730	1	0	1	0	0	2
gene:Bcin02g03740	0	0	0	0	0	0
gene:Bcin02g03750	0	0	0	0	0	0
gene:Bcin02g03760	0	1	0	0	0	0
gene:Bcin02g03770	105	154	93	256	338	243
gene:Bcin02g03780	2119	2571	1975	771	576	563
gene:Bcin02g03790	657	829	624	360	328	274
gene:Bcin02g03800	198	247	176	233	178	197
gene:Bcin02g03810	563	612	560	1031	674	629
gene:Bcin02g03820	209	276	198	334	221	209
gene:Bcin02g03830	653	761	669	814	561	507
gene:Bcin02g03840	9	11	10	9	9	15
gene:Bcin02g03850	36	50	36	28	24	25
gene:Bcin02g03860	3954	4476	3183	67	53	39
gene:Bcin02g03870	3782	4012	3794	2919	3536	2865
gene:Bcin02g03880	1069	1167	988	1532	1047	1061
gene:Bcin02g03890	915	1035	868	842	613	619
gene:Bcin02g03900	2	1	0	3	1	1
gene:Bcin02g03910	417	499	203	450	395	377
gene:Bcin02g03920	385	372	294	128	115	95
gene:Bcin02g03930	1394	1478	1389	1420	1117	1005
gene:Bcin02g03940	622	740	563	784	625	549
gene:Bcin02g03950	1483	1661	1530	1907	1543	1165
gene:Bcin02g03960	3094	2702	2724	1578	3034	1684
gene:Bcin02g03970	1211	1643	1240	1361	1123	993
gene:Bcin02g03980	848	1066	791	890	674	643
gene:Bcin02g03990	46	58	50	59	32	36
gene:Bcin02g04000	502	614	509	362	317	295
gene:Bcin02g04010	434	420	505	332	413	237
gene:Bcin02g04020	1443	1824	1429	2139	1741	1480
gene:Bcin02g04030	22	28	18	36	39	28
gene:Bcin02g04040	7	10	2	11	15	6
gene:Bcin02g04050	10	5	4	13	7	7
gene:Bcin02g04060	1101	1035	939	452	605	575
gene:Bcin02g04070	380	420	421	354	286	242
gene:Bcin02g04080	445	405	386	462	323	292
gene:Bcin02g04090	113	100	99	50	86	68
gene:Bcin02g04100	25	44	32	12	9	11
gene:Bcin02g04110	594	669	577	549	372	353
gene:Bcin02g04120	688	795	616	839	605	518
gene:Bcin02g04130	458	495	327	271	272	235
gene:Bcin02g04140	10755	13395	6893	7270	8326	7134
gene:Bcin02g04150	496	530	420	449	480	424
gene:Bcin02g04160	807	680	539	602	460	438
gene:Bcin02g04170	7203	7968	7308	8047	8049	6743
gene:Bcin02g04180	84	90	60	164	111	93
gene:Bcin02g04190	947	956	731	1576	1170	883
gene:Bcin02g04200	696	793	644	613	471	413
gene:Bcin02g04210	12	13	5	10	6	4
gene:Bcin02g04220	27467	28833	23755	27991	22930	20328
gene:EFBcG00000013376	0	0	0	0	0	0
gene:ENSRNA049538809	0	0	0	0	0	0
gene:Bcin02g04230	274	272	237	340	512	378
gene:Bcin02g04240	6156	6170	6338	3825	3354	3030
gene:Bcin02g04250	4662	5035	4799	6889	7168	5720
gene:Bcin02g04260	613	683	549	438	431	312
gene:Bcin02g04270	389	433	359	242	220	181
gene:Bcin02g04280	40	28	23	25	20	18
gene:EFBcG00000013277	0	0	0	1	0	0
gene:EFBcG00000013169	0	0	0	0	0	0
gene:ENSRNA049538598	0	0	0	0	0	0
gene:Bcin02g04290	0	0	1	2	11	1
gene:Bcin02g04300	5	6	5	16	39	10
gene:Bcin02g04310	521	501	436	802	840	614
gene:Bcin02g04320	864	856	575	145	118	95
gene:Bcin02g04330	41	41	23	159	305	118
gene:Bcin02g04340	31	33	48	231	301	84
gene:Bcin02g04350	3	0	1	2	36	1
gene:Bcin02g04360	127	159	74	187	144	102
gene:Bcin02g04370	134	175	115	99	69	67
gene:Bcin02g04380	25	34	27	170	237	226
gene:EFBcG00000013245	0	0	0	0	0	0
gene:Bcin02g04390	237	228	206	40	60	65
gene:Bcin02g04400	16	19	15	20	19	15
gene:Bcin02g04410	305	372	293	355	253	219
gene:Bcin02g04420	18	26	22	19	22	31
gene:Bcin02g04430	5	3	2	2	1	2
gene:Bcin02g04440	31	24	15	6	6	4
gene:Bcin02g04450	623	688	657	572	451	379
gene:Bcin02g04460	317	296	216	271	183	155
gene:Bcin02g04470	182	196	131	48	38	37
gene:Bcin02g04480	357	363	360	621	530	424
gene:Bcin02g04490	146	201	184	121	188	124
gene:Bcin02g04500	3	2	2	11	16	4
gene:Bcin02g04510	2759	4065	2622	3750	2636	2466
gene:Bcin02g04520	1013	1208	856	674	470	455
gene:Bcin02g04530	239	240	241	200	131	158
gene:Bcin02g04540	557	527	458	704	448	423
gene:Bcin02g04550	5496	6551	3776	124	190	130
gene:Bcin02g04560	1145	1413	1230	1148	1532	1006
gene:Bcin02g04570	44	33	35	30	38	15
gene:Bcin02g04580	576	656	507	596	646	582
gene:Bcin02g04590	193	206	193	241	303	259
gene:Bcin02g04600	397	444	347	234	227	259
gene:Bcin02g04610	122	145	62	115	178	140
gene:Bcin02g04620	324	343	296	441	485	363
gene:Bcin02g04630	0	0	0	0	0	0
gene:Bcin02g04640	0	0	1	19	5	3
gene:Bcin02g04650	0	0	0	0	0	0
gene:Bcin02g04660	18	14	8	4	3	1
gene:Bcin02g04670	1354	1451	959	618	524	510
gene:Bcin02g04680	2805	5430	2113	704	523	521
gene:Bcin02g04690	3	7	2	68	93	39
gene:EFBcG00000013352	1	0	1	1	2	0
gene:Bcin02g04700	398	468	404	614	703	678
gene:Bcin02g04710	350	429	341	432	320	305
gene:Bcin02g04720	162	179	162	215	139	146
gene:Bcin02g04730	33	40	27	52	36	22
gene:Bcin02g04740	0	1	0	0	0	0
gene:Bcin02g04750	0	0	2	3	0	0
gene:Bcin02g04760	508	612	410	372	408	321
gene:Bcin02g04770	333	432	293	266	256	185
gene:EFBcG00000013224	0	0	0	0	0	0
gene:ENSRNA049538770	0	0	0	0	0	0
gene:Bcin02g04780	18	22	14	58	24	16
gene:Bcin02g04790	2	8	1	6	6	0
gene:Bcin02g04800	9893	11176	1739	17	25	17
gene:Bcin02g04810	231	245	215	214	200	175
gene:Bcin02g04820	41	56	33	33	34	32
gene:Bcin02g04830	130	182	98	217	166	182
gene:Bcin02g04840	93	157	73	128	202	97
gene:Bcin02g04850	7	15	7	32	43	37
gene:Bcin02g04860	1	10	1	20	20	7
gene:Bcin02g04870	4050	4793	3677	6317	7006	5145
gene:Bcin02g04880	2361	2882	2099	2926	3537	1959
gene:Bcin02g04890	5	3	4	5	2	6
gene:Bcin02g04900	346	424	324	576	493	414
gene:Bcin02g04910	2308	3228	1644	646	390	359
gene:Bcin02g04920	7854	9200	6853	10393	9228	7397
gene:Bcin02g04930	891	910	842	3951	5590	3657
gene:Bcin02g04940	415	411	437	71	55	61
gene:Bcin02g04950	1	0	2	3	2	1
gene:Bcin02g04960	15	17	10	48	44	24
gene:Bcin02g04970	163	210	156	111	81	102
gene:Bcin02g04980	110	149	84	148	109	120
gene:Bcin02g04990	70	112	82	98	100	79
gene:Bcin02g05000	244	246	286	372	349	234
gene:Bcin02g05010	19	18	21	20	15	19
gene:Bcin02g05020	10	11	8	6	11	2
gene:Bcin02g05030	772	796	641	1069	1033	688
gene:Bcin02g05040	679	766	599	649	556	522
gene:Bcin02g05050	52	48	44	61	50	34
gene:Bcin02g05060	3	2	2	6	4	3
gene:ENSRNA049512350	0	0	0	0	0	0
gene:EFBcG00000013322	0	0	0	0	0	0
gene:Bcin02g05070	3398	3802	3212	2211	1741	1573
gene:Bcin02g05080	822	899	720	510	349	298
gene:Bcin02g05090	7	10	11	8	9	10
gene:Bcin02g05100	1044	1078	720	1538	5893	4067
gene:Bcin02g05110	3236	3211	2079	2735	5661	2683
gene:Bcin02g05130	421	518	248	365	769	425
gene:Bcin02g05140	18583	19244	16606	28475	23520	21143
gene:Bcin02g05150	463	574	466	423	234	257
gene:Bcin02g05160	1515	1716	1287	1470	960	914
gene:Bcin02g05170	288	358	283	398	338	297
gene:Bcin02g05180	420	468	353	310	223	222
gene:Bcin02g05190	113	117	128	139	125	96
gene:Bcin02g05200	13	23	9	16	21	8
gene:Bcin02g05210	461	551	517	647	683	355
gene:Bcin02g05220	170	201	145	236	172	129
gene:Bcin02g05230	96	116	101	82	73	49
gene:Bcin02g05240	281	295	234	546	792	204
gene:Bcin02g05250	7	12	17	138	71	44
gene:Bcin02g05260	7251	8463	6829	5090	3827	3467
gene:Bcin02g05270	2101	2568	2052	1503	1086	1063
gene:Bcin02g05280	0	1	0	2	1	2
gene:Bcin02g05290	12	8	5	12	7	9
gene:Bcin02g05300	1803	1686	1356	102	43	26
gene:Bcin02g05310	0	0	0	0	0	0
gene:Bcin02g05320	1	0	0	0	2	0
gene:Bcin02g05330	283	347	247	3171	3528	2734
gene:Bcin02g05340	6	5	5	16	20	10
gene:Bcin02g05350	0	0	0	0	0	1
gene:Bcin02g05360	4	2	1	1	3	0
gene:Bcin02g05370	33	31	20	21	18	18
gene:Bcin02g05380	7	13	9	8	7	5
gene:Bcin02g05390	0	1	0	0	0	0
gene:Bcin02g05400	0	0	0	0	0	0
gene:Bcin02g05410	0	0	0	0	0	0
gene:Bcin02g05420	0	0	0	1	0	0
gene:Bcin02g05430	0	0	0	0	0	0
gene:Bcin02g05440	2	6	5	4	3	3
gene:Bcin02g05450	1339	1527	1483	1231	1093	795
gene:Bcin02g05460	5502	5185	4359	3155	4203	2616
gene:Bcin02g05470	8	21	11	14	63	35
gene:Bcin02g05480	48	57	37	52	47	34
gene:Bcin02g05490	410	480	492	660	549	545
gene:Bcin02g05500	266	374	93	166	258	206
gene:Bcin02g05510	496	512	384	404	298	279
gene:Bcin02g05520	26	19	13	76	77	53
gene:Bcin02g05530	719	787	612	922	1026	691
gene:Bcin02g05540	897	847	907	811	518	470
gene:Bcin02g05550	91	156	87	126	77	111
gene:Bcin02g05560	518	465	779	253	183	195
gene:Bcin02g05570	8	14	12	17	20	3
gene:Bcin02g05580	3016	4087	1891	3526	5321	3674
gene:Bcin02g05590	1128	1188	900	1165	1050	799
gene:Bcin02g05600	69	57	89	48	90	119
gene:Bcin02g05610	32	43	35	60	55	45
gene:EFBcG00000013095	0	1	1	0	0	0
gene:Bcin02g05620	220	270	195	431	463	234
gene:Bcin02g05630	57	52	47	993	1558	1009
gene:Bcin02g05640	18	19	11	22	30	14
gene:Bcin02g05650	23	44	15	29	17	11
gene:Bcin02g05660	33	33	21	52	47	23
gene:Bcin02g05670	34	37	21	294	82	79
gene:Bcin02g05680	12	19	13	12	13	2
gene:Bcin02g05690	1956	2488	1594	831	714	667
gene:Bcin02g05700	74	85	61	62	39	32
gene:Bcin02g05710	525	618	512	399	238	218
gene:Bcin02g05720	49	42	38	28	23	23
gene:Bcin02g05730	15	12	6	21	20	18
gene:Bcin02g05740	1333	1412	946	774	787	612
gene:Bcin02g05750	419	530	525	236	177	161
gene:Bcin02g05760	0	0	0	0	0	0
gene:Bcin02g05770	1	1	1	0	0	2
gene:Bcin02g05780	1	2	1	5	3	4
gene:Bcin02g05790	0	0	0	0	0	0
gene:Bcin02g05800	179	141	292	49	42	34
gene:Bcin02g05810	30	38	39	50	29	33
gene:Bcin02g05820	57	85	84	60	54	42
gene:Bcin02g05830	4	8	2	5	7	5
gene:Bcin02g05840	20	9	7	14	26	11
gene:Bcin02g05850	397	386	258	125	174	100
gene:Bcin02g05860	21705	17736	14601	37	34	29
gene:Bcin02g05870	10296	11993	11415	1049	625	684
gene:EFBcG00000013149	0	1	0	0	0	1
gene:EFBcG00000013152	0	0	0	0	0	0
gene:ENSRNA049538627	0	0	0	0	0	0
gene:Bcin02g05880	1395	1655	1464	2520	2160	1868
gene:Bcin02g05890	1830	2073	2186	1030	962	629
gene:Bcin02g05900	540	544	452	536	417	320
gene:Bcin02g05910	835	885	551	653	400	278
gene:Bcin02g05920	42286	46151	30056	13512	13590	9602
gene:Bcin02g05930	499	559	520	862	739	547
gene:Bcin02g05940	735	927	754	718	487	465
gene:Bcin02g05950	1985	2207	1867	1800	1443	1233
gene:Bcin02g05960	5224	6106	4969	5232	3687	3589
gene:Bcin02g05970	361	330	296	408	263	244
gene:Bcin02g05980	1121	1171	805	296	240	189
gene:Bcin02g05990	429	479	400	525	393	288
gene:Bcin02g06000	243	295	734	347	329	235
gene:ENSRNA049512237	1	2	4	4	4	0
gene:Bcin02g06010	7	9	3	6	3	1
gene:Bcin02g06020	484	486	395	745	856	622
gene:Bcin02g06030	257	263	208	161	113	108
gene:Bcin02g06040	374	391	455	211	169	154
gene:Bcin02g06050	973	1052	957	597	445	400
gene:Bcin02g06060	14536	15332	12981	19032	16865	14436
gene:Bcin02g06070	24962	26171	23862	32490	31006	24839
gene:Bcin02g06080	275	302	286	582	396	320
gene:Bcin02g06090	9	6	5	14	7	8
gene:Bcin02g06110	15	24	11	23	22	18
gene:Bcin02g06120	1	2	1	1	3	1
gene:Bcin02g06130	4146	4739	3835	3947	4086	3106
gene:Bcin02g06140	2881	2999	2577	1962	2654	1692
gene:Bcin02g06150	1021	1191	921	845	510	583
gene:Bcin02g06160	4	9	4	20	4	9
gene:Bcin02g06170	1278	1648	1028	961	656	620
gene:Bcin02g06180	337	362	324	397	287	251
gene:Bcin02g06190	419	481	406	404	324	263
gene:Bcin02g06200	9	17	7	15	8	7
gene:Bcin02g06210	260	293	233	234	192	132
gene:Bcin02g06220	146	186	163	336	294	297
gene:Bcin02g06230	957	1155	871	704	585	575
gene:Bcin02g06240	3071	3445	2873	2940	2537	2287
gene:Bcin02g06250	1124	1394	836	1027	1282	987
gene:Bcin02g06260	210	266	191	278	168	129
gene:Bcin02g06270	3604	3880	3658	6213	4878	4495
gene:Bcin02g06280	69	107	27	87	256	110
gene:Bcin02g06290	51	60	32	121	272	129
gene:Bcin02g06300	14	16	10	83	329	141
gene:Bcin02g06310	29	46	31	103	267	128
gene:Bcin02g06320	91	138	85	212	442	261
gene:Bcin02g06330	8	12	12	27	56	40
gene:Bcin02g06340	12	6	5	16	22	15
gene:Bcin02g06350	77	90	65	124	214	78
gene:Bcin02g06360	845	1000	723	592	560	424
gene:Bcin02g06370	53	52	44	68	72	72
gene:Bcin02g06380	660	757	622	775	675	549
gene:Bcin02g06390	20	15	15	16	28	16
gene:Bcin02g06400	7504	8615	7066	7261	5763	5175
gene:Bcin02g06410	300	225	190	141	89	107
gene:Bcin02g06420	1177	1318	1037	1116	806	784
gene:Bcin02g06430	14	9	13	20	12	9
gene:Bcin02g06440	4026	4708	3665	4333	4641	3402
gene:Bcin02g06450	644	780	645	936	982	699
gene:Bcin02g06460	369	447	400	356	280	250
gene:Bcin02g06470	477	476	515	666	330	430
gene:Bcin02g06480	525	495	413	418	290	268
gene:Bcin02g06490	483	517	367	586	385	336
gene:Bcin02g06500	2876	3107	2500	2634	2850	2238
gene:Bcin02g06510	359	344	333	1259	1512	1070
gene:Bcin02g06520	275	309	262	303	300	245
gene:Bcin02g06530	1790	2233	1559	5150	10448	2694
gene:Bcin02g06540	1395	1690	1220	1486	973	941
gene:Bcin02g06550	410	433	351	228	188	142
gene:Bcin02g06560	296	308	252	264	345	248
gene:Bcin02g06570	434	417	406	407	263	293
gene:Bcin02g06580	1211	1332	1647	6633	11365	8108
gene:Bcin02g06590	1062	1115	873	734	827	592
gene:Bcin02g06600	208	276	216	240	193	153
gene:Bcin02g06610	4647	4891	4957	2940	1965	1903
gene:Bcin02g06620	447	492	403	325	293	265
gene:Bcin02g06630	1652	1498	1490	744	1416	637
gene:Bcin02g06640	5239	5491	4469	3754	2818	2877
gene:Bcin02g06650	1773	1867	1542	2733	2193	1920
gene:Bcin02g06660	965	937	940	1327	2434	1046
gene:Bcin02g06670	1369	1552	1086	1304	1889	1077
gene:Bcin02g06680	633	729	589	573	690	508
gene:Bcin02g06690	1329	1634	792	509	493	372
gene:Bcin02g06700	44	48	34	105	85	89
gene:Bcin02g06710	21	31	17	33	15	18
gene:Bcin02g06720	1456	1854	1399	1161	1022	901
gene:Bcin02g06730	273	356	261	278	181	166
gene:Bcin02g06740	777	795	589	513	356	313
gene:Bcin02g06750	316	386	277	334	262	294
gene:Bcin02g06760	553	625	532	522	421	331
gene:Bcin02g06770	1057	1270	946	1304	1274	1046
gene:Bcin02g06780	826	1090	760	789	512	474
gene:Bcin02g06790	18651	21232	18631	24518	23893	19848
gene:Bcin02g06800	16120	18183	16391	22766	20307	17194
gene:Bcin02g06810	2091	2270	1796	2197	1472	1563
gene:Bcin02g06820	5987	6778	5609	5714	4021	3921
gene:Bcin02g06830	6	4	0	0	4	0
gene:Bcin02g06840	819	1906	251	30	25	19
gene:Bcin02g06850	0	0	0	0	0	0
gene:Bcin02g06860	272	274	256	204	146	137
gene:Bcin02g06870	561	606	539	665	1196	565
gene:Bcin02g06880	554	614	628	691	883	598
gene:Bcin02g06890	320	364	328	350	244	211
gene:Bcin02g06900	15593	16031	13777	21891	17252	15330
gene:Bcin02g06910	3529	4014	3150	2482	2476	1999
gene:Bcin02g06920	1178	1445	1248	2059	1929	1578
gene:Bcin02g06930	12196	16945	12298	15054	14838	11698
gene:Bcin02g06940	8902	11000	9818	25137	26907	15076
gene:Bcin02g06950	953	1030	921	1378	987	940
gene:Bcin02g06960	536	626	508	316	260	194
gene:Bcin02g06970	1177	1333	1088	998	820	725
gene:Bcin02g06980	834	987	798	657	422	455
gene:Bcin02g06990	620	649	777	675	460	365
gene:Bcin02g07000	1066	1200	979	1003	946	765
gene:Bcin02g07010	992	975	786	721	533	566
gene:Bcin02g07020	1021	1245	962	888	811	792
gene:Bcin02g07030	125	126	100	126	147	70
gene:Bcin02g07040	1640	1947	1510	1077	904	803
gene:Bcin02g07050	347	392	308	296	209	196
gene:Bcin02g07060	73	99	64	67	48	70
gene:Bcin02g07070	2273	1899	3385	57	132	109
gene:Bcin02g07080	167	193	150	181	299	194
gene:Bcin02g07090	842	892	1007	108	82	47
gene:Bcin02g07100	11524	11755	9912	705	555	594
gene:Bcin02g07110	52	55	37	10	6	11
gene:Bcin02g07120	197	237	163	87	120	85
gene:Bcin02g07130	56	52	30	66	92	37
gene:Bcin02g07140	31	48	34	23	31	27
gene:Bcin02g07150	3176	3355	2800	2739	2070	1956
gene:Bcin02g07160	1105	1274	952	1578	1244	1133
gene:Bcin02g07170	0	0	0	0	0	2
gene:Bcin02g07180	0	0	1	2	11	2
gene:Bcin02g07190	548	811	378	685	575	471
gene:Bcin02g07200	10	17	11	6	3	5
gene:Bcin02g07210	6103	6407	5299	1284	838	870
gene:Bcin02g07220	6432	7156	7278	2569	1731	1587
gene:Bcin02g07230	11	15	5	11	2	4
gene:Bcin02g07240	4	1	0	5	3	0
gene:Bcin02g07250	406	547	346	603	493	407
gene:Bcin02g07260	0	0	0	0	0	0
gene:Bcin02g07270	87	95	63	89	122	88
gene:Bcin02g07280	171	178	137	404	540	277
gene:Bcin02g07290	1394	1386	1395	1063	1129	894
gene:Bcin02g07300	19	13	11	18	30	24
gene:Bcin02g07310	143	105	215	1727	3085	2433
gene:Bcin02g07320	1	0	2	67	36	32
gene:Bcin02g07330	0	0	2	4	4	1
gene:Bcin02g07340	43	44	27	463	313	207
gene:Bcin02g07350	9	10	6	42	17	15
gene:Bcin02g07360	38	55	26	55	52	23
gene:Bcin02g07380	511	525	431	412	295	276
gene:Bcin02g07390	108	111	71	177	207	117
gene:Bcin02g07400	1762	1825	1643	1195	1239	919
gene:Bcin02g07410	3438	3601	2845	2905	2663	2075
gene:Bcin02g07420	1484	1624	1371	1181	793	736
gene:Bcin02g07430	300	311	295	270	177	176
gene:Bcin02g07440	131	172	126	209	247	140
gene:Bcin02g07450	2	0	2	0	0	0
gene:Bcin02g07460	15	5	13	1	0	1
gene:Bcin02g07470	10033	7259	11561	235	39	25
gene:Bcin02g07480	642	493	622	225	110	110
gene:Bcin02g07490	1070	785	1216	89	36	18
gene:Bcin02g07500	1012	836	1191	98	32	31
gene:Bcin02g07510	1231	905	1453	127	35	18
gene:Bcin02g07520	4155	3319	3342	45	48	35
gene:Bcin02g07530	2	4	2	1	0	0
gene:Bcin02g07540	3511	4253	3380	3037	2815	2332
gene:Bcin02g07550	3184	3383	2990	2424	2561	1991
gene:Bcin02g07560	1108	1114	1071	1705	1225	1227
gene:Bcin02g07570	267	249	239	539	443	307
gene:Bcin02g07580	359	386	369	521	303	295
gene:Bcin02g07590	380	400	341	389	330	317
gene:Bcin02g07600	3	3	6	14	3	6
gene:Bcin02g07610	8	8	8	11	7	4
gene:Bcin02g07620	48	31	25	13	11	12
gene:Bcin02g07630	1	13	3	1181	437	338
gene:Bcin02g07640	3	5	2	356	107	113
gene:Bcin02g07650	2	6	3	3	13	7
gene:Bcin02g07660	878	1023	788	511	530	367
gene:Bcin02g07670	0	1	0	1	3	0
gene:Bcin02g07680	385	640	222	245	191	143
gene:Bcin02g07690	1227	1897	610	375	272	214
gene:Bcin02g07700	1962	1807	1828	49	33	36
gene:Bcin02g07710	4064	4484	3358	3702	2824	2524
gene:Bcin02g07720	833	1018	691	1217	962	976
gene:Bcin02g07730	763	800	659	731	530	542
gene:Bcin02g07740	0	0	0	1	0	0
gene:Bcin02g07750	0	0	0	0	0	0
gene:Bcin02g07760	1673	1702	1721	418	371	343
gene:Bcin02g07770	7624	7950	6078	73	29	27
gene:Bcin02g07780	14	15	8	18	14	18
gene:Bcin02g07790	12	10	3	20	12	15
gene:Bcin02g07800	0	0	0	0	0	0
gene:Bcin02g07810	0	0	0	1	0	0
gene:Bcin02g07820	2	1	3	49	108	64
gene:Bcin02g07830	0	0	0	0	0	0
gene:Bcin02g07840	1	0	1	4	1	4
gene:Bcin02g07850	496	486	476	394	533	348
gene:Bcin02g07860	490	518	363	442	367	294
gene:Bcin02g07870	288	341	334	371	315	288
gene:Bcin02g07880	946	996	902	735	672	552
gene:Bcin02g07890	533	396	456	540	1050	330
gene:EFBcG00000013210	0	0	0	0	0	0
gene:ENSRNA049538670	0	0	0	0	0	0
gene:Bcin02g07900	180	340	283	767	887	573
gene:Bcin02g07910	103	138	91	161	142	128
gene:EFBcG00000013306	0	0	0	0	0	0
gene:ENSRNA049538680	0	0	0	0	0	0
gene:Bcin02g07920	645	744	710	518	367	377
gene:Bcin02g07930	2626	2864	2118	1737	1129	1389
gene:Bcin02g07940	113	143	115	80	62	79
gene:Bcin02g07950	7	10	4	8	10	12
gene:Bcin02g07960	159	245	172	209	166	177
gene:Bcin02g07970	17	7	8	21	29	14
gene:Bcin02g07980	335	345	241	493	596	263
gene:Bcin02g07990	1091	1003	795	984	662	545
gene:Bcin02g08000	1825	2023	1705	1721	1335	1115
gene:Bcin02g08010	3755	4020	4061	3572	3527	2693
gene:Bcin02g08020	2344	2410	2231	2343	2016	1527
gene:Bcin02g08030	0	2	1	9	1	3
gene:Bcin02g08040	806	951	704	2705	1041	1101
gene:Bcin02g08050	532	608	948	784	642	547
gene:Bcin02g08060	469	524	349	454	473	364
gene:Bcin02g08070	87	99	117	128	93	96
gene:Bcin02g08080	213	202	205	1514	2043	503
gene:Bcin02g08090	936	1114	824	2211	1994	1217
gene:Bcin02g08100	6920	7638	5957	455	598	470
gene:Bcin02g08110	290	232	231	295	206	142
gene:Bcin02g08120	1502	1927	1880	1491	1297	1110
gene:Bcin02g08130	1943	2134	2746	2651	3661	1782
gene:Bcin02g08140	0	0	2	0	5	0
gene:Bcin02g08150	1203	1408	1135	724	481	519
gene:Bcin02g08160	1519	1605	1364	1303	1534	1024
gene:Bcin02g08170	4290	4887	3465	3662	3288	2677
gene:Bcin02g08180	3398	4126	3354	3020	2287	2199
gene:Bcin02g08190	49	51	40	45	48	28
gene:Bcin02g08200	496	551	487	686	445	438
gene:Bcin02g08210	425	516	464	479	388	337
gene:Bcin02g08220	164	246	172	248	256	174
gene:Bcin02g08230	2885	4411	2634	1848	2222	1815
gene:Bcin02g08240	5	5	4	19	10	7
gene:ENSRNA049512327	0	0	0	0	0	0
gene:EFBcG00000013304	0	0	0	0	0	0
gene:Bcin02g08250	0	1	1	1	1	0
gene:Bcin02g08260	4568	4893	3669	4577	3678	3042
gene:Bcin02g08270	561	612	551	635	455	417
gene:Bcin02g08280	1957	2258	1748	1412	1302	1257
gene:Bcin02g08290	147	158	119	219	210	157
gene:Bcin02g08300	765	977	743	481	360	297
gene:Bcin02g08310	422	528	441	830	846	635
gene:Bcin02g08320	422	482	357	1429	2012	624
gene:Bcin02g08330	4762	5797	4238	2963	2658	1998
gene:Bcin02g08340	1940	2238	1748	1687	1261	1073
gene:Bcin02g08350	743	778	903	344	317	243
gene:Bcin02g08360	2057	2401	1971	1906	2905	2060
gene:Bcin02g08370	473	520	491	591	648	512
gene:Bcin02g08380	4748	4120	5287	31	40	55
gene:Bcin02g08390	30	32	14	97	45	47
gene:Bcin02g08400	1898	2414	1543	1790	1404	1223
gene:Bcin02g08410	865	862	908	911	766	573
gene:Bcin02g08420	224	232	145	271	214	165
gene:Bcin02g08430	549	563	572	507	470	403
gene:Bcin02g08440	1500	1643	1360	2672	3102	1910
gene:Bcin02g08450	392	420	354	728	858	454
gene:Bcin02g08460	553	503	534	720	631	545
gene:Bcin02g08470	706	801	590	820	997	720
gene:Bcin02g08480	406	423	300	328	293	253
gene:Bcin02g08490	7	3	1	2	4	2
gene:Bcin02g08500	391	437	358	506	317	369
gene:Bcin02g08510	1000	1215	1042	905	675	649
gene:Bcin02g08520	428	551	392	469	323	289
gene:Bcin02g08530	1781	2088	1709	1601	1134	1062
gene:Bcin02g08540	3324	3497	2676	4317	3245	2823
gene:Bcin02g08550	362	500	374	189	172	125
gene:Bcin02g08560	257	307	225	108	99	64
gene:Bcin02g08570	5817	6820	5267	6929	5726	5073
gene:Bcin02g08580	1119	1215	1006	1148	777	768
gene:Bcin02g08590	10297	12150	9295	14696	12770	10446
gene:Bcin02g08600	4620	4683	3703	10824	7167	6575
gene:Bcin02g08610	582	548	459	459	299	246
gene:Bcin02g08620	149	169	166	76	60	79
gene:Bcin02g08630	503	581	482	396	322	322
gene:Bcin02g08640	51	51	48	48	29	33
gene:Bcin02g08650	1006	1174	856	746	800	627
gene:Bcin02g08660	268	230	191	166	156	131
gene:Bcin02g08670	1126	1364	1073	846	525	568
gene:Bcin02g08680	18	12	7	18	22	14
gene:Bcin02g08690	3020	3619	2967	2595	1987	1909
gene:Bcin02g08700	325	373	233	728	726	493
gene:Bcin02g08710	55	60	68	769	821	597
gene:Bcin02g08720	126	152	111	134	63	105
gene:Bcin02g08730	250	293	251	231	154	144
gene:Bcin02g08740	312	362	316	418	290	274
gene:Bcin02g08750	702	784	592	458	310	326
gene:Bcin02g08760	10	22	9	83	92	48
gene:Bcin02g08770	51	53	31	54	46	42
gene:Bcin02g08780	277	355	228	199	303	174
gene:Bcin02g08790	352	435	292	594	521	335
gene:Bcin02g08800	278	317	245	342	326	312
gene:Bcin02g08810	1244	1132	1140	1448	1075	946
gene:Bcin02g08820	2984	2701	1966	1031	1683	880
gene:Bcin02g08830	195	251	186	464	335	269
gene:Bcin02g08840	2	1	2	58	23	25
gene:Bcin02g08850	50	73	35	194	69	95
gene:Bcin02g08860	2	2	0	16	4	0
gene:Bcin02g08870	4	4	2	10	2	2
gene:Bcin02g08880	1	1	1	4	3	0
gene:Bcin02g08890	0	0	0	1	0	1
gene:Bcin02g08900	5	3	5	23	35	17
gene:Bcin02g08910	1	1	1	1	8	1
gene:Bcin02g08920	71	99	86	263	352	244
gene:Bcin02g08930	65	71	79	24	18	20
gene:Bcin02g08940	372	385	355	91	67	65
gene:Bcin02g08950	4869	4524	5642	131	114	96
gene:Bcin02g08960	15889	15759	17071	581	508	421
gene:Bcin02g08970	0	0	0	0	0	0
gene:Bcin02g08980	54	38	32	17	12	10
gene:Bcin02g08990	294	344	228	183	137	111
gene:Bcin02g09000	0	0	0	0	0	0
gene:Bcin02g09010	0	1	1	9	1	5
gene:Bcin02g09020	12	14	12	13	12	11
gene:Bcin02g09030	530	547	511	351	255	223
gene:Bcin02g09040	337	418	251	448	414	302
gene:Bcin02g09050	465	707	1084	128	65	107
gene:Bcin02g09060	217	265	207	192	196	169
gene:Bcin02g09070	55	48	51	34	16	21
gene:Bcin02g09080	7	5	3	10	2	2
gene:Bcin02g09090	16	10	6	20	61	24
gene:Bcin02g09100	0	0	0	2	0	0
gene:Bcin02g09110	0	1	0	1	0	0
gene:Bcin02g09120	128	157	92	74	61	60
gene:Bcin02g09130	360	421	323	426	232	292
gene:Bcin02g09140	1115	1232	960	1759	2265	1566
gene:Bcin02g09160	2233	2658	2080	2001	1610	1383
gene:Bcin02g09170	558	648	526	449	259	280
gene:Bcin02g09180	2245	2292	1701	1431	1386	1008
gene:Bcin02g09190	265	324	267	233	227	189
gene:Bcin02g09200	1523	1777	1262	1098	915	793
gene:Bcin02g09210	456	564	453	424	424	409
gene:Bcin02g09220	5	13	4	12	9	9
gene:Bcin02g09230	74	105	104	152	83	95
gene:Bcin02g09240	82	74	92	175	511	438
gene:Bcin02g09250	643	718	529	512	422	341
gene:Bcin02g09260	247	270	204	316	350	275
gene:Bcin02g09270	8	12	7	7	8	8
gene:Bcin02g09280	1555	1658	1279	1003	901	839
gene:Bcin02g09290	1350	1630	1259	1455	1247	1123
gene:Bcin02g09300	1747	1735	1305	826	912	640
gene:Bcin02g09310	40	37	28	31	30	23
gene:Bcin02g09320	2093	2387	1871	2374	1948	1658
gene:EFBcG00000013158	0	0	0	0	0	0
gene:ENSRNA049538743	0	0	0	0	0	0
gene:Bcin02g09330	2	6	3	3	3	1
gene:Bcin02g09340	54	69	36	81	122	97
gene:Bcin02g09350	597	799	511	589	558	387
gene:Bcin02g09360	0	0	0	7	2	1
gene:Bcin02g09370	2824	3549	1523	1412	2791	1176
gene:Bcin02g09380	92	161	120	17	13	3
gene:Bcin02g09390	149	179	192	175	153	119
gene:Bcin02g09400	11	7	19	3	10	3
gene:Bcin02g09410	0	0	0	0	0	0
gene:Bcin03g00005	42	83	16	509	1694	916
gene:Bcin03g00010	16	56	18	168	337	166
gene:Bcin03g00020	25	16	14	55	41	41
gene:Bcin03g00030	8	1	1	97	68	84
gene:Bcin03g00040	11	11	11	36	15	27
gene:Bcin03g00050	17	31	12	14	24	20
gene:Bcin03g00060	151	180	76	95	335	166
gene:Bcin03g00070	58	41	29	72	81	46
gene:Bcin03g00080	72	100	61	46	85	59
gene:Bcin03g00090	1	4	4	27	19	30
gene:Bcin03g00100	733	907	718	1192	890	870
gene:Bcin03g00110	207	328	200	216	209	176
gene:Bcin03g00120	12	20	11	13	17	16
gene:Bcin03g00130	0	6	2	2	3	0
gene:Bcin03g00140	372	449	326	473	404	335
gene:Bcin03g00150	156	134	145	321	204	182
gene:Bcin03g00160	170	188	215	139	119	66
gene:Bcin03g00170	111	135	94	312	337	241
gene:Bcin03g00180	1282	1423	1383	1129	1117	909
gene:Bcin03g00190	3	1	2	5	7	0
gene:Bcin03g00200	3040	4980	441	8	4	7
gene:Bcin03g00210	17538	25490	4300	269	199	149
gene:Bcin03g00220	531	613	313	118	92	67
gene:Bcin03g00230	5689	7484	1977	113	66	59
gene:Bcin03g00240	12218	17533	3564	92	63	71
gene:Bcin03g00250	10156	13530	2712	199	174	114
gene:Bcin03g00260	0	0	1	3	0	2
gene:Bcin03g00270	34	37	45	212	133	109
gene:Bcin03g00280	11411	7362	7263	161	156	162
gene:Bcin03g00290	368	487	331	392	232	205
gene:Bcin03g00300	242	236	194	205	156	142
gene:Bcin03g00310	612	741	505	564	404	335
gene:Bcin03g00320	823	766	475	244	212	166
gene:Bcin03g00330	0	0	0	2	2	1
gene:Bcin03g00340	247	229	209	176	161	188
gene:Bcin03g00350	16	21	20	67	44	32
gene:Bcin03g00360	113	118	104	359	244	211
gene:Bcin03g00370	60	35	54	15	6	11
gene:Bcin03g00380	972	1009	901	476	478	434
gene:Bcin03g00390	50	58	54	32	22	24
gene:Bcin03g00400	31	38	48	117	58	41
gene:Bcin03g00410	22	30	20	265	84	79
gene:Bcin03g00420	1064	1094	908	719	887	543
gene:Bcin03g00430	10505	11336	11069	3583	3121	2777
gene:Bcin03g00440	0	1	0	1	0	0
gene:Bcin03g00450	2028	1695	1814	909	1006	805
gene:Bcin03g00460	2209	1920	1901	623	1188	828
gene:Bcin03g00480	12459	17822	9761	638	388	332
gene:Bcin03g00490	28	58	22	9	6	5
gene:ENSRNA049513177	0	0	0	0	0	0
gene:EFBcG00000013341	0	0	0	0	0	0
gene:Bcin03g00500	3366	5199	1508	16727	22106	13130
gene:Bcin03g00510	61	60	81	108	191	139
gene:Bcin03g00520	197	187	104	44	58	41
gene:Bcin03g00530	74	63	30	123	314	149
gene:Bcin03g00540	741	729	1077	573	1122	589
gene:Bcin03g00550	602	735	514	472	327	356
gene:Bcin03g00560	571	612	514	555	509	403
gene:Bcin03g00570	1153	810	233	1	5	3
gene:Bcin03g00580	6	7	3	10	8	2
gene:Bcin03g00590	18677	18665	15986	18342	18030	14659
gene:Bcin03g00600	0	2	0	0	2	0
gene:Bcin03g00610	657	596	432	657	443	441
gene:Bcin03g00620	343	385	215	213	201	162
gene:Bcin03g00630	40	53	5	31	23	24
gene:Bcin03g00640	3080	1374	324	74	74	35
gene:Bcin03g00650	2	5	0	8	1	3
gene:Bcin03g00660	97	108	89	100	126	42
gene:Bcin03g00670	18	26	17	7	9	2
gene:Bcin03g00680	0	0	0	0	0	0
gene:Bcin03g00690	0	0	0	0	0	0
gene:Bcin03g00700	807	1349	639	165	220	155
gene:Bcin03g00710	181	207	159	111	124	102
gene:Bcin03g00720	0	0	1	3	0	0
gene:Bcin03g00730	0	0	2	0	0	0
gene:Bcin03g00740	102	120	103	109	88	83
gene:Bcin03g00750	2566	2893	2241	6419	5506	3368
gene:Bcin03g00760	629	730	512	4376	7491	1433
gene:Bcin03g00770	713	678	601	791	509	410
gene:Bcin03g00780	384	374	325	220	169	215
gene:Bcin03g00790	19802	20911	18308	30691	24652	22354
gene:Bcin03g00800	1205	1638	1281	1511	1328	991
gene:ENSRNA049513038	0	0	0	0	0	0
gene:EFBcG00000013176	0	0	0	0	0	0
gene:Bcin03g00810	0	2	3	2	4	1
gene:Bcin03g00820	409	486	317	224	177	135
gene:Bcin03g00830	40	43	41	6	3	3
gene:Bcin03g00840	0	0	0	0	0	0
gene:Bcin03g00850	15	16	11	29	10	2
gene:Bcin03g00860	285	319	237	244	104	122
gene:Bcin03g00870	1315	1418	989	257	329	220
gene:Bcin03g00880	82	93	82	142	95	77
gene:Bcin03g00890	30	29	49	35	149	136
gene:Bcin03g00900	12	9	9	14	13	19
gene:Bcin03g00910	7	15	7	10	26	5
gene:Bcin03g00920	4	10	1	7	12	6
gene:Bcin03g00930	11	17	7	15	6	8
gene:Bcin03g00940	258	315	266	176	111	124
gene:Bcin03g00950	11	14	5	0	1	0
gene:Bcin03g00960	4	6	1	0	0	0
gene:Bcin03g00970	2	0	0	0	0	3
gene:Bcin03g00980	7	6	4	5	4	2
gene:Bcin03g00990	494	561	411	507	370	346
gene:Bcin03g01000	700	777	618	597	437	516
gene:Bcin03g01010	36166	39545	32935	38568	30174	26950
gene:Bcin03g01020	0	0	0	0	0	0
gene:Bcin03g01030	17032	18688	17268	15243	13181	10682
gene:Bcin03g01040	1649	2419	1422	4264	5165	3880
gene:Bcin03g01050	513	562	431	385	362	262
gene:Bcin03g01060	0	4	0	1	1	0
gene:Bcin03g01070	38	33	15	14	11	15
gene:Bcin03g01080	9	8	6	11	3	6
gene:Bcin03g01090	528	565	342	679	426	401
gene:Bcin03g01100	3626	4416	2459	1387	2125	1059
gene:Bcin03g01110	356	510	189	96	150	95
gene:Bcin03g01120	0	0	0	0	0	0
gene:Bcin03g01130	1295	1535	976	1301	2198	1645
gene:Bcin03g01140	1647	1937	1456	1157	1921	1470
gene:Bcin03g01150	1247	1420	1146	665	588	514
gene:Bcin03g01160	16	27	12	6	9	7
gene:Bcin03g01170	1	0	0	0	0	0
gene:Bcin03g01180	0	0	0	0	0	0
gene:Bcin03g01190	1	0	0	0	0	0
gene:Bcin03g01200	91	140	91	57	32	39
gene:Bcin03g01210	40	36	27	28	13	19
gene:Bcin03g01220	9	13	7	7	5	7
gene:Bcin03g01230	0	2	0	3	6	2
gene:Bcin03g01240	14	12	12	45	138	78
gene:Bcin03g01250	120	136	39	1411	2145	1290
gene:Bcin03g01260	54	51	24	44	25	40
gene:Bcin03g01270	42	39	40	153	437	132
gene:Bcin03g01280	107	143	128	263	559	195
gene:Bcin03g01290	113	108	140	66	190	50
gene:Bcin03g01300	3294	2611	3168	396	2535	840
gene:Bcin03g01310	209	173	161	103	206	85
gene:Bcin03g01320	3841	3274	3155	387	3271	929
gene:Bcin03g01330	3	2	2	2	0	0
gene:Bcin03g01340	0	0	1	0	1	0
gene:Bcin03g01350	0	0	0	0	0	0
gene:Bcin03g01360	0	1	1	1	1	1
gene:Bcin03g01370	0	0	0	0	0	0
gene:Bcin03g01380	1	1	1	0	1	0
gene:Bcin03g01390	0	0	0	1	0	1
gene:Bcin03g01400	0	0	0	0	0	4
gene:Bcin03g01410	2	4	4	2	3	5
gene:Bcin03g01420	7	7	2	11	3	1
gene:Bcin03g01430	4	3	1	1	0	0
gene:Bcin03g01440	9328	11575	5885	14	9	4
gene:Bcin03g01450	243	326	186	45	42	40
gene:Bcin03g01460	2796	2773	2219	31	31	25
gene:EFBcG00000013151	0	0	0	0	0	0
gene:Bcin03g01470	1036	1129	958	1081	738	672
gene:Bcin03g01480	5797	6345	6931	6064	5761	4476
gene:Bcin03g01490	20656	21348	20333	666	385	461
gene:Bcin03g01500	9716	9619	9125	338	203	212
gene:Bcin03g01510	1	0	0	0	0	0
gene:Bcin03g01520	756	664	355	9265	9501	8766
gene:Bcin03g01530	698	825	470	1089	1404	1099
gene:Bcin03g01540	37	40	26	4186	3202	3106
gene:Bcin03g01550	44	42	50	59	59	41
gene:Bcin03g01560	5	7	4	1990	1893	1693
gene:Bcin03g01570	57	52	32	349	402	347
gene:Bcin03g01580	59	56	40	13	10	5
gene:Bcin03g01590	0	0	0	0	0	0
gene:Bcin03g01600	13	11	13	10	46	15
gene:Bcin03g01610	15	17	25	43	98	62
gene:Bcin03g01620	192	210	173	133	118	123
gene:Bcin03g01630	1	1	0	4	3	1
gene:Bcin03g01640	1	1	0	0	2	0
gene:Bcin03g01650	0	0	0	1	1	0
gene:Bcin03g01660	459	496	398	424	367	307
gene:Bcin03g01670	500	617	477	331	283	254
gene:Bcin03g01680	22482	17008	10395	54	52	43
gene:Bcin03g01690	26	24	23	69	55	32
gene:Bcin03g01700	1224	1505	1321	1094	716	646
gene:Bcin03g01710	1244	1406	928	1090	1019	752
gene:Bcin03g01720	1558	1780	1427	1062	929	693
gene:Bcin03g01730	451	536	465	502	397	341
gene:Bcin03g01740	2173	2286	2153	1810	1689	1413
gene:Bcin03g01750	3254	2806	2555	823	858	649
gene:Bcin03g01760	67	99	69	82	55	49
gene:Bcin03g01770	34	54	17	44	52	38
gene:Bcin03g01780	250	350	223	417	283	258
gene:Bcin03g01790	5	8	2	0	3	2
gene:Bcin03g01800	2	4	0	1	1	0
gene:Bcin03g01810	3	12	4	5	1	0
gene:Bcin03g01820	24365	25690	21367	28320	23566	20629
gene:Bcin03g01830	339	391	336	286	467	359
gene:Bcin03g01840	253	345	384	173	78	68
gene:Bcin03g01850	1083	1643	880	1558	2390	1785
gene:Bcin03g01860	1029	1106	481	86	46	35
gene:Bcin03g01870	4	7	5	15	14	6
gene:Bcin03g01880	862	844	948	759	823	568
gene:Bcin03g01890	2637	2965	2685	4466	3630	2917
gene:Bcin03g01900	23507	25044	21812	28669	24914	21203
gene:Bcin03g01910	1550	1782	1453	1388	1099	944
gene:Bcin03g01920	6729	6183	4717	1058	1898	1131
gene:Bcin03g01930	3	3	4	6	2	0
gene:Bcin03g01940	0	0	0	0	0	0
gene:Bcin03g01950	0	0	0	0	0	0
gene:Bcin03g01960	151	176	177	37	36	18
gene:Bcin03g01970	171	236	211	113	136	96
gene:Bcin03g01980	137	172	176	41	50	23
gene:Bcin03g01990	2	1	0	0	0	0
gene:Bcin03g02000	5	3	2	3	15	11
gene:Bcin03g02010	17	19	6	14	13	8
gene:Bcin03g02020	11	11	10	18	5	4
gene:Bcin03g02030	9	15	15	12	11	10
gene:Bcin03g02040	10	18	10	4	3	6
gene:Bcin03g02050	217	244	198	117	179	131
gene:Bcin03g02060	2	8	4	3	2	5
gene:Bcin03g02070	7	5	13	1	5	1
gene:Bcin03g02080	21	18	20	36	41	27
gene:Bcin03g02090	10	14	10	6	28	8
gene:Bcin03g02100	32	38	21	86	176	66
gene:Bcin03g02110	66	78	64	71	72	75
gene:Bcin03g02120	126	137	98	88	95	91
gene:Bcin03g02130	692	735	590	362	458	317
gene:Bcin03g02140	94	85	72	107	180	99
gene:Bcin03g02150	1472	1514	1401	1240	1524	1187
gene:Bcin03g02160	955	1196	998	1166	1157	848
gene:Bcin03g02170	2058	2529	2221	1304	1210	867
gene:Bcin03g02180	1	4	0	2	2	6
gene:Bcin03g02190	113	114	102	128	88	71
gene:Bcin03g02200	429	559	525	719	630	455
gene:Bcin03g02210	284	321	256	126	200	99
gene:Bcin03g02220	365	340	342	245	368	166
gene:Bcin03g02230	645	754	621	564	422	407
gene:Bcin03g02240	331	330	288	244	205	183
gene:Bcin03g02250	1391	1892	1352	3958	4372	2595
gene:Bcin03g02260	24	35	25	102	70	41
gene:Bcin03g02270	312	337	286	311	219	214
gene:Bcin03g02280	464	514	458	778	650	548
gene:Bcin03g02290	67	66	74	36	27	19
gene:Bcin03g02300	505	565	444	329	280	233
gene:Bcin03g02310	3034	3352	2715	2184	1864	1622
gene:Bcin03g02320	4468	4871	3476	5888	4561	4100
gene:Bcin03g02330	612	750	413	579	493	412
gene:Bcin03g02340	106	123	83	91	78	66
gene:Bcin03g02350	857	889	896	948	645	607
gene:Bcin03g02360	821	920	778	658	462	458
gene:Bcin03g02370	10104	11591	9352	12116	10263	8667
gene:Bcin03g02380	1337	1577	1161	1400	1544	1213
gene:Bcin03g02390	1156	1321	799	1242	1655	991
gene:Bcin03g02400	2	0	0	5	1	2
gene:Bcin03g02410	545	639	519	915	1134	533
gene:Bcin03g02420	2132	2259	1698	3459	3618	2634
gene:Bcin03g02430	299	267	218	500	410	375
gene:Bcin03g02440	1791	1904	1742	2020	1592	1491
gene:Bcin03g02450	460	468	414	371	308	266
gene:Bcin03g02460	979	1325	912	919	733	772
gene:Bcin03g02470	274	281	256	361	278	274
gene:Bcin03g02480	2147	2572	1874	1402	1492	1143
gene:Bcin03g02490	480	525	475	637	463	368
gene:Bcin03g02500	247	278	191	185	203	185
gene:Bcin03g02510	1090	1212	944	508	541	451
gene:Bcin03g02520	5266	5990	6775	14979	9432	8327
gene:Bcin03g02530	29641	30357	25988	41035	35456	29809
gene:Bcin03g02540	651	688	580	524	515	439
gene:Bcin03g02550	688	809	610	826	594	511
gene:Bcin03g02560	1	5	3	10	1	5
gene:Bcin03g02570	446	444	330	1118	1481	633
gene:Bcin03g02580	348	416	340	532	495	377
gene:Bcin03g02590	404	427	355	571	635	354
gene:Bcin03g02600	11	6	5	39	74	27
gene:Bcin03g02610	2	4	3	13	9	3
gene:Bcin03g02620	2217	2650	2161	2170	1534	1408
gene:Bcin03g02630	1362	1590	1338	1590	1422	956
gene:Bcin03g02640	12	13	14	13	23	14
gene:Bcin03g02650	855	994	806	1076	1312	668
gene:Bcin03g02660	157	167	160	272	234	171
gene:Bcin03g02670	1091	1108	1148	1422	1118	958
gene:Bcin03g02680	5378	5676	4432	4839	4244	3338
gene:Bcin03g02690	1	2	2	2	3	0
gene:Bcin03g02700	22	17	7	17	13	6
gene:Bcin03g02710	5853	5852	3636	449	310	279
gene:Bcin03g02720	332	329	297	384	324	301
gene:Bcin03g02730	1712	1768	1670	2142	1917	1558
gene:Bcin03g02740	662	774	685	834	688	614
gene:Bcin03g02750	624	685	577	498	519	388
gene:EFBcG00000013368	5	5	4	1	6	6
gene:Bcin03g02760	202	182	137	3724	3577	1628
gene:Bcin03g02770	0	3	2	1732	632	525
gene:Bcin03g02780	2350	3016	2006	2066	1820	1611
gene:Bcin03g02790	11556	13002	11280	8699	6178	5587
gene:Bcin03g02800	118	104	92	111	91	82
gene:Bcin03g02810	105	124	82	84	48	63
gene:Bcin03g02820	390	512	343	309	235	204
gene:Bcin03g02830	553	616	447	468	315	299
gene:Bcin03g02840	1509	1835	1335	2589	3467	1917
gene:Bcin03g02850	999	1334	791	667	489	446
gene:Bcin03g02860	4096	2972	4488	1027	1101	1034
gene:Bcin03g02870	54	47	50	33	36	30
gene:Bcin03g02880	24	25	23	30	24	21
gene:Bcin03g02890	7	15	10	99	92	57
gene:Bcin03g02900	623	629	566	1111	883	869
gene:Bcin03g02910	31	54	24	98	59	49
gene:Bcin03g02920	902	1151	1094	1428	1316	992
gene:Bcin03g02930	1918	2249	1658	1593	1503	1362
gene:Bcin03g02940	4495	4831	3862	3551	2284	2340
gene:Bcin03g02950	499	423	412	589	452	409
gene:Bcin03g02960	60	83	49	35	18	17
gene:Bcin03g02970	305	283	300	567	915	646
gene:Bcin03g02980	167	191	127	158	123	134
gene:Bcin03g02990	0	6	2	3	4	5
gene:Bcin03g03000	11	8	5	4	17	7
gene:Bcin03g03010	164	209	172	201	248	165
gene:Bcin03g03020	9	7	6	12	7	3
gene:Bcin03g03030	55	78	69	84	68	62
gene:Bcin03g03040	102	112	64	115	75	59
gene:Bcin03g03050	558	586	480	817	1053	726
gene:Bcin03g03060	1460	1816	1244	3386	2981	2343
gene:Bcin03g03070	384	462	389	695	566	436
gene:Bcin03g03080	0	0	0	0	0	0
gene:Bcin03g03090	20	18	36	12	13	13
gene:Bcin03g03100	862	1070	734	833	839	555
gene:Bcin03g03110	3	3	1	4	6	4
gene:Bcin03g03120	642	726	610	521	416	359
gene:Bcin03g03130	1103	1454	1040	1100	843	733
gene:Bcin03g03140	2841	3072	2540	769	949	1047
gene:Bcin03g03150	2329	3193	1750	503	342	277
gene:Bcin03g03160	368	475	344	362	224	232
gene:Bcin03g03170	23	46	22	32	13	18
gene:Bcin03g03180	2	2	2	4	2	6
gene:Bcin03g03190	58	94	71	139	160	112
gene:Bcin03g03200	223	272	256	172	136	142
gene:Bcin03g03210	26	30	31	7	6	6
gene:Bcin03g03220	5	8	1	2	0	3
gene:Bcin03g03230	553	558	463	551	323	309
gene:Bcin03g03240	680	801	661	482	351	329
gene:Bcin03g03250	396	481	415	450	370	301
gene:Bcin03g03260	0	0	0	0	0	3
gene:Bcin03g03270	954	1113	979	152	169	129
gene:Bcin03g03280	56	64	58	110	80	68
gene:Bcin03g03290	93	114	84	90	108	90
gene:Bcin03g03300	22	36	17	28	32	27
gene:Bcin03g03310	1606	2184	1214	1053	1588	859
gene:Bcin03g03320	194	221	178	337	295	170
gene:Bcin03g03330	642	713	586	665	612	566
gene:Bcin03g03340	708	763	762	493	308	357
gene:Bcin03g03350	220	256	198	244	191	172
gene:Bcin03g03360	20466	23060	22193	22916	21762	17232
gene:Bcin03g03370	248	273	194	228	180	172
gene:Bcin03g03380	4466	5829	4322	3377	2070	2120
gene:Bcin03g03390	7014	8084	7131	8691	10408	7274
gene:Bcin03g03400	18	14	9	18	10	13
gene:Bcin03g03410	26	51	34	48	22	20
gene:Bcin03g03420	1772	2082	1544	1276	1500	1032
gene:EFBcG00000013307	0	0	0	0	0	0
gene:ENSRNA049537191	0	0	0	0	0	0
gene:Bcin03g03430	4	2	5	3	2	2
gene:Bcin03g03440	4687	5431	3264	1784	2490	1880
gene:Bcin03g03450	874	865	829	1408	1484	875
gene:Bcin03g03460	468	545	470	407	363	334
gene:Bcin03g03470	2	0	3	1	2	2
gene:EFBcG00000013195	0	0	0	0	0	0
gene:ENSRNA049537218	0	0	0	0	0	0
gene:Bcin03g03480	26808	29044	14926	247	121	114
gene:Bcin03g03490	2	3	0	0	0	0
gene:Bcin03g03500	5	1	7	191	71	50
gene:Bcin03g03510	3	2	3	5	9	8
gene:Bcin03g03520	8	16	10	64	135	66
gene:Bcin03g03530	18	16	6	13	4	4
gene:Bcin03g03540	20	24	12	22	7	6
gene:Bcin03g03550	285	268	143	78	49	41
gene:Bcin03g03560	651	669	258	91	60	57
gene:Bcin03g03570	3	8	4	8	3	4
gene:Bcin03g03580	6	6	5	2	8	3
gene:Bcin03g03590	203	244	120	66	49	36
gene:Bcin03g03600	354	433	231	428	392	271
gene:Bcin03g03610	279	447	168	61	70	36
gene:Bcin03g03620	12049	11915	10944	13748	13351	10998
gene:Bcin03g03630	12255	12910	10623	5070	3328	3495
gene:Bcin03g03640	1169	1322	1078	591	514	418
gene:Bcin03g03650	476	538	459	572	428	372
gene:Bcin03g03660	1358	1319	1283	586	605	453
gene:Bcin03g03670	0	2	0	1	3	0
gene:Bcin03g03680	0	5	1	0	2	2
gene:Bcin03g03690	0	0	0	0	0	1
gene:Bcin03g03700	153	119	95	127	82	87
gene:Bcin03g03710	10	6	18	34	17	13
gene:Bcin03g03720	815	963	639	699	751	588
gene:Bcin03g03730	1336	1724	1260	1268	910	791
gene:Bcin03g03740	17	23	4	3	3	3
gene:Bcin03g03750	0	0	0	0	0	1
gene:Bcin03g03760	0	0	0	1	0	0
gene:Bcin03g03770	0	0	0	0	0	0
gene:Bcin03g03780	23	31	20	61	14	22
gene:Bcin03g03790	70	86	63	2103	684	620
gene:Bcin03g03800	90	116	119	66	55	40
gene:Bcin03g03810	1	1	0	5	3	3
gene:Bcin03g03820	7	8	9	10	4	4
gene:Bcin03g03830	1797	2011	1545	444	251	166
gene:Bcin03g03840	1118	1260	992	1303	1158	769
gene:Bcin03g03850	563	636	374	422	350	327
gene:Bcin03g03860	305	352	270	216	193	204
gene:Bcin03g03870	1459	1542	1118	1051	1372	1257
gene:Bcin03g03880	2503	2740	2663	1253	890	883
gene:Bcin03g03890	1711	1874	1652	1440	1198	1218
gene:Bcin03g03900	1068	1244	968	713	588	583
gene:Bcin03g03910	506	579	590	488	328	345
gene:Bcin03g03920	192	253	200	232	159	135
gene:Bcin03g03930	6	0	3	2	0	0
gene:Bcin03g03940	5754	6526	6078	2523	1479	1500
gene:Bcin03g03950	0	0	0	0	0	0
gene:Bcin03g03960	1	1	1	3	0	0
gene:Bcin03g03970	1	1	0	0	0	1
gene:Bcin03g03980	0	0	0	0	0	0
gene:Bcin03g03990	0	0	0	9	6	3
gene:Bcin03g04000	0	0	1	16	19	11
gene:Bcin03g04010	4597	4717	4435	1147	1311	1111
gene:Bcin03g04020	455	505	454	308	280	213
gene:Bcin03g04030	17	14	7	23	16	8
gene:Bcin03g04040	261	274	178	632	788	650
gene:Bcin03g04050	1	2	0	0	5	0
gene:Bcin03g04060	1037	1204	821	725	547	432
gene:Bcin03g04070	1033	1185	1017	979	799	698
gene:Bcin03g04080	486	608	440	414	305	261
gene:Bcin03g04090	4013	5583	3559	6933	4554	3032
gene:Bcin03g04100	841	855	803	1463	1498	721
gene:Bcin03g04110	744	1008	824	2411	3261	2200
gene:Bcin03g04120	1617	1688	1486	1227	1091	926
gene:EFBcG00000013255	0	0	0	0	0	0
gene:ENSRNA049537262	0	0	0	0	0	0
gene:Bcin03g04130	481	440	383	264	233	192
gene:Bcin03g04140	696	710	573	478	555	415
gene:Bcin03g04150	885	1029	777	750	428	428
gene:Bcin03g04160	341	315	253	420	324	280
gene:Bcin03g04170	797	777	729	670	557	460
gene:Bcin03g04180	209	229	174	195	155	138
gene:Bcin03g04190	263	319	249	500	318	334
gene:Bcin03g04200	3	2	3	1	6	1
gene:Bcin03g04210	51	68	54	38	28	30
gene:Bcin03g04220	422	503	397	854	761	530
gene:Bcin03g04230	462	521	382	497	440	348
gene:Bcin03g04240	2248	2782	2080	3413	2923	2430
gene:Bcin03g04250	301	328	231	386	301	258
gene:Bcin03g04260	335	373	325	521	566	461
gene:Bcin03g04270	1260	1533	1265	1180	1435	1098
gene:Bcin03g04280	923	958	910	750	737	635
gene:Bcin03g04290	1052	1112	924	660	413	420
gene:Bcin03g04300	48	45	42	189	61	39
gene:Bcin03g04310	16	60	12	17	12	7
gene:Bcin03g04320	90	102	91	241	142	129
gene:Bcin03g04330	31	41	29	7	11	4
gene:Bcin03g04340	722	719	433	110	100	96
gene:Bcin03g04350	1	8	1	10	7	7
gene:Bcin03g04360	120	153	115	136	179	135
gene:Bcin03g04370	9	3	2	8	16	7
gene:Bcin03g04380	5	6	8	21	26	16
gene:Bcin03g04390	3	4	1	3	5	5
gene:Bcin03g04400	0	1	1	2	1	0
gene:Bcin03g04410	0	0	0	1	0	0
gene:Bcin03g04420	0	0	0	1	1	0
gene:Bcin03g04430	51	74	46	46	21	35
gene:Bcin03g04440	64	72	41	51	31	46
gene:Bcin03g04450	17	11	7	63	17	21
gene:Bcin03g04460	1066	1192	798	892	1352	937
gene:Bcin03g04470	1307	1606	1091	1675	2548	1113
gene:Bcin03g04480	119	263	633	52	24	26
gene:Bcin03g04490	0	0	1	1	3	1
gene:Bcin03g04500	1012	990	899	388	528	387
gene:Bcin03g04510	987	1102	918	1239	796	744
gene:Bcin03g04520	90	157	89	188	104	109
gene:Bcin03g04530	945	990	490	319	177	169
gene:Bcin03g04540	219	242	159	504	256	165
gene:Bcin03g04550	2303	2597	1647	1105	894	730
gene:Bcin03g04560	0	0	1	2	3	0
gene:Bcin03g04570	51	52	38	39	37	34
gene:Bcin03g04580	9	5	3	8	11	9
gene:Bcin03g04590	198	239	118	326	332	233
gene:Bcin03g04600	19	17	12	12	5	7
gene:Bcin03g04610	1108	1309	1009	1233	1084	674
gene:Bcin03g04620	1531	1761	1376	985	911	727
gene:Bcin03g04630	833	859	657	667	428	442
gene:Bcin03g04640	306	345	306	282	252	220
gene:Bcin03g04650	7	9	10	20	12	18
gene:Bcin03g04660	288	345	249	698	453	442
gene:Bcin03g04670	48	44	34	58	86	50
gene:Bcin03g04680	1045	1180	883	615	542	489
gene:Bcin03g04690	2908	2829	2397	550	659	331
gene:Bcin03g04700	642	707	606	1850	1009	869
gene:Bcin03g04710	0	3	2	2	0	0
gene:Bcin03g04720	3	2	6	3	1	1
gene:Bcin03g04730	123	118	58	34	21	16
gene:Bcin03g04740	197	255	202	180	143	129
gene:Bcin03g04750	1208	1575	1201	6595	4199	3766
gene:Bcin03g04760	492	538	506	906	675	572
gene:Bcin03g04770	1170	1178	867	2520	2614	1181
gene:Bcin03g04780	346	350	284	586	1293	591
gene:Bcin03g04790	1421	1621	1113	2330	1998	1733
gene:Bcin03g04800	1769	2017	1676	1044	902	678
gene:Bcin03g04810	5033	5296	3719	3754	3633	3088
gene:Bcin03g04820	1	1	1	6	4	3
gene:Bcin03g04830	1223	1488	1092	2549	2726	1571
gene:Bcin03g04840	1262	1375	1172	1446	1247	1102
gene:Bcin03g04850	423	619	260	541	582	418
gene:Bcin03g04860	10574	11991	8440	1270	693	786
gene:Bcin03g04870	26	26	9	23	38	14
gene:Bcin03g04880	714	747	487	998	1120	600
gene:Bcin03g04890	571	634	443	847	862	437
gene:Bcin03g04900	1287	1202	995	1281	898	751
gene:Bcin03g04910	1693	1851	1472	918	884	737
gene:Bcin03g04920	140	204	99	293	283	225
gene:Bcin03g04930	1	0	0	3	4	0
gene:Bcin03g04940	847	948	646	1074	1405	1203
gene:Bcin03g04950	554	673	523	710	565	534
gene:Bcin03g04960	236	245	194	165	105	100
gene:Bcin03g04970	2124	2278	2052	1817	1922	1419
gene:Bcin03g04980	218	273	187	309	293	239
gene:Bcin03g04990	3845	4610	3614	2791	2404	2122
gene:Bcin03g05000	722	933	497	976	1042	662
gene:Bcin03g05010	0	0	0	1	0	0
gene:Bcin03g05020	5	0	1	1	0	4
gene:Bcin03g05030	2	4	5	1	11	3
gene:Bcin03g05040	3428	3843	2601	2421	2224	1744
gene:Bcin03g05050	65	72	49	28	26	30
gene:Bcin03g05060	3566	3393	3194	202	163	168
gene:Bcin03g05070	165	222	166	212	214	150
gene:Bcin03g05080	99	123	98	119	85	105
gene:Bcin03g05090	2262	2222	2240	2240	2453	1341
gene:Bcin03g05100	1253	1387	1063	1421	1234	858
gene:Bcin03g05110	791	984	806	990	893	723
gene:Bcin03g05120	417	396	290	364	475	220
gene:Bcin03g05130	1	4	4	5	3	3
gene:Bcin03g05140	181	218	85	23	18	19
gene:Bcin03g05150	51	70	36	26	45	31
gene:Bcin03g05160	6	14	7	5	0	4
gene:Bcin03g05170	237	301	225	100	47	60
gene:Bcin03g05180	61	55	42	67	55	36
gene:Bcin03g05190	28	44	38	40	34	39
gene:Bcin03g05200	2	0	0	3	3	2
gene:Bcin03g05210	359	401	312	503	383	338
gene:Bcin03g05220	692	675	513	589	392	359
gene:Bcin03g05230	475	470	1134	3979	2558	2213
gene:Bcin03g05240	1195	1351	1339	1838	1597	1399
gene:Bcin03g05250	894	1022	867	974	869	701
gene:Bcin03g05260	0	0	0	0	0	0
gene:Bcin03g05270	0	2	0	1	3	0
gene:Bcin03g05280	1	1	1	5	6	5
gene:Bcin03g05290	1492	1698	1364	1258	1266	951
gene:Bcin03g05300	1808	2229	1478	1447	927	921
gene:Bcin03g05310	995	1188	886	786	730	605
gene:Bcin03g05320	192	234	250	298	527	259
gene:Bcin03g05330	922	1019	1218	8582	4408	4417
gene:Bcin03g05340	1420	1318	1004	1805	1126	959
gene:Bcin03g05350	1108	1076	1041	1913	1375	1361
gene:Bcin03g05360	575	648	560	794	548	544
gene:Bcin03g05370	1130	1138	1187	554	414	372
gene:Bcin03g05380	337	355	291	193	218	156
gene:Bcin03g05390	1187	1244	1067	1204	1141	1021
gene:Bcin03g05400	0	1	0	2	4	1
gene:Bcin03g05410	87	66	83	75	79	53
gene:Bcin03g05420	202	230	181	327	231	202
gene:Bcin03g05430	858	901	747	1488	1876	1339
gene:Bcin03g05440	154	176	153	167	128	119
gene:Bcin03g05450	2	6	5	6	3	2
gene:Bcin03g05460	8	8	8	6	4	7
gene:Bcin03g05470	227	288	203	212	151	142
gene:Bcin03g05480	2197	1845	2076	444	3415	629
gene:Bcin03g05490	2207	2750	2228	1975	1805	1369
gene:Bcin03g05500	39	45	37	29	158	63
gene:EFBcG00000013337	0	0	0	0	0	0
gene:ENSRNA049537314	0	0	0	0	0	0
gene:ENSRNA049513066	0	0	0	0	0	0
gene:EFBcG00000013339	0	0	0	0	0	0
gene:EFBcG00000013332	2	1	4	2	2	1
gene:Bcin03g05510	2164	2574	2054	1197	1447	1141
gene:Bcin03g05520	610	623	544	298	291	253
gene:Bcin03g05530	1677	1677	1716	1978	1557	1369
gene:Bcin03g05540	711	805	633	572	555	399
gene:Bcin03g05550	3	3	4	13	12	7
gene:Bcin03g05560	1	1	3	3	2	2
gene:Bcin03g05570	1	0	1	1	1	4
gene:Bcin03g05580	0	1	0	0	0	0
gene:EFBcG00000013359	0	0	0	0	0	0
gene:ENSRNA049537369	0	0	0	0	0	0
gene:Bcin03g05590	22	17	23	17	4	0
gene:Bcin03g05600	823	1016	268	141	228	151
gene:Bcin03g05610	125	180	44	343	144	132
gene:Bcin03g05620	7	13	8	18	6	5
gene:Bcin03g05630	218	260	206	254	228	231
gene:Bcin03g05640	4668	5183	3105	2294	2364	2100
gene:Bcin03g05650	16	47	21	94	74	82
gene:Bcin03g05660	1	6	1	8	15	7
gene:Bcin03g05670	20	29	25	46	30	26
gene:Bcin03g05680	17	18	15	24	24	25
gene:Bcin03g05690	3	3	3	5	7	2
gene:Bcin03g05700	1729	2134	1569	2107	1932	1682
gene:Bcin03g05710	113	116	118	100	85	67
gene:Bcin03g05720	109	350	122	25	28	12
gene:Bcin03g05730	0	0	0	0	2	1
gene:Bcin03g05740	420	465	338	416	312	240
gene:Bcin03g05750	1524	1903	1362	962	888	796
gene:Bcin03g05760	20	20	18	7	11	2
gene:Bcin03g05770	15	19	12	23	20	13
gene:Bcin03g05780	60359	63574	55025	97774	80958	72703
gene:Bcin03g05790	837	768	607	1053	645	662
gene:Bcin03g05800	413	565	248	197	237	182
gene:Bcin03g05810	53	71	38	61	50	42
gene:Bcin03g05820	15409	9800	5827	140	139	138
gene:Bcin03g05830	6	3	2	0	1	0
gene:Bcin03g05840	1707	2299	1350	1015	559	579
gene:Bcin03g05850	958	1057	994	1477	1370	851
gene:Bcin03g05860	751	806	675	741	592	496
gene:Bcin03g05870	1416	1694	1341	1434	1498	1043
gene:Bcin03g05880	963	1211	915	1369	1335	995
gene:Bcin03g05890	114	51	17	2	1	7
gene:Bcin03g05900	1556	1734	1534	807	1080	979
gene:Bcin03g05910	136	135	82	42	107	59
gene:Bcin03g05920	345	401	250	252	187	177
gene:Bcin03g05930	1718	2096	1564	3331	1646	1563
gene:EFBcG00000013118	0	0	0	0	0	0
gene:ENSRNA049513194	0	0	0	0	0	0
gene:Bcin03g05940	291	268	229	241	142	156
gene:Bcin03g05950	329	356	260	298	279	246
gene:Bcin03g05960	20437	21392	17599	22502	20985	17373
gene:EFBcG00000013227	2	3	1	2	0	1
gene:Bcin03g05970	1605	1693	1531	1858	1387	1273
gene:Bcin03g05980	260	291	307	359	469	306
gene:EFBcG00000013289	3	2	2	0	3	0
gene:EFBcG00000013265	0	0	0	0	0	0
gene:ENSRNA049512982	0	0	0	0	0	0
gene:Bcin03g05990	1669	1902	1526	1955	1595	1567
gene:Bcin03g06000	489	491	434	536	518	480
gene:Bcin03g06010	306	353	296	336	218	225
gene:Bcin03g06020	416	471	372	338	241	245
gene:Bcin03g06030	270	302	228	261	225	207
gene:Bcin03g06040	741	735	657	518	418	352
gene:Bcin03g06050	176	165	124	205	117	133
gene:Bcin03g06060	418	453	357	395	280	297
gene:Bcin03g06070	341	480	323	339	369	235
gene:Bcin03g06080	4784	5962	4306	3572	2692	2469
gene:Bcin03g06090	6044	6640	4787	5984	5602	4570
gene:Bcin03g06100	1088	1269	1042	1045	813	635
gene:Bcin03g06110	425	459	581	1409	783	669
gene:Bcin03g06120	1331	1509	1268	2012	1728	1533
gene:Bcin03g06130	982	1013	959	914	725	600
gene:Bcin03g06140	386	549	409	448	325	256
gene:Bcin03g06150	843	939	739	786	442	434
gene:Bcin03g06160	183	202	168	266	424	248
gene:Bcin03g06170	32460	34337	28871	45775	38830	35592
gene:Bcin03g06180	2620	2556	2736	6542	4192	3578
gene:Bcin03g06190	2314	3026	1195	2709	2861	3242
gene:Bcin03g06200	2782	3740	2503	3759	3470	3159
gene:Bcin03g06210	352	426	340	610	558	402
gene:Bcin03g06220	1378	1668	1095	1656	1466	1459
gene:Bcin03g06230	522	576	442	466	342	304
gene:Bcin03g06240	713	833	681	1195	1138	841
gene:Bcin03g06250	3894	4429	3381	3816	2603	2627
gene:Bcin03g06260	188	178	155	152	143	129
gene:Bcin03g06270	1081	1114	944	1257	887	838
gene:Bcin03g06280	692	646	656	1208	674	614
gene:Bcin03g06290	1617	1882	1315	1413	1440	1183
gene:Bcin03g06300	827	1002	724	495	448	354
gene:Bcin03g06310	14	15	14	22	25	15
gene:Bcin03g06320	11	26	6	22	45	23
gene:Bcin03g06330	240	168	232	122	286	330
gene:Bcin03g06340	1993	2821	1390	1414	1707	1692
gene:Bcin03g06350	726	798	548	591	622	459
gene:Bcin03g06360	4202	5373	3246	2906	3795	2894
gene:Bcin03g06370	16067	16117	16104	18142	20158	12728
gene:Bcin03g06380	333	304	279	235	216	179
gene:Bcin03g06390	6924	8041	6529	8893	7640	5904
gene:Bcin03g06400	38	33	15	49	35	28
gene:Bcin03g06410	106	197	92	71	105	87
gene:Bcin03g06420	1206	1579	1057	1319	908	759
gene:Bcin03g06430	631	747	997	840	785	471
gene:Bcin03g06440	255	253	251	201	164	158
gene:Bcin03g06450	598	642	486	318	339	241
gene:Bcin03g06460	3	1	3	116	106	45
gene:Bcin03g06470	10	9	12	14	21	9
gene:Bcin03g06480	48	72	56	53	60	32
gene:Bcin03g06490	226	287	185	170	213	143
gene:Bcin03g06500	915	1342	1129	750	536	478
gene:Bcin03g06510	655	832	653	559	433	362
gene:Bcin03g06520	3640	3876	2931	2626	2481	2194
gene:Bcin03g06530	23498	24334	20444	21614	19794	16257
gene:Bcin03g06540	423	420	317	276	195	220
gene:Bcin03g06550	208	280	191	832	1094	726
gene:Bcin03g06560	860	897	635	1555	1150	1078
gene:Bcin03g06570	432	505	345	217	127	123
gene:Bcin03g06580	5397	5971	5531	6637	5779	4910
gene:Bcin03g06590	379	425	293	743	582	530
gene:Bcin03g06600	76396	61746	89088	28503	20960	23660
gene:Bcin03g06610	124	105	138	693	969	309
gene:Bcin03g06620	1	1	1	1	2	0
gene:Bcin03g06630	2481	3051	3151	19082	21632	9683
gene:Bcin03g06640	23	26	27	99	64	29
gene:Bcin03g06650	0	1	1	3	1	1
gene:Bcin03g06660	3	8	19	35	31	26
gene:Bcin03g06670	0	3	0	259	151	136
gene:Bcin03g06680	0	1	0	247	266	140
gene:Bcin03g06690	4	6	8	30	30	12
gene:Bcin03g06700	0	2	1	39	30	25
gene:Bcin03g06710	11	13	7	15	10	9
gene:Bcin03g06720	419	458	452	454	350	264
gene:Bcin03g06730	2574	3112	2175	4665	4302	3534
gene:Bcin03g06740	23	31	27	130	159	70
gene:Bcin03g06750	0	0	0	0	0	0
gene:Bcin03g06760	0	0	0	0	0	0
gene:Bcin03g06770	0	0	0	0	0	0
gene:Bcin03g06780	0	1	3	0	3	1
gene:Bcin03g06790	5	5	4	15	6	6
gene:Bcin03g06800	10	16	12	24	15	13
gene:Bcin03g06810	9816	10746	6959	5416	5672	4299
gene:Bcin03g06820	1756	1970	1610	1304	1057	829
gene:Bcin03g06830	1836	1650	1541	3263	2540	1407
gene:Bcin03g06840	2133	2223	1802	3220	4992	3408
gene:Bcin03g06850	449	552	431	509	415	345
gene:Bcin03g06860	582	641	605	768	686	570
gene:Bcin03g06870	3	1	2	15	12	13
gene:Bcin03g06880	0	0	1	4	3	2
gene:Bcin03g06890	354	378	318	259	175	169
gene:Bcin03g06900	8	10	4	10	13	19
gene:Bcin03g06910	2320	2773	2195	1915	1526	1233
gene:Bcin03g06920	484	569	456	293	377	291
gene:Bcin03g06930	21	34	8	80	391	172
gene:Bcin03g06940	9293	10668	7477	11721	8437	7507
gene:Bcin03g06950	290	270	270	437	396	311
gene:Bcin03g06960	136	145	118	122	80	87
gene:Bcin03g06970	17710	17509	16520	23357	23536	19656
gene:Bcin03g06980	657	680	608	945	688	581
gene:Bcin03g06990	16361	16486	14616	19201	17163	14223
gene:Bcin03g07000	249	270	217	197	145	151
gene:Bcin03g07010	149	175	135	164	130	130
gene:Bcin03g07020	8685	8391	7852	11457	14763	9897
gene:Bcin03g07030	928	1053	690	1730	1707	1263
gene:Bcin03g07040	9	7	5	16	12	17
gene:Bcin03g07050	2655	3022	2668	5997	7145	5822
gene:Bcin03g07060	137	63	63	153	61	38
gene:Bcin03g07070	347	406	356	356	214	233
gene:Bcin03g07080	3727	3830	2849	5921	4532	3722
gene:Bcin03g07090	2	2	0	4	9	9
gene:EFBcG00000013090	0	0	0	0	0	0
gene:ENSRNA049513225	0	0	0	0	0	0
gene:Bcin03g07100	883	1081	845	929	737	607
gene:Bcin03g07110	13218	13538	11598	17158	13584	12461
gene:Bcin03g07120	19144	19599	17764	21992	22594	18057
gene:Bcin03g07130	460	516	382	628	616	483
gene:Bcin03g07140	292	318	330	306	256	185
gene:Bcin03g07150	397	397	301	346	255	251
gene:Bcin03g07160	1	2	2	1	1	2
gene:Bcin03g07170	6	14	6	13	10	5
gene:Bcin03g07180	1176	1477	745	97	48	58
gene:Bcin03g07190	2829	3126	2896	2601	3397	2426
gene:Bcin03g07200	578	475	453	552	464	397
gene:Bcin03g07210	752	916	401	671	551	407
gene:Bcin03g07220	3	2	1	2	5	3
gene:Bcin03g07230	362	450	258	531	650	439
gene:Bcin03g07240	3804	3850	3920	3453	2788	2404
gene:Bcin03g07250	3451	4198	2899	2472	1837	1567
gene:Bcin03g07260	3760	4138	3667	3833	3300	2781
gene:Bcin03g07270	29	25	22	37	14	22
gene:Bcin03g07280	850	1017	817	896	796	702
gene:Bcin03g07290	1810	2008	1979	3229	2351	2075
gene:Bcin03g07300	1091	1325	1064	1295	769	857
gene:Bcin03g07310	11	4	7	10	9	5
gene:Bcin03g07320	3760	5029	1984	238	260	233
gene:Bcin03g07330	184	241	114	61	75	80
gene:Bcin03g07340	308	308	371	4655	5647	4300
gene:Bcin03g07350	75	88	48	282	231	195
gene:Bcin03g07360	8636	6853	5395	54	42	25
gene:Bcin03g07370	1021	939	951	2048	2658	1704
gene:Bcin03g07380	823	787	888	594	879	519
gene:Bcin03g07390	11048	16056	7999	9095	6207	4009
gene:Bcin03g07400	585	667	566	484	355	316
gene:Bcin03g07410	562	639	495	270	323	269
gene:Bcin03g07420	3857	4406	3472	4610	6764	4411
gene:Bcin03g07430	311	353	300	407	360	264
gene:Bcin03g07440	345	437	320	606	656	507
gene:Bcin03g07450	152	149	116	164	156	81
gene:Bcin03g07460	10760	11218	9880	17045	16805	13582
gene:Bcin03g07470	579	619	518	731	571	506
gene:Bcin03g07480	2656	2773	2274	2469	2701	2197
gene:Bcin03g07490	730	787	687	924	728	644
gene:Bcin03g07500	1174	1234	1138	1269	1008	911
gene:Bcin03g07510	759	832	653	522	480	468
gene:Bcin03g07520	605	601	501	594	408	335
gene:Bcin03g07530	10787	10324	8274	4552	5661	4425
gene:Bcin03g07540	758	840	471	551	441	418
gene:Bcin03g07550	51	68	33	154	83	82
gene:Bcin03g07560	240	268	215	250	164	164
gene:Bcin03g07570	528	581	512	1036	1174	927
gene:Bcin03g07580	130	143	98	108	95	75
gene:Bcin03g07590	53	71	47	87	61	50
gene:Bcin03g07600	160	152	153	183	122	132
gene:Bcin03g07610	85	108	97	107	70	75
gene:Bcin03g07620	145	150	118	144	82	109
gene:Bcin03g07630	23295	24611	20607	38044	31966	28588
gene:EFBcG00000013272	16	11	15	37	27	19
gene:Bcin03g07640	409	466	398	372	284	242
gene:Bcin03g07650	12	10	9	13	15	12
gene:Bcin03g07660	909	1013	645	531	408	376
gene:Bcin03g07670	3517	4928	755	1450	913	673
gene:Bcin03g07680	1	0	3	7	6	8
gene:Bcin03g07690	315	312	346	581	562	321
gene:Bcin03g07700	943	949	858	3072	3980	1575
gene:Bcin03g07710	629	807	584	526	535	368
gene:Bcin03g07720	1701	1619	1131	1427	1119	964
gene:Bcin03g07730	49	74	45	125	79	57
gene:Bcin03g07740	2	4	2	4	12	4
gene:Bcin03g07750	77	70	32	34	54	29
gene:Bcin03g07760	2	1	1	1	0	3
gene:Bcin03g07770	4	4	8	7	8	3
gene:Bcin03g07780	9	12	5	9	4	7
gene:Bcin03g07790	12	20	7	13	7	11
gene:Bcin03g07800	227	316	242	213	133	154
gene:Bcin03g07810	203	254	224	318	235	208
gene:Bcin03g07820	2420	2571	2463	1970	2039	1536
gene:Bcin03g07830	18	17	17	28	28	27
gene:Bcin03g07840	0	0	0	0	0	0
gene:Bcin03g07850	15	16	10	177	116	68
gene:Bcin03g07860	4	4	6	11	14	10
gene:Bcin03g07870	19	10	13	16	5	3
gene:Bcin03g07880	937	922	978	2028	2643	1373
gene:Bcin03g07890	1529	1508	1532	1043	1294	622
gene:Bcin03g07900	842	890	769	747	635	502
gene:Bcin03g07910	17372	20638	14345	2105	1488	1253
gene:Bcin03g07920	1373	1507	1275	1313	931	882
gene:Bcin03g07930	1300	1335	1107	1138	889	751
gene:Bcin03g07940	1010	1003	848	1108	732	703
gene:Bcin03g07950	1315	1389	1230	1461	1410	1125
gene:Bcin03g07960	553	608	458	532	312	330
gene:Bcin03g07970	574	632	459	509	323	302
gene:Bcin03g07980	3571	4264	3488	3369	2809	2428
gene:Bcin03g07990	9	8	7	6	9	9
gene:Bcin03g08000	36	56	39	75	97	50
gene:Bcin03g08010	5	9	9	22	22	9
gene:Bcin03g08020	101	97	81	112	150	86
gene:Bcin03g08030	1085	1102	1365	3914	13307	3039
gene:Bcin03g08040	100	98	86	92	78	79
gene:Bcin03g08050	1146	1341	1097	6358	1806	1594
gene:Bcin03g08060	1	1	0	5	4	1
gene:Bcin03g08070	39	64	48	61	45	52
gene:Bcin03g08080	70	65	71	92	196	201
gene:Bcin03g08090	119	153	120	180	123	105
gene:Bcin03g08100	630	560	674	955	1472	958
gene:Bcin03g08110	461	433	545	1241	1646	1178
gene:Bcin03g08120	264	298	187	272	183	116
gene:Bcin03g08130	68	86	56	105	70	70
gene:Bcin03g08140	355	356	345	489	435	335
gene:Bcin03g08150	1357	1222	1069	470	468	429
gene:Bcin03g08160	1083	1241	1028	1026	862	787
gene:Bcin03g08170	813	1249	759	1348	865	670
gene:Bcin03g08180	46	47	35	52	61	26
gene:Bcin03g08190	17	13	8	18	13	14
gene:Bcin03g08200	18	14	6	38	37	17
gene:Bcin03g08210	1	1	1	8	0	2
gene:Bcin03g08220	1292	1542	1055	1136	930	754
gene:Bcin03g08230	19	15	11	4	2	0
gene:Bcin03g08240	5065	5793	4092	5897	4921	4276
gene:Bcin03g08250	102	101	73	125	105	86
gene:Bcin03g08260	4130	4995	4044	4467	3665	3188
gene:Bcin03g08270	7	5	3	6	5	4
gene:Bcin03g08280	36	54	42	25	20	10
gene:Bcin03g08290	368	474	325	363	210	212
gene:Bcin03g08300	6	8	8	5	6	2
gene:Bcin03g08310	0	0	1	0	2	2
gene:Bcin03g08320	0	0	0	0	0	0
gene:Bcin03g08330	0	0	1	0	0	0
gene:Bcin03g08340	159	199	180	131	104	75
gene:Bcin03g08350	1047	1142	955	640	380	413
gene:Bcin03g08360	525	600	510	501	501	404
gene:Bcin03g08370	2404	2784	2483	4351	3625	3020
gene:Bcin03g08380	1537	1829	1242	1257	1127	949
gene:Bcin03g08390	0	0	0	0	2	0
gene:Bcin03g08400	1	4	1	8	8	6
gene:Bcin03g08410	9	6	5	14	7	7
gene:Bcin03g08420	1	5	0	5	0	0
gene:Bcin03g08430	29	26	25	40	19	22
gene:Bcin03g08440	319	346	265	218	218	143
gene:Bcin03g08450	272	305	249	348	222	230
gene:Bcin03g08460	0	0	0	2	0	1
gene:Bcin03g08470	37	30	30	158	184	117
gene:Bcin03g08480	0	0	0	0	0	0
gene:Bcin03g08490	1096	1174	918	896	695	705
gene:Bcin03g08500	98	91	97	93	57	36
gene:Bcin03g08510	1	0	0	3	0	0
gene:Bcin03g08520	2	0	0	3	1	0
gene:Bcin03g08530	152	165	86	368	166	178
gene:Bcin03g08540	0	2	0	2	0	0
gene:Bcin03g08550	0	0	0	0	0	0
gene:Bcin03g08560	0	0	0	0	0	0
gene:Bcin03g08570	5	4	9	54	11	16
gene:Bcin03g08580	0	0	0	1	0	0
gene:Bcin03g08590	1	0	0	0	0	0
gene:Bcin03g08600	254	274	222	274	303	238
gene:Bcin03g08610	451	536	409	545	767	460
gene:Bcin03g08620	29	48	26	58	48	25
gene:Bcin03g08630	59	63	44	38	29	27
gene:Bcin03g08640	100	99	60	64	35	21
gene:Bcin03g08650	88	92	58	138	359	124
gene:Bcin03g08660	831	895	685	601	541	383
gene:Bcin03g08670	413	364	545	218	226	198
gene:Bcin03g08680	846	994	510	861	775	535
gene:Bcin03g08690	174	180	157	243	119	119
gene:Bcin03g08700	2	1	0	0	3	1
gene:EFBcG00000013102	0	0	0	0	0	0
gene:ENSRNA049537349	0	0	0	0	0	0
gene:Bcin03g08710	168	133	87	214	259	189
gene:Bcin03g08720	0	0	0	0	0	0
gene:Bcin03g08730	0	0	0	0	0	0
gene:Bcin03g08740	0	0	0	0	2	0
gene:Bcin03g08750	0	0	0	0	0	0
gene:Bcin03g08760	3	5	1	6	4	1
gene:Bcin03g08770	4	7	2	9	10	2
gene:Bcin03g08780	41	41	29	89	113	67
gene:Bcin03g08790	1	1	1	4	3	2
gene:Bcin03g08800	169	211	204	217	166	147
gene:Bcin03g08810	435	484	385	407	296	269
gene:Bcin03g08820	548	568	625	737	874	605
gene:Bcin03g08830	744	664	730	486	1386	327
gene:Bcin03g08840	68	78	62	381	253	191
gene:Bcin03g08850	657	783	618	782	628	536
gene:Bcin03g08860	417	420	388	348	295	237
gene:Bcin03g08870	0	0	0	0	0	0
gene:Bcin03g08880	1	0	0	0	0	0
gene:Bcin03g08890	0	0	0	0	0	0
gene:Bcin03g08900	0	0	1	0	0	0
gene:Bcin03g08910	118	122	103	82	68	53
gene:Bcin03g08920	57	58	71	45	87	41
gene:Bcin03g08930	66	97	75	111	96	71
gene:Bcin03g08940	9	3	8	8	13	14
gene:Bcin03g08950	3	3	1	18	19	9
gene:Bcin03g08960	0	0	0	3	0	1
gene:Bcin03g08970	0	0	0	0	1	0
gene:Bcin03g08980	4	9	3	8	8	6
gene:Bcin03g08990	11	4	2	12	4	9
gene:Bcin03g09000	5591	6460	5468	3920	4105	3455
gene:Bcin03g09010	27	42	31	31	25	15
gene:Bcin03g09020	3	3	0	1	0	3
gene:Bcin03g09030	7	16	14	22	5	7
gene:Bcin03g09040	9	8	1	19	8	3
gene:Bcin03g09050	1615	1946	925	752	820	679
gene:Bcin03g09060	42	53	34	33	27	11
gene:Bcin03g09070	98	139	59	57	47	42
gene:Bcin03g09080	293	342	229	688	651	458
gene:Bcin03g09090	820	867	797	1422	1530	833
gene:Bcin03g09100	610	791	628	683	418	343
gene:Bcin03g09110	27	34	41	199	132	137
gene:Bcin03g09120	4	7	1	8	3	2
gene:Bcin03g09130	17	12	6	6	21	12
gene:Bcin03g09140	237	253	185	177	163	142
gene:Bcin03g09150	39	49	25	35	59	47
gene:Bcin03g09160	3	1	1	1	4	1
gene:Bcin03g09170	2	1	1	5	1	1
gene:Bcin03g09180	355	407	331	577	484	465
gene:Bcin03g09190	1324	1421	1282	1385	1392	1083
gene:Bcin03g09200	14	19	14	18	13	18
gene:Bcin03g09210	4951	5070	4664	552	242	377
gene:Bcin03g09220	0	1	4	5	0	3
gene:Bcin03g09230	4	5	1	9	2	2
gene:Bcin03g09240	625	614	592	435	390	343
gene:Bcin03g09250	1396	1515	1277	828	693	592
gene:Bcin03g09260	243	280	242	318	218	162
gene:Bcin03g09270	2348	2607	2401	1760	1265	1196
gene:Bcin03g09280	3955	4187	4459	8855	5262	5527
gene:Bcin03g09290	1326	1473	1182	1197	1026	772
gene:EFBcG00000013292	78	82	57	72	50	67
gene:Bcin03g09300	172	161	188	228	176	185
gene:Bcin03g09310	48	50	52	129	144	126
gene:Bcin03g09314	1	2	1	2	1	1
gene:Bcin03g09316	108	156	103	185	455	316
gene:Bcin03g09318	2014	2178	1964	1523	1475	1313
gene:Bcin03g09320	141	161	132	51	56	41
gene:EFBcG00000013145	21491	25892	32627	1068427	3283830	3785021
gene:ENSRNA049511846	12	24	13	116	167	193
gene:EFBcG00000013129	0	0	0	0	0	0
gene:ENSRNA049511891	0	1	0	5	12	9
gene:Bcin04g00010	175	155	146	443	367	316
gene:Bcin04g00020	68	79	44	176	140	138
gene:Bcin04g00030	1004	1195	791	1226	1451	1289
gene:Bcin04g00040	6	11	2	23	32	15
gene:Bcin04g00050	3	5	0	13	5	5
gene:Bcin04g00060	5	3	3	13	7	9
gene:Bcin04g00070	1106	1125	1054	1004	713	664
gene:Bcin04g00080	64	92	57	183	68	53
gene:Bcin04g00090	111	109	81	189	110	98
gene:Bcin04g00100	1737	1947	1540	1217	1062	883
gene:Bcin04g00110	152	241	163	272	192	176
gene:Bcin04g00120	454	563	434	692	638	475
gene:Bcin04g00130	1600	1923	1506	1388	1436	1156
gene:EFBcG00000013370	11	12	10	9	8	7
gene:Bcin04g00140	2151	2047	2389	2314	1970	1780
gene:Bcin04g00150	950	1076	922	880	1046	827
gene:Bcin04g00160	149	147	429	28	135	31
gene:Bcin04g00170	79	122	110	568	235	193
gene:Bcin04g00180	4346	5309	4386	1839	1032	1241
gene:Bcin04g00190	6	2	2	5	5	3
gene:Bcin04g00200	2066	2260	2411	5282	3361	2570
gene:Bcin04g00210	552	748	552	333	166	170
gene:Bcin04g00220	228	257	230	261	200	206
gene:Bcin04g00230	925	1110	903	1039	776	710
gene:Bcin04g00240	611	728	599	848	568	640
gene:Bcin04g00250	809	1062	781	896	430	529
gene:Bcin04g00260	690	738	654	648	416	492
gene:Bcin04g00270	38	42	52	263	507	303
gene:Bcin04g00280	11375	13470	8519	6241	6288	4586
gene:Bcin04g00290	205	233	180	255	258	188
gene:Bcin04g00300	1150	1310	955	705	563	541
gene:Bcin04g00310	0	0	0	0	0	0
gene:Bcin04g00320	2665	3069	2594	2959	2228	2022
gene:Bcin04g00330	1925	1696	1880	1681	1796	1181
gene:Bcin04g00340	5034	5703	4193	4052	3673	2626
gene:Bcin04g00350	10	5	9	9	10	7
gene:Bcin04g00360	68	66	48	41	43	31
gene:Bcin04g00370	882	1073	755	1017	1045	960
gene:Bcin04g00380	188	204	152	234	170	163
gene:Bcin04g00390	971	1118	925	1149	1025	997
gene:Bcin04g00400	1551	1829	1538	1828	1480	1469
gene:Bcin04g00410	612	631	565	696	943	690
gene:Bcin04g00420	7	7	8	16	31	11
gene:Bcin04g00430	223	285	211	220	226	189
gene:Bcin04g00440	1124	1304	1166	1529	1147	1057
gene:Bcin04g00450	3797	4457	3473	3784	4040	2804
gene:Bcin04g00460	18	23	5	16	6	4
gene:Bcin04g00470	589	293	104	7	5	7
gene:Bcin04g00480	0	3	1	1	0	0
gene:Bcin04g00490	299	356	240	277	172	162
gene:Bcin04g00500	0	0	1	0	0	1
gene:Bcin04g00510	0	0	0	0	0	0
gene:Bcin04g00520	1327	1531	1125	864	641	471
gene:Bcin04g00530	2237	2640	1758	1504	1283	1305
gene:Bcin04g00540	21695	22190	19912	34712	30421	26261
gene:Bcin04g00550	2348	2813	2498	3168	2601	2247
gene:Bcin04g00560	1345	1466	1285	1573	1278	1163
gene:Bcin04g00570	3173	3941	2896	4680	3722	2815
gene:Bcin04g00580	2191	2141	2584	3348	1902	1529
gene:Bcin04g00590	147	127	82	139	99	97
gene:Bcin04g00600	809	1041	699	377	397	305
gene:Bcin04g00610	262	273	229	274	191	174
gene:Bcin04g00620	574	658	561	696	512	568
gene:Bcin04g00630	868	1046	658	828	855	640
gene:Bcin04g00640	348	510	197	201	222	179
gene:Bcin04g00650	0	0	0	0	0	0
gene:Bcin04g00660	794	892	647	984	1214	599
gene:Bcin04g00670	42	59	27	104	87	84
gene:Bcin04g00680	0	1	0	1	0	1
gene:Bcin04g00690	0	1	1	0	0	0
gene:Bcin04g00700	42	53	30	42	47	29
gene:Bcin04g00710	122	149	86	179	251	149
gene:Bcin04g00720	85	129	86	53	60	42
gene:Bcin04g00730	88	109	67	82	82	58
gene:Bcin04g00740	204	274	174	103	65	80
gene:Bcin04g00750	168	201	152	99	94	67
gene:Bcin04g00760	8656	9867	8153	1622	1128	997
gene:Bcin04g00770	1137	1194	698	1373	1246	916
gene:Bcin04g00780	455	380	442	4357	4839	3331
gene:Bcin04g00790	658	833	491	708	775	496
gene:Bcin04g00800	991	1131	837	593	619	533
gene:Bcin04g00810	156	174	78	599	828	391
gene:Bcin04g00820	83	91	36	518	585	319
gene:Bcin04g00830	971	1320	675	417	543	404
gene:Bcin04g00840	1	5	1	6	22	10
gene:Bcin04g00850	0	1	1	16	12	8
gene:Bcin04g00860	4	4	6	20	62	20
gene:Bcin04g00870	60	48	18	285	460	57
gene:Bcin04g00880	45	38	15	402	481	84
gene:Bcin04g00890	323	322	232	609	637	400
gene:Bcin04g00900	642	607	335	878	958	805
gene:Bcin04g00910	240	303	151	271	413	212
gene:Bcin04g00920	292	341	178	256	303	232
gene:Bcin04g00930	145	155	123	89	67	69
gene:Bcin04g00940	105	133	63	147	300	122
gene:Bcin04g00950	204	230	132	170	202	155
gene:Bcin04g00960	268	307	219	246	240	187
gene:Bcin04g00970	201	214	168	186	160	120
gene:Bcin04g00980	369	428	274	177	172	131
gene:Bcin04g00990	1	0	0	0	0	0
gene:Bcin04g01000	17	17	13	67	78	46
gene:Bcin04g01010	0	0	0	1	0	0
gene:Bcin04g01020	295	314	162	284	246	184
gene:Bcin04g01030	995	1092	807	745	792	694
gene:Bcin04g01040	490	688	469	388	403	292
gene:Bcin04g01050	5231	5947	5749	7408	7978	3779
gene:Bcin04g01060	877	958	874	1205	1176	895
gene:Bcin04g01070	203	191	216	210	139	167
gene:Bcin04g01080	366	438	530	403	526	237
gene:Bcin04g01090	165	213	109	230	230	93
gene:Bcin04g01100	16	32	17	32	31	15
gene:Bcin04g01110	21	17	13	19	21	10
gene:Bcin04g01120	1328	1567	1263	858	709	550
gene:Bcin04g01130	2192	2239	1928	2817	2458	2029
gene:Bcin04g01140	0	2	0	6	2	0
gene:Bcin04g01150	3490	3836	3379	2970	2136	1794
gene:Bcin04g01160	946	1029	806	686	400	480
gene:Bcin04g01170	316	382	282	341	267	211
gene:Bcin04g01180	17600	17014	14826	14608	15047	12209
gene:Bcin04g01190	812	967	743	596	553	384
gene:Bcin04g01200	16	13	14	12	17	15
gene:Bcin04g01210	2	1	0	1863	2394	1839
gene:Bcin04g01220	0	0	0	178	235	140
gene:Bcin04g01230	3	2	2	192	276	232
gene:Bcin04g01240	43	38	24	106	97	55
gene:Bcin04g01250	1389	1415	1306	1123	1198	960
gene:Bcin04g01260	236	266	230	562	992	630
gene:Bcin04g01270	2168	2459	2078	1917	1439	1314
gene:Bcin04g01280	3316	3657	3483	4093	3477	2843
gene:Bcin04g01290	2655	3216	2504	3057	2759	2360
gene:Bcin04g01300	117	138	119	180	116	96
gene:Bcin04g01310	14367	16371	15155	32350	29852	23181
gene:Bcin04g01320	226	282	269	459	349	311
gene:Bcin04g01330	335	431	355	479	391	318
gene:Bcin04g01340	0	0	2	3	1	0
gene:Bcin04g01350	2	5	1	3	8	4
gene:Bcin04g01360	20	30	7	20	5	8
gene:Bcin04g01370	3	5	2	0	1	1
gene:Bcin04g01380	7	13	9	16	9	6
gene:Bcin04g01390	127	138	82	26	25	30
gene:Bcin04g01400	525	604	373	211	365	218
gene:Bcin04g01410	4119	4652	2141	6292	9662	7407
gene:Bcin04g01420	948	925	863	1448	1239	1030
gene:Bcin04g01430	5176	6055	4363	5336	5615	4184
gene:Bcin04g01440	960	973	797	784	632	546
gene:Bcin04g01450	1476	1638	1263	1735	1108	1161
gene:Bcin04g01460	2148	2309	1585	1930	1549	1173
gene:Bcin04g01470	640	662	547	1011	699	678
gene:Bcin04g01480	2245	2604	2341	3444	1974	1799
gene:Bcin04g01490	1083	1234	1004	1036	925	781
gene:Bcin04g01500	487	550	476	673	661	529
gene:ENSRNA049511828	0	0	0	0	0	0
gene:Bcin04g01510	1247	1536	1138	1548	1163	1151
gene:Bcin04g01520	1532	2292	627	707	443	338
gene:Bcin04g01530	6	3	1	1	6	4
gene:Bcin04g01540	210	211	217	388	345	273
gene:Bcin04g01550	951	1204	1042	1274	978	893
gene:Bcin04g01560	26	31	24	77	52	33
gene:Bcin04g01570	61	79	70	329	149	148
gene:Bcin04g01580	1096	1102	898	876	511	554
gene:Bcin04g01590	1305	1451	1371	1143	995	876
gene:Bcin04g01600	1056	1081	884	604	505	403
gene:Bcin04g01610	501	610	476	471	390	309
gene:Bcin04g01620	243	300	241	308	231	198
gene:Bcin04g01630	1668	1978	1872	1720	1910	1339
gene:Bcin04g01640	6150	5979	5151	2740	4719	2950
gene:Bcin04g01650	143	134	101	335	664	254
gene:Bcin04g01660	5674	7248	4077	5090	4253	3685
gene:Bcin04g01670	2213	2625	2005	1675	1204	1023
gene:Bcin04g01680	1966	2195	2153	1363	1413	1056
gene:Bcin04g01690	1084	999	777	1097	882	687
gene:Bcin04g01700	450	531	398	433	350	330
gene:Bcin04g01710	0	0	0	0	0	0
gene:Bcin04g01720	320	390	296	316	231	217
gene:Bcin04g01730	80	94	64	43	31	41
gene:Bcin04g01740	830	816	712	736	731	695
gene:Bcin04g01750	454	500	401	334	269	261
gene:Bcin04g01760	871	942	940	1131	1088	830
gene:Bcin04g01770	1395	1594	1256	1281	1096	1038
gene:Bcin04g01780	17766	21007	14739	2385	2091	1742
gene:Bcin04g01790	131	133	108	41	22	16
gene:Bcin04g01800	0	0	0	0	0	0
gene:Bcin04g01810	0	0	1	0	0	0
gene:Bcin04g01820	0	2	1	0	0	0
gene:Bcin04g01830	459	580	615	76	80	60
gene:Bcin04g01840	1665	1829	1407	3036	3025	1754
gene:Bcin04g01850	288	401	295	390	265	222
gene:Bcin04g01860	169	217	166	150	149	140
gene:Bcin04g01870	1956	1886	1583	1949	1406	1330
gene:Bcin04g01880	2	4	0	13	14	11
gene:Bcin04g01890	2797	3209	2293	2585	2158	1862
gene:Bcin04g01900	527	537	452	619	544	412
gene:Bcin04g01910	212	229	191	269	277	179
gene:Bcin04g01920	2754	2926	2525	5841	3795	3530
gene:Bcin04g01930	339	367	259	465	365	319
gene:Bcin04g01940	2570	2791	2691	4343	5324	4134
gene:Bcin04g01950	1146	1174	857	825	609	486
gene:Bcin04g01960	1438	1696	1363	1211	1229	888
gene:Bcin04g01970	4	12	2	5	2	5
gene:Bcin04g01980	4	7	5	9	12	5
gene:Bcin04g01990	0	0	0	1	0	1
gene:Bcin04g02000	2	5	2	6	3	3
gene:Bcin04g02010	53	39	25	23	15	11
gene:Bcin04g02020	1213	1291	1258	1209	907	684
gene:Bcin04g02030	395	354	383	254	197	185
gene:Bcin04g02040	470	492	463	661	577	536
gene:Bcin04g02050	81	89	58	83	55	80
gene:Bcin04g02060	1013	1046	1003	1505	2257	1573
gene:Bcin04g02070	2	0	2	1	3	2
gene:Bcin04g02080	0	0	2	4	4	0
gene:Bcin04g02090	1781	1856	1838	1311	982	818
gene:Bcin04g02100	1186	1268	1148	1123	867	771
gene:Bcin04g02110	341	383	333	418	259	267
gene:Bcin04g02120	495	583	486	1128	1210	890
gene:Bcin04g02130	218	229	178	197	132	154
gene:Bcin04g02140	413	469	442	368	273	295
gene:Bcin04g02150	728	849	681	860	695	615
gene:Bcin04g02160	743	782	596	508	393	377
gene:Bcin04g02170	3	4	2	5	3	1
gene:Bcin04g02180	1	3	2	5	12	5
gene:Bcin04g02190	1406	1719	1221	2053	2126	1400
gene:Bcin04g02200	1549	1740	1555	2321	1630	1713
gene:Bcin04g02210	801	846	686	561	554	433
gene:Bcin04g02220	134	158	134	115	96	85
gene:Bcin04g02230	173	237	188	239	153	155
gene:Bcin04g02240	86	104	124	90	76	65
gene:Bcin04g02250	723	905	623	234	243	204
gene:Bcin04g02260	289	331	278	291	272	232
gene:Bcin04g02270	4	6	6	2	4	2
gene:Bcin04g02280	4	4	2	4	10	8
gene:Bcin04g02290	26	28	25	46	66	25
gene:Bcin04g02300	52	58	23	47	131	52
gene:Bcin04g02310	34	44	32	40	128	76
gene:Bcin04g02320	3	6	1	1	8	2
gene:Bcin04g02330	2	3	0	4	7	4
gene:Bcin04g02340	1654	1588	1624	3640	8752	3268
gene:Bcin04g02350	99	121	99	95	151	82
gene:Bcin04g02360	879	904	779	582	818	465
gene:Bcin04g02370	259	240	315	97	483	128
gene:Bcin04g02380	10	17	6	7	22	9
gene:Bcin04g02390	2	3	3	7	0	5
gene:Bcin04g02400	7	14	9	12	12	12
gene:Bcin04g02410	1779	2120	1772	661	519	451
gene:Bcin04g02420	427	447	374	342	367	281
gene:Bcin04g02430	4	3	2	6	7	2
gene:Bcin04g02440	0	0	0	0	0	0
gene:Bcin04g02450	0	1	0	0	0	0
gene:Bcin04g02460	0	2	2	0	1	0
gene:Bcin04g02470	1192	1324	1148	930	1273	824
gene:Bcin04g02480	6	7	2	16	5	4
gene:Bcin04g02490	1394	1637	1671	966	730	688
gene:Bcin04g02500	31	44	33	26	15	23
gene:Bcin04g02510	17	14	16	27	23	16
gene:Bcin04g02520	630	541	502	36	41	19
gene:Bcin04g02530	0	0	0	0	0	0
gene:Bcin04g02540	2570	2833	2232	3620	4600	2786
gene:Bcin04g02550	0	0	0	1	3	0
gene:Bcin04g02560	0	0	0	0	0	0
gene:Bcin04g02570	0	0	0	0	0	0
gene:Bcin04g02580	0	0	0	0	0	0
gene:Bcin04g02590	1	0	0	1	2	1
gene:Bcin04g02600	98	106	80	273	236	176
gene:Bcin04g02610	0	4	0	3	0	1
gene:Bcin04g02620	0	0	0	0	1	3
gene:Bcin04g02630	4	4	5	9	10	8
gene:Bcin04g02640	17	14	13	29	34	13
gene:Bcin04g02650	243	339	372	110	83	79
gene:Bcin04g02660	2355	2522	2548	84	65	53
gene:Bcin04g02670	319	402	218	262	207	162
gene:Bcin04g02680	29	63	40	41	61	34
gene:Bcin04g02690	1	1	1	3	2	0
gene:Bcin04g02700	1	4	5	25	30	18
gene:Bcin04g02710	48	80	53	139	147	115
gene:Bcin04g02720	319	388	307	423	696	391
gene:Bcin04g02730	785	865	652	547	515	434
gene:Bcin04g02740	1128	1230	1013	1800	1666	1155
gene:Bcin04g02750	8318	9714	8046	13241	13136	9622
gene:Bcin04g02760	10	7	4	23	15	9
gene:Bcin04g02770	3	11	2	9	12	6
gene:Bcin04g02780	1	1	0	0	0	2
gene:Bcin04g02790	459	563	356	317	276	219
gene:Bcin04g02800	236	246	280	180	170	122
gene:Bcin04g02810	825	931	789	799	657	589
gene:Bcin04g02820	6	7	1	9	14	10
gene:Bcin04g02830	1	4	2	1	0	1
gene:Bcin04g02840	0	0	0	0	0	0
gene:Bcin04g02850	0	0	0	1	0	0
gene:Bcin04g02860	0	0	1	2	6	0
gene:Bcin04g02870	546	588	466	1246	1055	757
gene:Bcin04g02880	0	0	1	0	0	0
gene:Bcin04g02890	2039	2202	1976	3767	6700	3228
gene:Bcin04g02900	0	0	1	0	1	4
gene:Bcin04g02910	0	0	0	0	0	0
gene:Bcin04g02920	0	0	0	0	0	0
gene:Bcin04g02930	385	513	348	26	39	36
gene:Bcin04g02940	180	227	231	81	83	45
gene:Bcin04g02950	108	95	88	2637	3338	2278
gene:Bcin04g02960	256	284	227	391	268	250
gene:Bcin04g02970	1807	1944	1854	1961	1738	1332
gene:EFBcG00000013326	1	0	1	1	0	0
gene:Bcin04g02980	13	24	9	17	23	10
gene:Bcin04g02990	4	8	2	8	3	3
gene:Bcin04g03000	72	86	61	42	32	21
gene:Bcin04g03010	413	498	482	390	341	249
gene:Bcin04g03020	964	851	676	910	653	560
gene:Bcin04g03030	3900	3934	3255	4141	3487	2837
gene:Bcin04g03040	5130	5662	5510	6597	5374	4623
gene:Bcin04g03050	929	839	923	269	319	234
gene:Bcin04g03060	1739	1829	1571	1794	1467	1201
gene:Bcin04g03070	334	344	287	242	228	181
gene:Bcin04g03080	28	35	24	32	32	23
gene:Bcin04g03090	686	704	694	396	325	245
gene:Bcin04g03100	7260	6800	8196	19588	12672	12042
gene:Bcin04g03110	1029	1270	963	1482	932	842
gene:Bcin04g03120	4944	6283	4181	8519	8728	4523
gene:Bcin04g03130	2181	2451	2078	2863	2726	2087
gene:Bcin04g03140	1243	1531	1098	1665	1526	975
gene:Bcin04g03150	413	522	145	73	51	46
gene:Bcin04g03160	1127	1225	1134	589	939	717
gene:Bcin04g03170	1	0	0	0	0	0
gene:Bcin04g03190	3084	3750	2478	2487	2522	2068
gene:Bcin04g03200	1	2	0	1	1	1
gene:Bcin04g03210	1	0	0	0	1	0
gene:Bcin04g03220	78	127	98	40	39	24
gene:Bcin04g03230	3106	3735	2284	77	59	57
gene:Bcin04g03240	736	857	522	213	178	155
gene:Bcin04g03250	300	365	272	221	143	112
gene:Bcin04g03260	198	296	172	200	249	172
gene:Bcin04g03270	3	3	8	105	37	26
gene:Bcin04g03280	39	46	49	31	25	31
gene:Bcin04g03290	3	2	2	19	4	16
gene:Bcin04g03300	1	4	1	1	9	5
gene:Bcin04g03310	715	997	617	320	193	160
gene:Bcin04g03320	658	798	449	316	215	201
gene:Bcin04g03330	17167	18054	15631	8129	7405	6636
gene:Bcin04g03340	899	977	582	468	363	299
gene:Bcin04g03350	2	1	2	3	3	4
gene:Bcin04g03360	763	774	553	630	446	279
gene:Bcin04g03370	697	717	461	394	251	213
gene:Bcin04g03380	3	5	1	25	25	13
gene:Bcin04g03390	604	716	779	1295	1091	932
gene:Bcin04g03400	526	499	387	628	380	353
gene:Bcin04g03410	450	496	446	543	397	302
gene:Bcin04g03420	1497	1666	1417	963	897	688
gene:Bcin04g03430	3353	4074	3075	4217	4252	3362
gene:Bcin04g03440	1782	2360	1815	2884	2211	2038
gene:Bcin04g03450	340	363	294	331	203	248
gene:Bcin04g03460	235	267	226	134	165	123
gene:Bcin04g03470	36	33	26	12	12	11
gene:Bcin04g03480	0	0	0	0	0	0
gene:Bcin04g03490	1926	2206	1592	1403	1381	1190
gene:Bcin04g03500	66	72	47	61	68	54
gene:Bcin04g03510	4214	4227	3847	19602	20163	14946
gene:Bcin04g03520	925	982	950	654	632	493
gene:Bcin04g03530	186	238	167	149	121	128
gene:Bcin04g03540	0	0	0	0	0	0
gene:EFBcG00000013188	0	0	0	0	0	0
gene:Bcin04g03550	132	151	78	421	225	230
gene:Bcin04g03560	3	1	1	6	5	5
gene:Bcin04g03570	110	165	53	77	52	37
gene:Bcin04g03580	2817	3096	2492	2751	1736	1829
gene:Bcin04g03590	1008	1109	1011	976	684	721
gene:Bcin04g03600	380	482	376	402	277	293
gene:Bcin04g03610	658	750	570	468	362	306
gene:Bcin04g03620	717	1120	660	679	799	597
gene:Bcin04g03630	26	31	28	273	362	172
gene:Bcin04g03640	7	3	3	8	8	6
gene:Bcin04g03650	20	26	17	14	17	14
gene:Bcin04g03660	4825	5888	4475	5050	4745	3880
gene:Bcin04g03670	1305	1704	1173	1596	1295	1055
gene:Bcin04g03680	228	252	234	283	312	244
gene:Bcin04g03690	2871	3523	2572	3324	2392	2125
gene:Bcin04g03700	256	284	201	77	63	51
gene:Bcin04g03710	614	728	543	157	81	109
gene:Bcin04g03720	87	83	46	54	27	21
gene:Bcin04g03730	1	1	0	1	0	2
gene:Bcin04g03740	7	6	5	5	8	6
gene:Bcin04g03750	104	161	70	82	96	82
gene:Bcin04g03760	0	0	1	0	1	0
gene:Bcin04g03770	1570	2090	1609	2116	1659	1383
gene:Bcin04g03780	69	61	43	109	70	59
gene:Bcin04g03790	1025	1289	987	1300	994	1022
gene:Bcin04g03800	2	2	2	21	31	10
gene:Bcin04g03810	6	2	0	3	6	0
gene:Bcin04g03820	1	1	1	2	1	0
gene:Bcin04g03830	4	5	4	5	1	4
gene:Bcin04g03840	995	1252	993	1168	753	725
gene:Bcin04g03850	451	517	493	496	377	324
gene:Bcin04g03860	413	382	302	412	285	254
gene:Bcin04g03870	1469	1736	1307	1271	838	829
gene:Bcin04g03880	73	78	55	297	461	298
gene:Bcin04g03890	268	331	261	254	267	188
gene:Bcin04g03900	13	32	6	456	525	439
gene:Bcin04g03910	1	4	0	5	12	6
gene:Bcin04g03920	1571	1025	1512	1446	1638	1343
gene:Bcin04g03930	0	0	0	0	0	0
gene:Bcin04g03940	0	0	0	1	0	0
gene:Bcin04g03950	0	0	0	0	0	0
gene:Bcin04g03960	1558	1497	1101	822	996	696
gene:Bcin04g03970	971	1072	828	779	559	451
gene:Bcin04g03980	1729	2051	1644	1313	1276	1064
gene:Bcin04g03990	4	2	2	12	5	3
gene:Bcin04g04000	111	119	90	100	73	49
gene:Bcin04g04010	1561	1793	1399	999	1029	719
gene:Bcin04g04020	663	728	610	708	666	567
gene:Bcin04g04030	1340	1488	1336	1537	1134	1092
gene:Bcin04g04040	684	731	630	693	663	519
gene:Bcin04g04050	0	0	0	1	0	1
gene:Bcin04g04060	514	572	556	433	458	322
gene:EFBcG00000013212	0	0	0	0	0	0
gene:ENSRNA049511741	0	0	0	0	0	0
gene:Bcin04g04070	4054	4008	2894	1816	1686	876
gene:Bcin04g04080	136	187	155	140	140	146
gene:Bcin04g04090	933	1080	912	1137	716	684
gene:Bcin04g04100	3447	3606	5529	262	184	147
gene:Bcin04g04110	102	138	139	91	70	51
gene:Bcin04g04120	2064	3085	1340	1428	1732	1430
gene:Bcin04g04130	1482	1717	1429	1465	1515	1169
gene:Bcin04g04140	52	54	33	105	101	76
gene:Bcin04g04150	21	25	10	33	33	19
gene:Bcin04g04160	834	942	665	594	567	492
gene:Bcin04g04170	481	544	491	681	507	471
gene:Bcin04g04180	604	638	511	551	477	436
gene:ENSRNA049511863	96	93	86	156	114	111
gene:Bcin04g04190	3470	4104	4252	10762	13925	10876
gene:Bcin04g04200	170	242	144	243	221	197
gene:Bcin04g04210	525	707	556	458	455	404
gene:Bcin04g04220	587	695	571	657	455	460
gene:Bcin04g04230	907	998	800	637	436	466
gene:Bcin04g04240	256	297	346	247	314	183
gene:Bcin04g04250	771	741	875	361	753	339
gene:Bcin04g04260	3114	3668	2844	2659	1759	1816
gene:Bcin04g04270	116	145	123	107	90	83
gene:Bcin04g04280	896	953	899	831	710	598
gene:Bcin04g04290	20304	20703	18790	24929	22966	18897
gene:Bcin04g04300	1048	1159	924	1452	1238	1028
gene:Bcin04g04310	31	24	30	24	10	11
gene:Bcin04g04320	1039	1086	1024	1817	1270	1352
gene:Bcin04g04330	87	131	94	134	108	73
gene:Bcin04g04340	26	49	27	24	17	30
gene:Bcin04g04350	657	881	322	326	291	323
gene:Bcin04g04360	2631	2419	2549	2187	1403	1420
gene:Bcin04g04370	30	39	31	34	25	16
gene:Bcin04g04380	50	64	42	90	58	31
gene:Bcin04g04390	26	33	18	29	37	14
gene:Bcin04g04400	1100	1345	980	1809	1758	1160
gene:Bcin04g04410	224	227	188	226	181	140
gene:Bcin04g04420	915	919	852	856	856	574
gene:Bcin04g04430	1509	1682	1518	985	1051	832
gene:Bcin04g04440	570	636	517	923	970	791
gene:EFBcG00000013276	0	0	0	0	0	0
gene:EFBcG00000013259	0	0	0	0	0	0
gene:EFBcG00000013128	0	0	0	0	0	0
gene:Bcin04g04450	27	19	27	70	42	24
gene:EFBcG00000013308	0	0	0	0	0	0
gene:ENSRNA049511774	0	0	0	0	0	0
gene:Bcin04g04460	227	292	229	394	284	244
gene:Bcin04g04470	1011	1131	924	514	344	358
gene:Bcin04g04480	687	757	672	693	541	532
gene:Bcin04g04490	4178	4310	4321	4925	2986	3178
gene:Bcin04g04500	11992	13264	11786	12895	10628	9937
gene:Bcin04g04510	441	423	430	258	231	172
gene:Bcin04g04520	1850	2122	1597	1826	1254	1141
gene:Bcin04g04530	20	22	17	16	12	17
gene:Bcin04g04540	0	1	3	7	3	2
gene:Bcin04g04550	441	411	343	387	235	236
gene:Bcin04g04560	27	14	17	17	15	24
gene:Bcin04g04570	1	0	0	0	2	0
gene:Bcin04g04580	121	232	83	55	42	35
gene:Bcin04g04590	237	287	228	737	986	550
gene:Bcin04g04600	362	422	332	526	519	392
gene:Bcin04g04610	989	1256	889	789	770	676
gene:Bcin04g04620	101	113	86	142	188	140
gene:Bcin04g04630	476	592	389	428	261	324
gene:Bcin04g04640	128	168	100	131	79	77
gene:Bcin04g04650	3	2	0	7	5	3
gene:Bcin04g04660	3	14	6	4	3	13
gene:Bcin04g04670	76	88	72	79	46	37
gene:Bcin04g04680	36	41	38	57	60	35
gene:Bcin04g04690	12	6	8	4	3	5
gene:Bcin04g04700	1	1	1	2	1	3
gene:Bcin04g04710	1	1	1	0	1	0
gene:Bcin04g04720	6	3	1	2	3	0
gene:Bcin04g04730	1	1	4	1	0	0
gene:Bcin04g04740	1	1	1	5	6	2
gene:Bcin04g04750	3	0	0	3	3	1
gene:Bcin04g04760	3	2	1	6	2	1
gene:Bcin04g04770	464	539	391	894	680	601
gene:Bcin04g04780	97	127	78	104	89	72
gene:Bcin04g04790	702	776	608	481	384	367
gene:Bcin04g04800	1280	1148	1540	4354	3559	2790
gene:Bcin04g04810	1491	2078	879	698	406	385
gene:Bcin04g04820	5009	5988	5005	4844	3831	3366
gene:Bcin04g04830	2448	2490	1778	104	105	74
gene:Bcin04g04840	18	17	24	19	19	17
gene:Bcin04g04850	19	19	13	5	15	11
gene:Bcin04g04860	1	1	0	0	1	1
gene:Bcin04g04870	0	1	2	40	32	19
gene:Bcin04g04880	441	283	343	42	29	38
gene:Bcin04g04890	13	5	11	2	5	6
gene:Bcin04g04900	674	715	546	445	565	432
gene:Bcin04g04910	1287	1635	1170	2451	3400	2240
gene:Bcin04g04920	11797	9596	8265	75340	109172	78964
gene:EFBcG00000013226	1	2	0	3	0	0
gene:Bcin04g04930	356	519	419	649	954	765
gene:Bcin04g04940	3	2	0	1	1	1
gene:Bcin04g04950	8	14	7	12	9	15
gene:Bcin04g04960	23	28	15	32	21	15
gene:Bcin04g04970	657	857	749	569	402	326
gene:Bcin04g04980	784	927	766	625	613	508
gene:Bcin04g04990	2	1	2	6	3	2
gene:Bcin04g05000	170	402	88	711	1690	932
gene:Bcin04g05010	1088	1644	817	1514	1402	1228
gene:Bcin04g05020	159	108	139	3134	3575	2285
gene:Bcin04g05030	865	1055	833	570	393	392
gene:Bcin04g05040	1845	2453	1609	1507	1273	1111
gene:Bcin04g05050	3808	4452	2847	2513	3151	2470
gene:Bcin04g05060	1585	1647	1199	1736	1228	1073
gene:Bcin04g05070	25864	27062	23534	38518	32308	29286
gene:Bcin04g05080	88	118	76	120	80	78
gene:Bcin04g05090	11	17	7	31	18	35
gene:Bcin04g05100	0	0	0	3	2	2
gene:Bcin04g05110	9	10	9	20	15	7
gene:Bcin04g05120	260	221	374	77	52	28
gene:Bcin04g05130	2007	2389	2081	1349	1053	947
gene:Bcin04g05140	911	1054	861	433	535	473
gene:Bcin04g05150	2040	2295	1831	1737	1430	1198
gene:Bcin04g05160	3	4	0	4	1	2
gene:Bcin04g05170	129	182	192	82	58	46
gene:Bcin04g05180	243	204	178	178	162	134
gene:Bcin04g05190	22104	22113	19543	31814	26140	22953
gene:Bcin04g05200	3	5	3	9	3	4
gene:Bcin04g05210	81	66	60	52	59	43
gene:Bcin04g05220	272	312	231	297	203	188
gene:Bcin04g05230	513	591	421	550	431	353
gene:Bcin04g05240	282	300	210	199	139	147
gene:Bcin04g05250	488	516	526	651	570	471
gene:Bcin04g05260	6057	6735	5075	4295	2639	2843
gene:Bcin04g05270	53	70	43	303	361	323
gene:Bcin04g05280	187	180	136	360	265	192
gene:Bcin04g05290	0	4	1	5	2	3
gene:Bcin04g05300	3509	4179	3279	2851	1875	1857
gene:Bcin04g05310	87	87	70	91	103	69
gene:Bcin04g05320	1347	1513	1420	1137	735	597
gene:Bcin04g05330	331	403	295	204	172	168
gene:Bcin04g05340	30	34	26	39	31	36
gene:Bcin04g05350	70	99	64	88	67	51
gene:Bcin04g05360	669	716	671	640	585	456
gene:Bcin04g05370	516	622	546	1077	2029	944
gene:Bcin04g05380	147	141	120	148	149	126
gene:Bcin04g05390	548	585	490	615	500	384
gene:Bcin04g05400	8	9	5	18	19	7
gene:Bcin04g05410	3896	4196	3698	2932	2453	2027
gene:Bcin04g05420	969	1035	960	711	494	442
gene:Bcin04g05430	25	30	23	67	64	37
gene:Bcin04g05440	21115	22037	18891	30409	24314	20299
gene:Bcin04g05450	108	147	113	177	128	123
gene:Bcin04g05460	345	393	347	351	287	305
gene:Bcin04g05470	136	138	151	164	134	145
gene:Bcin04g05480	787	918	854	2734	5492	2099
gene:Bcin04g05490	839	971	912	4112	7519	2840
gene:Bcin04g05500	548	591	524	570	422	409
gene:Bcin04g05510	1941	2204	1753	1983	1244	1185
gene:Bcin04g05520	947	970	969	696	603	562
gene:Bcin04g05530	2	2	2	8	6	7
gene:Bcin04g05540	4	7	0	6	5	6
gene:Bcin04g05550	0	0	0	0	0	0
gene:Bcin04g05560	2277	2255	767	1129	1037	661
gene:Bcin04g05570	4	5	2	13	7	9
gene:Bcin04g05580	2265	2411	1671	101	118	97
gene:Bcin04g05590	1642	2043	1147	1574	1424	1084
gene:Bcin04g05600	875	783	1056	413	800	460
gene:Bcin04g05610	1375	1678	1466	1403	1368	958
gene:Bcin04g05620	2285	2689	2162	1821	1425	1240
gene:Bcin04g05630	1540	1904	1404	1747	1423	1150
gene:Bcin04g05640	327	367	298	408	238	247
gene:Bcin04g05650	371	324	370	474	421	306
gene:Bcin04g05660	230	276	224	309	261	262
gene:Bcin04g05670	1102	1210	1049	980	734	679
gene:Bcin04g05680	5212	6004	4487	1313	1020	946
gene:Bcin04g05690	4	5	8	10	3	8
gene:Bcin04g05700	4891	3919	6311	1027	1530	932
gene:Bcin04g05710	679	593	568	347	300	295
gene:Bcin04g05720	794	798	994	562	1235	675
gene:Bcin04g05730	314	316	248	349	225	234
gene:Bcin04g05740	876	970	863	508	468	459
gene:Bcin04g05750	4	4	3	8	4	5
gene:Bcin04g05760	8	5	4	13	16	6
gene:Bcin04g05770	55	67	55	56	39	53
gene:Bcin04g05780	1256	1313	1204	1031	770	768
gene:Bcin04g05790	654	706	559	710	562	535
gene:Bcin04g05800	543	573	410	539	365	367
gene:Bcin04g05810	2459	2484	1959	2554	2569	2025
gene:Bcin04g05820	2018	2236	1734	1402	1568	1154
gene:Bcin04g05830	745	805	677	627	561	472
gene:Bcin04g05840	195	201	228	266	181	177
gene:Bcin04g05850	889	932	917	665	502	481
gene:Bcin04g05860	587	675	575	736	529	526
gene:Bcin04g05870	124	166	118	149	95	101
gene:Bcin04g05880	30	45	22	71	40	23
gene:Bcin04g05890	334	334	284	272	358	281
gene:Bcin04g05900	2251	2435	2656	2212	2283	1859
gene:Bcin04g05910	1285	1409	1120	1255	1273	1012
gene:Bcin04g05920	4112	4751	3853	4525	4892	4017
gene:Bcin04g05930	1011	1084	944	971	765	732
gene:Bcin04g05940	506	667	574	919	592	566
gene:Bcin04g05950	1327	1350	1276	801	928	813
gene:Bcin04g05960	149	133	171	368	1115	985
gene:Bcin04g05970	87	68	60	121	82	83
gene:Bcin04g05980	452	476	440	497	391	340
gene:Bcin04g05990	421	416	312	368	274	250
gene:Bcin04g06000	7283	7301	6667	3435	5340	3935
gene:Bcin04g06010	9	9	7	11	12	7
gene:Bcin04g06020	18172	18334	18437	165	164	89
gene:Bcin04g06030	474	502	433	386	698	214
gene:Bcin04g06040	112	106	123	119	110	50
gene:Bcin04g06050	5	9	2	5	7	2
gene:Bcin04g06060	256	290	231	358	385	316
gene:Bcin04g06070	60	97	46	152	145	87
gene:Bcin04g06080	9	12	3	6	2	1
gene:Bcin04g06090	0	0	0	3	0	3
gene:Bcin04g06100	72	69	54	71	72	57
gene:Bcin04g06110	5	5	6	7	10	3
gene:Bcin04g06120	2	2	1	6	3	6
gene:Bcin04g06130	9	3	1	2	1	2
gene:Bcin04g06140	333	372	223	425	291	291
gene:Bcin04g06150	53	52	43	80	98	62
gene:Bcin04g06160	64	89	65	79	68	60
gene:Bcin04g06170	266	360	218	176	124	122
gene:Bcin04g06180	753	820	639	934	647	587
gene:Bcin04g06190	29	27	21	139	65	53
gene:Bcin04g06200	3	4	1	4	5	3
gene:Bcin04g06210	301	328	178	157	261	204
gene:Bcin04g06220	9	15	3	8	6	2
gene:Bcin04g06230	1365	1394	1483	1619	2072	1755
gene:Bcin04g06240	867	1000	813	874	731	709
gene:Bcin04g06250	181	251	104	39	17	29
gene:Bcin04g06260	3	9	1	7	0	3
gene:Bcin04g06270	2	4	1	5	0	0
gene:Bcin04g06280	3	0	0	1	0	0
gene:Bcin04g06290	1822	1964	1679	1080	1007	789
gene:Bcin04g06300	1184	1008	1152	323	381	351
gene:Bcin04g06310	1765	1683	1786	2460	1772	1550
gene:Bcin04g06320	0	0	1	2	0	1
gene:ENSRNA049511759	0	0	0	0	0	0
gene:EFBcG00000013178	0	0	0	0	0	0
gene:Bcin04g06330	5332	5752	2567	313	126	155
gene:Bcin04g06340	5	9	5	7	16	0
gene:Bcin04g06350	3	2	3	6	5	7
gene:Bcin04g06360	11	16	7	7	3	7
gene:Bcin04g06370	10	12	8	33	14	8
gene:Bcin04g06380	14	11	7	12	3	5
gene:Bcin04g06390	285	287	212	105	117	120
gene:Bcin04g06400	8709	9903	9487	4010	4012	3420
gene:Bcin04g06410	2930	2727	2135	393	334	290
gene:Bcin04g06420	78	98	68	61	52	54
gene:Bcin04g06430	73	48	49	28	32	24
gene:Bcin04g06440	1	1	1	1	1	3
gene:Bcin04g06450	10231	15284	5971	16824	20236	15918
gene:Bcin04g06460	2	6	0	7	3	10
gene:Bcin04g06470	3	2	2	0	8	2
gene:Bcin04g06480	1	1	0	0	3	0
gene:Bcin04g06490	3	4	0	3	1	3
gene:Bcin04g06500	1	5	5	9	3	1
gene:Bcin04g06510	34	34	44	20	14	15
gene:Bcin04g06520	1	6	1	13	3	4
gene:Bcin04g06530	29	28	11	38	22	23
gene:Bcin04g06540	25	14	10	248	247	66
gene:Bcin04g06550	30	36	31	30	22	29
gene:Bcin04g06560	726	726	773	1225	1521	866
gene:Bcin04g06570	10768	11548	11426	15474	11244	12418
gene:Bcin04g06580	3	2	1	7	5	5
gene:Bcin04g06590	26	24	5	432	376	369
gene:Bcin04g06600	3	8	3	17	10	12
gene:Bcin04g06610	4	2	1	1	0	4
gene:Bcin04g06620	1	1	2	27	49	43
gene:Bcin04g06630	27	18	4	390	365	265
gene:EFBcG00000013317	0	0	0	0	0	0
gene:ENSRNA049511803	0	0	0	0	0	0
gene:Bcin04g06640	197	289	186	187	187	162
gene:Bcin04g06650	11629	12349	11297	16900	29692	17949
gene:Bcin04g06660	1405	1497	1328	1455	1776	1342
gene:Bcin04g06670	781	956	693	594	437	397
gene:Bcin04g06680	669	880	771	1884	1273	1243
gene:Bcin04g06690	269	350	266	199	179	176
gene:Bcin04g06700	174	174	172	269	183	158
gene:Bcin04g06710	229	193	181	16	29	39
gene:Bcin04g06720	2701	3021	2313	2065	2706	1850
gene:Bcin04g06730	22311	19185	19142	10605	18722	11258
gene:EFBcG00000013271	0	0	3	2	1	0
gene:Bcin04g06740	2490	3055	2146	4194	3221	3102
gene:Bcin04g06750	158	153	148	231	150	134
gene:Bcin04g06760	1680	1843	1686	1541	1106	966
gene:Bcin04g06770	713	801	666	626	583	462
gene:Bcin04g06780	3	4	3	3	5	7
gene:Bcin04g06790	2662	2997	2727	3516	2800	2562
gene:Bcin04g06800	3	5	3	38	26	23
gene:Bcin04g06810	242	267	237	272	177	175
gene:Bcin04g06820	430	447	317	482	291	328
gene:Bcin04g06830	8944	10211	5171	4998	5592	4020
gene:Bcin04g06840	18	23	14	10	11	11
gene:Bcin04g06850	2474	3004	2241	1713	1219	1186
gene:Bcin04g06860	112	160	87	61	50	46
gene:Bcin04g06870	420	428	320	198	146	154
gene:Bcin04g06880	1254	1350	1377	1970	2624	1806
gene:Bcin04g06890	5175	5363	5088	6662	4781	4552
gene:Bcin04g06900	890	767	809	630	427	367
gene:Bcin04g06910	6	1	8	23	17	2
gene:Bcin04g06920	2	1	3	63	108	94
gene:Bcin04g06930	4	1	1	445	419	346
gene:Bcin04g06970	0	1	0	0	0	1
gene:Bcin04g06980	0	0	0	0	1	0
gene:Bcin04g06990	131	168	259	122	106	81
gene:Bcin05g00005	0	0	0	2	0	0
gene:Bcin05g00008	1521	1458	1389	1091	935	785
gene:Bcin05g00010	6140	9215	13905	785	538	549
gene:Bcin05g00020	560	644	655	108	94	81
gene:Bcin05g00030	5644	6750	6565	8	4	6
gene:Bcin05g00040	4	1	1	0	0	0
gene:Bcin05g00050	1	0	0	0	0	2
gene:Bcin05g00060	551	627	463	359	213	215
gene:Bcin05g00070	556	498	469	587	424	348
gene:Bcin05g00080	1709	2103	1641	2648	2138	1908
gene:Bcin05g00090	4134	4290	3383	4748	4434	3532
gene:Bcin05g00100	38	30	43	24	13	2
gene:Bcin05g00110	337	350	279	203	129	116
gene:Bcin05g00120	931	1073	708	340	271	289
gene:Bcin05g00130	719	759	521	1430	2225	778
gene:Bcin05g00140	2133	2494	2151	1313	1261	1040
gene:Bcin05g00150	2240	2272	2439	2341	1658	1429
gene:Bcin05g00160	1444	1624	1372	1182	869	956
gene:Bcin05g00170	892	1021	802	951	699	660
gene:Bcin05g00180	24424	24782	18823	22780	18298	17421
gene:Bcin05g00190	397	432	351	387	262	223
gene:Bcin05g00200	825	922	814	668	468	487
gene:Bcin05g00210	112	114	110	113	89	87
gene:Bcin05g00220	962	1073	799	640	581	489
gene:Bcin05g00230	283	359	240	594	504	349
gene:Bcin05g00240	2134	2433	2165	1958	1784	1354
gene:Bcin05g00250	13	37	17	33	24	19
gene:Bcin05g00260	792	874	798	670	685	471
gene:Bcin05g00270	0	0	0	1	0	0
gene:Bcin05g00280	0	0	0	0	0	0
gene:Bcin05g00290	0	1	0	0	2	0
gene:Bcin05g00300	102	135	89	65	56	44
gene:Bcin05g00310	25	25	22	18	10	7
gene:Bcin05g00320	1007	1432	635	643	584	491
gene:Bcin05g00330	2141	1915	2265	1674	1791	1161
gene:Bcin05g00340	3181	3573	2327	390	197	226
gene:Bcin05g00350	975	1061	721	1090	2086	1497
gene:Bcin05g00360	2715	3276	2499	1884	2066	1414
gene:Bcin05g00370	1482	1638	1442	1419	1308	1021
gene:Bcin05g00380	5606	6070	4001	3640	4489	3078
gene:Bcin05g00390	37	45	32	47	37	53
gene:Bcin05g00400	379	510	382	440	373	364
gene:Bcin05g00410	319	327	308	717	961	442
gene:Bcin05g00420	3134	3618	2977	6089	6774	3410
gene:Bcin05g00430	153	169	139	176	196	86
gene:Bcin05g00440	200	207	160	312	378	281
gene:Bcin05g00450	1126	1201	804	730	578	466
gene:Bcin05g00460	311	368	270	304	273	274
gene:Bcin05g00470	76	103	93	75	76	60
gene:Bcin05g00480	3142	3436	2805	5818	6608	4814
gene:Bcin05g00490	1	2	1	3	3	4
gene:Bcin05g00500	0	0	1	1	3	3
gene:Bcin05g00510	203	182	216	336	207	221
gene:Bcin05g00520	5	2	3	8	8	8
gene:Bcin05g00530	20	19	14	26	18	16
gene:Bcin05g00540	1259	1353	1155	802	742	532
gene:Bcin05g00550	11	7	5	15	13	4
gene:Bcin05g00560	10	7	9	11	17	5
gene:Bcin05g00570	1030	1357	932	2055	1830	1657
gene:Bcin05g00580	2855	3443	3154	3632	3447	3092
gene:Bcin05g00590	5	4	6	17	13	19
gene:Bcin05g00600	311	326	235	339	262	229
gene:Bcin05g00610	3	3	2	6	10	9
gene:Bcin05g00620	741	672	979	611	328	329
gene:Bcin05g00630	531	680	509	432	433	386
gene:Bcin05g00640	1363	1510	1266	780	713	560
gene:Bcin05g00650	1339	1467	1543	1669	1063	1101
gene:Bcin05g00660	640	686	630	619	705	531
gene:Bcin05g00670	5107	5191	5037	1955	1672	1380
gene:Bcin05g00680	4188	3868	3451	1123	1707	996
gene:Bcin05g00690	1744	1779	1452	1100	1194	898
gene:Bcin05g00700	13	12	8	9	11	3
gene:Bcin05g00710	426	439	426	551	469	468
gene:Bcin05g00720	889	969	882	890	847	725
gene:Bcin05g00730	10	21	12	290	62	65
gene:Bcin05g00740	11	11	11	19	15	13
gene:Bcin05g00750	904	1026	838	961	658	659
gene:Bcin05g00760	2504	2715	2085	2022	2058	1653
gene:Bcin05g00770	521	567	448	550	410	380
gene:Bcin05g00780	666	797	608	501	352	368
gene:Bcin05g00790	434	478	376	256	213	226
gene:Bcin05g00800	990	1178	818	1426	1416	1042
gene:Bcin05g00810	3348	4067	3024	3014	2545	2433
gene:Bcin05g00820	750	920	768	686	521	452
gene:Bcin05g00830	2657	2597	2359	520	896	417
gene:Bcin05g00840	3267	3352	2499	1747	1948	1649
gene:EFBcG00000013351	0	0	0	0	0	0
gene:ENSRNA049536783	0	0	0	0	0	0
gene:Bcin05g00850	570	671	520	755	525	372
gene:Bcin05g00860	172	121	125	395	381	177
gene:Bcin05g00870	235	300	217	247	200	162
gene:Bcin05g00880	352	414	339	429	292	320
gene:Bcin05g00890	7	22	8	23	17	16
gene:Bcin05g00900	185	200	163	189	120	117
gene:Bcin05g00910	132	186	104	170	158	140
gene:Bcin05g00920	137	177	86	69	88	78
gene:Bcin05g00930	2853	3097	2705	1470	1772	1270
gene:Bcin05g00940	8398	10017	7574	8511	8110	6939
gene:Bcin05g00950	8	13	8	11	16	5
gene:Bcin05g00960	567	525	445	759	489	451
gene:Bcin05g00970	1210	1222	1015	1384	1210	1085
gene:Bcin05g00980	1554	1782	1341	1210	1335	991
gene:Bcin05g00990	342	419	339	309	203	167
gene:Bcin05g01000	1672	2506	2206	235	303	171
gene:Bcin05g01010	516	513	538	460	301	241
gene:Bcin05g01020	127	141	150	100	66	69
gene:Bcin05g01030	5168	6048	6506	2017	1397	1321
gene:Bcin05g01040	4946	5437	4920	231	197	144
gene:Bcin05g01050	51	71	41	9	3	0
gene:Bcin05g01060	1214	1503	636	304	453	317
gene:Bcin05g01070	0	2	0	0	2	0
gene:Bcin05g01080	1915	2277	1855	1871	1682	1578
gene:Bcin05g01100	1300	1594	1034	1457	1338	1254
gene:Bcin05g01110	1026	1140	1055	1429	1215	1033
gene:Bcin05g01120	707	783	626	659	568	538
gene:Bcin05g01130	1109	1289	1061	1353	1325	983
gene:Bcin05g01140	5738	6488	5886	6782	5229	4609
gene:Bcin05g01150	10518	11276	14483	556	420	422
gene:Bcin05g01160	948	1078	1047	384	259	255
gene:Bcin05g01170	8	4	12	27	16	18
gene:Bcin05g01180	0	0	0	0	0	0
gene:Bcin05g01190	1	0	1	2	1	0
gene:Bcin05g01200	815	953	964	309	268	229
gene:Bcin05g01210	930	1043	682	685	838	513
gene:Bcin05g01220	113	111	99	49	51	47
gene:Bcin05g01230	15	9	11	6	12	5
gene:Bcin05g01240	645	618	362	1623	2260	570
gene:Bcin05g01250	711	1001	279	511	559	411
gene:Bcin05g01260	6142	7970	2589	3529	3328	2865
gene:Bcin05g01270	0	1	0	0	1	2
gene:Bcin05g01280	553	651	495	385	327	237
gene:Bcin05g01290	0	0	0	0	0	0
gene:Bcin05g01300	42	46	33	46	48	44
gene:Bcin05g01310	10	12	7	12	24	15
gene:Bcin05g01320	3	3	3	4	1	5
gene:Bcin05g01330	71	77	64	334	351	305
gene:Bcin05g01340	73	100	66	53	51	44
gene:Bcin05g01350	448	484	395	286	169	210
gene:Bcin05g01360	9716	10923	8963	7502	5255	4921
gene:Bcin05g01370	2	6	2	9	13	8
gene:Bcin05g01380	2719	3121	2832	2762	2817	2075
gene:Bcin05g01390	19	26	26	89	145	56
gene:Bcin05g01400	374	465	350	306	290	236
gene:Bcin05g01410	1	1	0	1	0	0
gene:Bcin05g01420	4633	5268	3988	3549	3389	2634
gene:Bcin05g01430	191	313	143	550	713	525
gene:Bcin05g01440	379	406	341	376	244	281
gene:Bcin05g01450	69	73	81	9	20	8
gene:Bcin05g01460	110	123	116	18	46	26
gene:Bcin05g01470	80	106	67	230	225	158
gene:Bcin05g01480	287	291	295	434	422	359
gene:Bcin05g01490	351	329	302	302	234	166
gene:Bcin05g01500	510	511	332	296	621	424
gene:Bcin05g01510	58	74	45	1647	1062	913
gene:Bcin05g01520	125	198	109	5680	7906	5585
gene:Bcin05g01530	113	299	76	10749	11195	9209
gene:EFBcG00000013203	0	0	0	0	0	0
gene:ENSRNA049537147	0	0	0	0	0	0
gene:Bcin05g01540	2	2	3	1	0	0
gene:Bcin05g01550	26559	28069	27800	4363	3136	3074
gene:Bcin05g01560	322	362	284	512	449	367
gene:Bcin05g01570	49	58	45	39	35	24
gene:Bcin05g01580	103	135	97	178	165	145
gene:Bcin05g01590	372	420	335	379	326	280
gene:Bcin05g01600	19926	20455	17757	27630	22505	19920
gene:Bcin05g01610	2533	3007	2559	1359	1084	1079
gene:Bcin05g01620	3139	3748	2867	3119	3519	2553
gene:Bcin05g01630	4427	5173	4566	4402	3279	3112
gene:Bcin05g01640	810	823	579	489	550	242
gene:Bcin05g01650	3	0	0	1	0	0
gene:Bcin05g01660	3864	3109	1737	817	833	589
gene:Bcin05g01670	1690	1739	1042	762	625	585
gene:Bcin05g01680	574	593	568	509	440	289
gene:Bcin05g01690	299	282	249	283	225	234
gene:Bcin05g01700	4172	4539	4418	2736	1901	1635
gene:Bcin05g01710	120	126	122	350	309	265
gene:Bcin05g01720	4	3	0	2	4	1
gene:Bcin05g01730	2	2	0	4	3	2
gene:Bcin05g01740	566	689	586	752	606	483
gene:Bcin05g01750	5026	5910	3919	3988	3413	3056
gene:Bcin05g01760	2482	2866	2389	3055	2407	2292
gene:Bcin05g01770	13	30	23	35	24	13
gene:Bcin05g01780	79	73	85	595	858	577
gene:Bcin05g01790	1269	1534	1254	1876	1368	1158
gene:Bcin05g01800	3	7	9	26	25	9
gene:Bcin05g01810	383	429	382	347	394	311
gene:Bcin05g01820	146	168	95	816	749	467
gene:Bcin05g01830	381	458	343	497	417	336
gene:Bcin05g01840	5	6	6	7	19	6
gene:Bcin05g01850	22	30	14	35	30	23
gene:Bcin05g01860	2077	2515	1604	1795	1809	1607
gene:Bcin05g01870	396	396	341	524	414	307
gene:Bcin05g01880	1074	1165	1193	1039	727	621
gene:Bcin05g01890	894	925	854	912	623	551
gene:Bcin05g01900	21	14	17	22	17	13
gene:Bcin05g01910	74	90	74	104	60	59
gene:Bcin05g01920	565	600	484	346	200	245
gene:Bcin05g01930	561	670	430	408	369	341
gene:Bcin05g01940	78	110	65	96	48	54
gene:Bcin05g01950	106	96	73	55	29	25
gene:Bcin05g01960	16	21	14	767	251	307
gene:Bcin05g01970	7	10	5	75447	14461	17033
gene:Bcin05g01980	62	85	52	5790	1233	1661
gene:Bcin05g01990	3	2	4	6691	1337	1879
gene:Bcin05g02000	5	1	0	6830	1340	1855
gene:Bcin05g02010	8	8	3	2112	395	552
gene:Bcin05g02020	2	6	1	8126	1553	2148
gene:Bcin05g02030	1	5	3	2470	541	697
gene:Bcin05g02040	0	0	1	2364	413	560
gene:Bcin05g02050	297	272	273	785	751	585
gene:Bcin05g02060	7	8	4	8	1	4
gene:Bcin05g02070	3	5	3	5	0	1
gene:Bcin05g02080	150	164	140	221	223	149
gene:Bcin05g02090	104	143	170	829	788	287
gene:Bcin05g02100	102	100	92	30	18	19
gene:EFBcG00000013246	0	0	0	0	0	0
gene:ENSRNA049536826	0	0	0	0	0	0
gene:Bcin05g02110	916	1035	1009	839	971	679
gene:Bcin05g02120	958	1221	830	1459	1296	927
gene:Bcin05g02130	423	412	375	298	269	253
gene:Bcin05g02140	384	447	352	254	156	184
gene:Bcin05g02150	11	13	5	8	18	7
gene:Bcin05g02160	1200	1402	1118	1050	609	691
gene:Bcin05g02170	1268	1619	1068	997	827	689
gene:Bcin05g02180	663	637	563	1086	1340	869
gene:EFBcG00000013312	0	0	0	0	0	0
gene:ENSRNA049536836	0	0	0	0	0	0
gene:Bcin05g02190	1150	1086	1125	541	602	514
gene:Bcin05g02200	2847	3036	2392	2347	2077	1798
gene:Bcin05g02210	418	510	324	340	290	291
gene:ENSRNA049513334	1	1	0	1	0	0
gene:Bcin05g02220	8	15	12	8	11	10
gene:Bcin05g02230	7	6	6	6	12	6
gene:Bcin05g02240	5150	5194	4912	4069	5758	3471
gene:Bcin05g02250	705	807	552	724	514	468
gene:Bcin05g02260	940	1129	797	972	815	708
gene:Bcin05g02270	4	8	6	11	9	7
gene:Bcin05g02280	0	4	5	9	7	3
gene:Bcin05g02290	1023	1044	881	897	697	687
gene:Bcin05g02300	151	156	137	87	115	103
gene:Bcin05g02310	574	690	539	586	543	545
gene:Bcin05g02320	417	469	401	707	655	587
gene:Bcin05g02330	941	877	635	814	600	558
gene:Bcin05g02340	214	251	169	168	128	129
gene:Bcin05g02350	1725	1702	1446	2358	1921	1656
gene:Bcin05g02360	689	886	586	1062	964	903
gene:Bcin05g02370	0	0	0	1	1	1
gene:Bcin05g02380	0	0	0	0	1	0
gene:Bcin05g02390	1111	1224	1108	1945	2167	1468
gene:Bcin05g02400	1055	1112	1202	4267	5949	3453
gene:Bcin05g02410	482	355	182	7	22	11
gene:Bcin05g02420	55	36	35	20	17	19
gene:Bcin05g02430	106	80	50	30	13	8
gene:Bcin05g02440	0	0	0	0	0	0
gene:Bcin05g02450	57	73	35	57	40	44
gene:EFBcG00000013313	0	0	0	0	0	0
gene:ENSRNA049537114	0	0	0	0	0	0
gene:Bcin05g02460	2472	2229	3697	1019	887	810
gene:Bcin05g02470	890	1130	692	984	1007	799
gene:Bcin05g02480	4	4	4	13	2	6
gene:Bcin05g02490	394	388	532	862	623	518
gene:Bcin05g02500	618	668	524	528	435	401
gene:Bcin05g02510	13	31	20	12	9	8
gene:Bcin05g02520	9519	10292	6457	401	220	211
gene:Bcin05g02530	13	14	11	1	5	4
gene:Bcin05g02540	58	83	62	91	71	49
gene:Bcin05g02550	1	1	0	3	0	0
gene:Bcin05g02560	6	7	13	13	18	5
gene:Bcin05g02570	518	641	625	699	680	434
gene:Bcin05g02580	13727	13948	13291	14211	15945	12556
gene:Bcin05g02590	1450	1437	1251	989	878	711
gene:Bcin05g02600	1994	2387	1889	2011	1543	1334
gene:Bcin05g02610	377	453	324	1038	1968	1059
gene:Bcin05g02620	449	435	472	142	76	108
gene:Bcin05g02630	206	237	230	281	231	212
gene:Bcin05g02640	666	700	665	692	457	416
gene:Bcin05g02650	383	481	341	333	280	249
gene:Bcin05g02660	1054	1129	710	820	969	708
gene:Bcin05g02670	725	828	748	511	415	362
gene:Bcin05g02680	2230	2547	2306	2446	1636	1525
gene:Bcin05g02690	1	0	1	0	0	0
gene:Bcin05g02700	3	2	2	3	2	3
gene:Bcin05g02710	18	14	13	19	19	21
gene:Bcin05g02720	1024	1352	880	1276	1141	1007
gene:Bcin05g02730	0	0	0	0	0	0
gene:Bcin05g02740	0	0	0	1	0	0
gene:Bcin05g02750	0	0	0	0	0	0
gene:Bcin05g02760	13	15	22	39	43	22
gene:Bcin05g02770	423	442	383	718	1380	500
gene:Bcin05g02780	963	1110	919	1072	857	779
gene:Bcin05g02790	655	626	544	943	835	633
gene:Bcin05g02800	263	298	266	275	307	255
gene:Bcin05g02810	102	111	92	197	291	205
gene:Bcin05g02820	469	509	447	161	152	53
gene:Bcin05g02830	332	318	298	242	220	162
gene:Bcin05g02840	363	344	295	292	605	350
gene:Bcin05g02850	307	395	285	425	528	309
gene:Bcin05g02860	422	481	408	249	233	216
gene:Bcin05g02870	1939	2414	1907	1898	1746	1711
gene:Bcin05g02880	513	492	416	804	531	495
gene:Bcin05g02890	11	10	1	16	10	9
gene:Bcin05g02900	1	3	2	1	1	1
gene:Bcin05g02910	2976	3267	2675	3333	2124	2240
gene:Bcin05g02920	147	167	154	197	140	129
gene:Bcin05g02930	800	918	718	1231	1031	919
gene:Bcin05g02940	240	285	163	153	132	76
gene:Bcin05g02950	677	617	597	1472	1473	1365
gene:EFBcG00000013097	0	0	0	0	0	0
gene:ENSRNA049536859	0	0	0	0	0	0
gene:Bcin05g02960	813	929	714	976	743	664
gene:EFBcG00000013274	0	0	0	0	0	0
gene:ENSRNA049537096	0	0	0	0	0	0
gene:Bcin05g02970	183	214	115	535	470	336
gene:Bcin05g02980	8	19	19	12	4	4
gene:Bcin05g02990	6	6	11	4	1	0
gene:Bcin05g03000	4742	5073	5099	2820	1869	1838
gene:Bcin05g03010	378	342	536	265	187	194
gene:Bcin05g03020	400	441	401	1714	1896	1505
gene:Bcin05g03030	1227	1490	1237	883	713	724
gene:Bcin05g03040	173	222	221	213	174	135
gene:Bcin05g03050	104	131	75	150	219	144
gene:Bcin05g03060	163	152	110	101	132	105
gene:Bcin05g03070	165	167	145	96	126	87
gene:Bcin05g03080	599	650	516	596	416	412
gene:Bcin05g03090	1597	1769	1310	832	729	609
gene:Bcin05g03100	13334	10556	15617	4096	2578	3078
gene:Bcin05g03110	1440	1727	1320	1295	1207	980
gene:Bcin05g03120	513	600	448	615	378	431
gene:Bcin05g03130	663	721	590	464	387	386
gene:Bcin05g03140	462	501	347	692	516	450
gene:Bcin05g03150	6732	10188	4306	9032	6938	5766
gene:Bcin05g03160	385	353	366	282	233	213
gene:Bcin05g03170	21	51	16	18	18	12
gene:Bcin05g03180	34	43	26	55	34	44
gene:Bcin05g03190	857	904	768	261	259	215
gene:Bcin05g03200	5	5	1	6	1	1
gene:Bcin05g03210	12	15	7	7	6	8
gene:Bcin05g03220	36	46	36	57	39	26
gene:EFBcG00000013267	0	0	0	0	0	0
gene:ENSRNA049536874	0	0	0	0	0	0
gene:Bcin05g03230	139	159	78	8585	9001	6992
gene:Bcin05g03240	16	13	13	70	50	36
gene:Bcin05g03250	574	755	575	1278	1038	985
gene:Bcin05g03260	2	10	0	1	2	2
gene:Bcin05g03270	1638	2026	1924	2422	1839	1576
gene:Bcin05g03280	1152	1416	1091	796	696	600
gene:Bcin05g03290	2012	2326	2047	2264	2226	1461
gene:Bcin05g03300	1118	1173	973	754	912	609
gene:Bcin05g03310	234	258	236	152	134	118
gene:Bcin05g03320	8	8	10	26	17	9
gene:Bcin05g03330	11	11	18	35	23	12
gene:Bcin05g03340	416	448	390	292	271	243
gene:Bcin05g03350	17	26	15	163	117	88
gene:Bcin05g03360	0	5	0	100	60	61
gene:Bcin05g03370	2	4	1	115	45	25
gene:Bcin05g03380	579	707	799	235	129	83
gene:Bcin05g03390	10	11	4	11	7	9
gene:Bcin05g03400	5	4	5	11	29	19
gene:Bcin05g03410	45	52	46	69	34	39
gene:Bcin05g03420	112	165	114	107	51	54
gene:Bcin05g03430	851	890	595	827	860	790
gene:Bcin05g03440	709	1052	590	899	1053	825
gene:Bcin05g03450	186	193	176	277	378	267
gene:Bcin05g03460	69	107	37	161	487	311
gene:Bcin05g03470	7	2	0	2	1	0
gene:Bcin05g03480	12	14	9	16	4	6
gene:Bcin05g03490	640	762	604	690	536	526
gene:Bcin05g03500	607	712	598	439	354	306
gene:Bcin05g03510	0	2	1	1	2	0
gene:Bcin05g03520	0	0	1	0	0	0
gene:Bcin05g03530	0	1	0	3	1	1
gene:Bcin05g03540	4	5	0	8	9	7
gene:Bcin05g03550	3	9	7	12	13	2
gene:Bcin05g03560	1084	1087	1071	546	1258	479
gene:Bcin05g03570	319	272	319	45	362	102
gene:Bcin05g03580	80	71	106	99	104	74
gene:Bcin05g03590	7	11	13	18	25	12
gene:Bcin05g03600	13	12	9	17	12	12
gene:Bcin05g03610	2521	3356	2567	1812	1651	1468
gene:Bcin05g03620	142	183	120	109	170	120
gene:Bcin05g03630	133	153	94	128	88	62
gene:Bcin05g03640	2549	3253	2477	2083	1602	1461
gene:Bcin05g03650	902	931	829	791	545	535
gene:Bcin05g03660	4	6	2	1	0	2
gene:Bcin05g03670	1	0	0	1	0	0
gene:Bcin05g03680	6418	8284	4369	406	217	179
gene:Bcin05g03690	0	1	0	1	0	0
gene:Bcin05g03700	554	557	507	432	548	423
gene:Bcin05g03710	1072	1231	1065	1031	962	726
gene:Bcin05g03720	8	7	5	24	12	2
gene:Bcin05g03730	1227	1355	1180	1130	876	866
gene:Bcin05g03740	361	430	276	245	186	176
gene:Bcin05g03750	113	271	91	187	100	73
gene:Bcin05g03760	547	674	519	525	349	336
gene:Bcin05g03770	1904	2865	2243	6365	3243	3157
gene:Bcin05g03780	47	43	50	102	63	53
gene:Bcin05g03790	2953	3297	3043	2753	2252	1890
gene:Bcin05g03800	2237	2009	3078	5358	7381	5153
gene:Bcin05g03810	1	1	1	2	5	4
gene:Bcin05g03820	6	12	3	17	21	13
gene:Bcin05g03830	2477	2840	2429	2310	1862	1597
gene:Bcin05g03840	256	218	195	326	212	189
gene:Bcin05g03850	361	382	379	488	401	354
gene:Bcin05g03860	4	4	1	2	3	5
gene:Bcin05g03870	6	4	3	9	3	0
gene:Bcin05g03880	186	242	159	102	86	66
gene:Bcin05g03890	706	783	769	892	709	553
gene:Bcin05g03900	607	691	596	568	518	398
gene:Bcin05g03910	31	27	37	28	31	30
gene:Bcin05g03920	793	1051	514	521	558	392
gene:Bcin05g03930	575	771	622	654	768	532
gene:Bcin05g03940	305	391	341	336	324	292
gene:Bcin05g03950	700	717	517	404	385	302
gene:Bcin05g03960	1479	1655	1277	1158	1133	864
gene:Bcin05g03970	1058	1188	950	1087	1031	852
gene:Bcin05g03980	369	459	333	622	592	409
gene:Bcin05g03990	13	11	9	10	13	4
gene:Bcin05g04000	0	0	0	0	0	0
gene:Bcin05g04010	176	214	255	480	521	436
gene:Bcin05g04020	27	30	34	10	19	14
gene:Bcin05g04030	976	1154	902	992	1083	724
gene:Bcin05g04040	845	967	739	467	477	382
gene:Bcin05g04050	511	615	433	321	413	357
gene:Bcin05g04060	863	868	796	950	684	661
gene:Bcin05g04070	347	419	331	438	373	305
gene:Bcin05g04080	32	49	59	32	14	13
gene:Bcin05g04090	2	3	3	13	28	14
gene:Bcin05g04110	0	0	0	0	0	0
gene:Bcin05g04100	0	0	0	0	0	0
gene:Bcin05g04120	5	1	0	2	2	5
gene:Bcin05g04130	151	210	111	121	93	109
gene:Bcin05g04140	85	86	82	55	66	32
gene:Bcin05g04150	246	318	266	255	177	169
gene:Bcin05g04160	291	411	295	377	266	275
gene:Bcin05g04170	1132	1118	823	1090	748	644
gene:Bcin05g04180	9	5	2	12	4	4
gene:Bcin05g04190	6	6	3	7	9	8
gene:Bcin05g04200	530	591	629	1168	977	933
gene:Bcin05g04210	36	42	19	36	45	30
gene:Bcin05g04220	625	737	518	756	908	314
gene:Bcin05g04230	503	511	439	527	431	351
gene:Bcin05g04240	2836	3169	2510	2159	2064	1532
gene:Bcin05g04250	404	513	386	250	219	185
gene:Bcin05g04260	99	98	96	145	149	162
gene:Bcin05g04270	2049	2147	2179	3798	2267	2624
gene:EFBcG00000013137	0	0	1	0	2	0
gene:Bcin05g04280	442	472	276	1469	1975	1162
gene:Bcin05g04290	140	175	106	827	802	488
gene:Bcin05g04300	269	364	162	2222	2020	1383
gene:Bcin05g04310	78	94	67	48	46	39
gene:Bcin05g04320	126	126	93	223	195	137
gene:Bcin05g04330	156	174	121	131	113	112
gene:Bcin05g04340	4	2	3	13	4	3
gene:Bcin05g04350	44	84	24	87	189	84
gene:Bcin05g04360	198	232	159	163	147	159
gene:Bcin05g04370	34	41	29	48	53	30
gene:Bcin05g04380	418	527	327	462	422	413
gene:Bcin05g04390	11	4	6	2	7	5
gene:Bcin05g04400	761	836	615	556	1015	746
gene:Bcin05g04410	623	659	519	945	967	601
gene:Bcin05g04420	12975	13998	12185	15648	10796	10195
gene:Bcin05g04430	3564	3819	3441	4304	3340	2985
gene:Bcin05g04440	3	0	5	6	9	7
gene:Bcin05g04450	3	0	0	0	0	1
gene:Bcin05g04460	0	0	0	0	0	0
gene:Bcin05g04470	18	30	15	21	17	5
gene:Bcin05g04480	2034	2392	2326	1406	1721	1184
gene:Bcin05g04490	1346	1443	1233	808	767	666
gene:Bcin05g04500	2	1	1	7	11	5
gene:Bcin05g04510	70	66	68	59	100	52
gene:Bcin05g04520	995	1024	1405	1465	2761	991
gene:Bcin05g04530	1082	1272	919	1447	1842	938
gene:Bcin05g04540	232	290	243	1033	1213	536
gene:Bcin05g04550	632	828	504	1598	2379	1273
gene:Bcin05g04560	28	42	13	18	23	25
gene:Bcin05g04570	20	13	14	55	53	51
gene:Bcin05g04580	6	6	3	122	217	82
gene:Bcin05g04590	0	3	0	6	6	4
gene:Bcin05g04600	820	903	792	759	626	570
gene:Bcin05g04610	627	664	610	538	431	414
gene:Bcin05g04620	73	56	46	55	40	35
gene:Bcin05g04630	418	373	417	224	153	148
gene:Bcin05g04640	0	0	0	0	0	0
gene:Bcin05g04650	16	20	9	84	218	134
gene:Bcin05g04660	403	342	305	415	274	223
gene:ENSRNA049513313	2	1	0	0	0	0
gene:Bcin05g04670	772	840	690	1270	1242	948
gene:Bcin05g04680	1397	1572	1080	1672	1904	1373
gene:Bcin05g04690	16	21	10	86	27	29
gene:Bcin05g04700	3	6	3	3	2	2
gene:Bcin05g04710	26	29	24	60	58	32
gene:Bcin05g04720	1416	1569	1701	2409	1795	1619
gene:Bcin05g04730	4456	3897	3596	2119	5869	2377
gene:Bcin05g04740	1623	1979	1489	1854	1601	1316
gene:Bcin05g04750	342	424	318	329	257	206
gene:Bcin05g04760	332	291	186	541	511	364
gene:Bcin05g04770	276	302	300	889	669	402
gene:Bcin05g04780	161	135	133	438	328	190
gene:Bcin05g04790	336	350	330	592	389	325
gene:Bcin05g04800	1030	1155	748	5161	7337	2892
gene:Bcin05g04810	492	596	545	280	272	239
gene:Bcin05g04820	58	58	46	139	122	73
gene:ENSRNA049513392	2	4	2	9	9	22
gene:Bcin05g04830	380	397	335	1059	1468	674
gene:Bcin05g04840	156	138	226	428	423	393
gene:Bcin05g04850	2067	2400	1879	1510	1259	1047
gene:Bcin05g04860	396	361	283	227	232	176
gene:Bcin05g04870	22462	23579	20963	5849	4166	4143
gene:Bcin05g04880	924	1219	759	998	937	836
gene:Bcin05g04890	1338	1502	1031	1534	1708	1634
gene:Bcin05g04900	86	56	63	70	44	54
gene:Bcin05g04910	10673	9591	7337	5106	8867	6259
gene:Bcin05g04920	3	5	6	2	10	4
gene:Bcin05g04930	3	3	0	2	9	2
gene:Bcin05g04940	1858	1524	1975	272	1705	553
gene:Bcin05g04950	13	8	8	9	8	11
gene:Bcin05g04960	17	20	9	9	36	9
gene:Bcin05g04970	0	0	0	0	0	0
gene:Bcin05g04980	1	0	0	0	1	0
gene:Bcin05g04990	36	21	20	20	18	10
gene:Bcin05g05000	26	24	25	23	18	15
gene:Bcin05g05010	33	40	43	28	46	41
gene:Bcin05g05020	33	31	15	38	26	17
gene:Bcin05g05030	306	301	283	306	232	217
gene:Bcin05g05040	2919	3427	3156	3730	3397	2716
gene:Bcin05g05050	92	118	45	60	54	49
gene:Bcin05g05060	525	606	430	552	507	388
gene:Bcin05g05070	1450	1511	1461	890	881	709
gene:Bcin05g05080	44	51	41	63	72	30
gene:Bcin05g05090	1568	1477	1605	1488	2067	1568
gene:Bcin05g05100	82	94	66	227	190	154
gene:Bcin05g05110	2614	2230	1541	5221	6816	4433
gene:Bcin05g05120	156	176	150	22	18	19
gene:Bcin05g05130	286	338	256	76	47	38
gene:Bcin05g05140	104	143	101	141	159	102
gene:Bcin05g05150	8	12	19	57	36	31
gene:Bcin05g05160	456	662	272	1495	1954	1662
gene:Bcin05g05170	96	105	95	106	110	113
gene:Bcin05g05180	1211	1241	1230	998	736	613
gene:Bcin05g05190	2301	2594	1500	1470	1371	1083
gene:Bcin05g05200	0	2	0	0	2	1
gene:Bcin05g05210	22	14	19	21	35	19
gene:Bcin05g05220	857	781	730	650	736	646
gene:Bcin05g05230	517	595	514	1442	2182	1108
gene:Bcin05g05240	691	654	888	424	1591	476
gene:Bcin05g05250	230	229	196	238	228	183
gene:Bcin05g05260	2754	3071	2729	2621	1909	1902
gene:Bcin05g05270	12	16	10	12	14	6
gene:Bcin05g05280	2510	2836	2276	1351	1325	906
gene:Bcin05g05290	608	754	447	1012	898	589
gene:Bcin05g05300	1322	1439	915	764	816	822
gene:Bcin05g05310	332	392	269	520	856	614
gene:Bcin05g05320	6889	7751	6956	8953	10603	8943
gene:Bcin05g05330	193	239	166	174	113	143
gene:Bcin05g05340	169	166	159	156	99	103
gene:Bcin05g05350	828	855	773	938	660	497
gene:EFBcG00000013247	17	9	4	21	5	3
gene:Bcin05g05360	193	238	200	188	194	152
gene:Bcin05g05370	907	964	967	673	878	547
gene:Bcin05g05380	806	948	759	408	399	318
gene:Bcin05g05390	90	105	66	49	42	45
gene:Bcin05g05400	3068	3497	2811	3932	3235	2748
gene:Bcin05g05410	218	223	182	206	149	162
gene:Bcin05g05420	128	121	126	940	1237	938
gene:Bcin05g05430	98	123	87	244	283	197
gene:Bcin05g05440	21	15	10	25	19	15
gene:Bcin05g05450	4	6	4	30	24	10
gene:Bcin05g05460	1081	1111	980	1163	852	844
gene:Bcin05g05470	1084	1223	1040	711	721	514
gene:Bcin05g05480	84	100	59	137	124	100
gene:Bcin05g05490	317	420	317	138	99	117
gene:Bcin05g05500	377	455	367	223	224	194
gene:Bcin05g05510	11	22	15	18	9	13
gene:Bcin05g05520	431	526	421	433	309	252
gene:Bcin05g05530	638	658	674	408	499	379
gene:Bcin05g05540	33	29	22	21	16	7
gene:Bcin05g05550	381	389	257	154	125	125
gene:Bcin05g05560	323	331	115	20	12	12
gene:Bcin05g05570	307	318	236	241	134	170
gene:Bcin05g05580	1133	1212	951	1400	920	750
gene:Bcin05g05590	347	379	358	728	953	689
gene:Bcin05g05600	2100	2129	2016	1369	1815	1423
gene:Bcin05g05610	54	73	58	121	79	76
gene:Bcin05g05620	340	359	327	490	276	338
gene:Bcin05g05630	16	25	16	38	53	30
gene:Bcin05g05640	8	12	1	19	9	8
gene:Bcin05g05650	1	1	1	6	0	0
gene:Bcin05g05660	0	1	0	2	0	0
gene:Bcin05g05670	0	0	0	0	0	0
gene:Bcin05g05680	2	0	3	0	2	0
gene:Bcin05g05690	96	122	94	167	275	148
gene:Bcin05g05700	2018	2401	1900	1390	1338	1146
gene:Bcin05g05710	161	179	150	122	78	80
gene:Bcin05g05720	198	197	217	240	260	196
gene:Bcin05g05730	201	250	221	172	99	102
gene:Bcin05g05740	380	417	408	469	273	272
gene:Bcin05g05750	1017	1031	1155	901	719	716
gene:Bcin05g05760	482	493	326	710	822	622
gene:Bcin05g05770	152	158	112	117	125	88
gene:Bcin05g05780	252	236	214	230	159	130
gene:Bcin05g05790	3255	3458	2710	4476	2988	2800
gene:Bcin05g05800	2219	2551	2159	2867	2279	2011
gene:Bcin05g05810	1064	1233	1099	1193	812	811
gene:Bcin05g05820	20855	20690	17555	16924	16124	13673
gene:Bcin05g05830	4571	5204	3123	440	787	628
gene:Bcin05g05840	225	237	213	247	213	167
gene:Bcin05g05850	659	811	786	452	519	454
gene:Bcin05g05860	6368	6683	5676	6015	4751	4294
gene:Bcin05g05870	984	1150	1143	727	629	515
gene:Bcin05g05880	595	637	567	461	433	276
gene:Bcin05g05890	2	4	1	2	2	2
gene:Bcin05g05900	2911	4191	2033	619	840	691
gene:Bcin05g05910	151	183	193	439	380	229
gene:Bcin05g05920	157	197	139	531	479	186
gene:Bcin05g05930	126	131	78	601	249	202
gene:Bcin05g05940	721	925	479	190	157	143
gene:Bcin05g05950	93	100	76	34	10	15
gene:Bcin05g05960	1972	2168	1571	3904	3037	2691
gene:Bcin05g05970	3261	3765	3215	3085	2795	2150
gene:Bcin05g05980	313	348	298	311	363	252
gene:Bcin05g05990	9	3	6	5	11	8
gene:Bcin05g06000	555	669	805	226	1229	602
gene:Bcin05g06010	20	29	28	33	27	14
gene:Bcin05g06020	23947	30540	18929	256	249	203
gene:Bcin05g06030	595	707	640	689	440	470
gene:Bcin05g06040	201	235	178	172	134	117
gene:Bcin05g06050	16	33	27	51	30	17
gene:Bcin05g06060	81	118	76	333	281	207
gene:Bcin05g06070	9489	10355	8404	13465	11291	10306
gene:Bcin05g06080	2	4	0	4	4	0
gene:Bcin05g06090	142	146	81	127	141	100
gene:Bcin05g06100	291	374	253	377	226	229
gene:Bcin05g06110	461	577	373	435	345	368
gene:Bcin05g06120	1062	1174	910	1375	1080	998
gene:Bcin05g06130	11851	11909	10934	9796	11796	9107
gene:Bcin05g06140	1841	2031	1752	2031	2152	1485
gene:Bcin05g06150	383	435	382	266	221	192
gene:Bcin05g06160	33	49	30	27	26	25
gene:EFBcG00000013382	0	0	0	0	0	0
gene:Bcin05g06170	0	0	0	0	0	0
gene:Bcin05g06180	109	125	77	541	437	196
gene:Bcin05g06190	82	85	71	72	52	50
gene:Bcin05g06200	23	28	18	31	38	15
gene:Bcin05g06210	0	0	1	2	1	6
gene:Bcin05g06220	15	12	9	13	23	16
gene:Bcin05g06230	16	16	5	20	23	21
gene:Bcin05g06240	4	6	0	6	2	5
gene:Bcin05g06250	7	11	3	14	15	17
gene:Bcin05g06260	4	5	2	6	2	3
gene:Bcin05g06270	212	211	150	682	958	293
gene:Bcin05g06280	10397	11210	11556	370	163	122
gene:Bcin05g06290	278	288	166	93	74	55
gene:EFBcG00000013305	0	0	0	0	0	0
gene:ENSRNA049536915	0	0	0	0	0	0
gene:Bcin05g06300	13	12	9	14	12	7
gene:Bcin05g06310	239	240	203	313	208	204
gene:Bcin05g06320	29021	32180	28238	38950	37044	29095
gene:Bcin05g06330	2361	2330	2330	2079	1886	1302
gene:Bcin05g06340	162	191	174	166	97	76
gene:Bcin05g06350	2	6	3	7	3	8
gene:Bcin05g06360	68	70	60	58	42	50
gene:Bcin05g06370	0	0	0	0	0	0
gene:Bcin05g06380	0	0	0	0	0	0
gene:Bcin05g06390	0	0	0	0	0	0
gene:EFBcG00000013335	0	0	0	0	0	0
gene:ENSRNA049537058	0	0	0	0	0	0
gene:Bcin05g06400	49	97	39	116	141	91
gene:Bcin05g06410	1173	1294	982	872	828	599
gene:Bcin05g06420	4	10	2	2	7	2
gene:Bcin05g06430	1755	1873	1741	1923	1403	1184
gene:Bcin05g06440	361	460	379	391	279	234
gene:Bcin05g06450	690	700	917	552	568	422
gene:Bcin05g06460	338	408	308	385	284	249
gene:Bcin05g06470	3	15	4	9	4	5
gene:Bcin05g06480	2	1	6	8	11	3
gene:Bcin05g06490	189	248	144	19	7	9
gene:Bcin05g06500	446	676	308	29	20	11
gene:Bcin05g06510	98	84	138	29	21	17
gene:Bcin05g06520	868	905	802	379	428	335
gene:Bcin05g06530	607	643	574	580	526	431
gene:Bcin05g06540	1021	1190	931	525	531	423
gene:Bcin05g06550	25	33	17	23	40	15
gene:Bcin05g06560	47	37	57	16	4	12
gene:Bcin05g06570	10	19	11	20	19	10
gene:Bcin05g06580	1	3	0	1	4	1
gene:Bcin05g06590	12	13	3	2	1	4
gene:Bcin05g06600	563	602	66	19	22	30
gene:Bcin05g06610	86	118	20	9	4	5
gene:Bcin05g06620	0	0	0	0	0	0
gene:Bcin05g06630	3	0	1	3	0	1
gene:Bcin05g06640	1	0	0	0	1	2
gene:Bcin05g06650	297	324	223	86	120	89
gene:Bcin05g06660	65	70	39	117	90	74
gene:Bcin05g06670	0	0	1	2	1	0
gene:Bcin05g06680	170	182	143	171	179	101
gene:Bcin05g06690	1871	2238	2010	9200	8987	5644
gene:Bcin05g06700	479	513	347	451	503	351
gene:Bcin05g06710	726	750	672	1038	782	652
gene:Bcin05g06720	1438	1645	1192	991	878	771
gene:Bcin05g06730	1883	2220	1766	1744	1220	1201
gene:Bcin05g06740	2	0	2	6	1	5
gene:Bcin05g06750	372	346	395	478	411	347
gene:Bcin05g06760	55	61	52	80	65	56
gene:Bcin05g06770	2314	2609	2317	2675	2900	2268
gene:Bcin05g06780	1	6	3	6	17	17
gene:Bcin05g06790	1686	1786	1589	2390	2005	1809
gene:Bcin05g06800	497	471	419	446	325	288
gene:Bcin05g06810	259	329	232	221	210	196
gene:Bcin05g06820	932	1010	837	362	418	301
gene:Bcin05g06830	1431	1419	1551	612	792	613
gene:Bcin05g06840	1419	1498	1276	1184	1073	573
gene:Bcin05g06842	0	0	0	0	0	0
gene:Bcin05g06850	2	2	2	18	6	6
gene:Bcin05g06860	12	12	7	26	38	22
gene:Bcin05g06870	9	10	3	8	13	13
gene:Bcin05g06880	2318	2697	2024	1444	1514	1193
gene:Bcin05g06890	401	410	377	443	360	256
gene:Bcin05g06900	42	60	28	53	52	38
gene:Bcin05g06910	4371	7028	2901	2475	2629	2044
gene:Bcin05g06920	1242	1590	912	929	1038	749
gene:Bcin05g06930	3	3	4	5	6	3
gene:Bcin05g06940	16	16	15	24	11	16
gene:Bcin05g06950	0	0	0	0	0	1
gene:Bcin05g06960	0	1	0	0	0	0
gene:Bcin05g06970	255	256	193	679	1017	467
gene:Bcin05g06980	34	32	22	59	85	50
gene:Bcin05g06990	3	6	19	25	50	30
gene:Bcin05g07000	18	33	9	33	15	11
gene:ENSRNA049513378	0	0	0	0	0	0
gene:EFBcG00000013109	0	0	0	0	0	0
gene:EFBcG00000013208	1	0	0	0	1	0
gene:Bcin05g07010	168	220	176	116	66	65
gene:Bcin05g07020	202	260	265	72	90	64
gene:Bcin05g07030	2846	3039	2949	251	258	196
gene:Bcin05g07040	391	391	273	684	1650	720
gene:Bcin05g07050	665	817	596	568	616	454
gene:Bcin05g07060	1281	1487	1195	1021	689	627
gene:Bcin05g07070	425	552	380	430	334	279
gene:Bcin05g07080	2	8	1	3	2	0
gene:Bcin05g07090	13	14	4	598	757	488
gene:Bcin05g07100	186	212	325	295	159	163
gene:EFBcG00000013365	0	0	0	0	0	0
gene:ENSRNA049537039	0	0	0	0	0	0
gene:Bcin05g07110	1	0	0	3	1	1
gene:Bcin05g07120	109	153	182	140	65	72
gene:Bcin05g07130	360	401	359	300	192	173
gene:Bcin05g07140	773	767	750	880	631	570
gene:Bcin05g07150	740	811	651	1210	2259	764
gene:Bcin05g07160	371	523	280	689	780	516
gene:Bcin05g07170	529	685	492	786	535	570
gene:ENSRNA049513437	2	1	1	20	11	13
gene:Bcin05g07180	1192	1472	950	5676	10690	2692
gene:Bcin05g07190	524	773	440	271	144	133
gene:Bcin05g07200	712	977	808	21520	16927	16161
gene:Bcin05g07210	2	9	6	235	220	154
gene:Bcin05g07220	889	1010	791	862	1022	630
gene:Bcin05g07230	468	514	300	1669	2220	745
gene:Bcin05g07240	1665	1784	1570	1347	1142	869
gene:Bcin05g07250	50	49	30	26	15	25
gene:Bcin05g07260	7	8	2	2	1	1
gene:Bcin05g07270	5926	5277	6828	142	126	109
gene:Bcin05g07280	114	168	120	174	127	130
gene:Bcin05g07290	1341	1448	1470	2582	2324	1712
gene:Bcin05g07300	258	249	204	109	120	137
gene:Bcin05g07310	405	424	366	441	609	456
gene:Bcin05g07320	597	674	628	785	559	485
gene:Bcin05g07330	1174	1270	1107	1852	1947	1529
gene:Bcin05g07340	1887	2082	1818	2834	2330	2278
gene:Bcin05g07350	411	444	378	687	1131	348
gene:Bcin05g07360	2013	2466	1920	2867	2699	2055
gene:Bcin05g07370	679	759	659	656	600	386
gene:Bcin05g07380	3	8	2	8	4	6
gene:Bcin05g07390	6	10	7	11	15	8
gene:Bcin05g07400	1415	1605	1548	1659	1667	1675
gene:Bcin05g07410	394	432	388	723	715	592
gene:Bcin05g07420	1254	1443	1081	1109	921	819
gene:Bcin05g07430	8754	10789	6871	12808	11637	10197
gene:Bcin05g07440	1111	1132	742	873	627	613
gene:Bcin05g07450	191	174	151	449	349	328
gene:Bcin05g07460	1197	1345	1064	1750	1476	1284
gene:Bcin05g07470	242	253	191	155	100	154
gene:Bcin05g07480	457	592	348	404	404	342
gene:Bcin05g07490	1031	1349	778	617	606	590
gene:Bcin05g07500	1499	2259	677	711	1770	1287
gene:Bcin05g07510	62	50	103	183	134	159
gene:Bcin05g07520	127	140	269	224	195	225
gene:Bcin05g07530	1	1	0	0	2	4
gene:Bcin05g07540	5	5	5	19	12	10
gene:Bcin05g07550	10	7	5	10	10	4
gene:Bcin05g07560	20	35	22	33	43	26
gene:EFBcG00000013249	0	0	0	0	0	0
gene:Bcin05g07570	771	822	634	1059	829	741
gene:Bcin05g07580	406	535	269	1029	1062	903
gene:Bcin05g07590	31	34	30	79	69	46
gene:EFBcG00000013214	0	0	0	0	0	0
gene:ENSRNA049536998	0	0	0	0	0	0
gene:EFBcG00000013143	0	0	0	0	0	0
gene:ENSRNA049536973	0	0	0	0	0	0
gene:Bcin05g07600	227	269	173	248	306	193
gene:EFBcG00000013157	5	1	0	3	1	0
gene:EFBcG00000013115	0	0	0	5	2	5
gene:Bcin05g07610	31	20	29	424	824	616
gene:Bcin05g07620	183	279	195	412	367	242
gene:Bcin05g07630	131	138	132	36	81	91
gene:Bcin05g07640	1563	2609	204	348	305	146
gene:Bcin05g07650	103	158	53	45	21	28
gene:Bcin05g07660	20	27	19	11	12	9
gene:Bcin05g07670	9769	12634	8383	4459	3815	3207
gene:Bcin05g07680	104	81	121	11	45	27
gene:Bcin05g07690	1739	1949	1391	1168	1010	909
gene:Bcin05g07700	1781	2257	1811	2757	2190	1880
gene:Bcin05g07710	0	0	0	0	0	0
gene:Bcin05g07720	0	0	0	0	0	0
gene:Bcin05g07730	0	0	0	0	0	0
gene:Bcin05g07740	0	0	0	0	0	0
gene:Bcin05g07750	0	0	0	0	0	0
gene:Bcin05g07760	1	0	1	1	4	2
gene:Bcin05g07770	0	0	0	0	1	1
gene:Bcin05g07790	7	9	4	8	6	6
gene:Bcin05g07800	10	11	15	25	11	12
gene:Bcin05g07810	14	13	19	16	37	17
gene:Bcin05g07820	0	0	0	0	0	0
gene:Bcin05g07830	0	0	0	0	0	0
gene:Bcin05g07840	2507	3192	2216	1922	1892	1604
gene:Bcin05g07850	949	1175	806	884	591	750
gene:Bcin05g07860	0	0	0	2	1	0
gene:Bcin05g07870	0	0	0	0	0	0
gene:Bcin05g07890	5	3	1	3	2	2
gene:Bcin05g07900	866	1125	823	527	408	399
gene:Bcin05g07910	834	900	837	738	559	494
gene:Bcin05g07920	238	286	232	430	284	297
gene:Bcin05g07930	0	2	0	4	1	2
gene:Bcin05g07940	0	0	0	0	0	0
gene:Bcin05g07950	0	0	0	0	0	0
gene:Bcin05g07960	0	0	1	0	1	0
gene:Bcin05g07970	0	0	0	0	0	0
gene:Bcin05g07980	249	315	219	658	835	560
gene:Bcin05g07990	3	4	1	16	14	9
gene:Bcin05g08000	0	1	1	6	0	1
gene:Bcin05g08010	0	0	0	0	0	0
gene:Bcin05g08020	540	692	334	82	42	52
gene:Bcin05g08030	206	249	212	299	201	164
gene:Bcin05g08040	119	150	137	119	109	101
gene:Bcin05g08050	392	997	57	68	33	32
gene:Bcin05g08060	168	220	188	179	214	162
gene:Bcin05g08070	16802	18183	15662	26826	22436	20840
gene:Bcin05g08080	130	156	113	147	100	74
gene:Bcin05g08090	8	5	13	4	4	2
gene:Bcin05g08100	2	0	0	1	0	1
gene:Bcin05g08110	153	153	183	260	210	123
gene:Bcin05g08120	939	945	855	633	518	432
gene:Bcin05g08130	14964	15724	10214	129	175	115
gene:Bcin05g08140	1725	1957	1480	713	687	470
gene:Bcin05g08150	0	3	3	1	0	1
gene:Bcin05g08160	1	2	3	1	2	2
gene:Bcin05g08170	58	68	53	52	38	45
gene:Bcin05g08180	96	120	48	62	65	57
gene:Bcin05g08190	82	85	64	65	57	74
gene:Bcin05g08200	91	130	104	129	91	96
gene:Bcin05g08210	0	1	0	0	0	0
gene:Bcin05g08220	0	1	0	1	1	0
gene:Bcin05g08230	427	366	366	116	187	152
gene:Bcin05g08240	55	60	31	82	69	59
gene:Bcin05g08250	34	41	17	75	90	44
gene:Bcin05g08260	0	0	0	0	0	0
gene:Bcin05g08270	59	102	44	175	127	150
gene:Bcin05g08280	4768	4551	3231	3791	3385	3105
gene:Bcin05g08290	1894	2240	1536	1357	1323	892
gene:Bcin05g08300	18	15	15	7	3	4
gene:Bcin05g08310	136	159	102	10	9	8
gene:Bcin05g08320	125	151	115	96	85	65
gene:Bcin05g08330	2311	2432	1289	94	47	38
gene:Bcin05g08340	300	371	258	331	142	103
gene:Bcin05g08350	2	3	3	3	0	1
gene:Bcin05g08360	262	304	263	469	354	309
gene:Bcin05g08370	5064	5696	4916	1947	1223	1164
gene:Bcin05g08380	550	656	530	339	247	238
gene:Bcin05g08390	3	1	1	2	3	2
gene:Bcin05g08400	85	165	35	140	244	142
gene:Bcin05g08410	1	1	0	2	8	0
gene:Bcin05g08420	0	1	0	1	0	2
gene:Bcin06g00010	0	0	0	0	0	0
gene:Bcin06g00020	1	0	0	1	0	1
gene:Bcin06g00022	45	58	46	62	35	35
gene:Bcin06g00024	23	33	59	19	14	22
gene:Bcin06g00026	0	3	1	0	0	0
gene:Bcin06g00028	0	0	0	0	0	0
gene:Bcin06g00030	0	0	0	0	1	0
gene:Bcin06g00040	0	0	0	0	0	0
gene:Bcin06g00050	36	39	23	82	53	83
gene:Bcin06g00060	376	377	259	452	416	441
gene:Bcin06g00070	0	1	1	4	2	4
gene:Bcin06g00080	0	1	1	3	0	1
gene:Bcin06g00090	3	0	0	0	1	0
gene:Bcin06g00100	0	0	0	0	0	0
gene:Bcin06g00110	3	6	0	1	1	0
gene:Bcin06g00120	818	1017	405	10	5	5
gene:Bcin06g00130	756	762	252	65	63	84
gene:Bcin06g00140	1877	1974	1011	17	10	12
gene:Bcin06g00150	1964	1860	1379	4	10	10
gene:Bcin06g00160	113	137	113	92	121	110
gene:Bcin06g00170	0	0	0	2	0	3
gene:Bcin06g00180	0	0	0	0	0	0
gene:Bcin06g00190	0	0	0	0	0	0
gene:Bcin06g00200	0	0	0	0	0	1
gene:Bcin06g00210	0	0	0	0	0	0
gene:Bcin06g00220	1	1	0	0	0	0
gene:Bcin06g00230	14	8	7	26	20	13
gene:Bcin06g00240	3	1	0	2	1	0
gene:Bcin06g00250	9	10	2	4	3	8
gene:Bcin06g00260	4551	4614	3541	4428	2923	2857
gene:Bcin06g00270	357	335	251	395	199	239
gene:Bcin06g00280	78	78	50	55	36	39
gene:Bcin06g00290	1	1	0	0	0	0
gene:Bcin06g00300	0	0	0	0	0	0
gene:Bcin06g00310	131	173	140	17	16	17
gene:Bcin06g00320	128	133	108	35	20	28
gene:Bcin06g00330	4508	6252	3510	1270	1333	1121
gene:Bcin06g00340	79	115	69	71	37	44
gene:Bcin06g00350	99	105	126	141	97	111
gene:Bcin06g00360	183	212	162	228	204	183
gene:Bcin06g00365	111	136	93	115	226	197
gene:Bcin06g00370	82	115	63	130	88	69
gene:Bcin06g00380	15143	15763	13616	17620	17438	14402
gene:Bcin06g00390	1677	1997	1492	1396	954	913
gene:Bcin06g00400	66	57	56	140	249	139
gene:Bcin06g00410	51	63	75	72	65	49
gene:Bcin06g00420	2	0	1	6	1	3
gene:Bcin06g00430	1620	2300	1203	451	402	327
gene:Bcin06g00440	919	1265	893	1310	891	790
gene:Bcin06g00450	0	0	0	0	0	0
gene:Bcin06g00460	74	90	113	43	40	35
gene:Bcin06g00470	175	189	666	19	13	5
gene:Bcin06g00480	90	77	36	10	7	8
gene:Bcin06g00490	37	32	37	12	18	17
gene:Bcin06g00500	4	5	2	6	6	6
gene:Bcin06g00510	25	29	19	4	5	2
gene:Bcin06g00520	67	57	102	10154	11256	7274
gene:Bcin06g00530	149	181	174	108	90	84
gene:Bcin06g00540	2	4	4	8	17	13
gene:Bcin06g00550	651	874	226	380	792	511
gene:Bcin06g00560	8	11	6	2	4	7
gene:Bcin06g00570	4	13	6	5	0	1
gene:Bcin06g00580	2546	3244	1759	97	98	64
gene:Bcin06g00590	267	270	277	230	171	114
gene:Bcin06g00600	73	107	66	77	65	66
gene:Bcin06g00610	3717	3240	3718	2795	4212	2285
gene:Bcin06g00620	12840	16457	9916	1330	1406	1189
gene:Bcin06g00630	278	288	160	29	72	46
gene:Bcin06g00640	1069	1202	1051	468	324	257
gene:Bcin06g00650	0	3	4	37	15	2
gene:Bcin06g00660	2	1	6	0	2	0
gene:Bcin06g00670	14	22	12	24	15	20
gene:Bcin06g00680	34	35	44	8	10	2
gene:Bcin06g00690	631	812	635	334	437	257
gene:Bcin06g00700	390	393	404	378	316	242
gene:Bcin06g00710	151	184	148	197	183	176
gene:Bcin06g00720	186	205	220	615	424	271
gene:Bcin06g00730	748	716	544	695	473	396
gene:Bcin06g00740	86	113	65	58	81	61
gene:Bcin06g00750	13	10	2	3	8	3
gene:Bcin06g00760	0	0	0	1	1	0
gene:Bcin06g00770	5	3	3	24	21	26
gene:Bcin06g00780	45	46	31	100	101	62
gene:Bcin06g00790	770	811	591	1310	960	783
gene:Bcin06g00800	772	1103	553	698	351	355
gene:Bcin06g00810	317	342	396	517	389	263
gene:Bcin06g00820	768	621	462	205	134	111
gene:Bcin06g00830	638	749	636	411	304	283
gene:Bcin06g00840	715	692	647	497	380	291
gene:Bcin06g00850	14	22	16	8	7	10
gene:Bcin06g00860	66	99	29	20	6	10
gene:Bcin06g00870	63	72	56	132	60	79
gene:Bcin06g00880	0	1	0	0	1	0
gene:Bcin06g00890	12	13	4	14	11	8
gene:Bcin06g00900	611	650	511	833	631	563
gene:Bcin06g00910	279	275	228	272	192	179
gene:Bcin06g00920	509	447	762	1588	878	1193
gene:Bcin06g00930	28	38	38	25	25	22
gene:Bcin06g00940	1	1	3	1	1	1
gene:Bcin06g00950	0	0	0	1	0	1
gene:Bcin06g00960	11	9	3	16	31	7
gene:Bcin06g00970	29	26	25	127	331	91
gene:Bcin06g00980	37	39	33	46	53	29
gene:Bcin06g00990	2	1	1	296	598	116
gene:Bcin06g01000	485	467	290	471	643	418
gene:Bcin06g01010	20	26	20	369	447	332
gene:Bcin06g01020	349	411	336	443	259	264
gene:Bcin06g01030	49	48	49	82	245	140
gene:Bcin06g01040	0	0	0	2	21	9
gene:Bcin06g01050	407	489	381	608	563	483
gene:Bcin06g01060	476	696	554	334	231	195
gene:Bcin06g01070	243	249	199	102	119	115
gene:Bcin06g01080	725	894	642	607	457	425
gene:Bcin06g01090	115	150	101	167	166	122
gene:Bcin06g01100	1165	1239	1100	1169	917	825
gene:EFBcG00000013321	0	0	0	0	0	0
gene:ENSRNA049537394	0	0	0	0	0	0
gene:Bcin06g01110	2	9	2	17	2	6
gene:Bcin06g01120	7	8	6	13	4	9
gene:Bcin06g01130	10	10	8	27	7	17
gene:Bcin06g01140	397	557	335	707	646	518
gene:Bcin06g01150	52	59	49	41	55	37
gene:Bcin06g01160	155	166	148	154	120	86
gene:Bcin06g01170	173	159	140	790	1477	409
gene:Bcin06g01180	1	1	1	14	11	5
gene:Bcin06g01190	0	0	1	2	2	0
gene:Bcin06g01200	1019	1015	908	913	656	593
gene:Bcin06g01210	33	44	30	33	36	24
gene:Bcin06g01220	16	27	8	18	20	9
gene:Bcin06g01230	152	183	129	113	78	64
gene:Bcin06g01240	496	796	368	404	365	320
gene:Bcin06g01250	1364	1862	930	853	869	758
gene:Bcin06g01260	1544	1690	1564	1118	1500	1155
gene:Bcin06g01270	722	714	631	792	681	667
gene:Bcin06g01280	164	180	136	131	118	115
gene:Bcin06g01290	91	116	74	72	67	65
gene:Bcin06g01300	1728	1941	1545	601	630	445
gene:Bcin06g01310	1103	1416	1043	1076	864	776
gene:Bcin06g01320	266	282	237	195	152	138
gene:Bcin06g01330	0	1	0	1	2	0
gene:Bcin06g01340	3	4	4	5	4	1
gene:Bcin06g01350	2	0	2	3	0	1
gene:Bcin06g01360	372	380	342	331	274	241
gene:Bcin06g01370	1119	1261	901	824	635	572
gene:Bcin06g01380	77	88	91	201	169	167
gene:Bcin06g01390	99	103	75	134	134	107
gene:Bcin06g01400	2	3	2	7	1	3
gene:Bcin06g01410	115	123	89	264	288	217
gene:Bcin06g01420	517	649	402	351	847	629
gene:Bcin06g01430	1154	1175	1032	458	677	535
gene:Bcin06g01440	434	404	316	320	180	201
gene:Bcin06g01450	56	60	54	106	93	48
gene:Bcin06g01460	34	68	62	140	162	189
gene:Bcin06g01470	9	7	5	8	9	13
gene:Bcin06g01480	85	89	89	397	252	274
gene:EFBcG00000013179	0	0	0	0	0	0
gene:Bcin06g01490	2208	2084	3153	315	1410	424
gene:Bcin06g01500	167	194	151	341	250	172
gene:Bcin06g01510	1485	1773	1419	3008	1541	1059
gene:Bcin06g01520	98	124	96	169	133	95
gene:Bcin06g01530	494	476	421	256	789	333
gene:Bcin06g01540	0	1	2	5	7	3
gene:Bcin06g01550	1	0	0	2	5	0
gene:Bcin06g01560	2	0	4	19	23	16
gene:Bcin06g01570	2	3	3	14	5	5
gene:EFBcG00000013239	1	0	0	1	4	0
gene:EFBcG00000013318	0	0	1	2	3	2
gene:EFBcG00000013091	0	0	0	0	0	0
gene:ENSRNA049537425	0	0	0	0	0	0
gene:Bcin06g01580	5062	4871	6978	321	404	279
gene:Bcin06g01590	537	573	866	2340	2859	2252
gene:Bcin06g01600	5608	6424	6968	413	456	335
gene:Bcin06g01610	167	233	111	896	898	435
gene:Bcin06g01620	521	691	85	123	102	62
gene:Bcin06g01630	2186	2996	2409	104	62	60
gene:Bcin06g01640	2088	2543	2086	2590	2154	1812
gene:Bcin06g01650	3	2	0	4	2	3
gene:Bcin06g01660	30	34	10	24	25	14
gene:Bcin06g01670	5	10	5	24	6	4
gene:Bcin06g01680	59	75	47	89	93	89
gene:Bcin06g01690	3483	3805	2681	1018	1006	934
gene:Bcin06g01700	610	655	597	536	348	376
gene:Bcin06g01710	318	471	407	271	205	198
gene:Bcin06g01720	63	55	47	23	28	20
gene:Bcin06g01730	54	70	28	50	32	27
gene:Bcin06g01740	83	101	77	154	110	99
gene:Bcin06g01750	31	38	23	54	23	22
gene:EFBcG00000013139	0	0	0	0	0	0
gene:Bcin06g01760	0	2	0	3	2	2
gene:Bcin06g01770	0	0	0	2	0	0
gene:Bcin06g01780	3	1	0	174	90	97
gene:Bcin06g01790	92	95	49	12632	12414	5154
gene:Bcin06g01800	2	0	0	2	2	0
gene:Bcin06g01810	0	1	1	3	4	2
gene:Bcin06g01820	37	41	25	40	20	27
gene:Bcin06g01830	450	476	399	218	153	165
gene:Bcin06g01840	10079	10481	9200	8603	9178	6777
gene:Bcin06g01850	1265	1382	1165	1407	1492	1139
gene:Bcin06g01860	6	7	8	5	14	6
gene:Bcin06g01870	4	3	6	18	9	3
gene:Bcin06g01880	13	12	10	316	360	78
gene:Bcin06g01890	2114	2587	2115	6019	6632	3871
gene:Bcin06g01900	3	6	4	13	8	15
gene:Bcin06g01910	0	2	0	3	1	1
gene:Bcin06g01920	3253	4143	2412	3347	3004	2417
gene:Bcin06g01930	3938	4370	3750	6853	8854	7002
gene:Bcin06g01940	251	264	178	232	135	173
gene:Bcin06g01950	4	5	1	10	4	4
gene:Bcin06g01960	1152	1429	1180	1594	941	863
gene:Bcin06g01970	366	507	330	408	372	259
gene:Bcin06g01980	1623	1952	1563	1363	1656	1170
gene:Bcin06g01990	387	370	281	128	116	122
gene:Bcin06g02000	1641	1973	1686	1067	1438	1047
gene:Bcin06g02010	448	584	603	728	590	533
gene:Bcin06g02020	71	105	20	16	39	23
gene:Bcin06g02030	689	796	185	146	215	182
gene:Bcin06g02040	3467	3970	2048	933	1510	1168
gene:Bcin06g02050	6	5	2	5	9	5
gene:Bcin06g02060	27	29	16	31	25	10
gene:Bcin06g02070	19	18	25	21	25	22
gene:Bcin06g02080	451	482	409	342	270	212
gene:Bcin06g02090	206	245	191	179	171	142
gene:Bcin06g02100	426	568	425	515	354	321
gene:Bcin06g02110	449	635	465	1020	790	691
gene:Bcin06g02120	5846	6742	5382	4399	3656	3196
gene:Bcin06g02130	1182	993	894	857	747	660
gene:Bcin06g02140	603	609	432	5	2	2
gene:Bcin06g02150	0	1	2	7	3	3
gene:Bcin06g02160	424	506	396	660	547	401
gene:Bcin06g02170	0	0	0	0	0	0
gene:Bcin06g02180	1	1	0	0	0	0
gene:Bcin06g02190	635	660	513	953	820	650
gene:Bcin06g02200	6	5	3	18	17	10
gene:EFBcG00000013171	0	0	0	0	0	0
gene:ENSRNA049537565	0	0	0	0	0	0
gene:Bcin06g02210	24	30	11	26	28	14
gene:Bcin06g02220	2682	2891	2637	2729	2889	1703
gene:Bcin06g02230	1	4	2	28	19	16
gene:Bcin06g02240	1094	1114	911	10720	17689	5800
gene:Bcin06g02250	2	4	1	9	10	10
gene:Bcin06g02260	16	8	8	14	11	12
gene:Bcin06g02270	281	364	274	230	250	147
gene:Bcin06g02280	55	87	42	46	54	22
gene:Bcin06g02290	674	660	488	291	381	356
gene:Bcin06g02300	2613	2294	3298	5112	3959	3708
gene:Bcin06g02310	2395	2784	2461	2298	2331	2069
gene:Bcin06g02320	561	660	583	697	760	559
gene:Bcin06g02330	709	758	602	552	483	415
gene:Bcin06g02340	1061	1067	908	904	671	600
gene:Bcin06g02350	1454	1408	1288	2555	2143	1526
gene:Bcin06g02360	1173	1395	1041	1080	965	821
gene:Bcin06g02370	376	486	413	275	242	199
gene:Bcin06g02380	4183	4823	3448	5799	5777	5077
gene:Bcin06g02390	2358	2585	2124	2045	2023	1548
gene:Bcin06g02400	3317	3610	3113	3296	3100	2589
gene:Bcin06g02410	641	767	662	894	968	525
gene:Bcin06g02420	2221	2643	2262	2294	1889	1418
gene:Bcin06g02430	990	1150	939	987	655	628
gene:Bcin06g02440	45	27	27	25	21	16
gene:Bcin06g02450	62	87	56	34	25	26
gene:Bcin06g02460	774	762	345	516	410	331
gene:Bcin06g02470	0	1	1	6	8	3
gene:Bcin06g02480	80	73	68	117	205	83
gene:Bcin06g02490	744	746	757	2817	7441	2041
gene:Bcin06g02500	1323	1244	1160	1016	1039	694
gene:Bcin06g02510	3507	5510	1559	1224	1372	948
gene:Bcin06g02520	877	1198	868	1658	1584	1170
gene:Bcin06g02530	567	854	374	3714	2406	2112
gene:Bcin06g02540	2889	3290	2287	1756	2350	1222
gene:Bcin06g02550	189	276	205	153	99	121
gene:Bcin06g02560	2275	2449	2131	2209	1524	1462
gene:Bcin06g02570	18	16	18	28	6	9
gene:Bcin06g02580	34	29	34	40	30	24
gene:Bcin06g02590	40	43	43	37	41	44
gene:Bcin06g02600	3	7	3	6	2	6
gene:Bcin06g02610	3630	4469	3753	4133	2658	2841
gene:Bcin06g02620	321	412	380	509	358	334
gene:Bcin06g02630	7	10	5	12	13	13
gene:Bcin06g02640	827	877	760	561	827	602
gene:Bcin06g02650	0	0	0	0	0	0
gene:Bcin06g02660	0	0	0	0	0	0
gene:Bcin06g02670	2	0	0	1	0	0
gene:Bcin06g02680	0	2	0	2	0	0
gene:Bcin06g02690	0	0	0	0	0	0
gene:Bcin06g02700	76	80	45	40	98	60
gene:Bcin06g02710	0	0	0	1	0	0
gene:Bcin06g02720	185	148	164	234	237	179
gene:Bcin06g02730	253	244	240	144	312	160
gene:Bcin06g02740	0	0	0	0	0	0
gene:Bcin06g02750	149	151	128	155	127	103
gene:Bcin06g02760	7355	8127	5497	2894	2459	2099
gene:Bcin06g02770	3954	4297	3715	6068	5238	4353
gene:Bcin06g02780	7	3	9	9	20	9
gene:Bcin06g02790	0	0	0	0	0	0
gene:Bcin06g02800	0	0	0	0	0	0
gene:Bcin06g02810	0	0	0	0	0	0
gene:Bcin06g02820	2620	2787	2334	2004	1834	1633
gene:Bcin06g02830	13	9	6	3	2	4
gene:Bcin06g02840	1	0	1	0	2	0
gene:Bcin06g02850	1244	1519	1093	1012	1269	809
gene:Bcin06g02860	1313	1545	1208	1118	1639	1104
gene:Bcin06g02870	10183	12397	7792	10110	10727	7712
gene:Bcin06g02880	8	12	9	26	15	10
gene:Bcin06g02890	15595	16663	13986	23139	19933	16987
gene:Bcin06g02900	622	772	597	794	579	544
gene:Bcin06g02910	92	111	73	79	65	59
gene:Bcin06g02920	718	912	667	352	311	251
gene:Bcin06g02930	5005	5889	4316	5532	6592	4455
gene:Bcin06g02940	476	520	456	361	455	327
gene:Bcin06g02950	1247	1326	1197	1316	1167	1025
gene:Bcin06g02960	257	311	343	378	283	279
gene:Bcin06g02970	25	37	19	71	78	47
gene:Bcin06g02980	5	7	8	14	10	6
gene:Bcin06g02990	0	0	1	0	0	0
gene:Bcin06g03000	0	0	0	1	0	1
gene:Bcin06g03010	139	190	136	171	416	183
gene:Bcin06g03020	334	418	304	503	672	485
gene:Bcin06g03030	214	232	189	211	227	145
gene:Bcin06g03040	421	445	361	307	283	252
gene:Bcin06g03050	22	25	16	27	24	28
gene:EFBcG00000013132	0	0	0	0	0	0
gene:ENSRNA049537458	0	0	0	0	0	0
gene:Bcin06g03060	1114	1214	975	885	628	621
gene:Bcin06g03070	945	1737	533	431	759	590
gene:Bcin06g03080	314	391	368	246	201	159
gene:Bcin06g03090	144	173	141	130	107	77
gene:Bcin06g03100	137	148	124	622	325	328
gene:Bcin06g03110	1181	1143	1151	2031	2903	1856
gene:Bcin06g03120	453	551	414	486	510	379
gene:Bcin06g03130	81	92	74	73	63	59
gene:Bcin06g03140	7	11	5	5	5	3
gene:Bcin06g03150	512	644	586	1177	1115	808
gene:Bcin06g03160	669	598	497	973	1317	812
gene:Bcin06g03170	12	6	5	15	20	7
gene:Bcin06g03180	1009	1119	883	1453	1838	776
gene:Bcin06g03190	488	591	434	389	249	268
gene:Bcin06g03200	321	320	260	381	291	232
gene:Bcin06g03210	934	1194	1051	978	1138	887
gene:Bcin06g03220	1744	2043	1695	2010	1990	1434
gene:Bcin06g03230	896	1014	841	1066	1007	614
gene:Bcin06g03240	661	810	656	776	555	432
gene:Bcin06g03250	58	65	47	76	48	42
gene:Bcin06g03260	788	920	751	608	438	435
gene:Bcin06g03270	877	1637	1112	18	13	13
gene:Bcin06g03280	458	537	468	375	251	285
gene:Bcin06g03290	622	508	385	514	288	317
gene:Bcin06g03300	3147	3394	3209	2673	2146	1779
gene:Bcin06g03310	507	621	522	352	272	283
gene:Bcin06g03320	286	287	259	477	638	465
gene:Bcin06g03330	5	5	1	4	0	2
gene:Bcin06g03340	1454	1612	1165	1120	925	859
gene:Bcin06g03350	20978	20663	18140	26589	27095	21937
gene:Bcin06g03360	540	527	382	610	539	408
gene:Bcin06g03370	202	267	259	410	290	265
gene:Bcin06g03380	66	94	73	52	31	28
gene:Bcin06g03390	7	4	7	11	3	5
gene:Bcin06g03400	556	613	486	928	752	520
gene:Bcin06g03410	208	248	203	341	266	215
gene:Bcin06g03420	3065	3344	1980	5550	5814	4335
gene:Bcin06g03430	17	28	6	19	19	11
gene:Bcin06g03440	80	96	909	493	435	250
gene:Bcin06g03450	405	482	404	390	298	294
gene:Bcin06g03460	1992	2299	1932	1400	1273	1047
gene:Bcin06g03470	242	337	294	124	179	146
gene:Bcin06g03480	749	855	659	888	669	617
gene:Bcin06g03490	33	41	30	61	77	43
gene:Bcin06g03500	648	641	508	426	410	297
gene:Bcin06g03510	82	91	217	173	453	215
gene:Bcin06g03520	20	24	18	18	15	12
gene:Bcin06g03530	1	0	1	0	0	0
gene:Bcin06g03540	831	931	589	5346	4387	2223
gene:Bcin06g03550	452	516	458	522	379	389
gene:Bcin06g03560	0	0	0	0	0	0
gene:Bcin06g03570	1	2	0	0	0	0
gene:Bcin06g03580	0	0	1	1	0	1
gene:Bcin06g03590	2	0	1	1	0	0
gene:Bcin06g03600	8	10	13	21	11	9
gene:Bcin06g03610	630	1858	384	1210	902	872
gene:Bcin06g03620	1	0	3	0	1	0
gene:Bcin06g03630	350	380	300	191	166	126
gene:Bcin06g03640	4121	4394	2886	27	25	21
gene:Bcin06g03650	625	545	414	472	592	469
gene:Bcin06g03660	844	1084	1038	782	964	543
gene:Bcin06g03670	26	26	17	44	38	20
gene:Bcin06g03680	2	2	3	4	4	4
gene:Bcin06g03690	0	1	1	0	1	0
gene:Bcin06g03700	31	41	43	90	55	56
gene:Bcin06g03710	46	65	43	106	89	70
gene:Bcin06g03720	1	4	1	9	9	6
gene:Bcin06g03730	217	176	322	1480	1494	1033
gene:Bcin06g03740	43	26	87	35	56	32
gene:Bcin06g03750	3	3	1	0	4	0
gene:Bcin06g03760	37	53	49	28	23	30
gene:Bcin06g03770	3	1	3	3	3	0
gene:Bcin06g03780	1297	1278	1618	389	329	320
gene:Bcin06g03790	798	661	1228	132	135	123
gene:Bcin06g03800	1578	1387	2176	277	270	254
gene:Bcin06g03810	8	5	3	5	4	3
gene:Bcin06g03820	49	57	36	42	19	30
gene:Bcin06g03830	0	1	2	9	15	4
gene:Bcin06g03840	47	58	92	594	1094	809
gene:Bcin06g03850	28	49	54	138	111	122
gene:Bcin06g03860	0	1	0	1	2	0
gene:Bcin06g03870	0	0	0	0	0	0
gene:Bcin06g03880	75	94	70	82	86	55
gene:Bcin06g03890	361	418	287	528	501	430
gene:Bcin06g03900	419	372	412	196	201	124
gene:Bcin06g03910	901	968	852	1283	1893	667
gene:Bcin06g03920	83	79	73	69	108	66
gene:Bcin06g03930	3	2	3	3	2	5
gene:Bcin06g03940	11	23	2	6	3	8
gene:Bcin06g03950	868	861	767	1470	1200	1076
gene:Bcin06g03960	2	4	4	2	9	4
gene:Bcin06g03970	537	683	557	522	448	343
gene:Bcin06g03980	2205	2465	2257	2689	2092	1911
gene:Bcin06g03990	168	203	155	215	140	128
gene:Bcin06g04000	1453	1704	1337	995	1029	873
gene:Bcin06g04010	776	782	822	937	719	534
gene:ENSRNA049512892	2	4	1	3	2	5
gene:Bcin06g04020	137	137	103	632	349	267
gene:Bcin06g04030	3	7	6	17	29	20
gene:Bcin06g04040	38	43	34	46	48	38
gene:Bcin06g04050	707	873	695	686	540	585
gene:Bcin06g04060	4	16	5	20	19	13
gene:Bcin06g04070	21	11	4	40	19	10
gene:Bcin06g04080	26	34	40	120	126	35
gene:Bcin06g04090	3	5	1	1	7	4
gene:Bcin06g04100	360	463	328	374	382	343
gene:Bcin06g04110	20	18	9	30	24	18
gene:Bcin06g04120	939	1061	606	258	224	185
gene:Bcin06g04130	16	19	5	491	647	417
gene:Bcin06g04140	8	35	2	1177	1163	1023
gene:Bcin06g04150	75	126	10	1699	1918	1487
gene:Bcin06g04160	11	13	5	517	577	461
gene:Bcin06g04170	39	42	24	41	55	35
gene:Bcin06g04180	1	0	1	4	0	1
gene:Bcin06g04190	0	0	1	1	0	0
gene:Bcin06g04200	0	0	0	10	6	8
gene:Bcin06g04210	0	1	0	0	0	0
gene:Bcin06g04220	0	3	0	0	0	1
gene:Bcin06g04230	54	51	41	64	42	38
gene:Bcin06g04240	448	530	335	367	261	276
gene:Bcin06g04250	71	86	46	55	48	36
gene:Bcin06g04260	11	8	6	11	42	22
gene:Bcin06g04270	52	60	34	41	50	35
gene:Bcin06g04280	485	539	302	355	353	243
gene:Bcin06g04290	396	527	63	4	5	7
gene:Bcin06g04300	816	910	764	624	563	530
gene:Bcin06g04310	179	185	210	116	133	103
gene:Bcin06g04320	1359	1133	1364	941	1416	744
gene:Bcin06g04330	787	929	571	1325	1667	1174
gene:Bcin06g04340	7	7	11	19	23	17
gene:Bcin06g04350	30	28	18	60	57	44
gene:Bcin06g04360	1159	1423	1137	1090	721	665
gene:Bcin06g04370	476	482	402	416	275	256
gene:Bcin06g04380	49	50	34	59	55	55
gene:Bcin06g04390	1401	1567	1226	1188	1180	1060
gene:Bcin06g04400	119	145	94	231	233	165
gene:Bcin06g04410	5	11	5	8	17	4
gene:Bcin06g04420	12	12	9	10	11	12
gene:Bcin06g04430	0	0	0	0	0	0
gene:Bcin06g04440	1	0	0	0	0	0
gene:Bcin06g04450	0	0	2	2	2	3
gene:Bcin06g04460	710	690	1054	811	754	645
gene:Bcin06g04470	368	400	428	298	163	212
gene:Bcin06g04480	797	781	775	623	463	388
gene:Bcin06g04490	273	303	212	362	275	277
gene:Bcin06g04500	12352	12345	10058	385	443	294
gene:Bcin06g04510	18	24	18	27	25	24
gene:Bcin06g04520	97	102	107	110	125	76
gene:Bcin06g04530	13	12	8	11	4	5
gene:Bcin06g04540	3	0	0	7	4	3
gene:Bcin06g04550	157	183	159	184	141	146
gene:Bcin06g04560	314	292	257	234	360	238
gene:Bcin06g04570	0	0	0	0	0	0
gene:Bcin06g04580	0	0	0	0	0	0
gene:Bcin06g04590	9	11	8	6	3	3
gene:Bcin06g04600	19	24	25	19	12	5
gene:Bcin06g04610	63	65	42	53	36	29
gene:Bcin06g04620	0	0	0	0	0	0
gene:EFBcG00000013346	0	0	0	0	0	0
gene:ENSRNA049537545	0	0	0	0	0	0
gene:Bcin06g04630	977	943	928	1057	1362	712
gene:Bcin06g04640	2082	2484	1860	1571	2095	1177
gene:Bcin06g04650	2	2	0	3	2	5
gene:Bcin06g04660	9226	10166	7340	2744	1856	1806
gene:Bcin06g04670	99	130	50	2297	3451	825
gene:Bcin06g04680	1121	1337	885	584	724	520
gene:Bcin06g04690	12	12	5	5	10	5
gene:Bcin06g04700	633	695	295	123	97	96
gene:Bcin06g04710	775	807	689	668	505	451
gene:Bcin06g04720	106	122	106	165	139	115
gene:Bcin06g04730	151	111	109	152	221	135
gene:Bcin06g04740	164	194	157	219	107	104
gene:Bcin06g04750	3	2	0	0	0	0
gene:Bcin06g04760	2	1	2	2	1	1
gene:Bcin06g04770	0	0	0	0	2	0
gene:Bcin06g04780	0	0	0	0	0	0
gene:Bcin06g04790	0	0	0	0	0	0
gene:EFBcG00000013107	0	0	0	0	0	0
gene:ENSRNA049537491	0	0	0	0	0	0
gene:Bcin06g04800	194	232	174	309	275	212
gene:Bcin06g04810	1002	1246	807	1290	975	868
gene:Bcin06g04820	83	118	66	825	330	355
gene:Bcin06g04830	1	4	3	5	6	11
gene:Bcin06g04840	22874	24146	21639	821	812	702
gene:Bcin06g04850	12167	12627	12912	206	282	201
gene:Bcin06g04860	741	493	657	58	51	56
gene:Bcin06g04870	26	26	15	16	19	9
gene:Bcin06g04880	1488	1592	1048	1042	1126	714
gene:Bcin06g04890	930	1053	1020	1193	1118	868
gene:Bcin06g04900	750	817	630	1146	1054	983
gene:Bcin06g04910	6	1	2	0	3	0
gene:Bcin06g04920	10	12	16	5	15	5
gene:Bcin06g04930	83	89	155	123	259	85
gene:Bcin06g04940	1112	1954	1520	5560	5115	4044
gene:Bcin06g04950	12	16	12	22	23	22
gene:Bcin06g04960	228	194	72	14	7	8
gene:Bcin06g04970	415	516	357	461	377	365
gene:Bcin06g04980	2042	2230	1644	637	308	254
gene:Bcin06g04990	2500	2849	2775	1858	1322	1270
gene:Bcin06g05000	202	143	173	201	127	112
gene:Bcin06g05010	46	43	26	34	24	31
gene:Bcin06g05020	85	76	62	343	369	286
gene:Bcin06g05030	1477	1695	1225	1049	1082	825
gene:Bcin06g05040	795	839	580	680	496	480
gene:Bcin06g05050	458	324	334	1961	2702	2096
gene:Bcin06g05060	4	2	2	0	3	1
gene:Bcin06g05070	3	10	7	29	16	18
gene:Bcin06g05080	523	633	500	571	519	409
gene:Bcin06g05090	512	565	369	345	233	224
gene:Bcin06g05100	196	185	155	108	70	80
gene:Bcin06g05110	218	261	235	307	245	188
gene:Bcin06g05120	16	20	25	27	19	25
gene:Bcin06g05130	252	250	230	194	142	132
gene:Bcin06g05140	673	810	743	825	565	525
gene:Bcin06g05150	8	11	2	70	64	60
gene:Bcin06g05160	213	278	206	193	153	140
gene:EFBcG00000013233	0	0	1	1	1	0
gene:Bcin06g05170	3	7	4	9	15	11
gene:Bcin06g05180	507	599	456	521	368	374
gene:Bcin06g05190	20	25	11	18	12	6
gene:Bcin06g05200	1256	1501	932	1034	1173	978
gene:Bcin06g05210	96	98	69	52	20	20
gene:Bcin06g05220	95	123	110	72	36	30
gene:Bcin06g05230	1229	1317	1808	2711	1147	874
gene:Bcin06g05240	880	1009	822	1606	2066	886
gene:Bcin06g05250	0	0	0	1	0	0
gene:Bcin06g05260	198	213	185	250	153	156
gene:Bcin06g05270	165	198	149	1353	874	544
gene:Bcin06g05280	1	1	1	24	6	4
gene:Bcin06g05290	18	20	10	157	33	31
gene:Bcin06g05300	126	184	123	121	95	96
gene:Bcin06g05310	1	3	1	10	0	3
gene:Bcin06g05320	443	447	398	610	381	399
gene:Bcin06g05330	1	5	1	235	26	48
gene:Bcin06g05340	223	337	222	157	115	91
gene:Bcin06g05350	28	38	11	3	4	11
gene:Bcin06g05360	3950	4148	2005	137	90	116
gene:Bcin06g05370	154	169	89	69	96	77
gene:Bcin06g05380	3060	3707	2642	2039	1487	1624
gene:Bcin06g05390	807	1021	732	1132	991	791
gene:Bcin06g05400	3044	3897	2062	350	228	217
gene:Bcin06g05410	64	62	125	34	54	21
gene:Bcin06g05420	3	3	1	1	8	6
gene:Bcin06g05430	444	543	481	433	414	318
gene:Bcin06g05440	1465	1608	1362	2587	4614	2444
gene:Bcin06g05450	1450	1467	1224	1808	1435	1167
gene:Bcin06g05460	334	348	309	349	319	290
gene:Bcin06g05470	17	21	15	81	44	51
gene:Bcin06g05480	0	0	0	0	0	0
gene:Bcin06g05490	0	0	0	0	0	0
gene:Bcin06g05500	0	0	0	0	0	0
gene:Bcin06g05510	339	398	294	253	205	210
gene:Bcin06g05520	2556	3126	2268	1965	2108	1654
gene:Bcin06g05530	1	3	4	4	2	5
gene:EFBcG00000013238	0	0	0	0	0	0
gene:ENSRNA049537514	0	0	0	0	0	0
gene:Bcin06g05540	9	9	6	13	7	8
gene:Bcin06g05550	76	50	46	53	42	50
gene:Bcin06g05560	2013	1494	1607	4489	6254	5502
gene:Bcin06g05570	3032	2732	3145	1903	1835	1645
gene:Bcin06g05580	1644	1325	2379	383	912	286
gene:Bcin06g05590	109	123	112	164	112	94
gene:Bcin06g05600	278	301	250	253	254	139
gene:Bcin06g05610	1	1	0	3	0	1
gene:Bcin06g05620	5	2	4	10	13	2
gene:Bcin06g05630	4796	5091	4496	3605	3075	2742
gene:Bcin06g05640	547	560	427	684	556	379
gene:Bcin06g05650	410	457	377	450	438	402
gene:Bcin06g05660	160	225	149	144	111	95
gene:Bcin06g05670	15	24	17	28	12	17
gene:Bcin06g05680	22	32	22	61	15	20
gene:Bcin06g05690	612	773	645	658	469	476
gene:Bcin06g05700	423	439	341	299	263	259
gene:Bcin06g05710	111	85	95	147	111	100
gene:Bcin06g05720	1667	1784	1574	1726	1324	1239
gene:Bcin06g05730	25860	28716	23078	11865	10585	8298
gene:Bcin06g05740	150	168	108	152	128	113
gene:Bcin06g05750	0	7	4	9	11	5
gene:Bcin06g05760	845	869	779	511	504	403
gene:Bcin06g05770	2255	2683	2234	1577	1372	1175
gene:Bcin06g05780	1130	994	747	366	404	303
gene:Bcin06g05790	366	311	213	222	228	127
gene:Bcin06g05800	5703	5378	5711	2402	8101	3793
gene:Bcin06g05810	1717	1876	1624	1890	1618	1407
gene:Bcin06g05820	158	204	166	163	134	99
gene:Bcin06g05830	334	343	326	421	398	327
gene:Bcin06g05840	2080	2376	1836	1707	1843	1316
gene:Bcin06g05850	471	408	417	1435	1796	1468
gene:EFBcG00000013380	9	11	9	10	10	2
gene:Bcin06g05860	16339	16206	13710	16278	15972	13149
gene:Bcin06g05870	277	297	273	414	387	308
gene:Bcin06g05880	44	52	44	44	27	11
gene:Bcin06g05890	979	808	1719	4477	2736	2175
gene:Bcin06g05900	271	353	370	581	404	335
gene:Bcin06g05910	227	281	201	225	174	158
gene:Bcin06g05920	2160	2587	1916	2515	1892	1565
gene:Bcin06g05930	213	250	189	163	146	185
gene:Bcin06g05940	2050	2388	1791	2691	2404	1812
gene:Bcin06g05950	5017	5399	5285	4168	2653	2424
gene:Bcin06g05960	769	637	662	705	562	414
gene:Bcin06g05970	5	16	8	55	84	75
gene:Bcin06g05980	79	60	103	159	566	493
gene:Bcin06g05990	147	179	153	132	123	137
gene:Bcin06g06000	71	84	60	45	44	44
gene:Bcin06g06010	2	1	2	5	3	1
gene:Bcin06g06020	182	194	154	57	58	60
gene:Bcin06g06030	401	550	417	348	277	207
gene:Bcin06g06040	5054	5729	5422	6198	8092	5641
gene:Bcin06g06050	0	0	0	4	0	1
gene:Bcin06g06060	0	0	0	0	0	0
gene:Bcin06g06070	350	401	294	104	199	106
gene:Bcin06g06080	987	1122	998	703	551	556
gene:Bcin06g06090	64	86	50	77	102	69
gene:Bcin06g06100	19	9	14	26	22	19
gene:Bcin06g06110	3312	3441	3201	3026	3418	2461
gene:Bcin06g06120	33	48	36	42	41	33
gene:Bcin06g06130	1972	2138	1952	1751	1681	1368
gene:Bcin06g06140	999	1081	931	578	556	510
gene:Bcin06g06150	571	641	620	466	342	344
gene:Bcin06g06160	47	69	49	54	56	39
gene:Bcin06g06170	1	5	1	0	2	3
gene:Bcin06g06180	0	2	0	0	1	0
gene:Bcin06g06190	621	702	531	468	319	276
gene:Bcin06g06200	979	1135	910	1305	1120	975
gene:Bcin06g06210	75	95	86	95	61	68
gene:Bcin06g06220	486	532	481	347	265	223
gene:Bcin06g06230	6	5	9	23	11	11
gene:Bcin06g06240	365	366	357	501	384	276
gene:Bcin06g06250	181	249	162	359	320	268
gene:Bcin06g06260	2928	3674	2879	4008	2758	2746
gene:Bcin06g06270	1606	1856	1428	1097	1003	841
gene:Bcin06g06280	15722	12994	17411	6375	4361	5027
gene:Bcin06g06290	836	1018	1100	401	348	298
gene:Bcin06g06300	1856	2020	1726	1783	1181	1161
gene:Bcin06g06310	986	1019	783	608	388	437
gene:Bcin06g06320	354	387	300	237	174	208
gene:Bcin06g06330	19013	19098	16270	14989	15769	13088
gene:ENSRNA049512921	4	3	3	5	3	4
gene:Bcin06g06340	414	499	369	289	262	247
gene:Bcin06g06350	392	554	549	4412	5375	4848
gene:Bcin06g06360	1407	1825	1261	1286	1438	1202
gene:Bcin06g06370	105	124	89	128	89	81
gene:Bcin06g06380	191	225	167	121	79	88
gene:Bcin06g06390	41	38	29	20	20	23
gene:Bcin06g06400	17	24	14	7	5	10
gene:Bcin06g06410	2049	2314	1049	13	23	16
gene:Bcin06g06420	76	91	55	79	97	68
gene:Bcin06g06430	147	153	141	85	40	50
gene:Bcin06g06440	304	351	324	274	220	182
gene:Bcin06g06450	962	1299	894	1361	1553	1401
gene:Bcin06g06460	2161	2521	1419	606	495	394
gene:Bcin06g06470	356	373	193	218	112	98
gene:Bcin06g06480	788	1052	866	2320	1795	1491
gene:Bcin06g06490	386	369	377	807	1089	550
gene:Bcin06g06500	673	829	624	785	1019	595
gene:Bcin06g06510	77	77	66	48	74	60
gene:Bcin06g06520	3	5	10	178	119	48
gene:Bcin06g06530	3	0	1	0	2	0
gene:Bcin06g06540	4	4	1	5	10	5
gene:Bcin06g06550	723	716	555	591	402	371
gene:Bcin06g06560	2377	2932	2301	3371	2529	2339
gene:Bcin06g06570	2257	2571	2046	1974	1638	1346
gene:Bcin06g06580	4054	4203	4127	37	38	34
gene:Bcin06g06590	1153	1168	1869	8115	8092	8278
gene:Bcin06g06600	368	452	344	307	308	260
gene:Bcin06g06610	535	528	387	447	291	323
gene:Bcin06g06620	0	0	0	0	0	0
gene:Bcin06g06630	534	654	577	828	578	466
gene:Bcin06g06640	2605	2817	2262	2254	2175	1563
gene:Bcin06g06650	0	0	0	0	0	0
gene:Bcin06g06660	83	91	74	108	47	46
gene:Bcin06g06670	5	6	0	2282	717	702
gene:Bcin06g06680	6	3	5	174	139	89
gene:Bcin06g06690	434	378	319	460	368	315
gene:Bcin06g06700	4	7	6	23	25	14
gene:Bcin06g06710	1	0	0	0	1	0
gene:Bcin06g06720	5128	3190	2569	42	30	25
gene:Bcin06g06730	273	220	724	155	135	50
gene:Bcin06g06740	871	1062	849	656	470	432
gene:Bcin06g06750	1481	1737	1273	1131	891	879
gene:Bcin06g06760	1527	1609	1364	1260	1144	957
gene:Bcin06g06770	562	661	580	507	339	359
gene:Bcin06g06780	5282	6176	4974	7928	6772	5850
gene:Bcin06g06790	313	318	240	242	185	201
gene:Bcin06g06800	1579	1937	1549	2652	2268	1891
gene:Bcin06g06810	248	206	171	336	230	214
gene:Bcin06g06820	1268	1461	1084	1399	1477	1193
gene:Bcin06g06830	0	0	0	0	0	0
gene:Bcin06g06840	0	1	0	0	0	0
gene:Bcin06g06850	0	0	0	0	0	1
gene:Bcin06g06860	0	2	1	0	0	0
gene:Bcin06g06870	529	571	480	540	491	379
gene:Bcin06g06880	74	105	54	95	108	103
gene:Bcin06g06890	249	273	230	235	166	135
gene:Bcin06g06900	20	32	15	25	37	23
gene:Bcin06g06910	1	3	1	18	7	10
gene:Bcin06g06920	392	493	392	325	207	208
gene:Bcin06g06930	392	467	408	334	232	212
gene:Bcin06g06940	431	383	318	618	424	420
gene:Bcin06g06950	8	8	6	12	6	5
gene:Bcin06g06960	1	1	1	7	2	3
gene:Bcin06g06970	0	0	0	1	0	0
gene:Bcin06g06980	386	427	378	362	310	216
gene:Bcin06g06990	24	28	14	17	21	18
gene:Bcin06g07000	0	0	0	1	1	1
gene:Bcin06g07010	1	0	0	1	2	0
gene:Bcin06g07020	213	295	104	25	53	28
gene:Bcin06g07030	7	6	8	5	11	5
gene:Bcin06g07040	31	39	11	26	30	18
gene:Bcin06g07050	320	181	35	4	5	1
gene:Bcin06g07060	19	10	12	31	15	14
gene:Bcin06g07070	42	41	24	27	18	22
gene:Bcin06g07080	709	816	598	545	329	294
gene:Bcin06g07090	1158	1059	908	1908	1143	1001
gene:Bcin06g07100	133	159	155	534	339	329
gene:Bcin06g07110	440	700	858	143	116	108
gene:Bcin06g07120	247	378	623	312	208	175
gene:Bcin06g07130	1	0	0	1	2	0
gene:Bcin06g07140	0	0	1	1	2	0
gene:Bcin06g07150	23	19	22	26	5	13
gene:Bcin06g07160	36	42	26	11	23	19
gene:Bcin06g07170	6	7	5	2	6	4
gene:Bcin06g07180	64	91	80	107	58	41
gene:Bcin06g07190	38	45	24	88	40	21
gene:Bcin06g07200	441	578	456	612	461	461
gene:Bcin06g07210	3	1	0	0	0	0
gene:Bcin06g07220	1	2	1	1	1	0
gene:Bcin06g07230	466	358	184	167	225	162
gene:Bcin06g07240	6764	7901	6448	1108	753	696
gene:Bcin06g07250	315	407	311	257	207	214
gene:Bcin06g07260	1753	1900	1497	1744	1205	1126
gene:Bcin06g07270	1251	1327	1128	1916	1504	1285
gene:Bcin06g07280	7607	8463	6887	7073	5085	4760
gene:Bcin06g07290	1935	2719	1524	1207	1203	1231
gene:Bcin06g07300	377	430	349	296	211	221
gene:Bcin06g07310	23	13	11	19	11	13
gene:Bcin06g07320	6	7	3	13	12	11
gene:Bcin06g07330	345	351	299	215	182	137
gene:Bcin06g07340	223	261	155	113	94	67
gene:Bcin06g07350	2157	2318	1560	184	200	138
gene:Bcin06g07360	104	125	110	33	12	14
gene:Bcin06g07370	412	416	344	430	379	297
gene:Bcin06g07380	427	455	256	345	163	167
gene:Bcin06g07390	518	563	396	255	204	172
gene:Bcin06g07400	5	3	2	12	9	5
gene:Bcin06g07410	935	1137	816	960	738	662
gene:Bcin06g07420	498	562	369	110	71	67
gene:Bcin06g07430	2392	2496	2303	6089	5627	2920
gene:Bcin06g07440	829	1003	812	910	696	656
gene:Bcin06g07450	926	1157	907	1081	829	750
gene:Bcin06g07460	0	2	0	1	2	2
gene:Bcin06g07470	1	0	0	2	0	0
gene:Bcin06g07480	690	724	629	635	378	351
gene:Bcin06g07490	597	675	549	712	416	404
gene:Bcin06g07500	685	798	615	925	662	542
gene:Bcin06g07510	1105	1353	1067	1048	888	740
gene:Bcin06g07520	1331	1226	1182	1612	1228	1168
gene:Bcin06g07530	7	3	12	4	7	1
gene:Bcin06g07540	5	18	9	6	8	2
gene:Bcin06g07550	1	1	0	0	3	0
gene:Bcin06g07560	278	192	201	331	188	183
gene:Bcin06g07570	1842	2104	1869	1536	1265	984
gene:Bcin06g07580	9	13	12	15	13	13
gene:Bcin06g07590	43	50	48	35	46	25
gene:Bcin06g07600	3	15	3	6	2	2
gene:Bcin06g07610	184	217	182	112	111	123
gene:Bcin07g00010	0	0	4	1	0	0
gene:Bcin07g00020	0	0	0	0	0	0
gene:Bcin07g00030	0	0	0	0	0	0
gene:Bcin07g00040	73	111	85	71	62	41
gene:Bcin07g00050	240	324	160	101	128	92
gene:Bcin07g00060	53	72	29	146	78	40
gene:Bcin07g00070	31	27	23	262	111	118
gene:Bcin07g00080	0	0	0	0	0	0
gene:Bcin07g00090	4	13	2	3	1	2
gene:Bcin07g00100	3	4	1	3	2	0
gene:Bcin07g00110	608	706	634	783	919	686
gene:Bcin07g00120	1180	1203	1004	720	601	590
gene:Bcin07g00130	393	474	378	563	477	435
gene:Bcin07g00140	5	6	7	10	5	5
gene:Bcin07g00150	51	59	52	36	32	26
gene:Bcin07g00160	1098	1060	692	3710	6396	1718
gene:Bcin07g00170	301	326	296	427	347	253
gene:Bcin07g00180	798	890	669	996	1059	875
gene:Bcin07g00190	0	1	0	0	3	3
gene:Bcin07g00200	0	1	0	2	0	0
gene:Bcin07g00210	20	20	24	70	74	25
gene:Bcin07g00220	3	3	3	10	3	4
gene:Bcin07g00230	1066	1101	306	17	10	11
gene:Bcin07g00240	845	912	666	711	937	663
gene:Bcin07g00250	45	21	14	16	8	7
gene:Bcin07g00260	55	62	29	15	7	12
gene:Bcin07g00270	122	136	68	45	55	60
gene:Bcin07g00280	396	470	328	283	231	196
gene:Bcin07g00290	402	432	339	244	184	204
gene:Bcin07g00300	7	15	3	1787	3621	2369
gene:Bcin07g00310	162	166	114	136	108	88
gene:Bcin07g00320	7	11	3	0	7	3
gene:Bcin07g00330	489	497	433	443	389	323
gene:Bcin07g00340	1934	3169	709	637	401	383
gene:Bcin07g00350	156	186	135	82	53	65
gene:Bcin07g00360	2361	1978	1541	1000	694	446
gene:Bcin07g00370	11	16	4	10	3	7
gene:Bcin07g00380	750	947	658	717	470	421
gene:Bcin07g00390	368	337	362	215	190	184
gene:Bcin07g00400	163	240	451	665	454	418
gene:Bcin07g00410	181	224	176	197	121	141
gene:Bcin07g00420	403	364	348	296	283	263
gene:Bcin07g00430	991	1174	888	1068	868	753
gene:Bcin07g00440	4066	4951	3751	3535	2547	2506
gene:Bcin07g00450	245	329	279	203	185	171
gene:Bcin07g00460	126	161	142	91	115	77
gene:Bcin07g00470	2158	2519	2294	1932	1297	1283
gene:Bcin07g00480	480	469	357	440	293	269
gene:Bcin07g00490	1205	1362	1120	921	689	567
gene:Bcin07g00500	1662	1864	1527	1466	1134	1045
gene:Bcin07g00510	2866	2971	1990	1354	1617	1178
gene:Bcin07g00520	18754	19208	16606	28680	22716	21400
gene:Bcin07g00530	2039	2400	1904	1100	1151	1013
gene:Bcin07g00540	218	279	251	309	213	245
gene:EFBcG00000013372	0	0	0	0	0	0
gene:ENSRNA049535352	0	0	0	0	0	0
gene:Bcin07g00550	22	33	30	45	19	19
gene:Bcin07g00560	4	10	9	33	11	12
gene:Bcin07g00570	9	8	8	15	11	4
gene:Bcin07g00580	61	53	56	45	34	48
gene:Bcin07g00590	591	727	542	315	279	303
gene:Bcin07g00600	452	487	413	456	414	395
gene:Bcin07g00610	477	498	313	370	259	262
gene:Bcin07g00620	419	436	312	319	220	300
gene:EFBcG00000013086	0	0	0	0	1	0
gene:Bcin07g00630	0	0	0	2	2	0
gene:Bcin07g00640	1	1	0	1	2	1
gene:Bcin07g00650	0	0	0	0	1	1
gene:Bcin07g00660	96	115	76	124	38	26
gene:Bcin07g00670	379	491	347	335	259	259
gene:Bcin07g00680	1088	1173	718	153	126	128
gene:Bcin07g00690	36	37	11	23	11	12
gene:Bcin07g00700	273	302	277	338	287	278
gene:Bcin07g00710	641	620	611	2771	3698	3441
gene:Bcin07g00720	682	772	570	506	432	346
gene:Bcin07g00730	4820	5570	1942	1650	1158	1051
gene:Bcin07g00740	366	434	338	265	173	175
gene:Bcin07g00750	376	469	378	687	598	512
gene:Bcin07g00760	1880	2080	1487	1237	1173	947
gene:Bcin07g00770	1675	1609	1529	734	408	446
gene:Bcin07g00780	232	293	202	493	366	283
gene:Bcin07g00790	1	1	2	1	3	0
gene:Bcin07g00800	0	0	0	0	0	0
gene:Bcin07g00810	14	23	12	11	6	4
gene:Bcin07g00820	26	34	17	32	39	25
gene:Bcin07g00830	554	568	508	729	547	479
gene:Bcin07g00840	10299	12511	10522	10989	10748	9175
gene:Bcin07g00850	7	7	4	17	4	8
gene:Bcin07g00860	0	0	1	0	0	0
gene:Bcin07g00870	1	0	0	6	1	2
gene:Bcin07g00880	0	0	1	1	0	0
gene:Bcin07g00890	8	8	9	6	7	6
gene:Bcin07g00900	0	0	0	0	0	0
gene:Bcin07g00910	1	0	0	5	0	1
gene:Bcin07g00920	19	21	78	72	26	31
gene:Bcin07g00930	0	1	0	0	2	3
gene:Bcin07g00940	2695	3785	2620	4590	3997	3898
gene:Bcin07g00950	1	1	1	0	1	0
gene:Bcin07g00960	33	32	13	24	21	13
gene:Bcin07g00970	1	0	3	3	0	0
gene:Bcin07g00980	1	2	0	0	2	1
gene:Bcin07g00990	1	4	2	1	3	4
gene:Bcin07g01000	1	0	0	0	0	0
gene:Bcin07g01010	0	0	0	0	0	0
gene:Bcin07g01020	2	1	4	13	8	7
gene:Bcin07g01030	5	6	10	38	15	9
gene:Bcin07g01040	0	0	0	0	0	0
gene:Bcin07g01050	734	835	580	775	684	579
gene:Bcin07g01060	767	857	640	701	564	509
gene:Bcin07g01070	45	39	25	41	26	28
gene:Bcin07g01080	115	136	116	219	171	160
gene:Bcin07g01090	1472	1521	1229	1594	2105	1498
gene:Bcin07g01100	8	12	1	11	12	6
gene:Bcin07g01110	38	58	54	109	137	63
gene:Bcin07g01120	3151	3909	3321	4221	4617	3936
gene:Bcin07g01130	443	533	464	471	301	284
gene:Bcin07g01140	871	898	925	816	529	493
gene:Bcin07g01150	21557	22674	19452	33928	27541	23854
gene:Bcin07g01160	225	267	217	192	170	108
gene:Bcin07g01170	13661	13568	11057	12393	10654	9008
gene:Bcin07g01180	806	901	797	891	582	538
gene:Bcin07g01190	496	536	441	461	376	292
gene:Bcin07g01200	544	637	343	382	238	222
gene:Bcin07g01210	5728	6810	4901	3723	2331	2390
gene:Bcin07g01220	814	832	589	653	415	415
gene:Bcin07g01230	37	45	31	30	27	21
gene:Bcin07g01240	32	17	36	310	403	314
gene:Bcin07g01250	862	790	782	705	636	555
gene:Bcin07g01260	1580	1868	1386	1403	856	855
gene:Bcin07g01270	1433	1245	2451	644	577	632
gene:Bcin07g01280	1688	1899	1451	1638	1261	1090
gene:Bcin07g01290	10356	10215	10985	7131	6371	5101
gene:Bcin07g01300	1827	1807	1561	1198	1375	1086
gene:Bcin07g01310	487	624	315	325	440	248
gene:Bcin07g01320	227	233	187	270	217	174
gene:Bcin07g01330	30	39	32	43	52	45
gene:Bcin07g01340	51	47	40	61	111	74
gene:Bcin07g01350	0	0	0	1	0	0
gene:Bcin07g01360	2	2	2	4	2	4
gene:Bcin07g01370	0	4	3	3	0	2
gene:Bcin07g01380	1270	1661	1144	1034	834	765
gene:Bcin07g01390	875	952	781	821	639	560
gene:Bcin07g01400	447	517	409	411	357	281
gene:Bcin07g01410	722	834	657	594	629	334
gene:Bcin07g01420	179	225	196	107	91	85
gene:Bcin07g01430	4013	4054	3920	4526	3430	2812
gene:Bcin07g01440	63	80	80	94	76	62
gene:Bcin07g01450	735	835	660	555	393	341
gene:Bcin07g01460	41	71	41	241	184	60
gene:Bcin07g01470	162	195	140	188	331	236
gene:EFBcG00000013105	1	1	2	0	1	0
gene:Bcin07g01480	731	883	606	798	663	599
gene:Bcin07g01490	19	39	17	52	39	11
gene:Bcin07g01500	2	3	1	6	1	5
gene:Bcin07g01510	1258	1420	1223	1110	857	702
gene:Bcin07g01520	793	823	829	724	543	497
gene:Bcin07g01530	94	99	67	67	47	38
gene:EFBcG00000013229	0	2	0	1	3	0
gene:Bcin07g01540	52246	55206	41461	41252	32191	31391
gene:Bcin07g01550	1344	1464	1114	725	615	607
gene:Bcin07g01560	1030	1182	1029	1111	923	730
gene:Bcin07g01570	11	4	7	17	8	4
gene:Bcin07g01580	2010	1947	1387	2556	2072	1626
gene:Bcin07g01590	1353	1309	1128	1387	862	887
gene:Bcin07g01600	638	698	590	674	630	481
gene:Bcin07g01610	1457	1666	1472	1166	1005	797
gene:Bcin07g01620	375	352	278	383	340	258
gene:Bcin07g01630	647	809	512	405	323	267
gene:Bcin07g01640	32	33	33	33	9	14
gene:Bcin07g01650	822	866	737	1234	1757	691
gene:Bcin07g01660	6	6	10	10	14	7
gene:Bcin07g01670	1	0	0	0	2	0
gene:Bcin07g01680	3	2	1	1	0	0
gene:Bcin07g01690	1382	1349	1107	1240	871	768
gene:Bcin07g01700	433	533	410	499	425	404
gene:Bcin07g01710	1833	2186	2139	2914	2195	2053
gene:Bcin07g01720	4047	4903	3559	230	249	195
gene:Bcin07g01730	0	3	0	1	1	0
gene:Bcin07g01740	45	50	36	51	29	25
gene:Bcin07g01750	196	209	148	76	72	74
gene:Bcin07g01760	3592	3903	3860	3274	3926	3437
gene:Bcin07g01770	146	134	136	97	113	86
gene:EFBcG00000013138	0	0	0	0	0	0
gene:ENSRNA049535671	0	0	0	0	0	0
gene:Bcin07g01780	53	54	43	50	52	28
gene:Bcin07g01790	32	59	48	79	68	53
gene:EFBcG00000013180	2	0	0	0	0	0
gene:Bcin07g01800	569	587	464	624	377	405
gene:Bcin07g01810	988	1185	906	1488	1151	1011
gene:Bcin07g01820	1349	1440	1519	2078	1472	1064
gene:Bcin07g01830	16	13	23	30	22	17
gene:Bcin07g01840	30	62	48	50	66	42
gene:Bcin07g01850	3	1	2	2	1	6
gene:Bcin07g01860	2	3	5	7	10	4
gene:Bcin07g01870	1	1	0	1	0	1
gene:Bcin07g01880	5	11	9	31	26	23
gene:Bcin07g01890	6574	7476	6891	10883	9301	8483
gene:Bcin07g01900	1285	1550	1147	1390	1562	1072
gene:Bcin07g01910	531	641	600	429	410	351
gene:Bcin07g01920	444	491	422	481	332	360
gene:Bcin07g01930	318	343	306	366	383	308
gene:Bcin07g01940	0	0	0	0	0	0
gene:Bcin07g01950	0	0	0	0	0	0
gene:Bcin07g01960	786	853	743	1015	807	576
gene:Bcin07g01970	142	163	174	273	168	171
gene:ENSRNA049513658	0	0	0	0	0	0
gene:EFBcG00000013269	0	0	0	0	0	0
gene:Bcin07g01980	36	37	32	32	20	21
gene:Bcin07g01990	697	853	548	591	367	313
gene:Bcin07g02000	880	913	811	642	361	343
gene:Bcin07g02010	2535	2893	2299	2012	1464	1347
gene:ENSRNA049513610	3	0	1	0	0	3
gene:Bcin07g02020	347	426	351	329	245	255
gene:Bcin07g02030	2	2	0	4	1	0
gene:Bcin07g02040	0	0	0	1	0	0
gene:Bcin07g02050	0	0	0	0	0	0
gene:Bcin07g02060	0	1	0	0	0	0
gene:Bcin07g02070	1464	1765	1345	1055	1184	899
gene:Bcin07g02080	340	351	291	270	155	200
gene:Bcin07g02090	0	1	0	0	0	0
gene:Bcin07g02100	1837	2347	1600	1888	2065	1600
gene:Bcin07g02110	654	773	609	530	480	475
gene:Bcin07g02120	1068	1054	920	810	732	608
gene:Bcin07g02130	34	34	30	103	58	36
gene:Bcin07g02140	19	19	17	32	26	28
gene:Bcin07g02150	1079	1165	1000	1640	1447	1209
gene:Bcin07g02160	5	13	2	12	10	3
gene:Bcin07g02170	230	269	152	243	189	137
gene:Bcin07g02180	7218	8263	7499	814	391	354
gene:Bcin07g02190	7	5	4	2	2	0
gene:Bcin07g02200	0	1	0	0	0	0
gene:Bcin07g02210	68	60	106	199	318	201
gene:Bcin07g02220	1135	1121	2741	1840	1320	779
gene:Bcin07g02230	10	9	8	10	13	7
gene:Bcin07g02240	0	0	0	0	0	0
gene:Bcin07g02250	132	132	85	266	252	228
gene:Bcin07g02260	943	1144	797	1196	996	943
gene:Bcin07g02270	839	898	635	725	546	625
gene:Bcin07g02280	23	32	47	10	7	8
gene:Bcin07g02290	72	92	71	91	76	88
gene:Bcin07g02300	2574	2883	2355	1859	1355	1236
gene:Bcin07g02310	162	196	162	217	145	118
gene:Bcin07g02320	4094	4051	4374	3988	3029	2553
gene:Bcin07g02330	4	3	9	1	0	5
gene:Bcin07g02340	0	0	0	0	0	1
gene:Bcin07g02350	1373	1242	1432	639	1121	542
gene:Bcin07g02360	0	1	0	1	0	0
gene:Bcin07g02370	7214	7060	2713	15395	26056	17552
gene:Bcin07g02380	168	218	172	199	117	118
gene:Bcin07g02390	48	56	30	32	17	13
gene:Bcin07g02400	0	0	0	0	0	0
gene:Bcin07g02410	1345	1509	1313	794	496	591
gene:Bcin07g02420	5	6	4	10	9	7
gene:Bcin07g02430	568	607	437	991	1342	565
gene:Bcin07g02440	0	1	1	0	0	0
gene:Bcin07g02450	563	527	441	634	368	376
gene:Bcin07g02460	7	8	5	5	9	10
gene:Bcin07g02470	1415	1589	1376	793	507	524
gene:Bcin07g02480	2200	2619	2247	1588	1207	1133
gene:Bcin07g02490	1810	2045	1639	1960	1457	1515
gene:Bcin07g02500	1298	1356	561	61	68	48
gene:Bcin07g02510	269	314	236	176	158	130
gene:Bcin07g02520	388	482	396	307	258	225
gene:Bcin07g02530	1010	1417	942	1877	2283	1904
gene:Bcin07g02540	30	44	26	175	57	80
gene:Bcin07g02550	291	332	388	633	353	300
gene:Bcin07g02560	758	978	776	828	693	546
gene:Bcin07g02570	319	303	276	120	119	83
gene:Bcin07g02580	1125	1384	1170	1299	935	933
gene:Bcin07g02590	338	258	253	522	551	398
gene:Bcin07g02600	653	668	634	638	497	536
gene:Bcin07g02610	24978	28341	26319	36518	26147	25144
gene:Bcin07g02620	6	5	7	3	6	4
gene:Bcin07g02630	16	25	12	5	6	5
gene:Bcin07g02640	1556	1603	1292	663	590	537
gene:Bcin07g02650	28407	29223	28707	88	71	88
gene:Bcin07g02660	0	0	1	1	3	1
gene:Bcin07g02670	7	4	4	5	6	6
gene:Bcin07g02680	599	676	548	787	489	524
gene:Bcin07g02690	274	265	239	257	150	156
gene:Bcin07g02700	389	432	340	426	401	307
gene:Bcin07g02710	825	974	820	1012	839	717
gene:Bcin07g02720	7	10	4	24	21	10
gene:Bcin07g02730	74	63	25	52	58	35
gene:Bcin07g02740	2999	3217	3623	71	34	36
gene:Bcin07g02750	1042	1271	778	114	84	55
gene:Bcin07g02760	152	195	107	75	68	39
gene:Bcin07g02770	359	392	309	376	314	277
gene:Bcin07g02780	334	403	311	331	277	257
gene:Bcin07g02790	372	809	269	1007	1153	666
gene:Bcin07g02800	190	194	196	158	149	136
gene:Bcin07g02810	8	8	6	5	5	3
gene:Bcin07g02820	854	896	735	821	626	513
gene:Bcin07g02830	7	7	5	29	33	23
gene:Bcin07g02840	151	177	175	474	665	322
gene:Bcin07g02850	279	260	357	765	1540	458
gene:Bcin07g02860	2	9	9	22	41	15
gene:Bcin07g02870	400	472	408	502	489	425
gene:Bcin07g02880	176	173	126	142	132	107
gene:Bcin07g02890	1	2	2	16	43	19
gene:Bcin07g02900	151	103	127	562	631	407
gene:Bcin07g02910	193	152	216	2147	2433	1651
gene:Bcin07g02920	499	493	592	1572	1552	1189
gene:Bcin07g02930	243	284	318	292	234	219
gene:Bcin07g02940	3	9	11	64	178	94
gene:Bcin07g02950	1	1	0	3	7	2
gene:Bcin07g02960	824	928	794	793	681	555
gene:Bcin07g02970	89	129	94	68	100	57
gene:Bcin07g02980	899	909	1158	163	108	59
gene:EFBcG00000013117	0	0	0	0	0	0
gene:ENSRNA049535394	0	0	0	0	0	0
gene:Bcin07g02990	222	245	195	154	123	109
gene:Bcin07g03000	2069	2479	1854	595	297	319
gene:Bcin07g03010	257	341	202	151	154	116
gene:Bcin07g03020	247	308	286	409	252	284
gene:Bcin07g03030	3544	4312	3386	6070	5753	4569
gene:Bcin07g03040	4857	5658	2616	304	324	265
gene:Bcin07g03050	1079	1315	998	1128	1497	1069
gene:Bcin07g03060	4818	4891	6028	3006	1669	1828
gene:Bcin07g03070	244	267	251	249	194	189
gene:Bcin07g03080	5119	7365	3997	1921	1233	1124
gene:EFBcG00000013327	0	0	0	0	0	0
gene:ENSRNA049535423	0	0	0	0	0	0
gene:Bcin07g03090	5	15	7	20	5	12
gene:Bcin07g03100	3	2	2	5	8	4
gene:Bcin07g03110	1714	2906	885	1977	2087	1618
gene:EFBcG00000013204	0	0	0	0	0	0
gene:ENSRNA049513687	0	0	0	0	0	0
gene:Bcin07g03120	0	1	0	25	2	1
gene:Bcin07g03130	863	968	857	1016	561	601
gene:Bcin07g03140	7	16	6	16	16	9
gene:Bcin07g03150	9	15	11	11	20	16
gene:Bcin07g03160	346	433	396	668	639	472
gene:Bcin07g03170	4553	4695	4630	5607	8208	5341
gene:Bcin07g03180	34	31	22	20	36	22
gene:Bcin07g03190	248	280	420	53	31	40
gene:Bcin07g03200	142	194	167	157	91	106
gene:Bcin07g03210	18	31	19	18	8	15
gene:Bcin07g03220	3	1	0	0	1	0
gene:Bcin07g03230	68	76	86	50	36	44
gene:Bcin07g03240	516	560	500	542	397	325
gene:Bcin07g03250	677	694	598	454	434	401
gene:Bcin07g03260	130	147	91	325	510	266
gene:Bcin07g03270	750	867	735	1072	877	766
gene:Bcin07g03280	6247	6885	5113	322	223	168
gene:Bcin07g03290	376	488	331	361	276	190
gene:Bcin07g03300	1553	1890	1440	1282	1186	934
gene:Bcin07g03310	1032	1080	836	748	679	495
gene:Bcin07g03320	0	0	0	0	0	0
gene:Bcin07g03330	0	2	2	0	0	0
gene:Bcin07g03340	1216	1312	1052	871	680	579
gene:Bcin07g03350	0	0	1	0	0	0
gene:Bcin07g03360	0	0	0	0	0	0
gene:Bcin07g03370	0	0	0	1	0	2
gene:Bcin07g03380	950	1195	946	868	1083	928
gene:Bcin07g03390	1962	2597	1572	1562	1408	1235
gene:Bcin07g03400	39	32	29	38	48	46
gene:Bcin07g03410	298	340	221	305	182	178
gene:Bcin07g03420	14	22	16	22	17	17
gene:Bcin07g03430	410	469	418	431	357	304
gene:Bcin07g03440	2677	3050	2735	3833	3583	2539
gene:Bcin07g03450	10	14	7	14	17	11
gene:Bcin07g03460	2117	2455	2087	3014	2946	2392
gene:Bcin07g03470	0	1	1	6	1	2
gene:Bcin07g03480	105	135	97	198	156	151
gene:Bcin07g03490	772	872	852	718	595	572
gene:Bcin07g03500	2384	2564	1941	2614	2964	2013
gene:Bcin07g03510	491	571	395	332	364	265
gene:Bcin07g03520	589	675	588	681	481	516
gene:Bcin07p03530	197	220	200	258	134	123
gene:Bcin07g03540	186	204	159	174	120	129
gene:Bcin07g03550	106	86	88	91	79	77
gene:Bcin07g03560	431	560	433	342	266	297
gene:Bcin07g03570	308	410	312	439	287	254
gene:Bcin07g03580	1899	1874	1649	1293	1160	1050
gene:Bcin07g03590	1074	1216	1025	1130	925	812
gene:Bcin07g03600	282	368	255	397	284	283
gene:Bcin07g03610	29	35	39	272	238	182
gene:Bcin07g03620	85	117	83	114	111	87
gene:Bcin07g03630	11	14	9	22	30	17
gene:Bcin07g03640	263	333	269	322	226	216
gene:Bcin07g03650	5	2	1	0	2	5
gene:Bcin07g03660	13	15	13	17	25	15
gene:Bcin07g03670	1277	1515	1166	1352	1026	950
gene:Bcin07g03680	321	428	281	320	274	226
gene:Bcin07g03690	2	1	1	0	0	0
gene:Bcin07g03700	0	0	0	0	0	0
gene:Bcin07g03710	0	0	0	6	6	1
gene:Bcin07g03720	106	163	94	163	122	122
gene:Bcin07g03730	20	24	26	821	1069	734
gene:Bcin07g03740	1	1	2	15	12	15
gene:Bcin07g03750	234	229	286	184	278	279
gene:Bcin07g03760	903	1094	597	157	117	117
gene:Bcin07g03770	1	3	2	2	2	0
gene:Bcin07g03780	5394	6465	4758	36	36	27
gene:Bcin07g03790	0	1	0	0	1	2
gene:Bcin07g03800	2	3	0	0	2	4
gene:Bcin07g03810	3005	3279	2555	2447	1583	1626
gene:Bcin07g03820	562	669	451	79	45	48
gene:Bcin07g03830	170	352	196	233	234	227
gene:Bcin07g03840	339	420	305	886	573	527
gene:EFBcG00000013358	2	2	5	2	1	0
gene:Bcin07g03850	0	0	0	0	0	0
gene:Bcin07g03860	0	0	0	0	0	0
gene:Bcin07g03870	0	0	0	3	1	1
gene:Bcin07g03880	1	1	0	3	0	0
gene:Bcin07g03890	1247	1142	1025	915	1051	790
gene:EFBcG00000013167	4	1	0	0	2	3
gene:Bcin07g03900	1	0	0	5	3	1
gene:Bcin07g03910	2421	2802	2281	2681	2344	1957
gene:Bcin07g03920	690	775	562	534	340	412
gene:Bcin07g03930	1129	1452	1121	1146	783	818
gene:Bcin07g03940	8	7	7	14	10	12
gene:Bcin07g03950	626	628	426	723	447	451
gene:Bcin07g03960	0	3	1	1	4	2
gene:Bcin07g03970	17	13	13	20	11	13
gene:Bcin07g03980	7221	6653	5476	3231	4548	3283
gene:Bcin07g03990	292	318	265	260	221	169
gene:Bcin07g04000	292	361	176	85	101	92
gene:Bcin07g04010	0	2	1	1	1	0
gene:Bcin07g04020	30	49	39	274	200	116
gene:Bcin07g04030	14	20	8	21	12	8
gene:ENSRNA049513633	0	0	0	0	0	0
gene:EFBcG00000013266	0	0	0	0	0	0
gene:Bcin07g04040	148	159	120	32	30	21
gene:Bcin07g04050	4	1	1	5	3	4
gene:Bcin07g04060	15	9	15	24	17	10
gene:Bcin07g04070	3398	3948	2548	1597	1475	1248
gene:Bcin07g04080	2	5	4	5	1	5
gene:Bcin07g04090	1	0	0	1	1	2
gene:Bcin07g04100	1	5	2	5	0	6
gene:Bcin07g04110	6	11	6	1	0	0
gene:Bcin07g04120	3	5	3	0	0	1
gene:Bcin07g04130	18531	21606	17157	2423	1364	1272
gene:Bcin07g04140	6	2	5	4	2	1
gene:Bcin07g04150	416	485	399	340	302	247
gene:Bcin07g04160	127	106	77	83	53	72
gene:Bcin07g04170	5812	5984	5862	3166	3688	2406
gene:Bcin07g04180	218	231	156	192	183	133
gene:Bcin07g04190	0	0	1	1	0	0
gene:Bcin07g04200	3409	3552	3325	2259	2852	2127
gene:Bcin07g04210	3	5	9	13	4	5
gene:Bcin07g04220	4	9	1	5	5	0
gene:Bcin07g04230	24	28	12	1238	662	507
gene:Bcin07g04240	2	3	3	1090	689	688
gene:Bcin07g04250	536	655	566	412	260	385
gene:Bcin07g04260	3	7	11	14	13	9
gene:Bcin07g04270	1197	1529	1254	605	459	418
gene:Bcin07g04280	6923	7880	6571	4734	3833	3469
gene:Bcin07g04290	937	961	811	735	483	433
gene:Bcin07g04300	667	815	693	1616	1807	1161
gene:Bcin07g04310	166	191	146	266	198	203
gene:Bcin07g04320	1244	1436	1235	1505	1416	1162
gene:Bcin07g04330	2634	2982	2421	2273	1510	1378
gene:Bcin07g04340	356	385	346	334	215	224
gene:Bcin07g04350	1675	2082	1428	55	44	49
gene:Bcin07g04360	0	0	0	0	0	0
gene:Bcin07g04370	7366	8752	5202	647	1115	957
gene:Bcin07g04380	150	173	106	53	61	43
gene:Bcin07g04390	393	465	381	1149	1218	822
gene:Bcin07g04400	157	199	155	286	269	181
gene:Bcin07g04410	528	589	540	528	412	383
gene:Bcin07g04420	416	445	389	379	402	268
gene:Bcin07g04430	1573	1534	1447	1210	1594	1303
gene:Bcin07g04440	4	3	3	1	7	1
gene:Bcin07g04450	155	135	100	15	60	21
gene:Bcin07g04460	75	102	86	424	1503	640
gene:Bcin07g04470	4	1	3	8	17	4
gene:Bcin07g04480	3	5	3	65	73	69
gene:Bcin07g04490	1	11	2	12	9	2
gene:Bcin07g04500	2446	2377	1825	2376	2027	1624
gene:Bcin07g04510	9	12	16	25	9	5
gene:Bcin07g04520	9	8	11	2	3	9
gene:Bcin07g04530	756	925	684	752	626	661
gene:Bcin07g04540	1096	1289	1055	1577	1198	980
gene:Bcin07g04550	4108	4482	2550	2033	1884	1688
gene:Bcin07g04560	824	1001	732	1785	2885	1377
gene:Bcin07g04570	30	36	40	469	365	168
gene:Bcin07g04580	31	24	23	68	56	55
gene:Bcin07g04590	2173	2264	1866	1631	1128	996
gene:Bcin07g04600	1731	1910	1535	1271	1026	907
gene:Bcin07g04610	826	940	822	1059	1208	949
gene:Bcin07g04620	2832	3372	2398	3585	2957	2600
gene:EFBcG00000013125	0	0	0	0	0	0
gene:ENSRNA049535648	0	0	0	0	0	0
gene:Bcin07g04630	1636	1894	1611	1178	1068	987
gene:Bcin07g04640	1405	1574	1143	867	927	740
gene:Bcin07g04650	1368	1519	1140	809	720	606
gene:Bcin07g04660	1589	1534	1264	695	969	630
gene:Bcin07g04670	484	579	516	823	503	476
gene:Bcin07g04680	795	990	759	715	453	480
gene:Bcin07g04690	7944	8231	7527	7501	7274	5764
gene:Bcin07g04700	1856	1853	1702	1317	1085	870
gene:Bcin07g04710	276	369	328	372	268	256
gene:Bcin07g04720	485	552	468	1427	1511	774
gene:Bcin07g04730	2630	3146	2077	6277	7563	2892
gene:EFBcG00000013302	0	1	1	3	0	0
gene:Bcin07g04740	159	169	179	150	109	111
gene:Bcin07g04750	690	807	734	716	471	507
gene:Bcin07g04760	884	1030	870	909	736	525
gene:EFBcG00000013256	0	0	0	0	0	0
gene:ENSRNA049535469	0	0	0	0	0	0
gene:EFBcG00000013334	8	9	6	5	4	0
gene:EFBcG00000013207	0	0	0	0	0	0
gene:EFBcG00000013087	0	0	0	0	0	0
gene:ENSRNA049535487	0	0	0	0	0	0
gene:EFBcG00000013172	0	0	0	0	0	0
gene:ENSRNA049535606	0	0	0	0	0	0
gene:EFBcG00000013383	0	0	0	0	0	0
gene:ENSRNA049535502	0	0	0	0	0	0
gene:EFBcG00000013294	0	0	0	0	0	0
gene:ENSRNA049535521	0	0	0	0	0	0
gene:EFBcG00000013338	0	0	0	0	0	0
gene:ENSRNA049535542	0	0	0	0	0	0
gene:EFBcG00000013084	0	1	0	0	0	0
gene:EFBcG00000013163	0	0	0	0	0	0
gene:ENSRNA049535558	0	0	0	0	0	0
gene:EFBcG00000013261	0	0	0	0	0	0
gene:ENSRNA049535583	0	0	0	0	0	0
gene:Bcin07g04770	142	261	48	2154	419	418
gene:EFBcG00000013374	0	0	0	0	1	0
gene:Bcin07g04780	1330	2270	845	1470	728	874
gene:Bcin07g04790	12	13	9	9	10	8
gene:Bcin07g04800	1784	2237	1785	1241	1045	715
gene:Bcin07g04810	286	311	235	327	353	194
gene:Bcin07g04820	846	911	744	928	739	552
gene:Bcin07g04830	1086	1241	1040	823	604	607
gene:Bcin07g04840	3	5	5	16	5	8
gene:Bcin07g04850	86	86	82	62	35	35
gene:Bcin07g04860	126	175	136	112	97	97
gene:Bcin07g04870	1090	1445	1113	668	725	630
gene:Bcin07g04880	1264	1289	1136	1226	1149	1035
gene:Bcin07g04890	3927	4604	3710	2701	2377	1930
gene:Bcin07g04900	2146	2799	2168	3260	2678	2226
gene:Bcin07g04910	781	875	763	709	502	493
gene:Bcin07g04920	29	53	26	539	281	221
gene:Bcin07g04930	285	282	311	556	409	332
gene:Bcin07g04940	1	2	1	5	8	6
gene:Bcin07g04950	849	1277	822	1303	1032	862
gene:Bcin07g04960	528	598	436	498	545	363
gene:Bcin07g04970	3	4	4	10	7	0
gene:Bcin07g04980	1345	1955	1045	1234	1276	1050
gene:Bcin07g04990	430	629	530	2357	1167	1066
gene:Bcin07g05000	1	0	0	0	0	0
gene:Bcin07g05010	0	0	0	0	2	0
gene:Bcin07g05020	1	3	0	2	4	0
gene:Bcin07g05030	1065	1127	980	855	755	648
gene:Bcin07g05040	431	506	421	284	287	242
gene:Bcin07g05050	883	998	817	1250	1044	832
gene:Bcin07g05060	176	191	120	114	107	121
gene:Bcin07g05070	659	628	455	906	580	552
gene:Bcin07g05080	66	98	58	56	37	43
gene:Bcin07g05090	2424	2755	2261	3847	3427	2777
gene:Bcin07g05100	128	131	124	108	106	66
gene:Bcin07g05110	778	753	558	667	433	426
gene:Bcin07g05120	774	960	798	945	788	760
gene:Bcin07g05130	9508	10548	8946	11807	9721	8709
gene:Bcin07g05140	11253	10249	14138	5472	3127	3615
gene:Bcin07g05160	25	22	23	28	20	11
gene:Bcin07g05170	1	0	1	1	5	1
gene:Bcin07g05180	0	0	0	0	0	0
gene:Bcin07g05190	0	0	0	0	1	0
gene:Bcin07g05200	3	0	3	5	2	3
gene:Bcin07g05210	1	0	0	0	0	0
gene:Bcin07g05220	0	0	0	0	0	0
gene:Bcin07g05230	0	1	0	0	0	0
gene:Bcin07g05240	84	89	76	124	79	50
gene:Bcin07g05250	1700	1667	1311	1663	1325	1063
gene:Bcin07g05260	537	507	541	358	391	404
gene:Bcin07g05270	518	529	782	480	421	364
gene:Bcin07g05280	701	683	563	546	399	425
gene:Bcin07g05290	381	416	242	170	316	242
gene:Bcin07g05300	9	11	7	14	28	11
gene:Bcin07g05310	26	22	16	39	31	22
gene:Bcin07g05320	0	0	0	0	1	0
gene:Bcin07g05330	0	0	0	0	0	0
gene:Bcin07g05340	23	11	4	34	37	14
gene:Bcin07g05350	1005	1163	458	2048	1675	1146
gene:Bcin07g05360	11	8	3	18	9	10
gene:Bcin07g05370	0	0	0	1	1	0
gene:Bcin07g05380	0	0	0	0	0	0
gene:Bcin07g05390	0	0	0	1	0	0
gene:Bcin07g05400	67	80	62	52	35	28
gene:Bcin07g05410	21	37	29	14	8	10
gene:Bcin07g05420	12	30	10	18	24	16
gene:Bcin07g05430	9	8	41	51	15	6
gene:Bcin07g05440	351	471	260	212	134	164
gene:Bcin07g05450	45	55	42	31	19	21
gene:Bcin07g05460	25	41	24	43	54	28
gene:Bcin07g05470	158	149	97	104	97	49
gene:Bcin07g05480	26	15	24	16	18	16
gene:Bcin07g05490	404	484	374	536	442	392
gene:Bcin07g05500	1	1	0	0	0	0
gene:Bcin07g05510	574	628	622	496	316	302
gene:Bcin07g05520	3601	4064	3453	6004	5049	4576
gene:Bcin07g05530	174	154	129	83	79	54
gene:Bcin07g05540	285	362	211	356	319	199
gene:Bcin07g05550	100	138	53	76	72	39
gene:Bcin07g05560	274	331	70	540	832	512
gene:Bcin07g05570	133	154	117	206	132	111
gene:Bcin07g05580	2148	2505	2256	1810	1646	1390
gene:Bcin07g05590	1	3	2	8	9	8
gene:Bcin07g05600	4	2	6	6	7	13
gene:Bcin07g05610	2061	2172	1896	2682	1745	1805
gene:Bcin07g05620	820	890	565	695	559	497
gene:Bcin07g05630	54	77	82	130	78	52
gene:Bcin07g05640	10	12	11	1	2	2
gene:Bcin07g05650	159	202	151	184	290	136
gene:Bcin07g05660	488	439	350	436	290	272
gene:Bcin07g05670	327	334	260	655	459	396
gene:Bcin07g05680	185	223	176	1663	1320	1123
gene:Bcin07g05690	5	5	3	23	27	21
gene:Bcin07g05700	414	447	397	321	315	301
gene:Bcin07g05710	40	47	20	71	117	40
gene:Bcin07g05720	2898	3455	2362	2606	2287	1824
gene:Bcin07g05730	4	5	3	10	19	11
gene:Bcin07g05740	8	8	8	13	15	11
gene:Bcin07g05750	2780	3264	2620	3723	4269	3439
gene:Bcin07g05760	427	498	374	460	495	420
gene:Bcin07g05770	629	725	578	549	443	416
gene:Bcin07g05780	781	908	716	573	455	397
gene:Bcin07g05790	2	1	3	2	4	0
gene:Bcin07g05800	809	884	752	994	1017	811
gene:Bcin07g05810	3824	4430	4474	330	209	195
gene:Bcin07g05820	12	15	12	13	13	8
gene:Bcin07g05830	16	11	11	22	20	10
gene:Bcin07g05840	1204	1256	908	1140	1398	1098
gene:Bcin07g05850	9	14	19	9	7	5
gene:Bcin07g05860	39	39	34	25	15	10
gene:Bcin07g05870	78	68	54	27	9	28
gene:Bcin07g05880	422	458	409	362	244	197
gene:Bcin07g05890	1708	1813	1304	2507	1730	1555
gene:Bcin07g05900	19	27	31	1	1	4
gene:Bcin07g05910	7609	7894	8146	119	248	240
gene:Bcin07g05920	2460	2869	2304	1968	1498	1342
gene:Bcin07g05930	9	15	12	30	40	31
gene:Bcin07g05940	24	41	28	49	32	19
gene:Bcin07g05950	501	557	375	551	443	366
gene:Bcin07g05960	1200	1322	1216	1416	1426	1181
gene:Bcin07g05970	0	0	0	0	0	0
gene:Bcin07g05980	0	0	0	0	0	0
gene:Bcin07g05990	0	0	0	0	0	0
gene:Bcin07g06000	16	16	6	28	26	23
gene:Bcin07g06010	11532	9785	6246	54272	79077	54388
gene:Bcin07g06020	11	14	6	11	5	5
gene:Bcin07g06030	49	44	22	34	69	35
gene:Bcin07g06040	1	1	0	0	0	0
gene:Bcin07g06050	16	22	10	21	24	8
gene:Bcin07g06060	493	423	350	448	647	395
gene:Bcin07g06070	167	133	80	41	51	40
gene:Bcin07g06080	18	15	8	11	8	8
gene:Bcin07g06090	653	781	605	729	737	652
gene:Bcin07g06100	856	1066	1103	895	1015	675
gene:Bcin07g06110	205	248	262	559	573	471
gene:Bcin07g06120	742	1054	476	586	604	529
gene:Bcin07g06130	162	152	131	226	208	128
gene:Bcin07g06140	1459	1271	1829	918	648	658
gene:Bcin07g06150	1339	1372	1203	961	1011	767
gene:Bcin07g06160	3316	3361	3887	1348	1032	867
gene:Bcin07g06170	422	587	238	464	613	448
gene:Bcin07g06180	150	194	174	610	414	328
gene:Bcin07g06190	225	191	160	262	266	252
gene:Bcin07g06200	55	49	49	134	80	77
gene:Bcin07g06210	974	958	830	891	781	724
gene:Bcin07g06220	16936	14712	20968	8385	6394	5988
gene:Bcin07g06230	4179	4195	3442	4818	3944	3599
gene:Bcin07g06240	418	449	554	480	460	329
gene:Bcin07g06250	1008	1270	877	1173	882	751
gene:Bcin07g06260	1329	1541	982	574	571	480
gene:Bcin07g06270	5	19	6	13	7	6
gene:Bcin07g06280	1031	1346	852	992	712	655
gene:Bcin07g06290	1061	1362	1635	3307	2846	2154
gene:Bcin07g06300	885	1044	713	125	124	73
gene:Bcin07g06310	10422	15925	7397	49254	57652	41046
gene:Bcin07g06320	134	152	159	210	168	159
gene:Bcin07g06330	37	47	27	24	15	13
gene:Bcin07g06340	2435	2989	2292	3560	2428	2745
gene:Bcin07g06350	584	744	528	684	489	434
gene:Bcin07g06360	2514	3143	2840	5502	3033	3028
gene:Bcin07g06370	6296	6338	5405	3245	4285	2837
gene:Bcin07g06380	3580	3953	3986	3241	4448	2743
gene:Bcin07g06390	1062	1140	1046	1115	887	828
gene:Bcin07g06400	9091	11142	7598	9127	7931	6737
gene:Bcin07g06410	5	7	5	13	14	17
gene:Bcin07g06420	258	280	243	317	301	237
gene:Bcin07g06430	92	98	99	177	153	96
gene:Bcin07g06440	274	214	345	264	202	145
gene:Bcin07g06450	634	704	638	798	835	564
gene:Bcin07g06460	135	138	108	86	75	56
gene:EFBcG00000013288	0	1	0	0	0	0
gene:Bcin07g06470	241	304	147	139	112	87
gene:Bcin07g06480	300	257	392	67	66	51
gene:Bcin07g06490	191	195	173	163	127	124
gene:Bcin07g06500	1121	1399	1054	1361	1236	930
gene:Bcin07g06510	265	267	248	265	308	170
gene:Bcin07g06520	732	806	718	647	563	498
gene:Bcin07g06530	340	421	261	276	258	207
gene:Bcin07g06540	32	50	9	386	284	172
gene:Bcin07g06550	7207	5858	8425	5655	4216	4591
gene:Bcin07g06560	264	295	223	228	187	186
gene:Bcin07g06570	776	906	619	902	1102	961
gene:Bcin07g06580	586	646	486	826	561	572
gene:Bcin07g06590	1735	2058	870	87	94	94
gene:Bcin07g06600	1890	1722	1973	1604	1848	1939
gene:Bcin07g06610	162	189	135	214	122	144
gene:Bcin07g06620	610	676	682	886	843	574
gene:Bcin07g06630	237	318	257	363	423	331
gene:Bcin07g06640	16	26	19	15	27	15
gene:Bcin07g06650	4339	4805	3160	6540	8291	5770
gene:Bcin07g06660	4	7	3	6	6	2
gene:Bcin07g06670	653	615	717	593	380	410
gene:Bcin07g06680	36	21	22	21	9	12
gene:Bcin07g06690	1834	1960	1292	50	51	45
gene:Bcin07g06700	1243	1271	870	40	39	38
gene:Bcin07g06710	550	594	422	72	86	58
gene:Bcin07g06720	2261	2105	1688	46	26	33
gene:Bcin07g06730	15	10	12	7	9	5
gene:Bcin07g06740	1	5	3	3	5	1
gene:Bcin07g06750	1632	2024	1036	687	566	893
gene:Bcin07g06760	0	0	1	1	0	2
gene:Bcin07g06770	1	0	0	3	0	0
gene:Bcin07g06780	14	12	12	159	260	158
gene:Bcin07g06790	336	466	275	394	412	351
gene:Bcin07g06800	261	292	256	121	132	101
gene:Bcin07g06810	243	294	137	149	114	88
gene:Bcin07g06820	204	193	111	67	80	67
gene:Bcin07g06830	40	48	23	37	28	7
gene:Bcin07g06840	0	0	0	0	0	0
gene:Bcin07g06850	0	1	0	0	0	0
gene:Bcin07g06860	0	0	0	0	0	0
gene:Bcin07g06870	0	0	0	0	0	0
gene:Bcin07g06880	0	0	0	0	0	0
gene:Bcin07g06890	0	0	1	0	0	1
gene:Bcin07g06900	0	0	0	0	0	0
gene:Bcin07g06910	498	510	422	609	490	325
gene:Bcin07g06920	1	1	0	0	0	0
gene:Bcin07g06930	0	0	0	0	0	0
gene:Bcin07g06940	3	4	0	0	0	0
gene:Bcin07g06950	565	602	704	77	52	75
gene:Bcin07g06960	6396	8656	4606	7565	9740	8118
gene:Bcin07g06970	1880	2261	1626	1523	1416	1261
gene:Bcin07g06980	81	104	55	26	29	26
gene:Bcin07g06990	8	18	6	5	5	5
gene:Bcin07g07000	177	142	117	107	57	44
gene:Bcin07g07010	0	0	1	0	0	2
gene:Bcin07g07020	3	3	2	220	612	295
gene:Bcin07g07030	19	23	11	13	14	8
gene:Bcin07g07040	3	3	1	1	0	3
gene:Bcin07g07050	2	3	3	3	5	3
gene:Bcin07g07060	3568	3787	3159	2112	2297	1590
gene:Bcin07g07070	2121	2516	1922	1249	1208	861
gene:Bcin07g07080	257	215	225	58	39	32
gene:Bcin07g07090	54	68	49	125	170	87
gene:Bcin07g07100	366	373	471	160	139	112
gene:Bcin07g07110	685	1100	269	319	246	208
gene:Bcin07g07120	985	1200	871	426	80	83
gene:Bcin07g07130	1094	1431	1020	459	120	113
gene:Bcin08g00010	3326	4371	5860	102	83	68
gene:Bcin08g00020	115	101	152	95	57	82
gene:Bcin08g00030	11	14	12	11	11	10
gene:Bcin08g00040	0	0	0	0	0	0
gene:Bcin08g00050	0	0	0	0	0	0
gene:Bcin08g00060	4922	5066	9928	183	209	155
gene:Bcin08g00070	4418	4563	6730	174	144	120
gene:Bcin08g00080	74	95	93	54	30	41
gene:Bcin08g00090	742	633	1166	1095	863	829
gene:Bcin08g00100	70	56	52	24	42	39
gene:Bcin08g00110	145	157	46	56	44	32
gene:Bcin08g00120	2	1	2	51	176	119
gene:Bcin08g00130	79	86	53	48	17	28
gene:Bcin08g00140	96	108	63	106	107	84
gene:Bcin08g00150	62	74	60	63	39	51
gene:Bcin08g00160	4733	4592	3554	3204	3689	2763
gene:Bcin08g00170	266	350	308	400	323	310
gene:Bcin08g00180	106	157	155	331	265	246
gene:Bcin08g00190	4	7	6	24	8	13
gene:Bcin08g00200	12	5	2	9	15	6
gene:Bcin08g00210	1233	1361	1131	3486	4719	1582
gene:Bcin08g00220	7	12	4	19	18	9
gene:Bcin08g00230	628	663	527	371	267	223
gene:Bcin08g00240	776	933	697	843	750	526
gene:Bcin08g00250	2	3	2	2	8	2
gene:Bcin08g00260	98	91	48	16	22	26
gene:Bcin08g00270	9673	8081	7002	281	1181	584
gene:Bcin08g00280	3920	11237	1163	828	1705	910
gene:EFBcG00000013254	0	0	0	0	0	0
gene:ENSRNA049535693	0	0	0	0	0	0
gene:EFBcG00000013198	0	0	0	0	0	0
gene:ENSRNA049535712	0	0	0	0	0	0
gene:EFBcG00000013260	0	0	0	1	0	0
gene:EFBcG00000013134	0	0	0	0	0	0
gene:Bcin08g00290	21	14	16	4	10	8
gene:Bcin08g00300	21	15	13	25	56	20
gene:Bcin08g00310	41	45	38	49	49	47
gene:Bcin08g00320	61	40	30	11	20	11
gene:Bcin08g00330	36	32	25	29	25	10
gene:Bcin08g00340	7	15	6	5	5	9
gene:Bcin08g00350	989	1202	735	952	875	645
gene:Bcin08g00360	4	8	8	18	12	6
gene:Bcin08g00370	2546	3149	2170	3146	2467	1868
gene:EFBcG00000013384	0	0	0	0	0	0
gene:ENSRNA049535760	0	0	0	0	0	0
gene:Bcin08g00380	14	15	14	20	13	10
gene:Bcin08g00390	84	74	77	71	52	63
gene:Bcin08g00400	20	22	0	437	142	104
gene:Bcin08g00410	12	20	5	27	23	20
gene:Bcin08g00420	43	52	38	39	36	35
gene:Bcin08g00430	0	0	0	1	0	2
gene:Bcin08g00440	2140	2267	1819	1508	1168	1046
gene:Bcin08g00450	2	3	0	3	2	3
gene:Bcin08g00460	425	543	373	765	542	494
gene:Bcin08g00470	5	1	0	3	2	2
gene:Bcin08g00480	24	33	16	46	18	14
gene:Bcin08g00490	448	538	391	235	186	192
gene:Bcin08g00500	6	8	8	20	8	7
gene:Bcin08g00510	2219	2692	2090	1504	1224	1017
gene:Bcin08g00520	1195	1295	1013	910	729	700
gene:Bcin08g00530	158	164	126	169	181	143
gene:Bcin08g00540	1890	2414	2014	1325	948	1003
gene:Bcin08g00550	1589	1649	1353	1206	1406	1114
gene:Bcin08g00560	159	178	140	200	168	161
gene:Bcin08g00570	18	25	15	22	8	16
gene:Bcin08g00580	1300	1620	1353	1089	959	828
gene:Bcin08g00590	1102	1127	1057	1163	822	858
gene:Bcin08g00600	1000	1138	973	866	789	661
gene:Bcin08g00610	926	1134	796	1366	1027	934
gene:Bcin08g00620	646	704	643	864	832	709
gene:Bcin08g00630	887	827	528	633	432	452
gene:Bcin08g00640	251	339	76	95	62	59
gene:Bcin08g00650	258	287	197	288	201	277
gene:Bcin08g00660	1594	1658	1353	1724	1248	1189
gene:Bcin08g00670	353	431	294	343	296	230
gene:Bcin08g00680	1723	2004	1250	1071	1236	963
gene:Bcin08g00690	100	124	91	141	105	80
gene:Bcin08g00700	1555	1462	1511	3475	3107	2024
gene:Bcin08g00710	492	527	375	474	484	295
gene:Bcin08g00720	459	876	386	1644	1459	695
gene:Bcin08g00730	200	217	159	213	225	170
gene:Bcin08g00740	16808	14207	14538	1074	594	800
gene:Bcin08g00750	0	0	0	0	0	0
gene:Bcin08g00760	17072	18120	15226	22063	17403	15731
gene:Bcin08g00770	130	169	120	117	79	115
gene:Bcin08g00780	276	347	278	366	271	289
gene:Bcin08g00790	755	917	775	1109	1158	967
gene:Bcin08g00800	298	362	259	368	264	291
gene:Bcin08g00810	678	733	606	475	359	359
gene:Bcin08g00820	1504	1795	1397	1641	1578	1232
gene:Bcin08g00830	814	869	794	576	579	415
gene:Bcin08g00840	10	11	13	8	5	4
gene:Bcin08g00850	397	426	424	408	895	370
gene:Bcin08g00860	598	546	586	761	661	360
gene:Bcin08g00870	120	112	83	233	212	150
gene:Bcin08g00880	300	377	245	209	118	126
gene:Bcin08g00890	6632	6729	7389	48	40	45
gene:Bcin08g00900	544	549	614	551	610	540
gene:Bcin08g00910	2762	2720	2548	2030	2343	2067
gene:Bcin08g00920	2057	2499	1868	1296	1364	1143
gene:Bcin08g00930	0	6	2	2	1	2
gene:Bcin08g00940	15500	15979	2756	103	73	66
gene:Bcin08g00950	2622	2778	1970	8	11	6
gene:Bcin08g00960	5	1	2	0	0	0
gene:Bcin08g00970	0	0	1	0	1	0
gene:Bcin08g00980	4	4	0	3	1	0
gene:Bcin08g00990	6	8	1	74	120	55
gene:Bcin08g01000	248	298	94	263	185	138
gene:Bcin08g01010	109	137	87	320	127	99
gene:Bcin08g01020	211	407	140	45	76	58
gene:Bcin08g01030	1033	1170	898	475	663	392
gene:Bcin08g01040	1463	1541	1327	1508	1826	1397
gene:Bcin08g01050	36	38	17	23	25	18
gene:Bcin08g01060	24	66	11	107	36	41
gene:Bcin08g01070	49	99	28	195	80	98
gene:Bcin08g01080	34	66	19	83	30	24
gene:Bcin08g01090	161	182	97	173	116	117
gene:Bcin08g01100	97	173	88	139	59	59
gene:Bcin08g01110	64060	71693	54891	50886	57203	44158
gene:Bcin08g01120	718	817	492	386	286	298
gene:Bcin08g01130	21	27	14	77	61	58
gene:Bcin08g01140	3	2	0	3	4	5
gene:Bcin08g01150	2058	2355	1896	1372	1050	927
gene:EFBcG00000013104	0	0	0	0	0	0
gene:ENSRNA049536070	0	0	0	0	0	0
gene:Bcin08g01160	1653	1597	1643	1194	2144	923
gene:Bcin08g01170	149	151	106	265	334	166
gene:Bcin08g01180	2	2	1	40	16	11
gene:Bcin08g01190	9	5	2	9	4	5
gene:Bcin08g01200	177	216	170	188	131	168
gene:Bcin08g01210	1	1	2	1	0	0
gene:Bcin08g01220	0	0	0	0	0	0
gene:Bcin08g01230	0	0	0	0	0	0
gene:Bcin08g01240	0	0	0	0	0	1
gene:Bcin08g01250	0	0	0	20	23	3
gene:Bcin08g01260	1	0	5	9	13	13
gene:Bcin08g01270	4033	4765	3099	6355	7698	5726
gene:Bcin08g01280	0	2	0	0	1	1
gene:Bcin08g01290	0	4	2	4	1	0
gene:Bcin08g01300	3	0	0	2	0	0
gene:Bcin08g01310	13	8	20	15	14	6
gene:Bcin08g01320	163	173	150	223	208	141
gene:Bcin08g01330	212	253	218	112	133	114
gene:Bcin08g01340	1554	1888	1269	2315	3355	1342
gene:Bcin08g01350	574	471	669	2112	5087	1303
gene:Bcin08g01360	2376	2866	2354	4630	4095	3983
gene:Bcin08g01370	446	596	445	437	388	301
gene:Bcin08g01380	5	9	6	6	2	1
gene:Bcin08g01390	1203	1380	781	825	626	481
gene:Bcin08g01400	162	159	107	157	147	92
gene:EFBcG00000013331	0	0	0	0	0	0
gene:ENSRNA049535774	0	0	0	0	0	0
gene:Bcin08g01410	642	692	640	1787	2427	1416
gene:Bcin08g01420	3006	3434	3045	2737	2486	2001
gene:Bcin08g01430	187	225	208	233	242	168
gene:Bcin08g01440	1169	1428	777	348	322	243
gene:Bcin08g01450	856	997	526	184	199	189
gene:Bcin08g01460	1961	2695	2254	3163	2020	1707
gene:Bcin08g01470	75	107	117	137	124	109
gene:Bcin08g01480	896	997	807	828	744	632
gene:Bcin08g01490	2396	2619	2349	2597	2110	1925
gene:Bcin08g01500	21	24	15	26	15	11
gene:Bcin08g01510	5265	5359	4392	6345	5044	4127
gene:Bcin08g01520	341	330	381	336	329	263
gene:Bcin08g01530	428	423	388	579	445	351
gene:Bcin08g01540	2915	3721	2387	5107	4777	4633
gene:Bcin08g01550	9554	14455	6610	10311	6321	6708
gene:Bcin08g01560	222	235	199	585	549	255
gene:Bcin08g01570	121	158	141	121	67	72
gene:Bcin08g01580	75	86	76	109	88	85
gene:Bcin08g01590	830	1024	837	953	899	613
gene:Bcin08g01600	1589	1673	1253	613	1167	756
gene:Bcin08g01610	91	89	38	52	90	57
gene:Bcin08g01620	41	38	18	20	50	37
gene:EFBcG00000013170	0	0	0	0	0	0
gene:ENSRNA049536046	0	0	0	0	0	0
gene:Bcin08g01630	2	2	0	3	0	0
gene:Bcin08g01640	129	173	78	242	227	94
gene:Bcin08g01650	435	457	409	349	410	247
gene:Bcin08g01660	363	352	395	766	1071	440
gene:Bcin08g01670	0	0	1	3	1	1
gene:Bcin08g01680	1	4	0	1	1	1
gene:Bcin08g01690	21	24	17	50	66	46
gene:Bcin08g01700	28	33	25	43	39	49
gene:Bcin08g01710	1508	1855	1419	1295	1265	929
gene:Bcin08g01720	1394	1836	1635	1282	1578	1017
gene:Bcin08g01730	2853	3033	2308	3428	3199	2248
gene:Bcin08g01740	1154	1295	1075	1304	1466	959
gene:Bcin08g01750	1	1	2	2	0	0
gene:Bcin08g01760	12	30	4	28	37	19
gene:Bcin08g01770	4	6	2	35	51	31
gene:Bcin08g01780	137	143	95	62	411	92
gene:Bcin08g01790	486	755	352	238	445	218
gene:Bcin08g01800	25	66	19	4	29	10
gene:Bcin08g01810	373	389	363	803	835	492
gene:Bcin08g01820	522	539	459	687	555	446
gene:Bcin08g01830	50	63	46	53	36	29
gene:Bcin08g01840	69	104	81	77	58	44
gene:Bcin08g01850	21	26	6	27	13	14
gene:Bcin08g01860	22	18	42	150	204	118
gene:Bcin08g01870	120	161	190	866	1757	902
gene:Bcin08g01880	50	43	37	494	554	386
gene:Bcin08g01890	0	1	1	32	33	13
gene:Bcin08g01900	33	27	31	14	39	32
gene:Bcin08g01910	40	62	42	99	78	59
gene:Bcin08g01920	177	204	159	421	370	216
gene:Bcin08g01930	2	5	0	13	6	11
gene:Bcin08g01940	143	135	132	66	155	63
gene:Bcin08g01950	103	99	101	46	94	52
gene:Bcin08g01960	11	13	24	47	12	8
gene:Bcin08g01970	0	0	0	3	0	0
gene:Bcin08g01980	161	192	237	91	79	59
gene:Bcin08g01990	93	104	96	83	72	65
gene:Bcin08g02000	48	68	117	33	31	30
gene:Bcin08g02010	310	387	337	476	601	394
gene:Bcin08g02020	610	712	535	667	660	485
gene:Bcin08g02030	24	24	12	79	73	45
gene:Bcin08g02040	21	25	16	40	24	20
gene:Bcin08g02050	96	96	103	74	118	90
gene:Bcin08g02060	316	372	347	1125	834	566
gene:Bcin08g02070	235	269	220	359	513	386
gene:Bcin08g02080	8785	10640	12115	48437	46974	38181
gene:Bcin08g02090	48	54	58	398	397	308
gene:Bcin08g02100	15	22	18	116	137	84
gene:EFBcG00000013220	0	0	0	0	0	0
gene:ENSRNA049535791	0	0	0	0	0	0
gene:Bcin08g02110	38328	45493	35167	354	196	222
gene:Bcin08g02120	1271	1497	1391	63	41	39
gene:Bcin08g02130	1583	2005	1410	3310	3563	2653
gene:Bcin08g02140	5335	7439	4777	8806	8301	6703
gene:Bcin08g02150	634	721	567	1968	3485	2322
gene:Bcin08g02160	317	258	228	1019	1302	999
gene:Bcin08g02170	2809	3218	2750	4948	7740	4310
gene:Bcin08g02180	0	0	0	2	1	0
gene:Bcin08g02190	3	5	1	13	17	10
gene:Bcin08g02200	1	0	0	1	6	2
gene:Bcin08g02210	78	89	79	205	201	159
gene:Bcin08g02220	174	231	159	219	170	120
gene:Bcin08g02230	1358	1785	1238	1017	890	767
gene:Bcin08g02240	309	392	325	373	287	199
gene:Bcin08g02250	8	7	9	12	10	2
gene:EFBcG00000013100	0	1	0	2	0	0
gene:Bcin08g02260	66	98	53	30	10	17
gene:Bcin08g02270	2353	2872	2112	655	382	431
gene:Bcin08g02280	125	143	89	60	55	63
gene:Bcin08g02290	3161	3405	2717	3660	3489	2734
gene:Bcin08g02300	55	68	40	39	54	37
gene:Bcin08g02310	949	1095	844	645	674	633
gene:Bcin08g02320	43	56	47	39	31	25
gene:Bcin08g02330	703	872	677	481	332	228
gene:Bcin08g02340	3	6	6	12	13	3
gene:Bcin08g02350	68	70	59	77	44	40
gene:Bcin08g02360	796	876	724	585	505	476
gene:Bcin08g02370	310	354	260	351	392	284
gene:Bcin08g02380	4237	5541	4305	6640	5157	4519
gene:Bcin08g02390	10597	15090	6370	1583	2152	1693
gene:Bcin08g02400	146	181	104	39	32	23
gene:Bcin08g02410	13	11	22	11	5	8
gene:Bcin08g02420	378	473	353	331	277	269
gene:Bcin08g02430	967	1356	901	1372	1323	1235
gene:Bcin08g02440	58	64	61	156	197	97
gene:Bcin08g02450	158	168	155	339	370	254
gene:Bcin08g02460	2	0	0	0	1	4
gene:Bcin08g02470	1	1	1	3	2	2
gene:Bcin08g02480	5	4	1	5	4	2
gene:Bcin08g02490	18138	18820	16582	30288	26015	22091
gene:Bcin08g02500	1147	1218	1045	901	783	647
gene:Bcin08g02510	332	359	348	309	253	217
gene:Bcin08g02520	988	1154	903	1086	980	728
gene:Bcin08g02530	1089	1379	1033	928	1024	755
gene:Bcin08g02540	144	160	155	163	87	96
gene:Bcin08g02550	1	5	4	11	5	1
gene:Bcin08g02560	0	4	1	0	0	2
gene:Bcin08g02570	8	10	5	9	3	0
gene:Bcin08g02580	1817	2158	1004	910	1081	724
gene:Bcin08g02590	362	361	358	286	309	230
gene:Bcin08g02600	521	550	457	648	455	346
gene:Bcin08g02610	599	690	500	656	512	452
gene:Bcin08g02620	6822	7220	7104	5173	3907	3699
gene:Bcin08g02630	287	241	288	124	104	99
gene:Bcin08g02640	1	4	1	0	2	2
gene:Bcin08g02650	7	4	1	0	1	0
gene:Bcin08g02660	121	312	93	126	134	139
gene:Bcin08g02670	1198	1335	1168	942	792	650
gene:Bcin08g02680	3339	4526	3069	2876	5043	3672
gene:Bcin08g02690	14	12	13	43	39	30
gene:Bcin08g02700	50	78	57	57	67	59
gene:Bcin08g02710	31	26	15	49	31	29
gene:Bcin08g02720	246	265	243	387	274	288
gene:Bcin08g02730	753	1172	666	1661	1641	1570
gene:Bcin08g02740	478	510	506	595	432	362
gene:Bcin08g02750	2125	2144	1877	2105	1764	1585
gene:Bcin08g02760	987	1188	931	1841	1677	1278
gene:Bcin08g02770	4159	4852	3967	4763	5334	4475
gene:Bcin08g02780	551	649	490	529	554	407
gene:Bcin08g02790	260	324	246	218	145	166
gene:Bcin08g02800	1019	1172	941	860	635	634
gene:Bcin08g02810	387	406	498	514	402	319
gene:Bcin08g02820	139	127	172	101	108	101
gene:Bcin08g02830	1576	1759	1605	2200	1872	1724
gene:Bcin08g02840	4239	5055	4449	4406	2902	2753
gene:Bcin08g02850	576	637	449	408	533	271
gene:Bcin08g02860	484	562	510	747	505	453
gene:Bcin08g02870	518	548	322	1658	1688	1075
gene:Bcin08g02880	1280	1716	1063	1441	1124	828
gene:Bcin08g02890	128	189	114	103	76	77
gene:Bcin08g02900	984	1285	857	823	743	606
gene:Bcin08g02910	280	342	272	359	312	203
gene:EFBcG00000013329	0	0	0	0	0	0
gene:ENSRNA049536021	0	0	0	0	0	0
gene:Bcin08g02920	331	314	251	553	551	286
gene:Bcin08g02930	635	744	569	831	804	532
gene:Bcin08g02940	842	1006	659	1297	1285	768
gene:Bcin08g02950	4516	4908	3960	4360	4366	3463
gene:Bcin08g02960	1507	1559	1538	3660	4215	2289
gene:Bcin08g02970	2674	2719	1549	1755	914	864
gene:EFBcG00000013250	0	0	0	0	0	0
gene:ENSRNA049536002	0	0	0	0	0	0
gene:Bcin08g02980	1352	1557	1186	1369	1108	992
gene:Bcin08g02990	11269	12930	10174	17738	15745	11112
gene:Bcin08g03000	13	21	26	50	37	15
gene:Bcin08g03010	38	54	44	56	30	29
gene:Bcin08g03020	1198	1408	1107	1040	1000	855
gene:Bcin08g03030	2038	2293	2179	1377	1116	878
gene:Bcin08g03040	137	127	109	230	136	123
gene:Bcin08g03050	2301	2786	1908	2108	1885	1489
gene:Bcin08g03060	517	602	421	460	285	320
gene:Bcin08g03070	1075	1210	1007	1337	939	801
gene:Bcin08g03080	197	180	228	4699	3011	2306
gene:EFBcG00000013098	0	0	0	0	0	0
gene:ENSRNA049535824	0	0	0	0	0	0
gene:EFBcG00000013183	0	0	0	0	0	0
gene:ENSRNA049535981	0	0	0	0	0	0
gene:EFBcG00000013089	0	0	0	0	0	0
gene:ENSRNA049535843	0	0	0	0	0	0
gene:Bcin08g03090	837	821	704	1047	865	718
gene:Bcin08g03100	92	118	60	102	113	72
gene:Bcin08g03110	4690	5373	5643	8198	16581	12485
gene:Bcin08g03120	1399	1503	1143	1104	917	806
gene:Bcin08g03130	9	6	2	4	0	4
gene:Bcin08g03140	338	419	364	464	297	285
gene:Bcin08g03150	5439	7938	4073	1236	976	919
gene:Bcin08g03160	1107	1186	1016	1744	1317	1264
gene:Bcin08g03170	4609	5022	3594	2081	1205	1257
gene:Bcin08g03180	626	875	626	486	467	417
gene:Bcin08g03190	190	271	196	325	203	203
gene:Bcin08g03200	980	1059	915	989	745	705
gene:Bcin08g03210	1352	1396	1107	1439	948	1040
gene:Bcin08g03220	224	243	133	244	323	243
gene:Bcin08g03230	16	14	8	20	12	5
gene:Bcin08g03240	2	3	3	6	5	2
gene:Bcin08g03250	62	65	49	39	19	33
gene:Bcin08g03260	885	899	786	876	701	615
gene:Bcin08g03270	3232	3855	2639	2530	2156	1884
gene:Bcin08g03280	182	166	180	213	180	184
gene:Bcin08g03290	257	269	287	240	216	201
gene:Bcin08g03300	720	867	704	618	593	384
gene:EFBcG00000013217	5	2	3	5	3	3
gene:Bcin08g03310	289	268	253	107	189	140
gene:EFBcG00000013349	1	0	1	0	0	0
gene:Bcin08g03320	11053	12497	12020	18110	22588	16161
gene:Bcin08g03330	445	494	430	422	517	417
gene:Bcin08g03340	2	2	5	7	5	1
gene:Bcin08g03350	8	5	4	9	18	12
gene:Bcin08g03360	1294	1586	1208	1077	792	678
gene:Bcin08g03370	1780	2140	1409	1366	1034	947
gene:Bcin08g03380	374	409	291	400	315	270
gene:Bcin08g03390	81	90	69	282	178	123
gene:Bcin08g03400	1	1	2	2	0	0
gene:EFBcG00000013316	0	0	0	0	0	0
gene:ENSRNA049513562	0	0	0	0	0	0
gene:Bcin08g03410	81	177	42	1105	1524	1118
gene:Bcin08g03420	928	876	728	727	501	477
gene:Bcin08g03430	99	106	76	141	102	95
gene:Bcin08g03440	335	393	248	388	406	258
gene:Bcin08g03450	121	153	92	94	83	74
gene:Bcin08g03460	80	95	111	154	45	50
gene:Bcin08g03470	2357	3041	2286	2024	1600	1441
gene:Bcin08g03480	51	48	42	26	66	60
gene:EFBcG00000013116	0	0	0	0	0	0
gene:ENSRNA049535958	0	0	0	0	0	0
gene:Bcin08g03490	1125	988	691	1713	1487	1198
gene:Bcin08g03500	269	368	303	188	156	146
gene:Bcin08g03510	213	242	221	156	91	96
gene:Bcin08g03520	1447	1661	1315	1104	1302	993
gene:Bcin08g03530	15037	14962	13402	22737	20482	17303
gene:Bcin08g03540	3491	4234	3102	2809	2663	2399
gene:Bcin08g03550	261	251	227	355	790	536
gene:Bcin08g03560	6	1	5	8	17	14
gene:Bcin08g03570	1	6	6	7	9	13
gene:Bcin08g03580	0	0	0	0	0	0
gene:Bcin08g03590	0	0	0	0	0	0
gene:Bcin08g03600	0	0	1	1	1	0
gene:Bcin08g03610	3659	4001	3787	7414	7926	6331
gene:Bcin08g03620	1285	1667	1081	1472	1909	1276
gene:Bcin08g03630	1590	1731	1479	1065	891	840
gene:Bcin08g03640	1317	1548	1129	1529	1824	1326
gene:Bcin08g03650	836	957	653	932	863	766
gene:Bcin08g03660	707	801	574	699	620	459
gene:Bcin08g03670	283	318	244	801	769	362
gene:Bcin08g03680	32	40	44	464	583	351
gene:Bcin08g03690	403	442	335	563	423	291
gene:Bcin08g03700	13980	16043	14952	9543	8334	6758
gene:Bcin08g03710	2559	2524	2535	5054	3467	3057
gene:Bcin08g03720	130	171	114	322	162	186
gene:Bcin08g03730	675	667	760	2180	2193	1465
gene:Bcin08g03740	2801	3731	2959	917	1214	773
gene:Bcin08g03750	14	23	12	21	22	21
gene:Bcin08g03760	37	48	28	60	23	25
gene:Bcin08g03770	979	1237	1003	1436	1263	1042
gene:Bcin08g03780	2697	3223	2367	1725	1509	1268
gene:Bcin08g03790	423	486	455	572	528	399
gene:Bcin08g03800	4	7	8	12	9	8
gene:Bcin08g03810	8	8	5	18	11	9
gene:Bcin08g03820	1122	1096	788	119	152	118
gene:Bcin08g03830	141	202	59	3	1	1
gene:Bcin08g03840	613	853	302	13	15	12
gene:Bcin08g03850	28	36	7	3	1	0
gene:Bcin08g03880	32	31	15	13	19	9
gene:Bcin08g03890	256	318	230	268	263	196
gene:Bcin08g03900	68	63	54	81	61	37
gene:Bcin08g03910	594	581	567	324	484	274
gene:Bcin08g03920	2	1	2	2	1	4
gene:Bcin08g03930	480	619	518	566	544	422
gene:Bcin08g03940	19	38	29	49	38	19
gene:Bcin08g03950	188	209	176	155	130	117
gene:Bcin08g03960	2047	2427	1714	1718	1905	1753
gene:Bcin08g03970	600	777	606	558	346	311
gene:EFBcG00000013219	0	0	0	0	0	0
gene:ENSRNA049535867	0	0	0	0	0	0
gene:Bcin08g03980	1511	1906	1095	573	404	389
gene:Bcin08g03990	730	790	748	964	811	643
gene:Bcin08g04000	3606	3423	3405	4708	4443	2707
gene:Bcin08g04010	1066	1233	1038	1615	1434	1357
gene:Bcin08g04020	1643	1432	1158	527	636	379
gene:Bcin08g04030	1342	1297	930	858	677	563
gene:Bcin08g04040	13	7	7	9	19	5
gene:Bcin08g04050	108	90	67	241	239	155
gene:Bcin08g04060	1729	1311	1282	478	332	324
gene:Bcin08g04070	2877	1844	2097	680	615	558
gene:Bcin08g04080	2083	2535	1919	1727	1354	1188
gene:Bcin08g04090	34	39	23	17	41	25
gene:Bcin08g04100	2	8	1	12	5	4
gene:Bcin08g04110	4	4	1	9	4	5
gene:Bcin08g04120	743	790	607	515	440	360
gene:Bcin08g04130	1541	1630	1492	1456	1401	1198
gene:Bcin08g04140	1025	1279	1072	649	655	548
gene:Bcin08g04150	2066	2125	1400	1651	1256	1061
gene:Bcin08g04160	201	259	202	430	303	252
gene:Bcin08g04170	4195	4594	3344	3504	3381	2626
gene:Bcin08g04180	704	740	809	697	685	692
gene:Bcin08g04190	453	553	442	596	435	442
gene:Bcin08g04200	1559	1712	1466	1882	1510	1376
gene:Bcin08g04210	556	673	490	491	504	428
gene:Bcin08g04220	674	705	545	412	594	356
gene:Bcin08g04230	27	24	16	25	16	17
gene:Bcin08g04240	366	425	284	430	441	362
gene:Bcin08g04250	40	49	54	64	48	34
gene:Bcin08g04260	279	296	231	214	192	174
gene:Bcin08g04270	842	763	556	857	576	517
gene:Bcin08g04280	15	22	16	29	32	23
gene:Bcin08g04290	3497	4532	3332	5989	6472	4778
gene:Bcin08g04300	1355	1697	1239	1301	1238	997
gene:Bcin08g04310	13	12	8	13	16	7
gene:Bcin08g04320	20	23	14	4	16	7
gene:EFBcG00000013181	0	0	0	0	0	0
gene:ENSRNA049535945	0	0	0	0	0	0
gene:Bcin08g04330	103	107	97	116	91	104
gene:Bcin08g04340	132	136	106	118	80	96
gene:Bcin08g04350	70	56	52	89	74	71
gene:Bcin08g04360	1069	1307	866	590	437	511
gene:Bcin08g04370	427	543	369	496	405	417
gene:Bcin08g04380	982	1261	841	1447	1237	1136
gene:Bcin08g04390	393	464	363	329	316	282
gene:Bcin08g04400	0	3	3	2	1	0
gene:Bcin08g04410	14	13	21	1	6	8
gene:Bcin08g04420	542	684	554	998	731	653
gene:Bcin08g04430	356	429	356	182	111	138
gene:Bcin08g04440	630	823	677	805	610	576
gene:Bcin08g04450	589	677	545	335	241	253
gene:Bcin08g04460	61	76	57	130	178	161
gene:Bcin08g04470	609	708	556	958	884	574
gene:Bcin08g04480	1139	1323	1084	1285	1086	849
gene:Bcin08g04490	250	310	254	406	406	316
gene:Bcin08g04500	1416	1487	1354	1696	1234	1009
gene:Bcin08g04510	838	962	630	567	380	350
gene:Bcin08g04520	209	279	151	145	166	123
gene:Bcin08g04530	922	1104	796	1379	1323	1034
gene:Bcin08g04540	5910	6381	5788	7102	6221	5588
gene:Bcin08g04550	75	59	51	81	64	34
gene:Bcin08g04560	920	883	935	939	866	622
gene:Bcin08g04570	925	1075	961	1094	866	630
gene:Bcin08g04580	4	8	2	2	1	2
gene:Bcin08g04590	2522	2179	1754	22	18	21
gene:Bcin08g04600	673	857	1025	38	18	30
gene:Bcin08g04610	99	123	83	294	180	168
gene:Bcin08g04620	0	1	1	3	2	2
gene:Bcin08g04630	51	33	47	17	20	4
gene:Bcin08g04640	16	12	6	12	8	17
gene:Bcin08g04650	1183	1355	1295	1235	938	749
gene:Bcin08g04660	254	231	150	274	200	175
gene:Bcin08g04670	494	518	510	808	489	503
gene:Bcin08g04680	207	244	183	237	173	140
gene:Bcin08g04690	11	17	23	17	11	14
gene:Bcin08g04700	249	263	209	153	332	163
gene:Bcin08g04710	749	868	542	409	296	269
gene:Bcin08g04720	8	12	11	20	27	15
gene:ENSRNA049513547	0	0	0	0	0	0
gene:EFBcG00000013103	0	0	0	0	0	0
gene:ENSRNA049513517	1	0	0	2	1	0
gene:Bcin08g04730	5116	6023	4323	1942	1501	1307
gene:Bcin08g04740	76	70	57	64	37	30
gene:Bcin08g04750	303	365	310	471	248	280
gene:Bcin08g04760	437	490	426	375	335	248
gene:Bcin08g04770	639	726	666	1196	895	701
gene:Bcin08g04780	3003	3497	2707	4727	7129	4406
gene:Bcin08g04790	10	14	7	13	16	11
gene:Bcin08g04800	3	4	7	3	4	7
gene:Bcin08g04810	589	637	527	1213	1364	951
gene:Bcin08g04820	145	146	104	234	278	164
gene:Bcin08g04830	7489	6763	6445	3879	5629	3146
gene:Bcin08g04840	241	302	276	1419	962	652
gene:Bcin08g04850	2034	2367	2302	2593	3003	1844
gene:Bcin08g04860	514	635	552	497	503	339
gene:Bcin08g04870	277	321	231	305	253	250
gene:Bcin08g04880	51	38	49	61	109	54
gene:Bcin08g04890	1392	1406	1239	1312	1612	684
gene:Bcin08g04900	135	140	92	101	60	60
gene:Bcin08g04910	4121	4393	3519	45	17	20
gene:Bcin08g04920	275	308	258	33	12	10
gene:Bcin08g04930	37	49	41	232	94	70
gene:Bcin08g04940	109	108	103	341	180	160
gene:Bcin08g04950	630	693	584	616	586	410
gene:Bcin08g04970	24	24	13	23	30	24
gene:Bcin08g04960	0	0	0	0	0	0
gene:Bcin08g04980	311	293	266	242	216	181
gene:Bcin08g04990	1144	1226	1044	733	897	611
gene:Bcin08g05000	351	495	381	143	85	101
gene:Bcin08g05010	5939	5725	7319	8558	10734	4575
gene:Bcin08g05020	2	4	2	7	42	3
gene:Bcin08g05030	171	264	111	117	102	97
gene:Bcin08g05040	1590	2837	495	311	148	198
gene:Bcin08g05050	1938	3777	732	477	229	258
gene:Bcin08g05060	791	776	470	890	1815	1077
gene:Bcin08g05070	642	679	632	832	806	507
gene:Bcin08g05080	592	723	559	526	564	468
gene:Bcin08g05090	57	49	43	552	864	216
gene:Bcin08g05100	2367	4008	697	374	209	197
gene:Bcin08g05110	208	184	179	112	103	60
gene:Bcin08g05120	481	449	423	562	559	420
gene:Bcin08g05130	1077	1276	1089	1021	1064	759
gene:Bcin08g05140	274	329	261	321	232	184
gene:Bcin08g05150	1855	1997	1832	2681	2752	1877
gene:Bcin08g05160	4958	5399	3810	3647	2930	2448
gene:Bcin08g05170	44	39	31	88	47	46
gene:Bcin08g05180	329	337	301	261	194	203
gene:Bcin08g05190	3249	4119	2631	2309	1960	1715
gene:Bcin08g05200	6151	7871	3265	599	746	438
gene:Bcin08g05210	216	221	161	130	202	122
gene:Bcin08g05220	6888	8118	6793	12370	11618	9642
gene:Bcin08g05230	668	787	597	857	583	628
gene:Bcin08g05240	878	935	693	1141	926	728
gene:Bcin08g05250	753	830	642	972	671	620
gene:Bcin08g05260	227	243	184	224	166	138
gene:Bcin08g05270	402	484	460	471	384	401
gene:Bcin08g05280	61	77	43	7	12	4
gene:Bcin08g05290	3492	4210	3066	3255	2659	2406
gene:Bcin08g05300	108	153	116	162	187	127
gene:Bcin08g05310	1240	1442	1214	1571	1250	1123
gene:Bcin08g05320	6670	7390	5588	9171	7207	6342
gene:Bcin08g05330	9	12	4	30	14	12
gene:Bcin08g05340	2	1	3	0	4	2
gene:Bcin08g05350	156	210	124	108	88	98
gene:Bcin08g05360	49	36	51	41	41	38
gene:Bcin08g05370	23	25	28	0	2	3
gene:Bcin08g05380	82	89	76	131	86	82
gene:Bcin08g05390	2942	3076	2700	3896	2999	2963
gene:Bcin08g05400	189	233	160	193	157	146
gene:Bcin08g05410	1058	1378	924	729	500	502
gene:Bcin08g05420	884	1027	840	307	234	282
gene:Bcin08g05430	461	490	348	440	466	407
gene:Bcin08g05440	201	258	109	160	187	131
gene:Bcin08g05450	13	10	27	84	52	82
gene:Bcin08g05460	2	3	1	0	1	1
gene:Bcin08g05470	1639	1991	1836	2920	2263	2176
gene:Bcin08g05480	2	2	1	9	3	3
gene:Bcin08g05490	234	264	259	232	209	146
gene:Bcin08g05500	1065	1279	873	2923	3393	1258
gene:Bcin08g05510	501	612	432	531	404	371
gene:Bcin08g05520	114	123	83	304	378	248
gene:Bcin08g05530	312	302	273	404	298	238
gene:EFBcG00000013144	0	0	0	0	0	0
gene:ENSRNA049535913	0	0	0	0	0	0
gene:Bcin08g05540	15414	13280	20948	87691	110738	78928
gene:Bcin08g05550	295	357	259	403	454	358
gene:Bcin08g05560	1140	1404	1110	1004	829	702
gene:Bcin08g05570	776	795	810	313	976	395
gene:Bcin08g05580	176	188	146	194	200	144
gene:Bcin08g05590	762	716	579	897	687	535
gene:Bcin08g05600	7232	7413	5598	918	638	401
gene:Bcin08g05610	8	14	2	4	1	6
gene:Bcin08g05620	1	8	4	1	1	1
gene:Bcin08g05630	2475	2563	1966	2729	2687	2002
gene:Bcin08g05640	6	5	6	8	6	7
gene:Bcin08g05650	7	10	5	14	24	17
gene:Bcin08g05660	0	0	0	0	0	0
gene:Bcin08g05670	0	0	0	0	0	0
gene:Bcin08g05680	0	0	0	0	4	2
gene:Bcin08g05690	3	2	1	1	5	4
gene:Bcin08g05700	808	928	609	493	380	342
gene:Bcin08g05710	4	11	9	12	4	12
gene:Bcin08g05720	1	0	1	2	3	2
gene:Bcin08g05730	5	2	2	144	346	201
gene:Bcin08g05740	0	0	0	0	0	0
gene:Bcin08g05750	2	4	3	1	4	2
gene:Bcin08g05760	245	281	255	195	161	140
gene:Bcin08g05770	7259	8277	5847	5950	5046	4567
gene:Bcin08g05780	1507	1360	1336	1411	2827	1036
gene:Bcin08g05790	0	0	0	0	0	0
gene:Bcin08g05800	4963	5388	5400	2447	2852	1761
gene:Bcin08g05810	13	17	14	29	26	15
gene:Bcin08g05820	22	26	15	43	58	31
gene:Bcin08g05830	1807	2111	1767	1672	1409	1168
gene:Bcin08g05840	305	303	316	269	185	118
gene:Bcin08g05850	693	732	574	571	362	459
gene:Bcin08g05860	134	152	115	115	117	89
gene:Bcin08g05870	5026	6157	4224	139	144	132
gene:Bcin08g05880	1074	1220	960	987	861	834
gene:Bcin08g05890	803	886	619	1231	840	711
gene:Bcin08g05900	140	184	126	114	102	94
gene:Bcin08g05910	584	619	571	588	490	428
gene:Bcin08g05920	2726	3186	2316	2442	2554	2004
gene:Bcin08g05930	229	294	252	318	329	285
gene:Bcin08g05940	84	104	75	104	103	76
gene:Bcin08g05950	44	49	27	36	41	42
gene:Bcin08g05960	256	328	235	407	425	356
gene:EFBcG00000013355	0	0	0	0	0	0
gene:ENSRNA049535893	0	0	0	0	0	0
gene:Bcin08g05970	524	498	608	794	317	274
gene:Bcin08g05980	1	1	1	2	1	1
gene:Bcin08g05990	0	0	0	0	0	0
gene:Bcin08g06000	0	0	0	0	0	0
gene:Bcin08g06010	2	0	1	0	1	0
gene:Bcin08g06020	1386	1673	1266	1019	1089	772
gene:Bcin08g06030	867	1124	709	620	481	475
gene:Bcin08g06040	5225	5954	5070	2258	1486	1294
gene:Bcin08g06050	8	23	22	10	6	11
gene:Bcin08g06060	1	1	0	0	0	0
gene:Bcin08g06070	0	0	0	1	1	0
gene:Bcin08g06080	0	1	1	1	2	3
gene:Bcin08g06090	303	291	227	380	298	227
gene:Bcin08g06100	83	148	117	24	6	12
gene:Bcin08g06110	183	197	120	2503	1451	1292
gene:Bcin08g06120	1	0	0	2	0	2
gene:Bcin08g06130	0	0	0	5	0	1
gene:Bcin08g06140	312	378	246	219	309	229
gene:Bcin08g06150	1283	1590	1234	1034	821	774
gene:Bcin08g06160	5846	5010	4053	5	13	5
gene:Bcin08g06170	67	49	63	1	1	0
gene:Bcin08g06180	2	3	1	1	3	2
gene:Bcin08g06190	0	0	1	2	0	0
gene:Bcin08g06200	518	501	463	446	331	283
gene:Bcin08g06210	534	645	394	606	439	314
gene:Bcin08g06220	2951	3944	1962	1870	1914	1449
gene:Bcin08g06230	47	38	55	408	415	270
gene:Bcin08g06240	160	211	123	420	398	316
gene:Bcin08g06250	257	303	250	201	182	152
gene:Bcin08g06260	339	409	340	476	416	360
gene:Bcin08g06270	817	1001	784	122	66	73
gene:Bcin08g06280	14	26	9	12	18	16
gene:Bcin08g06290	21	28	11	46	46	27
gene:Bcin08g06300	4759	4344	4647	5312	7452	5008
gene:Bcin08g06310	466	436	408	345	561	377
gene:Bcin08g06320	384	441	424	490	355	314
gene:Bcin08g06330	2	6	6	10	17	5
gene:Bcin08g06340	9	17	8	10	14	20
gene:Bcin08g06350	12	14	17	61	82	25
gene:Bcin08g06360	0	1	1	6	4	0
gene:Bcin08g06370	89	86	70	41	53	47
gene:Bcin08g06380	469	448	309	187	227	161
gene:Bcin08g06390	151	188	165	183	151	131
gene:Bcin08g06400	304	381	292	237	246	145
gene:Bcin08g06410	1346	1287	1385	999	844	771
gene:Bcin08g06420	64	74	46	102	359	158
gene:Bcin08g06430	1124	1153	769	768	753	664
gene:Bcin08g06440	818	948	764	920	870	727
gene:Bcin08g06450	783	885	669	564	389	354
gene:Bcin08g06460	2450	1924	1768	224	930	349
gene:Bcin08g06470	14	10	5	28	15	11
gene:Bcin08g06480	620	710	588	657	494	467
gene:Bcin08g06490	45	38	36	227	116	98
gene:Bcin08g06500	111	95	95	428	282	196
gene:Bcin08g06510	5	7	6	11	5	14
gene:Bcin08g06520	2	6	2	4	4	6
gene:Bcin08g06530	1	1	2	1	4	3
gene:Bcin08g06540	2	2	2	1	3	0
gene:Bcin08g06550	958	1106	831	780	767	652
gene:Bcin08g06560	561	629	452	304	261	249
gene:Bcin08g06570	1066	1184	901	973	922	727
gene:Bcin08g06580	3	1	0	4	3	3
gene:Bcin08g06590	294	368	259	244	199	211
gene:Bcin08g06600	915	997	840	1296	1016	993
gene:Bcin08g06610	96	141	111	148	154	140
gene:Bcin08g06620	7915	8797	7664	7508	10813	7637
gene:Bcin08g06630	611	723	582	551	493	365
gene:Bcin08g06640	22	39	36	23	37	28
gene:Bcin08g06650	1723	1496	1607	890	1144	778
gene:Bcin08g06660	775	760	851	828	1354	842
gene:Bcin08g06670	60	47	34	94	103	69
gene:Bcin08g06680	1556	1816	1300	1509	1262	1059
gene:Bcin08g06690	579	518	628	211	1149	378
gene:Bcin08g06700	13111	13269	15688	6422	4045	4548
gene:EFBcG00000013268	7	12	10	14	3	14
gene:Bcin08g06710	696	836	505	8468	5297	4054
gene:Bcin08g06720	7	3	9	6	5	3
gene:Bcin08g06730	8288	11423	6970	16323	15751	12568
gene:Bcin08g06740	359	408	329	291	229	199
gene:Bcin08g06750	363	397	364	541	512	366
gene:Bcin08g06760	2062	2254	1809	1337	1201	942
gene:Bcin08g06770	327	336	277	286	256	197
gene:Bcin08g06780	7377	8590	6948	7172	5129	4680
gene:Bcin08g06790	40	44	28	29	29	31
gene:Bcin08g06800	11	17	14	25	19	16
gene:Bcin08g06810	10	15	1	8	7	6
gene:Bcin08g06820	6	3	1	3	4	0
gene:Bcin08g06830	10	17	13	45	49	33
gene:Bcin08g06840	329	341	292	588	882	563
gene:Bcin08g06850	341	355	245	315	226	220
gene:Bcin08g06860	262	257	195	173	184	107
gene:Bcin08g06870	13	14	6	7	6	11
gene:Bcin08g06880	118	127	110	412	377	284
gene:Bcin08g06890	107	137	81	317	324	218
gene:Bcin08g06900	8	8	0	697	261	241
gene:Bcin08g06910	2	1	0	21	10	7
gene:Bcin08g06920	25	21	10	34	28	12
gene:Bcin08g06930	891	1019	760	632	479	432
gene:Bcin08g06940	256	301	323	145	70	62
gene:Bcin08g06950	892	877	814	1111	845	740
gene:Bcin08g06960	452	514	371	526	353	269
gene:Bcin08g06970	88	116	56	407	374	279
gene:Bcin08g06980	11	10	4	16	23	16
gene:Bcin08g06990	106	117	106	247	174	111
gene:Bcin08g07000	436	517	471	310	236	195
gene:Bcin08g07010	2339	2933	2412	3256	2230	2141
gene:Bcin08g07020	13	17	6	24	21	19
gene:Bcin08g07030	38	35	13	50	33	35
gene:Bcin08g07040	7777	9442	5319	1588	1950	1252
gene:Bcin08g07050	28	27	16	40	39	20
gene:Bcin08g07060	1120	1188	995	1126	927	747
gene:Bcin08g07070	347	481	366	420	278	263
gene:Bcin08g07080	461	471	301	172	157	117
gene:Bcin08g07090	1056	1101	607	70	46	29
gene:Bcin08g07100	0	1	0	1	0	2
gene:Bcin08g07110	1	1	0	0	1	0
gene:Bcin08g07120	3	4	2	7	7	13
gene:Bcin08g07140	0	0	0	0	1	0
gene:Bcin09g00020	39	36	41	54	51	48
gene:Bcin09g00030	0	0	0	6	1	0
gene:Bcin09g00040	0	0	0	1	0	0
gene:Bcin09g00050	1	1	0	1	0	2
gene:Bcin09g00060	45	50	48	1368	1485	926
gene:Bcin09g00070	523	476	517	365	343	265
gene:Bcin09g00080	5540	5849	5984	3791	2795	2658
gene:Bcin09g00090	142	165	136	137	117	106
gene:Bcin09g00100	244	251	167	318	274	211
gene:Bcin09g00110	127	157	117	160	90	90
gene:Bcin09g00120	3896	3501	4749	1369	1067	1078
gene:Bcin09g00130	482	431	348	562	546	390
gene:Bcin09g00140	658	818	344	1446	2144	1215
gene:Bcin09g00150	2420	1545	6068	4729	8115	3325
gene:Bcin09g00160	6935	6735	6300	630	523	428
gene:Bcin09g00170	5314	5182	3827	868	433	494
gene:Bcin09g00180	988	981	703	213	286	145
gene:Bcin09g00190	1683	1727	1456	2072	2225	1773
gene:Bcin09g00200	3998	6213	4378	14375	15494	12098
gene:EFBcG00000013366	0	1	1	1	0	1
gene:Bcin09g00210	2564	2396	1628	24	17	12
gene:Bcin09g00220	8	17	6	4310	2252	1483
gene:Bcin09g00230	777	878	659	689	511	409
gene:Bcin09g00240	2200	2413	1784	1282	1198	968
gene:Bcin09g00250	1933	2632	1360	2455	2381	2091
gene:Bcin09g00260	1511	1797	1272	1620	1150	1024
gene:Bcin09g00270	1055	1213	879	581	528	478
gene:Bcin09g00280	8475	8649	6953	10935	8809	7461
gene:Bcin09g00290	11	10	6	12	7	11
gene:Bcin09g00300	22	19	19	47	47	27
gene:Bcin09g00310	2	5	0	29	15	10
gene:Bcin09g00320	61	47	55	596	275	171
gene:Bcin09g00330	0	0	0	0	0	0
gene:Bcin09g00340	511	644	467	428	357	373
gene:Bcin09g00350	1137	1320	1186	1786	1868	1210
gene:Bcin09g00360	1	0	1	3	1	0
gene:Bcin09g00370	731	822	544	1641	2026	702
gene:Bcin09g00380	63	52	66	154	238	159
gene:Bcin09g00390	2	5	2	3	1	0
gene:Bcin09g00400	0	0	0	0	0	0
gene:Bcin09g00410	0	0	0	0	0	0
gene:Bcin09g00420	0	0	0	0	0	0
gene:Bcin09g00430	0	0	0	0	0	0
gene:Bcin09g00440	51	44	48	39	8	17
gene:Bcin09g00450	116	149	180	33	15	28
gene:Bcin09g00460	9986	11252	10685	66	111	67
gene:Bcin09g00470	0	1	0	8	1	2
gene:Bcin09g00480	301	302	292	195	155	140
gene:Bcin09g00490	12	8	12	4	6	5
gene:Bcin09g00500	368	300	243	10	130	23
gene:Bcin09g00510	3496	4168	3569	2946	2244	1919
gene:Bcin09g00520	20	16	11	24	30	22
gene:Bcin09g00530	35	32	31	42	46	39
gene:Bcin09g00540	3643	4081	3730	4856	3666	3570
gene:Bcin09g00550	868	1166	645	348	180	219
gene:Bcin09g00560	349	422	310	382	270	234
gene:Bcin09g00570	37	48	30	881	421	350
gene:Bcin09g00580	220	278	191	222	113	113
gene:Bcin09g00590	1634	2063	1829	1074	593	730
gene:Bcin09g00600	2122	2792	2478	1499	1022	988
gene:Bcin09g00610	0	0	0	2	0	0
gene:Bcin09g00620	501	423	425	267	450	361
gene:Bcin09g00630	0	0	0	1	0	0
gene:Bcin09g00640	0	0	0	0	0	0
gene:Bcin09g00650	2826	4205	1342	196	135	81
gene:Bcin09g00660	2692	3405	1768	394	285	308
gene:Bcin09g00670	0	0	0	0	0	0
gene:Bcin09g00680	34	31	42	43	24	27
gene:Bcin09g00690	0	0	0	0	0	0
gene:Bcin09g00700	1	0	0	0	0	0
gene:Bcin09g00710	0	0	0	0	1	0
gene:Bcin09g00720	0	0	0	0	0	3
gene:Bcin09g00730	11	10	17	7	3	1
gene:Bcin09g00740	8	11	7	17	17	13
gene:Bcin09g00750	6	4	4	10	7	5
gene:Bcin09g00760	798	901	607	655	407	375
gene:Bcin09g00770	544	605	561	264	221	197
gene:Bcin09g00780	0	0	0	0	0	0
gene:Bcin09g00790	316	358	341	348	271	150
gene:Bcin09g00800	6958	7466	11055	220	179	110
gene:Bcin09g00810	176	187	259	0	1	1
gene:Bcin09g00820	25	32	42	2	0	0
gene:Bcin09g00830	682	784	761	395	459	320
gene:Bcin09g00840	146	153	126	105	85	83
gene:Bcin09g00850	30	40	32	77	40	31
gene:Bcin09g00860	12	10	20	187	37	69
gene:Bcin09g00870	5366	5716	3976	9624	7137	5763
gene:Bcin09g00880	160	165	156	389	298	234
gene:Bcin09g00890	1	0	0	2	2	3
gene:Bcin09g00900	0	0	0	3	1	0
gene:Bcin09g00910	428	635	435	36	23	16
gene:Bcin09g00920	2876	3073	2500	2270	3611	2085
gene:Bcin09g00930	538	572	386	143	90	85
gene:Bcin09g00940	2	1	1	5	8	14
gene:Bcin09g00950	3	1	1	0	0	0
gene:Bcin09g00960	3	14	3	20	92	35
gene:Bcin09g00970	7	8	5	15	5	11
gene:Bcin09g00980	8816	10129	6952	2620	2007	1875
gene:Bcin09g00990	436	477	396	469	382	310
gene:Bcin09g01000	626	621	464	422	313	283
gene:Bcin09g01010	2	9	8	10	8	15
gene:Bcin09g01020	415	427	412	787	1123	804
gene:Bcin09g01030	815	863	768	1242	1585	1269
gene:Bcin09g01040	169	263	117	120	69	90
gene:Bcin09g01050	14	21	11	7	14	4
gene:Bcin09g01060	1464	1299	1172	725	928	763
gene:Bcin09g01070	52	60	83	11	8	5
gene:Bcin09g01080	1636	1852	1574	1319	1272	1009
gene:Bcin09g01090	0	1	0	0	0	0
gene:Bcin09g01100	2	1	1	1	2	1
gene:Bcin09g01110	13762	14907	13302	1903	2479	1738
gene:Bcin09g01120	228	241	192	258	191	215
gene:Bcin09g01130	0	1	0	1	0	1
gene:Bcin09g01140	22	31	23	25	21	20
gene:Bcin09g01150	1140	1141	1043	270	344	289
gene:Bcin09g01160	566	618	455	1731	2170	1464
gene:Bcin09g01170	478	722	323	411	416	353
gene:Bcin09g01180	1722	2128	1663	1707	1260	1056
gene:Bcin09g01190	10487	13372	5312	258	325	270
gene:Bcin09g01200	355	403	315	439	381	316
gene:Bcin09g01210	1110	1479	998	2065	2160	1009
gene:Bcin09g01220	1	0	0	1	0	0
gene:Bcin09g01230	366	426	346	263	232	194
gene:Bcin09g01240	1634	2075	1451	952	993	776
gene:Bcin09g01250	277	260	310	280	194	157
gene:Bcin09g01260	1150	1253	1045	1045	998	846
gene:Bcin09g01270	44	47	43	58	92	69
gene:Bcin09g01280	332	336	334	112	329	140
gene:Bcin09g01290	363	334	321	105	616	162
gene:Bcin09g01300	826	976	969	4913	6813	4911
gene:Bcin09g01310	2849	2708	2303	1737	3505	1791
gene:Bcin09g01320	34814	39025	18019	772	434	346
gene:Bcin09g01330	1939	2088	1624	1242	1125	940
gene:Bcin09g01340	1481	1778	1522	1548	1246	1025
gene:Bcin09g01350	291	366	226	231	247	182
gene:Bcin09g01360	583	753	593	623	553	513
gene:Bcin09g01370	424	536	374	629	519	394
gene:Bcin09g01380	38	26	25	5	9	16
gene:Bcin09g01390	479	414	404	476	432	261
gene:Bcin09g01400	5889	5632	7275	2766	2131	2226
gene:Bcin09g01410	286	302	314	244	167	154
gene:Bcin09g01420	1795	1891	1740	1294	975	993
gene:Bcin09g01430	25	37	28	65	68	48
gene:Bcin09g01440	1005	1332	917	727	766	639
gene:Bcin09g01450	490	537	433	486	483	347
gene:Bcin09g01460	1013	1049	950	1170	839	805
gene:Bcin09g01470	2	1	1	1	3	3
gene:Bcin09g01480	1	2	0	8	5	4
gene:Bcin09g01490	1	1	1	2	1	0
gene:Bcin09g01500	4	7	3	9	5	7
gene:Bcin09g01510	8	9	4	3	9	11
gene:Bcin09g01520	1637	1855	1657	1137	1079	884
gene:Bcin09g01530	1669	1709	1728	336	237	219
gene:Bcin09g01540	123	173	131	38	29	40
gene:Bcin09g01550	1897	2380	1858	2926	2485	2264
gene:Bcin09g01560	2922	3425	2612	3334	2178	2084
gene:Bcin09g01570	297	283	235	355	233	213
gene:Bcin09g01580	106	104	98	329	344	213
gene:Bcin09g01590	17	7	12	58	66	45
gene:Bcin09g01610	2472	1401	3937	2281	4538	3073
gene:Bcin09g01620	299	358	327	236	197	187
gene:Bcin09g01640	993	1166	880	836	543	639
gene:Bcin09g01650	444	586	399	442	222	239
gene:Bcin09g01660	20	20	17	32	22	15
gene:Bcin09g01670	695	865	590	856	759	651
gene:Bcin09g01680	194	235	212	186	128	112
gene:Bcin09g01690	32	30	31	38	24	30
gene:Bcin09g01700	999	1217	949	507	312	345
gene:Bcin09g01710	22	27	14	426	463	449
gene:Bcin09g01720	812	990	742	626	506	527
gene:Bcin09g01730	1626	1741	1360	2059	1846	1511
gene:Bcin09g01740	2230	1981	388	108	86	49
gene:Bcin09g01750	10	3	6	11	12	7
gene:Bcin09g01760	646	651	521	502	516	478
gene:Bcin09g01770	7	11	10	11	22	17
gene:Bcin09g01780	208	236	180	359	367	314
gene:Bcin09g01790	775	947	637	648	918	578
gene:Bcin09g01800	178	203	120	569	659	364
gene:Bcin09g01810	67	89	61	73	59	49
gene:Bcin09g01820	1033	1164	940	1252	1065	942
gene:Bcin09g01830	438	519	396	423	408	314
gene:Bcin09g01840	444	482	390	545	433	405
gene:Bcin09g01850	751	821	638	815	837	694
gene:Bcin09g01860	7	10	8	17	10	10
gene:Bcin09g01870	0	0	1	0	0	0
gene:Bcin09g01880	0	0	0	0	0	0
gene:Bcin09g01890	119	164	44	188	188	135
gene:Bcin09g01900	24	31	12	42	23	27
gene:Bcin09g01910	18	24	11	44	18	22
gene:Bcin09g01920	299	390	269	260	204	179
gene:Bcin09g01930	9707	13299	6608	3654	2896	2587
gene:Bcin09g01940	7	8	0	2	1	0
gene:Bcin09g01950	361	470	344	482	409	321
gene:Bcin09g01960	509	610	550	491	400	378
gene:Bcin09g01970	796	825	886	2397	3314	2731
gene:Bcin09g01980	6	5	7	16	12	14
gene:Bcin09g01990	54	55	36	50	40	29
gene:Bcin09g02000	810	880	808	745	358	432
gene:Bcin09g02010	545	596	452	277	322	238
gene:Bcin09g02020	1323	1828	923	1501	1405	1080
gene:Bcin09g02030	198	274	193	42	36	29
gene:Bcin09g02040	21	15	13	43	41	19
gene:Bcin09g02050	3	1	0	3	1	1
gene:Bcin09g02060	1	1	0	0	0	1
gene:Bcin09g02070	381	429	290	454	480	215
gene:Bcin09g02080	164	190	155	139	262	183
gene:Bcin09g02090	3003	3443	2826	5166	5515	3675
gene:Bcin09g02100	5270	5595	5432	6248	4850	4700
gene:Bcin09g02120	0	0	0	0	1	0
gene:Bcin09g02130	843	802	582	400	1228	434
gene:Bcin09g02140	16	22	18	157	164	143
gene:Bcin09g02150	778	523	627	275	216	178
gene:Bcin09g02160	762	566	630	400	295	253
gene:Bcin09g02170	484	432	309	641	432	374
gene:Bcin09g02180	903	901	557	1036	677	622
gene:Bcin09g02190	485	475	370	558	381	360
gene:Bcin09g02200	1577	1718	1444	2263	2382	1985
gene:Bcin09g02210	2929	3237	2664	3561	2514	2214
gene:Bcin09g02220	1	0	1	4	2	1
gene:Bcin09g02230	41	23	17	28	33	14
gene:Bcin09g02240	1434	1496	1259	1394	1119	1112
gene:Bcin09g02250	7	25	15	5	8	2
gene:Bcin09g02260	227	192	110	79	57	53
gene:Bcin09g02270	13241	12522	10303	9787	9647	9209
gene:Bcin09g02280	1092	1188	940	1038	834	773
gene:Bcin09g02290	509	594	285	309	169	172
gene:Bcin09g02300	68	71	22	16	26	21
gene:Bcin09g02310	405	374	352	343	249	232
gene:Bcin09g02320	2448	2684	2161	2137	2532	2103
gene:Bcin09g02330	124	152	85	150	196	161
gene:Bcin09g02340	41	39	28	40	65	33
gene:Bcin09g02350	4500	6015	4509	1720	2975	2058
gene:Bcin09g02360	582	686	691	912	788	644
gene:Bcin09g02370	2252	2735	2289	1846	1165	1123
gene:Bcin09g02380	7	6	6	17	8	4
gene:Bcin09g02390	3445	3894	2952	4309	3802	3211
gene:Bcin09g02400	54	65	51	65	64	64
gene:Bcin09g02410	9	10	7	5	6	8
gene:Bcin09g02420	3211	3491	3020	2418	2080	1767
gene:Bcin09g02430	655	818	589	722	767	598
gene:Bcin09g02440	48	36	46	49	84	42
gene:Bcin09g02450	389	382	384	216	178	174
gene:Bcin09g02460	1378	1525	1289	1676	1425	1311
gene:Bcin09g02470	1311	1476	1133	1715	1265	1211
gene:Bcin09g02480	247	270	192	585	508	486
gene:Bcin09g02490	21208	21825	18846	30231	23647	23072
gene:Bcin09g02500	675	708	701	949	670	715
gene:Bcin09g02510	174	212	131	94	77	73
gene:Bcin09g02520	12	29	17	14	14	14
gene:Bcin09g02530	8	8	9	8	0	6
gene:Bcin09g02540	202	257	217	151	111	91
gene:Bcin09g02550	347	398	259	228	258	150
gene:Bcin09g02560	3017	3222	2694	1886	1807	1397
gene:Bcin09g02570	63	67	44	98	80	82
gene:Bcin09g02580	133	130	139	219	159	173
gene:Bcin09g02590	24	40	38	11	12	14
gene:Bcin09g02600	1281	1352	1356	1884	1033	869
gene:Bcin09g02610	19	22	14	15	21	21
gene:Bcin09g02620	0	3	1	3	3	2
gene:Bcin09g02630	1347	1262	1062	1275	1097	1005
gene:Bcin09g02640	6373	4368	8994	85	55	61
gene:Bcin09g02650	1065	1168	1057	803	572	532
gene:Bcin09g02660	448	512	459	686	475	401
gene:Bcin09g02670	6484	6818	6132	6736	6371	5003
gene:Bcin09g02680	7590	8955	6143	4189	4275	3484
gene:Bcin09g02690	78	110	75	44	53	43
gene:Bcin09g02700	104	147	133	163	125	70
gene:Bcin09g02710	49	45	111	71	38	23
gene:Bcin09g02720	25	25	74	16	3	0
gene:Bcin09g02730	199	296	145	550	524	519
gene:Bcin09g02740	11	12	7	25	22	16
gene:Bcin09g02750	169	220	167	171	221	160
gene:Bcin09g02760	254	287	287	357	248	263
gene:Bcin09g02770	692	782	659	643	402	477
gene:Bcin09g02780	126	145	91	113	82	49
gene:Bcin09g02790	11437	13258	7132	5447	4032	4000
gene:Bcin09g02800	1467	1724	1580	2350	1802	1066
gene:Bcin09g02810	928	1092	837	1953	1600	950
gene:Bcin09g02820	871	817	928	10500	8836	3034
gene:Bcin09g02830	63	78	37	36	28	22
gene:Bcin09g02840	188	208	208	287	205	169
gene:Bcin09g02850	835	1163	602	571	788	580
gene:Bcin09g02860	901	966	826	1349	1031	927
gene:Bcin09g02870	6	11	13	18	16	11
gene:Bcin09g02880	2	3	3	3	1	2
gene:Bcin09g02890	1333	1364	875	746	749	710
gene:Bcin09g02900	1	1	0	1	3	1
gene:Bcin09g02910	1061	1278	797	326	228	180
gene:Bcin09g02920	398	401	366	482	312	302
gene:Bcin09g02930	1025	1567	605	5190	3456	1131
gene:Bcin09g02940	5	3	5	692	681	440
gene:Bcin09g02950	1031	1096	1101	980	698	669
gene:Bcin09g02960	19	40	11	22	33	26
gene:Bcin09g02970	170	195	167	255	166	150
gene:Bcin09g02980	745	974	694	796	559	603
gene:Bcin09g02990	0	5	3	4	2	1
gene:Bcin09g03000	0	2	0	0	2	1
gene:Bcin09g03010	1153	1295	1017	640	526	407
gene:Bcin09g03020	998	1171	982	1258	901	865
gene:Bcin09g03030	226	274	199	274	202	175
gene:Bcin09g03040	528	618	470	507	369	299
gene:Bcin09g03050	1270	1383	1215	958	719	702
gene:Bcin09g03060	6	3	9	67	35	18
gene:Bcin09g03070	11	10	6	11	10	19
gene:Bcin09g03080	1	1	1	1	1	0
gene:Bcin09g03090	462	471	950	68	1088	287
gene:Bcin09g03100	2695	3091	2408	2222	1847	1428
gene:Bcin09g03110	79	81	57	188	67	82
gene:Bcin09g03120	75	73	64	189	83	72
gene:Bcin09g03130	517	536	357	445	341	293
gene:EFBcG00000013216	0	0	0	0	0	0
gene:ENSRNA049535145	0	0	0	0	0	0
gene:Bcin09g03140	2385	2460	1917	1460	2248	1317
gene:Bcin09g03150	409	424	426	387	359	225
gene:Bcin09g03160	2417	2977	2577	3419	2428	2399
gene:Bcin09g03170	88	105	83	121	112	69
gene:Bcin09g03180	227	262	187	280	397	211
gene:Bcin09g03190	980	1108	995	977	1414	665
gene:Bcin09g03200	959	1105	820	815	675	569
gene:Bcin09g03210	379	417	353	428	410	341
gene:Bcin09g03220	4208	5100	4660	5571	3591	3489
gene:Bcin09g03230	360	498	380	974	899	722
gene:Bcin09g03240	6	5	1	3	15	8
gene:Bcin09g03250	3	4	3	5	6	6
gene:Bcin09g03260	341	393	192	3273	3682	1978
gene:Bcin09g03270	3	3	6	5	9	8
gene:Bcin09g03280	467	597	424	633	388	357
gene:Bcin09g03290	2	4	2	3	0	2
gene:Bcin09g03300	32	42	15	7	9	3
gene:EFBcG00000013360	0	0	0	0	0	0
gene:ENSRNA049535318	0	0	0	0	0	0
gene:Bcin09g03310	256	237	122	230	333	199
gene:Bcin09g03320	2	1	2	1	3	3
gene:Bcin09g03330	3304	3623	3076	4077	3559	2151
gene:Bcin09g03340	162	174	145	164	145	100
gene:Bcin09g03350	5	9	2	11	7	9
gene:Bcin09g03360	372	368	326	776	851	619
gene:Bcin09g03370	499	504	408	383	304	290
gene:Bcin09g03380	555	576	502	518	443	429
gene:Bcin09g03390	2238	2725	2256	4611	4450	3047
gene:Bcin09g03400	71	134	78	125	120	117
gene:Bcin09g03410	5845	6578	5331	6903	5019	4800
gene:Bcin09g03420	158	212	176	158	107	133
gene:Bcin09g03430	313	489	280	603	456	504
gene:Bcin09g03440	217	243	233	428	377	309
gene:Bcin09g03450	4	7	3	9	13	11
gene:Bcin09g03460	0	1	2	6	0	0
gene:Bcin09g03470	37	45	31	50	27	27
gene:Bcin09g03480	80	104	30	113	134	91
gene:Bcin09g03490	725	719	670	409	530	442
gene:Bcin09g03500	0	0	0	0	0	1
gene:Bcin09g03510	0	0	0	0	0	1
gene:Bcin09g03520	0	0	1	0	0	0
gene:Bcin09g03530	5	10	6	4	0	2
gene:Bcin09g03540	3089	3418	1790	102	63	55
gene:ENSRNA049513790	8	14	7	23	11	4
gene:Bcin09g03550	19143	19404	17181	29041	24243	21233
gene:Bcin09g03560	8612	8868	7583	8184	8091	6848
gene:Bcin09g03570	5443	6019	5701	6293	6331	5054
gene:Bcin09g03580	106	102	99	39	20	22
gene:Bcin09g03590	104	88	91	97	92	104
gene:Bcin09g03600	512	422	519	594	460	347
gene:Bcin09g03610	27	24	18	64	51	20
gene:Bcin09g03620	16	16	13	36	25	30
gene:Bcin09g03630	3	16	18	22	33	18
gene:Bcin09g03640	86	94	87	86	136	56
gene:Bcin09g03650	4	7	7	9	8	13
gene:Bcin09g03660	7	1	1	5	6	5
gene:Bcin09g03670	1	0	0	6	12	6
gene:Bcin09g03680	1627	1862	1844	764	527	507
gene:Bcin09g03690	6	2	0	5	2	1
gene:Bcin09g03700	0	0	3	4	1	0
gene:Bcin09g03710	1367	1251	1192	1286	995	756
gene:Bcin09g03720	12	20	6	12	26	9
gene:Bcin09g03730	207	247	196	268	213	168
gene:Bcin09g03750	5	10	9	12	3	7
gene:Bcin09g03760	5	1	4	7	2	6
gene:Bcin09g03770	25	31	25	33	33	25
gene:Bcin09g03780	5	7	4	4	4	3
gene:Bcin09g03790	6	11	7	3	5	5
gene:Bcin09g03800	525	625	307	518	359	309
gene:Bcin09g03810	2599	3105	2037	1062	1169	757
gene:Bcin09g03820	1473	1560	1366	2430	2687	1463
gene:Bcin09g03830	0	0	0	0	1	1
gene:Bcin09g03840	20	14	33	3	2	7
gene:Bcin09g03850	203	231	62	72	38	37
gene:Bcin09g03860	75	108	71	263	317	169
gene:Bcin09g03870	452	460	369	700	905	621
gene:Bcin09g03880	1639	1872	1918	1450	1304	1029
gene:EFBcG00000013243	0	0	0	0	0	0
gene:ENSRNA049535179	0	0	0	0	0	0
gene:Bcin09g03890	359	331	344	936	976	549
gene:Bcin09g03900	1134	1320	1083	995	1174	624
gene:Bcin09g03910	2518	2858	2522	2671	2231	1802
gene:Bcin09g03920	1440	1592	1369	1190	1061	926
gene:Bcin09g03930	3561	4177	4957	3179	2600	2274
gene:Bcin09g03940	87	107	92	128	79	53
gene:Bcin09g03950	170	189	139	279	180	171
gene:Bcin09g03960	104	95	81	134	129	102
gene:Bcin09g03970	297	322	262	254	253	180
gene:Bcin09g03980	48	70	40	66	36	45
gene:Bcin09g03990	278	271	227	218	153	167
gene:Bcin09g04000	1015	992	846	289	789	503
gene:Bcin09g04010	0	1	3	2	1	1
gene:Bcin09g04020	4616	4899	3369	70	69	47
gene:Bcin09g04030	452	539	450	584	612	441
gene:EFBcG00000013148	0	0	0	0	0	0
gene:ENSRNA049513736	0	0	0	0	0	0
gene:Bcin09g04040	5	7	1	13	4	5
gene:Bcin09g04050	879	880	848	1106	797	708
gene:Bcin09g04060	1289	1368	1060	599	666	729
gene:Bcin09g04070	448	480	418	416	240	307
gene:Bcin09g04080	2	2	1	0	8	3
gene:Bcin09g04090	0	0	0	3	2	5
gene:Bcin09g04100	2621	2932	2292	2093	2138	1752
gene:Bcin09g04110	158	193	137	151	157	146
gene:Bcin09g04120	188	183	179	226	197	176
gene:Bcin09g04130	1867	2169	1741	2256	1941	1657
gene:Bcin09g04140	361	373	367	226	269	244
gene:Bcin09g04150	329	336	323	164	318	186
gene:Bcin09g04160	3922	4361	3224	5349	7069	3200
gene:Bcin09g04170	5230	4259	5388	4940	7136	3931
gene:Bcin09g04180	1	0	1	3	7	4
gene:Bcin09g04190	146	174	137	220	254	127
gene:Bcin09g04200	478	581	458	379	308	211
gene:Bcin09g04210	74	63	55	39	34	49
gene:EFBcG00000013123	0	0	0	0	0	0
gene:ENSRNA049535303	0	0	0	0	0	0
gene:Bcin09g04220	14	19	11	9	2	12
gene:Bcin09g04230	25	23	34	8	7	3
gene:Bcin09g04240	23	25	17	13	14	17
gene:Bcin09g04250	18	17	11	8	25	16
gene:Bcin09g04260	0	0	0	0	0	1
gene:Bcin09g04270	3	4	5	15	16	13
gene:Bcin09g04280	29	30	22	86	51	37
gene:Bcin09g04290	158	193	161	212	159	138
gene:Bcin09g04300	1252	1430	1191	1838	1482	1190
gene:Bcin09g04310	251	287	263	190	198	148
gene:Bcin09g04320	152	243	260	129	95	64
gene:Bcin09g04330	1551	1714	1359	796	758	630
gene:Bcin09g04340	265	238	216	378	320	227
gene:Bcin09g04350	1	0	0	0	0	0
gene:Bcin09g04360	6	2	8	8	7	1
gene:Bcin09g04370	23	35	25	28	31	16
gene:Bcin09g04380	183	226	87	46	41	26
gene:Bcin09g04390	153	154	79	227	393	298
gene:Bcin09g04400	8	6	6	74	115	92
gene:Bcin09g04410	12	11	4	15	10	7
gene:Bcin09g04420	84	98	52	38	21	25
gene:Bcin09g04430	1376	901	738	21	23	15
gene:Bcin09g04440	1312	1499	757	119	95	80
gene:Bcin09g04450	328	437	240	188	168	133
gene:Bcin09g04460	6	8	7	17	17	9
gene:Bcin09g04470	388	369	382	637	558	384
gene:Bcin09g04480	1102	1139	1014	865	922	706
gene:Bcin09g04490	866	749	571	117	115	83
gene:Bcin09g04500	10	11	10	15	16	7
gene:Bcin09g04510	38	53	32	42	50	36
gene:Bcin09g04520	5	4	2	7	12	17
gene:Bcin09g04530	0	2	1	2	1	0
gene:Bcin09g04540	9	7	8	11	8	7
gene:Bcin09g04550	1071	1347	970	982	1060	783
gene:Bcin09g04560	0	0	0	2	1	0
gene:Bcin09g04570	13	9	10	30	76	32
gene:Bcin09g04580	1039	1123	1032	1800	2032	1202
gene:Bcin09g04590	8	12	14	28	19	18
gene:Bcin09g04600	74	124	59	455	419	321
gene:Bcin09g04610	205	352	166	1336	952	958
gene:Bcin09g04620	109	136	64	39	155	55
gene:Bcin09g04630	948	1088	864	783	467	539
gene:Bcin09g04640	8	26	11	11	11	11
gene:Bcin09g04650	684	795	672	863	678	560
gene:Bcin09g04660	248	265	187	398	321	256
gene:Bcin09g04670	4	1	5	16	2	4
gene:Bcin09g04680	0	0	2	2	4	2
gene:Bcin09g04690	3	1	2	12	8	6
gene:Bcin09g04700	37	36	26	31	52	20
gene:Bcin09g04710	2304	2118	1899	1630	3739	1063
gene:Bcin09g04720	315	372	300	309	220	214
gene:Bcin09g04730	793	920	691	678	763	585
gene:Bcin09g04740	541	636	523	505	338	304
gene:Bcin09g04750	0	0	0	1	0	0
gene:Bcin09g04760	0	0	1	0	0	0
gene:Bcin09g04770	0	0	0	0	0	0
gene:Bcin09g04780	973	1257	687	1279	1310	815
gene:Bcin09g04790	1572	1690	923	45	28	24
gene:Bcin09g04800	23	20	8	2	3	4
gene:Bcin09g04810	1	0	0	0	0	0
gene:Bcin09g04820	1	1	0	1	0	0
gene:Bcin09g04830	1	1	1	1	0	1
gene:Bcin09g04840	0	7	1	6	7	7
gene:Bcin09g04850	1031	1286	989	1098	915	782
gene:Bcin09g04860	0	0	1	2	1	0
gene:Bcin09g04870	0	3	1	2	0	0
gene:Bcin09g04880	0	2	0	2	0	1
gene:Bcin09g04890	345	369	238	150	238	112
gene:Bcin09g04900	22	41	27	55	32	33
gene:Bcin09g04910	230	250	226	344	230	190
gene:Bcin09g04920	175	182	140	215	144	133
gene:Bcin09g04930	234	326	203	110	79	59
gene:Bcin09g04940	517	616	564	805	619	489
gene:Bcin09g04950	17296	18587	16059	24170	19655	17814
gene:Bcin09g04960	3575	3583	3222	2833	2724	2406
gene:Bcin09g04970	4	8	4	3	10	8
gene:EFBcG00000013187	0	0	0	0	0	0
gene:ENSRNA049535278	0	0	0	0	0	0
gene:Bcin09g04980	368	369	330	348	234	202
gene:EFBcG00000013205	0	0	0	0	0	0
gene:Bcin09g04990	47	43	32	38	25	22
gene:Bcin09g05000	36	35	38	62	35	30
gene:Bcin09g05010	545	613	500	3468	1772	1338
gene:Bcin09g05020	63	80	107	920	1008	469
gene:Bcin09g05030	1002	836	934	493	411	434
gene:Bcin09g05040	839	905	913	904	791	681
gene:Bcin09g05050	25	26	21	48	33	15
gene:Bcin09g05060	677	816	658	1035	697	608
gene:Bcin09g05070	4	1	0	6	4	0
gene:Bcin09g05080	29	44	39	52	82	32
gene:Bcin09g05090	525	503	311	338	442	348
gene:Bcin09g05100	317	406	271	460	360	280
gene:Bcin09g05110	1686	1698	1029	367	600	386
gene:Bcin09g05120	7620	8314	6092	1435	944	1008
gene:Bcin09g05130	97	69	116	82	211	55
gene:Bcin09g05140	12	13	14	15	35	12
gene:Bcin09g05150	980	1330	1488	2135	1825	1440
gene:Bcin09g05160	14	9	14	16	15	9
gene:Bcin09g05170	59	65	49	28	18	22
gene:Bcin09g05180	2883	3168	1892	61	43	38
gene:Bcin09g05190	381	427	288	198	104	133
gene:Bcin09g05200	492	524	455	356	295	256
gene:Bcin09g05210	460	571	470	549	454	315
gene:Bcin09g05220	131	153	104	98	83	68
gene:Bcin09g05230	7	10	3	3	0	0
gene:Bcin09g05240	683	373	103	57	96	44
gene:Bcin09g05250	461	618	247	1421	2056	662
gene:Bcin09g05260	199	269	194	297	280	283
gene:Bcin09g05270	151	173	203	357	573	489
gene:Bcin09g05280	814	929	985	439	394	307
gene:Bcin09g05290	951	1140	911	895	929	777
gene:Bcin09g05300	3039	3022	2872	2683	2125	1999
gene:Bcin09g05310	5703	6672	4735	7116	7793	5531
gene:Bcin09g05320	4	6	10	5	10	9
gene:Bcin09g05330	16	22	16	22	26	16
gene:Bcin09g05340	24	19	15	23	26	19
gene:Bcin09g05350	14	10	7	25	19	11
gene:Bcin09g05360	1	0	1	1	0	3
gene:Bcin09g05370	1	0	0	0	0	1
gene:Bcin09g05380	782	903	526	657	540	474
gene:Bcin09g05390	101	122	100	57	91	47
gene:Bcin09g05400	197	244	183	139	163	112
gene:Bcin09g05410	0	0	1	2	4	1
gene:Bcin09g05420	38	33	37	120	59	58
gene:Bcin09g05430	73	77	70	50	25	46
gene:Bcin09g05440	42	54	33	79	67	25
gene:Bcin09g05450	411	348	367	2279	3064	793
gene:Bcin09g05460	87	78	86	56	87	45
gene:Bcin09g05470	105	78	65	32	30	36
gene:Bcin09g05480	4	2	2	1	1	1
gene:Bcin09g05490	133	234	112	135	150	106
gene:Bcin09g05500	21	31	55	0	2	2
gene:Bcin09g05510	197	236	146	81	68	68
gene:Bcin09g05520	95	83	71	44	24	35
gene:Bcin09g05530	358	398	257	190	129	104
gene:Bcin09g05540	269	277	247	170	144	130
gene:Bcin09g05550	50	58	54	56	55	28
gene:Bcin09g05560	32	44	30	26	16	16
gene:Bcin09g05570	137	177	89	19	3	8
gene:Bcin09g05580	883	1170	675	1376	1747	1056
gene:Bcin09g05590	29231	30430	26149	33250	27606	23289
gene:Bcin09g05600	13213	13934	11691	20235	15624	14572
gene:Bcin09g05610	1619	1892	1478	1521	1435	895
gene:Bcin09g05620	0	0	0	0	1	0
gene:EFBcG00000013200	0	0	0	0	0	0
gene:ENSRNA049513770	0	0	0	0	0	0
gene:EFBcG00000013323	1	0	0	0	0	0
gene:Bcin09g05630	2684	2872	2058	1996	1740	1506
gene:Bcin09g05640	528	537	670	828	1075	910
gene:Bcin09g05650	1385	1770	1778	2368	1760	1646
gene:Bcin09g05660	89	93	68	49	48	38
gene:Bcin09g05670	1	0	0	0	0	0
gene:Bcin09g05680	0	1	0	0	0	0
gene:Bcin09g05690	84	105	66	175	274	106
gene:Bcin09g05700	96	110	120	23	22	16
gene:Bcin09g05710	0	1	3	1	0	1
gene:Bcin09g05720	0	1	0	1	1	0
gene:Bcin09g05730	0	0	0	0	0	1
gene:Bcin09g05740	157	151	168	69	61	55
gene:Bcin09g05750	2	2	2	3	13	2
gene:Bcin09g05760	166393	173060	137060	167381	146668	132581
gene:Bcin09g05770	0	0	0	0	0	0
gene:Bcin09g05780	30	50	26	22	20	12
gene:Bcin09g05790	362	462	295	265	147	157
gene:Bcin09g05800	815	976	803	695	433	409
gene:Bcin09g05810	93	138	83	97	60	72
gene:EFBcG00000013235	0	0	0	0	0	0
gene:ENSRNA049535221	0	0	0	0	0	0
gene:EFBcG00000013165	2	3	0	2	1	0
gene:EFBcG00000013381	0	0	0	0	0	0
gene:ENSRNA049535182	0	0	0	0	0	0
gene:Bcin09g05820	814	928	800	754	527	471
gene:Bcin09g05830	40	56	34	40	64	31
gene:Bcin09g05840	2620	2717	2199	1559	1358	1105
gene:Bcin09g05850	0	0	0	0	0	0
gene:Bcin09g05860	0	0	0	0	0	0
gene:Bcin09g05870	0	0	0	0	0	0
gene:Bcin09g05880	0	0	0	0	0	0
gene:Bcin09g05890	0	0	0	0	1	0
gene:Bcin09g05900	1	0	0	0	1	0
gene:Bcin09g05910	0	0	0	0	0	0
gene:EFBcG00000013121	1	1	1	8	4	1
gene:Bcin09g05920	243	306	261	349	362	321
gene:Bcin09g05930	1385	1795	1521	1870	1140	1024
gene:Bcin09g05940	9	16	7	97	185	15
gene:Bcin09g05950	2539	2918	2072	757	763	696
gene:Bcin09g05960	1158	1254	877	299	386	326
gene:Bcin09g05970	336	386	297	186	220	216
gene:Bcin09g05980	0	0	0	0	0	0
gene:Bcin09g05990	0	2	0	0	0	0
gene:Bcin09g06000	1	1	0	0	0	0
gene:Bcin09g06010	1	0	0	0	0	0
gene:Bcin09g06020	3	1	0	1	0	0
gene:Bcin09g06030	919	924	895	797	1000	622
gene:Bcin09g06040	31	42	36	109	129	97
gene:Bcin09g06050	1201	1354	1300	471	285	300
gene:Bcin09g06060	2	7	7	16	8	10
gene:Bcin09g06070	3	1	4	4	3	7
gene:Bcin09g06080	39	41	27	59	36	33
gene:Bcin09g06090	1581	1398	1251	2092	1631	1463
gene:Bcin09g06100	26	17	18	44	30	31
gene:Bcin09g06110	30891	34500	14126	2141	1602	1237
gene:Bcin09g06120	576	485	447	411	267	283
gene:Bcin09g06130	375	351	379	1707	2592	1696
gene:Bcin09g06140	2170	2467	2067	2985	2678	2203
gene:Bcin09g06150	994	1259	999	966	773	717
gene:Bcin09g06160	3101	3787	2975	3829	3112	2921
gene:Bcin09g06170	183	238	156	151	96	113
gene:Bcin09g06180	2492	3090	2812	2491	2087	1589
gene:Bcin09g06190	513	650	476	557	388	300
gene:Bcin09g06200	80	81	90	157	284	145
gene:Bcin09g06210	1311	1162	1576	124	1036	275
gene:Bcin09g06220	286	315	308	212	172	166
gene:Bcin09g06230	234	217	151	428	307	179
gene:Bcin09g06240	1428	1375	1428	973	1379	829
gene:Bcin09g06250	4934	5171	4153	5702	4838	4459
gene:Bcin09g06260	377	476	379	433	382	310
gene:Bcin09g06270	1158	1359	1103	1374	1240	945
gene:Bcin09g06280	68	65	59	90	99	47
gene:Bcin09g06290	5	5	7	23	10	8
gene:Bcin09g06300	1353	1584	1343	1204	1320	735
gene:Bcin09g06310	9	7	11	9	6	6
gene:Bcin09g06320	12	15	11	122	44	48
gene:Bcin09g06330	290	334	240	827	542	407
gene:Bcin09g06340	0	0	0	2	0	0
gene:Bcin09g06350	0	0	0	0	0	0
gene:Bcin09g06360	0	1	0	0	0	0
gene:Bcin09g06370	184	205	151	90	66	76
gene:Bcin09g06380	193	182	149	209	117	122
gene:Bcin09g06390	1504	1586	1486	1140	1256	859
gene:Bcin09g06400	2024	2236	1868	1489	1813	1101
gene:Bcin09g06410	2245	2885	1634	2427	1464	1480
gene:Bcin09g06420	5494	5622	4823	3483	2543	2361
gene:Bcin09g06430	0	0	1	1	0	0
gene:Bcin09g06440	64	80	48	126	101	61
gene:Bcin09g06450	11543	12200	10308	16790	13261	12544
gene:Bcin09g06460	5	1	2	9	5	2
gene:Bcin09g06470	122	124	103	109	99	70
gene:Bcin09g06480	14055	14232	12920	15696	15432	12381
gene:Bcin09g06490	149	185	133	163	141	128
gene:Bcin09g06500	1307	1418	1108	1615	1270	1106
gene:Bcin09g06510	736	805	820	682	490	439
gene:Bcin09g06520	753	862	996	833	536	440
gene:Bcin09g06530	417	454	398	272	175	164
gene:Bcin09g06540	29	30	35	73	27	23
gene:Bcin09g06550	0	0	0	10	11	11
gene:Bcin09g06560	40	21	36	490	728	516
gene:Bcin09g06570	25	25	23	30	20	18
gene:Bcin09g06580	51	69	49	323	401	102
gene:Bcin09g06590	16	17	11	78	71	21
gene:Bcin09g06600	881	1040	865	1028	966	741
gene:Bcin09g06610	116	118	97	145	96	84
gene:Bcin09g06620	429	439	365	261	177	188
gene:Bcin09g06630	691	773	689	739	594	447
gene:Bcin09g06640	592	609	495	528	373	337
gene:Bcin09g06650	0	0	0	0	0	0
gene:Bcin09g06660	240	228	213	445	320	275
gene:Bcin09g06670	195	169	126	306	242	151
gene:Bcin09g06680	223	167	178	834	391	354
gene:Bcin09g06690	108	99	97	383	261	203
gene:Bcin09g06700	74	55	45	434	307	215
gene:Bcin09g06710	672	670	531	1535	1343	1136
gene:Bcin09g06720	0	0	0	0	0	0
gene:Bcin09g06730	391	357	452	690	863	752
gene:Bcin09g06740	0	1	1	2	1	0
gene:Bcin09g06750	959	866	786	303	468	382
gene:Bcin09g06760	7	16	11	56	36	39
gene:Bcin09g06770	2	0	1	9	1	3
gene:Bcin09g06780	0	0	0	2	4	7
gene:Bcin09g06790	0	3	1	7	7	2
gene:Bcin09g06800	11815	12615	10091	8335	7622	7259
gene:Bcin09g06810	25	28	18	34	49	34
gene:Bcin09g06820	1252	1370	1259	1119	1044	692
gene:Bcin09g06830	1202	1362	1074	920	892	665
gene:Bcin09g06840	101	83	114	533	291	267
gene:Bcin09g06850	27	14	10	100	107	41
gene:Bcin09g06860	114	127	81	118	116	88
gene:Bcin09g06870	921	914	918	1165	1072	821
gene:Bcin09g06880	5681	4586	2512	26	14	12
gene:Bcin09g06890	2	4	2	1	1	1
gene:Bcin09g06900	2481	2611	2176	1969	1761	1384
gene:Bcin09g06910	1695	1720	1785	2442	4162	1812
gene:Bcin09g06920	0	0	0	0	0	0
gene:Bcin09g06930	139	206	135	183	122	98
gene:Bcin09g06940	309	374	290	486	410	331
gene:Bcin09g06950	93	120	78	115	55	84
gene:Bcin09g06960	590	617	552	381	304	288
gene:Bcin09g06970	64	61	48	88	61	72
gene:Bcin09g06980	292	281	253	215	150	147
gene:Bcin09g06990	1376	1197	618	197	174	153
gene:Bcin09g07000	766	903	591	889	966	616
gene:Bcin09g07010	407	493	391	89	108	114
gene:Bcin09g07020	664	852	613	605	449	412
gene:Bcin09g07030	865	1004	847	2267	2177	1390
gene:Bcin09g07040	21	22	13	19	12	9
gene:Bcin09g07050	1484	1679	1410	1666	1444	1152
gene:Bcin09g07060	1032	1229	986	1073	1082	715
gene:Bcin09g07070	9	6	8	13	10	10
gene:Bcin09g07080	59	56	65	106	87	80
gene:Bcin09g07090	119	112	152	124	127	123
gene:Bcin09g07100	0	0	0	14	5	5
gene:Bcin09g07110	1	4	1	62	130	63
gene:Bcin09g07120	10	8	8	61	32	52
gene:Bcin09g07130	4473	5509	2388	5025	11621	6600
gene:Bcin09g07140	2123	2450	1037	4081	7503	4564
