Bcin03g07540.2	FGRAMPH1_01T05981	47.0	168	78	1	1	168	110	266	5.76e-42	137
Bcin03g07540.1	FGRAMPH1_01T05981	44.8	268	103	2	9	242	10	266	7.85e-67	204
Bcin11g04540.1	FGRAMPH1_01T15651	29.1	141	97	1	92	232	267	404	1.91e-12	61.6
Bcin09p07030.1	Afu6g02460-T	69.6	161	49	0	17	177	30	190	8.74e-86	246
Bcin09p07030.1	Afu6g02460-T	69.6	161	49	0	17	177	30	190	8.74e-86	246
Bcin02p06440.2	DEG20080021	40.7	59	34	1	390	447	327	385	7.94e-06	43.5
Bcin02p06440.2	Afu4g06250-T	40.7	59	34	1	390	447	327	385	7.94e-06	43.5
Bcin02p06440.1	DEG20080021	40.7	59	34	1	335	392	327	385	6.61e-06	43.5
Bcin02p06440.1	Afu4g06250-T	40.7	59	34	1	335	392	327	385	6.61e-06	43.5
Bcin03p03530.1	FGRAMPH1_01T08281	27.4	463	247	15	88	501	2	424	1.44e-34	134
Bcin04p04100.1	MGG_02252-t26_1	28.6	280	173	9	7	282	27	283	1.44e-23	92.8
Bcin08p01650.1	FGRAMPH1_01T10979	54.6	669	262	11	1	668	1	628	4.43e-211	601
Bcin04p04800.1	MGG_02252-t26_1	77.1	271	61	1	20	289	13	283	1.31e-151	421
Bcin01p02780.1	Afu7g03740-T	64.6	522	181	2	1	522	1	518	7.96e-253	697
Bcin01p02780.1	Afu4g06890-T	59.9	501	191	3	29	522	12	509	7.99e-222	618
Bcin15p03120.1	Afu5g02450-T	68.0	347	111	0	1	347	1	347	7.92e-174	482
Bcin12p00750.1	MGG_12005-t26_1	75.2	1310	314	6	4	1309	9	1311	0.0	1946
Bcin05p02960.1	FGRAMPH1_01T02007	41.2	660	357	10	52	686	79	732	3.19e-157	479
Bcin09p06410.1	AFUB_014560-T	75.1	586	146	0	1	586	1	586	0.0	929
Bcin09p06410.1	FGRAMPH1_01T22779	71.4	590	166	2	1	587	1	590	2.02e-313	859
Bcin01p08050.1	MGG_15868-t26_1	64.1	412	148	0	1	412	1	412	1.64e-199	553
Bcin01p08050.2	MGG_15868-t26_1	64.1	412	148	0	1	412	1	412	1.64e-199	553
Bcin03p06100.1	MGG_12005-t26_1	25.8	1075	565	20	330	1238	186	1193	5.35e-85	300
Bcin16p01210.1	Afu2g08390-T	58.9	409	146	3	84	489	1	390	3.01e-102	315
Bcin08p03280.1	Afu5g12820-T	49.3	134	64	1	52	181	40	173	3.88e-42	135
Bcin06p02850.2	Afu2g02510-T	59.9	1348	503	14	133	1461	106	1435	0.0	1572
Bcin06p02850.1	Afu2g02510-T	59.9	1348	503	14	133	1461	106	1435	0.0	1572
Bcin08p01640.5	MGG_04100-t26_1	27.3	304	165	12	367	666	60	311	1.05e-20	92.8
Bcin08p01640.5	FGRAMPH1_01T14347	27.7	235	137	7	372	597	62	272	2.36e-18	84.0
Bcin08p01640.5	FGRAMPH1_01T14347	27.7	235	137	7	372	597	62	272	2.36e-18	84.0
Bcin08p01640.5	UMAG_04456_t1	27.5	265	161	9	340	604	69	302	2.44e-18	83.2
Bcin08p01640.5	MGG_00883-t26_1	28.5	235	144	4	362	591	1234	1449	5.80e-18	84.0
Bcin08p01640.5	UMAG_06363_t1	26.0	277	141	8	371	609	20	270	6.14e-15	73.9
Bcin08p01640.5	MGG_06393-t26_1	25.9	243	146	6	369	582	22	259	1.06e-14	73.2
Bcin08p01640.5	ZT3D1_G5024_t1	27.4	223	138	6	368	582	649	855	1.36e-14	72.8
Bcin08p01640.5	ZTRI_4.424.mRNA	27.4	223	138	6	368	582	649	855	1.36e-14	72.8
Bcin08p01640.5	Bcin07g00720.1:RNA	29.1	247	126	10	370	579	27	261	4.12e-14	71.2
Bcin08p01640.5	FGRAMPH1_01T20307	23.7	224	150	6	369	584	242	452	6.60e-14	70.5
Bcin08p01640.5	FGRAMPH1_01T20307	23.7	224	150	6	369	584	242	452	6.60e-14	70.5
Bcin08p01640.5	FGRAMPH1_01T10677	27.1	255	142	13	367	604	59	286	9.05e-14	68.9
Bcin08p01640.5	FGRAMPH1_01T18903	24.7	287	164	10	370	654	290	526	3.86e-13	67.8
Bcin08p01640.5	FGRAMPH1_01T18903	24.7	287	164	10	370	654	290	526	3.86e-13	67.8
Bcin08p01640.5	FGRAMPH1_01T24535	29.9	174	89	7	416	579	76	226	8.18e-11	59.7
Bcin08p01640.5	MGG_12122-t26_1	29.3	174	90	7	416	579	76	226	3.34e-10	57.8
Bcin08p01640.5	UMAG_11410_t1	25.4	189	98	9	412	579	159	325	2.48e-09	55.8
Bcin08p01640.5	MGG_03696	28.4	176	96	9	411	582	72	221	4.60e-09	53.9
Bcin08p01640.5	FGRAMPH1_01T01705	29.0	176	95	9	411	582	69	218	8.07e-09	53.1
Bcin08p01640.5	FGRAMPH1_01T01705	29.0	176	95	9	411	582	69	218	8.07e-09	53.1
Bcin08p01640.1	MGG_04100-t26_1	27.3	304	165	12	367	666	60	311	1.05e-20	92.8
Bcin08p01640.1	FGRAMPH1_01T14347	27.7	235	137	7	372	597	62	272	2.36e-18	84.0
Bcin08p01640.1	FGRAMPH1_01T14347	27.7	235	137	7	372	597	62	272	2.36e-18	84.0
Bcin08p01640.1	UMAG_04456_t1	27.5	265	161	9	340	604	69	302	2.44e-18	83.2
Bcin08p01640.1	MGG_00883-t26_1	28.5	235	144	4	362	591	1234	1449	5.80e-18	84.0
Bcin08p01640.1	UMAG_06363_t1	26.0	277	141	8	371	609	20	270	6.14e-15	73.9
Bcin08p01640.1	MGG_06393-t26_1	25.9	243	146	6	369	582	22	259	1.06e-14	73.2
Bcin08p01640.1	ZT3D1_G5024_t1	27.4	223	138	6	368	582	649	855	1.36e-14	72.8
Bcin08p01640.1	ZTRI_4.424.mRNA	27.4	223	138	6	368	582	649	855	1.36e-14	72.8
Bcin08p01640.1	Bcin07g00720.1:RNA	29.1	247	126	10	370	579	27	261	4.12e-14	71.2
Bcin08p01640.1	FGRAMPH1_01T20307	23.7	224	150	6	369	584	242	452	6.60e-14	70.5
Bcin08p01640.1	FGRAMPH1_01T20307	23.7	224	150	6	369	584	242	452	6.60e-14	70.5
Bcin08p01640.1	FGRAMPH1_01T10677	27.1	255	142	13	367	604	59	286	9.05e-14	68.9
Bcin08p01640.1	FGRAMPH1_01T18903	24.7	287	164	10	370	654	290	526	3.86e-13	67.8
Bcin08p01640.1	FGRAMPH1_01T18903	24.7	287	164	10	370	654	290	526	3.86e-13	67.8
Bcin08p01640.1	FGRAMPH1_01T24535	29.9	174	89	7	416	579	76	226	8.18e-11	59.7
Bcin08p01640.1	MGG_12122-t26_1	29.3	174	90	7	416	579	76	226	3.34e-10	57.8
Bcin08p01640.1	UMAG_11410_t1	25.4	189	98	9	412	579	159	325	2.48e-09	55.8
Bcin08p01640.1	MGG_03696	28.4	176	96	9	411	582	72	221	4.60e-09	53.9
Bcin08p01640.1	FGRAMPH1_01T01705	29.0	176	95	9	411	582	69	218	8.07e-09	53.1
Bcin08p01640.1	FGRAMPH1_01T01705	29.0	176	95	9	411	582	69	218	8.07e-09	53.1
Bcin08p01640.3	MGG_04100-t26_1	27.3	304	165	12	367	666	60	311	1.05e-20	92.8
Bcin08p01640.3	FGRAMPH1_01T14347	27.7	235	137	7	372	597	62	272	2.36e-18	84.0
Bcin08p01640.3	FGRAMPH1_01T14347	27.7	235	137	7	372	597	62	272	2.36e-18	84.0
Bcin08p01640.3	UMAG_04456_t1	27.5	265	161	9	340	604	69	302	2.44e-18	83.2
Bcin08p01640.3	MGG_00883-t26_1	28.5	235	144	4	362	591	1234	1449	5.80e-18	84.0
Bcin08p01640.3	UMAG_06363_t1	26.0	277	141	8	371	609	20	270	6.14e-15	73.9
Bcin08p01640.3	MGG_06393-t26_1	25.9	243	146	6	369	582	22	259	1.06e-14	73.2
Bcin08p01640.3	ZT3D1_G5024_t1	27.4	223	138	6	368	582	649	855	1.36e-14	72.8
Bcin08p01640.3	ZTRI_4.424.mRNA	27.4	223	138	6	368	582	649	855	1.36e-14	72.8
Bcin08p01640.3	Bcin07g00720.1:RNA	29.1	247	126	10	370	579	27	261	4.12e-14	71.2
Bcin08p01640.3	FGRAMPH1_01T20307	23.7	224	150	6	369	584	242	452	6.60e-14	70.5
Bcin08p01640.3	FGRAMPH1_01T20307	23.7	224	150	6	369	584	242	452	6.60e-14	70.5
Bcin08p01640.3	FGRAMPH1_01T10677	27.1	255	142	13	367	604	59	286	9.05e-14	68.9
Bcin08p01640.3	FGRAMPH1_01T18903	24.7	287	164	10	370	654	290	526	3.86e-13	67.8
Bcin08p01640.3	FGRAMPH1_01T18903	24.7	287	164	10	370	654	290	526	3.86e-13	67.8
Bcin08p01640.3	FGRAMPH1_01T24535	29.9	174	89	7	416	579	76	226	8.18e-11	59.7
Bcin08p01640.3	MGG_12122-t26_1	29.3	174	90	7	416	579	76	226	3.34e-10	57.8
Bcin08p01640.3	UMAG_11410_t1	25.4	189	98	9	412	579	159	325	2.48e-09	55.8
Bcin08p01640.3	MGG_03696	28.4	176	96	9	411	582	72	221	4.60e-09	53.9
Bcin08p01640.3	FGRAMPH1_01T01705	29.0	176	95	9	411	582	69	218	8.07e-09	53.1
Bcin08p01640.3	FGRAMPH1_01T01705	29.0	176	95	9	411	582	69	218	8.07e-09	53.1
Bcin08p01640.6	MGG_04100-t26_1	27.3	304	165	12	367	666	60	311	1.05e-20	92.8
Bcin08p01640.6	FGRAMPH1_01T14347	27.7	235	137	7	372	597	62	272	2.36e-18	84.0
Bcin08p01640.6	FGRAMPH1_01T14347	27.7	235	137	7	372	597	62	272	2.36e-18	84.0
Bcin08p01640.6	UMAG_04456_t1	27.5	265	161	9	340	604	69	302	2.44e-18	83.2
Bcin08p01640.6	MGG_00883-t26_1	28.5	235	144	4	362	591	1234	1449	5.80e-18	84.0
Bcin08p01640.6	UMAG_06363_t1	26.0	277	141	8	371	609	20	270	6.14e-15	73.9
Bcin08p01640.6	MGG_06393-t26_1	25.9	243	146	6	369	582	22	259	1.06e-14	73.2
Bcin08p01640.6	ZT3D1_G5024_t1	27.4	223	138	6	368	582	649	855	1.36e-14	72.8
Bcin08p01640.6	ZTRI_4.424.mRNA	27.4	223	138	6	368	582	649	855	1.36e-14	72.8
Bcin08p01640.6	Bcin07g00720.1:RNA	29.1	247	126	10	370	579	27	261	4.12e-14	71.2
Bcin08p01640.6	FGRAMPH1_01T20307	23.7	224	150	6	369	584	242	452	6.60e-14	70.5
Bcin08p01640.6	FGRAMPH1_01T20307	23.7	224	150	6	369	584	242	452	6.60e-14	70.5
Bcin08p01640.6	FGRAMPH1_01T10677	27.1	255	142	13	367	604	59	286	9.05e-14	68.9
Bcin08p01640.6	FGRAMPH1_01T18903	24.7	287	164	10	370	654	290	526	3.86e-13	67.8
Bcin08p01640.6	FGRAMPH1_01T18903	24.7	287	164	10	370	654	290	526	3.86e-13	67.8
Bcin08p01640.6	FGRAMPH1_01T24535	29.9	174	89	7	416	579	76	226	8.18e-11	59.7
Bcin08p01640.6	MGG_12122-t26_1	29.3	174	90	7	416	579	76	226	3.34e-10	57.8
Bcin08p01640.6	UMAG_11410_t1	25.4	189	98	9	412	579	159	325	2.48e-09	55.8
Bcin08p01640.6	MGG_03696	28.4	176	96	9	411	582	72	221	4.60e-09	53.9
Bcin08p01640.6	FGRAMPH1_01T01705	29.0	176	95	9	411	582	69	218	8.07e-09	53.1
Bcin08p01640.6	FGRAMPH1_01T01705	29.0	176	95	9	411	582	69	218	8.07e-09	53.1
Bcin08p01640.2	MGG_04100-t26_1	27.3	304	165	12	367	666	60	311	1.05e-20	92.8
Bcin08p01640.2	FGRAMPH1_01T14347	27.7	235	137	7	372	597	62	272	2.36e-18	84.0
Bcin08p01640.2	FGRAMPH1_01T14347	27.7	235	137	7	372	597	62	272	2.36e-18	84.0
Bcin08p01640.2	UMAG_04456_t1	27.5	265	161	9	340	604	69	302	2.44e-18	83.2
Bcin08p01640.2	MGG_00883-t26_1	28.5	235	144	4	362	591	1234	1449	5.80e-18	84.0
Bcin08p01640.2	UMAG_06363_t1	26.0	277	141	8	371	609	20	270	6.14e-15	73.9
Bcin08p01640.2	MGG_06393-t26_1	25.9	243	146	6	369	582	22	259	1.06e-14	73.2
Bcin08p01640.2	ZT3D1_G5024_t1	27.4	223	138	6	368	582	649	855	1.36e-14	72.8
Bcin08p01640.2	ZTRI_4.424.mRNA	27.4	223	138	6	368	582	649	855	1.36e-14	72.8
Bcin08p01640.2	Bcin07g00720.1:RNA	29.1	247	126	10	370	579	27	261	4.12e-14	71.2
Bcin08p01640.2	FGRAMPH1_01T20307	23.7	224	150	6	369	584	242	452	6.60e-14	70.5
Bcin08p01640.2	FGRAMPH1_01T20307	23.7	224	150	6	369	584	242	452	6.60e-14	70.5
Bcin08p01640.2	FGRAMPH1_01T10677	27.1	255	142	13	367	604	59	286	9.05e-14	68.9
Bcin08p01640.2	FGRAMPH1_01T18903	24.7	287	164	10	370	654	290	526	3.86e-13	67.8
Bcin08p01640.2	FGRAMPH1_01T18903	24.7	287	164	10	370	654	290	526	3.86e-13	67.8
Bcin08p01640.2	FGRAMPH1_01T24535	29.9	174	89	7	416	579	76	226	8.18e-11	59.7
Bcin08p01640.2	MGG_12122-t26_1	29.3	174	90	7	416	579	76	226	3.34e-10	57.8
Bcin08p01640.2	UMAG_11410_t1	25.4	189	98	9	412	579	159	325	2.48e-09	55.8
Bcin08p01640.2	MGG_03696	28.4	176	96	9	411	582	72	221	4.60e-09	53.9
Bcin08p01640.2	FGRAMPH1_01T01705	29.0	176	95	9	411	582	69	218	8.07e-09	53.1
Bcin08p01640.2	FGRAMPH1_01T01705	29.0	176	95	9	411	582	69	218	8.07e-09	53.1
Bcin08p01640.4	MGG_04100-t26_1	27.3	304	165	12	367	666	60	311	1.05e-20	92.8
Bcin08p01640.4	FGRAMPH1_01T14347	27.7	235	137	7	372	597	62	272	2.36e-18	84.0
Bcin08p01640.4	FGRAMPH1_01T14347	27.7	235	137	7	372	597	62	272	2.36e-18	84.0
Bcin08p01640.4	UMAG_04456_t1	27.5	265	161	9	340	604	69	302	2.44e-18	83.2
Bcin08p01640.4	MGG_00883-t26_1	28.5	235	144	4	362	591	1234	1449	5.80e-18	84.0
Bcin08p01640.4	UMAG_06363_t1	26.0	277	141	8	371	609	20	270	6.14e-15	73.9
Bcin08p01640.4	MGG_06393-t26_1	25.9	243	146	6	369	582	22	259	1.06e-14	73.2
Bcin08p01640.4	ZT3D1_G5024_t1	27.4	223	138	6	368	582	649	855	1.36e-14	72.8
Bcin08p01640.4	ZTRI_4.424.mRNA	27.4	223	138	6	368	582	649	855	1.36e-14	72.8
Bcin08p01640.4	Bcin07g00720.1:RNA	29.1	247	126	10	370	579	27	261	4.12e-14	71.2
Bcin08p01640.4	FGRAMPH1_01T20307	23.7	224	150	6	369	584	242	452	6.60e-14	70.5
Bcin08p01640.4	FGRAMPH1_01T20307	23.7	224	150	6	369	584	242	452	6.60e-14	70.5
Bcin08p01640.4	FGRAMPH1_01T10677	27.1	255	142	13	367	604	59	286	9.05e-14	68.9
Bcin08p01640.4	FGRAMPH1_01T18903	24.7	287	164	10	370	654	290	526	3.86e-13	67.8
Bcin08p01640.4	FGRAMPH1_01T18903	24.7	287	164	10	370	654	290	526	3.86e-13	67.8
Bcin08p01640.4	FGRAMPH1_01T24535	29.9	174	89	7	416	579	76	226	8.18e-11	59.7
Bcin08p01640.4	MGG_12122-t26_1	29.3	174	90	7	416	579	76	226	3.34e-10	57.8
Bcin08p01640.4	UMAG_11410_t1	25.4	189	98	9	412	579	159	325	2.48e-09	55.8
Bcin08p01640.4	MGG_03696	28.4	176	96	9	411	582	72	221	4.60e-09	53.9
Bcin08p01640.4	FGRAMPH1_01T01705	29.0	176	95	9	411	582	69	218	8.07e-09	53.1
Bcin08p01640.4	FGRAMPH1_01T01705	29.0	176	95	9	411	582	69	218	8.07e-09	53.1
Bcin06p00830.1	Afu1g13740-T	26.9	789	469	26	31	792	859	1566	1.53e-64	231
Bcin03p04120.1	DEG20080011	28.7	181	121	3	179	358	142	315	1.83e-18	84.3
Bcin03p04120.1	Afu1g04190-T	28.7	181	121	3	179	358	142	315	1.83e-18	84.3
Bcin03p04120.1	Afu1g04190-T	28.7	181	121	3	179	358	142	315	1.83e-18	84.3
Bcin03p04120.1	Afu1g04840-T	31.5	73	49	1	277	348	302	374	2.18e-07	48.9
Bcin06p03200.1	Afu2g01330-T	39.8	256	133	8	7	255	4	245	3.39e-47	153
Bcin03p07080.1	Afu6g08900-T	28.6	420	233	12	150	505	200	616	1.29e-39	149
Bcin03p07080.1	DEG20080014	23.7	274	145	6	296	505	361	634	1.26e-16	78.6
Bcin03p07080.2	Afu6g08900-T	28.6	420	233	12	150	505	200	616	1.11e-39	149
Bcin03p07080.2	DEG20080014	23.7	274	145	6	296	505	361	634	1.21e-16	78.6
Bcin15p02520.1	FGRAMPH1_01T02007	23.5	472	287	14	25	438	83	538	3.41e-21	94.4
Bcin05p00360.1	AO090005000576-T	64.6	1276	403	16	1	1242	1	1261	0.0	1448
Bcin05p00360.1	MGG_16213-t26_1	37.3	769	414	17	43	758	78	831	4.23e-131	435
Bcin05p00360.1	FGRAMPH1_01T10651	34.6	765	429	18	26	745	164	902	3.42e-111	381
Bcin05p00360.2	AO090005000576-T	64.6	1276	403	16	1	1242	1	1261	0.0	1448
Bcin05p00360.2	MGG_16213-t26_1	37.3	769	414	17	43	758	78	831	4.23e-131	435
Bcin05p00360.2	FGRAMPH1_01T10651	34.6	765	429	18	26	745	164	902	3.42e-111	381
Bcin02p03630.1	MGG_00937-t26_1	24.9	197	119	6	813	1006	502	672	1.57e-05	44.7
Bcin15p01500.1	MGG_04377-t26_1	62.1	1147	380	20	75	1209	78	1181	0.0	1311
Bcin15p01500.1	MGG_05738-t26_1	31.9	94	63	1	94	187	800	892	1.53e-09	57.4
Bcin05p06770.1	FOC4_g10008628-t38_1	96.6	353	12	0	1	353	1	353	3.13e-250	676
Bcin05p06770.1	FOZG_07243-t36_2	48.9	358	175	4	1	353	1	355	3.33e-113	329
Bcin05p06770.1	FOIG_12931-t36_1	48.9	358	175	4	1	353	1	355	3.33e-113	329
Bcin05p06770.1	FOC1_g10011152-t38_1	48.9	358	175	4	1	353	1	355	3.33e-113	329
Bcin05p06770.1	FOMG_10529-t38_1	48.9	358	175	4	1	353	1	355	3.33e-113	329
Bcin05p06770.1	UMAG_04474_t1	48.0	352	181	2	3	353	4	354	2.41e-110	322
Bcin05p06770.1	FOZG_07243-t36_1	48.7	304	150	3	53	353	1	301	3.74e-99	291
Bcin05p06770.1	FOIG_12931-t36_4	48.7	304	150	3	53	353	1	301	3.74e-99	291
Bcin05p06770.1	FOMG_10529-t38_4	48.7	304	150	3	53	353	1	301	3.74e-99	291
Bcin05p06770.1	FOZG_07243-t36_5	46.0	252	129	3	1	247	1	250	6.25e-71	218
Bcin05p06770.1	FOIG_12931-t36_5	46.0	252	129	3	1	247	1	250	6.25e-71	218
Bcin05p06770.1	FOMG_10529-t38_5	46.0	252	129	3	1	247	1	250	6.25e-71	218
Bcin05p06770.1	FOZG_07243-t36_4	44.9	198	104	2	53	247	1	196	5.74e-57	180
Bcin05p06770.1	FOIG_12931-t36_3	44.9	198	104	2	53	247	1	196	5.74e-57	180
Bcin05p06770.1	FOMG_10529-t38_3	44.9	198	104	2	53	247	1	196	5.74e-57	180
Bcin05p06770.1	FOZG_07243-t36_3	40.5	200	112	3	1	195	1	198	6.45e-43	143
Bcin05p06770.1	FOIG_12931-t36_2	40.5	200	112	3	1	195	1	198	6.45e-43	143
Bcin05p06770.1	FOMG_10529-t38_2	40.5	200	112	3	1	195	1	198	6.45e-43	143
Bcin05p06770.1	FOXG_06321-t26_1	40.5	200	112	3	1	195	1	198	4.69e-42	143
Bcin06p02420.1	MGG_00937-t26_1	27.9	272	154	11	336	599	1271	1508	4.54e-13	68.9
Bcin02p05860.1	CPUR_06977_t1	39.8	334	189	4	25	357	34	356	3.50e-66	209
Bcin02p05860.1	CPUR_06978_t1	40.1	332	188	4	25	355	34	355	1.41e-65	208
Bcin02p08830.1	GLRG_04203_t1	26.5	1561	955	45	134	1595	117	1583	2.17e-119	418
Bcin13p03120.1	FGRAMPH1_01T25269	41.7	36	20	1	14	49	27	61	8.82e-04	36.6
Bcin11p04350.2	MGG_05738-t26_1	48.0	966	353	22	1	859	1	924	3.80e-244	703
Bcin11p04350.2	MGG_04377-t26_1	27.7	94	67	1	731	823	97	190	8.26e-06	44.7
Bcin11p04350.1	MGG_05738-t26_1	48.0	966	353	22	1	859	1	924	3.80e-244	703
Bcin11p04350.1	MGG_04377-t26_1	27.7	94	67	1	731	823	97	190	8.26e-06	44.7
Bcin05p02680.1	DEG20080018	71.7	367	78	3	6	346	26	392	1.28e-185	514
Bcin05p02680.1	Afu4g12990-T	71.7	367	78	3	6	346	26	392	1.28e-185	514
Bcin03p06480.1	MGG_07982	24.2	430	285	15	57	452	47	469	2.42e-15	73.6
Bcin03p06480.1	FGRAMPH1_01T12029	31.0	174	104	6	306	469	373	540	1.10e-14	71.6
Bcin10p00640.1	FGRAMPH1_01T18221	57.4	235	74	7	68	285	67	292	1.56e-70	216
Bcin12p05760.1	Bcin12g05760.1:RNA	100	212	0	0	1	212	1	212	2.86e-155	424
Bcin12p05760.1	MGG_06154	84.4	212	30	2	3	212	4	214	6.20e-130	360
Bcin12p05760.1	UMAG_01643_t1	62.8	164	59	1	9	170	8	171	8.98e-71	209
Bcin12p05760.1	FGRAMPH1_01T00811	28.0	175	109	4	10	169	57	229	2.83e-16	70.9
Bcin05p06190.1	FGRAMPH1_01T02007	19.1	440	298	10	26	416	83	513	4.86e-06	45.1
Bcin15p05170.1	MGG_12122-t26_1	27.5	233	132	12	636	858	25	230	6.29e-10	57.4
Bcin15p05170.1	FGRAMPH1_01T24535	27.5	233	132	12	636	858	25	230	6.29e-10	57.4
Bcin10p06080.1	MGG_05332-t26_1	41.8	646	320	15	103	707	71	701	1.05e-137	417
Bcin10p06080.1	MGG_08315-t26_1	37.5	667	348	17	59	706	25	641	1.03e-115	358
Bcin01p05610.1	FGRAMPH1_01T20307	25.7	179	91	7	231	396	356	505	2.61e-09	54.3
Bcin01p05610.1	FGRAMPH1_01T20307	25.7	179	91	7	231	396	356	505	2.61e-09	54.3
Bcin01p05610.1	FGRAMPH1_01T24783	35.5	110	56	5	236	344	197	292	3.88e-07	47.0
Bcin01p05610.1	FGRAMPH1_01T24783	35.5	110	56	5	236	344	197	292	3.88e-07	47.0
Bcin01p10810.1	MGG_00602	46.6	247	89	11	7	233	6	229	2.54e-39	132
Bcin10p05650.1	FGRAMPH1_01T22767	53.2	370	143	8	14	375	7	354	8.33e-112	326
Bcin10p05650.1	MGG_05428-t26_1	47.8	387	176	7	1	375	1	373	4.26e-101	300
Bcin10p05650.1	MGG_00990-t26_1	30.2	86	52	2	21	100	907	990	1.60e-04	38.9
Bcin06p07080.1	MGG_01481-t26_1	58.8	354	119	6	1	341	6	345	1.69e-150	423
Bcin15p05330.1	Afu1g14100-T	67.1	417	131	2	86	502	84	494	1.08e-203	572
Bcin15p05330.2	Afu1g14100-T	67.1	417	131	2	160	576	84	494	1.58e-202	572
Bcin02p05940.1	GLRG_05637_t1	60.5	620	222	3	5	623	7	604	1.11e-267	743
Bcin10p04030.1	MGG_06362	28.5	179	115	2	3	170	9	185	5.52e-24	89.0
Bcin12p00700.1	MGG_00937-t26_1	29.1	165	97	6	391	552	1302	1449	9.37e-09	55.1
Bcin02p01630.1	Afu6g02460-T	46.1	167	84	1	8	174	30	190	1.81e-50	157
Bcin02p01630.1	Afu6g02460-T	46.1	167	84	1	8	174	30	190	1.81e-50	157
Bcin08p03950.2	FGRAMPH1_01T11167	58.4	690	246	12	6	668	9	684	2.87e-260	728
Bcin08p03950.1	FGRAMPH1_01T11167	58.4	690	246	12	6	668	9	684	2.87e-260	728
Bcin08p03950.3	FGRAMPH1_01T11167	57.2	622	227	11	7	601	75	684	1.72e-231	652
Bcin10p00830.1	FGRAMPH1_01T08935	28.3	467	286	11	42	492	33	466	2.45e-49	173
Bcin10p00830.1	MGG_07982	27.3	469	300	11	48	498	40	485	4.32e-43	156
Bcin10p00830.1	FGRAMPH1_01T14131	24.4	373	245	10	142	499	197	547	4.44e-15	73.2
Bcin15p02830.1	FGRAMPH1_01T16511	25.4	244	149	6	19	259	5	218	7.15e-14	68.9
Bcin15p02830.2	FGRAMPH1_01T16511	50.0	48	24	0	19	66	5	52	6.09e-11	53.1
Bcin01p04360.1	Afu3g06490-T	34.7	196	115	5	11	195	20	213	2.75e-24	104
Bcin10p00650.1	MGG_00937-t26_1	24.2	244	148	9	630	854	1287	1512	3.86e-05	43.5
Bcin10p00650.2	MGG_00937-t26_1	24.2	244	148	9	630	854	1287	1512	3.67e-05	43.5
Bcin03p07280.1	MGG_06241	31.1	122	83	1	118	238	6	127	1.53e-17	75.9
Bcin03p07280.1	MGG_08144-t26_1	26.4	178	119	5	118	288	3	175	3.10e-17	74.3
Bcin01p04960.1	DEG20080001	35.7	403	225	12	21	410	7	388	1.69e-54	181
Bcin16p04340.1	DEG20080002	65.0	334	112	4	14	343	10	342	6.77e-158	442
Bcin16p04340.1	Afu6g05110-T	65.0	334	112	4	14	343	10	342	6.77e-158	442
Bcin13p01510.1	GLRG_04203_t1	29.8	932	562	30	9	902	384	1261	4.93e-85	306
Bcin11p02950.1	FGRAMPH1_01T22799	29.8	369	214	9	462	796	314	671	1.43e-37	145
Bcin11p02950.1	FGRAMPH1_01T22799	29.8	369	214	9	462	796	314	671	1.43e-37	145
Bcin11p02950.1	FGRAMPH1_01T20181	36.2	218	98	7	587	796	127	311	9.79e-31	119
Bcin11p02950.1	CPUR_03754_t1	36.7	218	97	8	587	796	127	311	2.41e-30	118
Bcin11p02950.1	ZTRI_6.302.mRNA	35.6	216	102	7	587	796	128	312	3.32e-30	118
Bcin11p02950.1	ZT3D1_G6735_t1	35.6	216	102	7	587	796	128	312	1.39e-29	118
Bcin11p02950.1	FGRAMPH1_01T17801	26.3	320	192	8	486	800	16	296	2.50e-27	108
Bcin11p02950.1	FGRAMPH1_01T17801	26.3	320	192	8	486	800	16	296	2.50e-27	108
Bcin11p02950.1	ZTRI_10.412.mRNA	29.1	327	185	9	476	797	16	300	1.10e-26	107
Bcin11p02950.1	MGG_12122-t26_1	30.7	215	112	5	584	795	137	317	1.25e-23	99.4
Bcin11p02950.1	MGG_00803-t26_1	30.3	208	129	7	480	681	130	327	1.40e-16	79.3
Bcin11p02950.1	FGRAMPH1_01T20307	25.3	237	150	6	486	700	245	476	4.01e-13	68.2
Bcin11p02950.1	FGRAMPH1_01T20307	25.3	237	150	6	486	700	245	476	4.01e-13	68.2
Bcin11p02950.1	FGRAMPH1_01T14347	35.4	82	45	4	603	678	182	261	1.77e-05	43.1
Bcin11p02950.1	FGRAMPH1_01T14347	35.4	82	45	4	603	678	182	261	1.77e-05	43.1
Bcin11p02950.2	FGRAMPH1_01T22799	29.8	369	214	9	464	798	314	671	1.44e-37	145
Bcin11p02950.2	FGRAMPH1_01T22799	29.8	369	214	9	464	798	314	671	1.44e-37	145
Bcin11p02950.2	FGRAMPH1_01T20181	36.2	218	98	7	589	798	127	311	9.83e-31	119
Bcin11p02950.2	CPUR_03754_t1	36.7	218	97	8	589	798	127	311	2.42e-30	118
Bcin11p02950.2	ZTRI_6.302.mRNA	35.6	216	102	7	589	798	128	312	3.33e-30	118
Bcin11p02950.2	ZT3D1_G6735_t1	35.6	216	102	7	589	798	128	312	1.39e-29	118
Bcin11p02950.2	FGRAMPH1_01T17801	26.3	320	192	8	488	802	16	296	2.51e-27	108
Bcin11p02950.2	FGRAMPH1_01T17801	26.3	320	192	8	488	802	16	296	2.51e-27	108
Bcin11p02950.2	ZTRI_10.412.mRNA	29.1	327	185	9	478	799	16	300	1.10e-26	107
Bcin11p02950.2	MGG_12122-t26_1	30.7	215	112	5	586	797	137	317	1.25e-23	99.4
Bcin11p02950.2	MGG_00803-t26_1	30.3	208	129	7	482	683	130	327	1.40e-16	79.3
Bcin11p02950.2	FGRAMPH1_01T20307	25.3	237	150	6	488	702	245	476	4.02e-13	68.2
Bcin11p02950.2	FGRAMPH1_01T20307	25.3	237	150	6	488	702	245	476	4.02e-13	68.2
Bcin11p02950.2	FGRAMPH1_01T14347	35.4	82	45	4	605	680	182	261	1.77e-05	43.1
Bcin11p02950.2	FGRAMPH1_01T14347	35.4	82	45	4	605	680	182	261	1.77e-05	43.1
Bcin07p00180.1	Afu2g03640-T	22.9	773	512	22	75	773	985	1747	1.18e-37	147
Bcin01p02610.1	Afu2g03310-T	58.9	236	84	4	444	668	470	703	1.89e-74	249
Bcin04p05240.1	Afu2g01570-T	30.1	156	90	2	2	157	3	139	1.24e-20	79.3
Bcin01p08230.1	Afu1g06900-T	54.3	516	199	16	199	687	234	739	4.86e-115	359
Bcin13p03750.1	sscle_04g034960_t1	89.8	206	21	0	1	206	1	206	1.36e-141	389
Bcin15p04980.2	FGRAMPH1_01T18903	76.5	639	136	8	3	638	2	629	0.0	976
Bcin15p04980.2	FGRAMPH1_01T18903	76.5	639	136	8	3	638	2	629	0.0	976
Bcin15p04980.2	FGRAMPH1_01T26573	41.5	364	181	9	258	612	806	1146	8.46e-80	270
Bcin15p04980.2	MGG_08689	42.0	352	174	8	270	612	847	1177	1.76e-78	266
Bcin15p04980.2	FGRAMPH1_01T24349	42.2	313	168	6	277	581	259	566	5.03e-76	249
Bcin15p04980.2	FGRAMPH1_01T10677	41.2	318	168	6	284	582	49	366	1.93e-74	239
Bcin15p04980.2	UMAG_04456_t1	42.6	296	161	4	290	581	89	379	7.98e-73	236
Bcin15p04980.2	CPUR_03237_t1	31.5	435	233	10	241	614	219	649	3.01e-61	211
Bcin15p04980.2	Bcin07g00720.1:RNA	24.5	322	184	6	281	548	11	327	4.20e-23	99.8
Bcin15p04980.2	MGG_06393-t26_1	25.8	291	161	5	299	536	25	313	1.73e-22	97.8
Bcin15p04980.2	FGRAMPH1_01T20181	27.8	223	148	5	291	504	21	239	1.45e-21	92.0
Bcin15p04980.2	UMAG_06363_t1	27.2	268	146	7	289	511	11	274	1.61e-21	94.7
Bcin15p04980.2	ZTRI_6.302.mRNA	28.1	224	146	6	291	504	22	240	3.57e-21	90.9
Bcin15p04980.2	ZT3D1_G6735_t1	28.1	224	146	6	291	504	22	240	8.55e-21	90.9
Bcin15p04980.2	FGRAMPH1_01T17801	26.6	293	176	11	293	553	10	295	1.38e-20	88.6
Bcin15p04980.2	FGRAMPH1_01T17801	26.6	293	176	11	293	553	10	295	1.38e-20	88.6
Bcin15p04980.2	CPUR_03754_t1	27.7	224	147	6	291	504	21	239	2.07e-20	88.6
Bcin15p04980.2	UMAG_02331_t1	25.1	243	154	6	282	504	177	411	6.49e-18	82.4
Bcin15p04980.2	FGRAMPH1_01T18031	27.1	258	172	2	298	539	636	893	1.08e-17	82.4
Bcin15p04980.2	MGG_14847-t26_1	28.8	212	135	2	298	493	646	857	2.49e-17	81.3
Bcin15p04980.2	UMAG_03305_t1	26.8	220	146	6	283	491	10	225	5.61e-17	78.2
Bcin15p04980.2	ZT3D1_G5024_t1	26.0	262	162	6	256	490	605	861	3.25e-14	71.2
Bcin15p04980.2	ZTRI_4.424.mRNA	26.0	262	162	6	256	490	605	861	3.25e-14	71.2
Bcin15p04980.2	FGRAMPH1_01T22799	24.2	269	144	10	272	487	295	556	4.83e-11	60.8
Bcin15p04980.2	FGRAMPH1_01T22799	24.2	269	144	10	272	487	295	556	4.83e-11	60.8
Bcin15p04980.1	FGRAMPH1_01T18903	76.5	639	136	8	3	638	2	629	0.0	976
Bcin15p04980.1	FGRAMPH1_01T18903	76.5	639	136	8	3	638	2	629	0.0	976
Bcin15p04980.1	FGRAMPH1_01T26573	41.5	364	181	9	258	612	806	1146	8.46e-80	270
Bcin15p04980.1	MGG_08689	42.0	352	174	8	270	612	847	1177	1.76e-78	266
Bcin15p04980.1	FGRAMPH1_01T24349	42.2	313	168	6	277	581	259	566	5.03e-76	249
Bcin15p04980.1	FGRAMPH1_01T10677	41.2	318	168	6	284	582	49	366	1.93e-74	239
Bcin15p04980.1	UMAG_04456_t1	42.6	296	161	4	290	581	89	379	7.98e-73	236
Bcin15p04980.1	CPUR_03237_t1	31.5	435	233	10	241	614	219	649	3.01e-61	211
Bcin15p04980.1	Bcin07g00720.1:RNA	24.5	322	184	6	281	548	11	327	4.20e-23	99.8
Bcin15p04980.1	MGG_06393-t26_1	25.8	291	161	5	299	536	25	313	1.73e-22	97.8
Bcin15p04980.1	FGRAMPH1_01T20181	27.8	223	148	5	291	504	21	239	1.45e-21	92.0
Bcin15p04980.1	UMAG_06363_t1	27.2	268	146	7	289	511	11	274	1.61e-21	94.7
Bcin15p04980.1	ZTRI_6.302.mRNA	28.1	224	146	6	291	504	22	240	3.57e-21	90.9
Bcin15p04980.1	ZT3D1_G6735_t1	28.1	224	146	6	291	504	22	240	8.55e-21	90.9
Bcin15p04980.1	FGRAMPH1_01T17801	26.6	293	176	11	293	553	10	295	1.38e-20	88.6
Bcin15p04980.1	FGRAMPH1_01T17801	26.6	293	176	11	293	553	10	295	1.38e-20	88.6
Bcin15p04980.1	CPUR_03754_t1	27.7	224	147	6	291	504	21	239	2.07e-20	88.6
Bcin15p04980.1	UMAG_02331_t1	25.1	243	154	6	282	504	177	411	6.49e-18	82.4
Bcin15p04980.1	FGRAMPH1_01T18031	27.1	258	172	2	298	539	636	893	1.08e-17	82.4
Bcin15p04980.1	MGG_14847-t26_1	28.8	212	135	2	298	493	646	857	2.49e-17	81.3
Bcin15p04980.1	UMAG_03305_t1	26.8	220	146	6	283	491	10	225	5.61e-17	78.2
Bcin15p04980.1	ZT3D1_G5024_t1	26.0	262	162	6	256	490	605	861	3.25e-14	71.2
Bcin15p04980.1	ZTRI_4.424.mRNA	26.0	262	162	6	256	490	605	861	3.25e-14	71.2
Bcin15p04980.1	FGRAMPH1_01T22799	24.2	269	144	10	272	487	295	556	4.83e-11	60.8
Bcin15p04980.1	FGRAMPH1_01T22799	24.2	269	144	10	272	487	295	556	4.83e-11	60.8
Bcin13p03850.1	Afu6g08900-T	54.2	749	287	13	41	757	38	762	3.38e-222	639
Bcin13p03850.1	DEG20080014	52.9	767	287	14	41	757	38	780	1.42e-217	627
Bcin04p00280.5	MGG_00692-t26_1	52.1	653	198	32	1	573	1	618	7.43e-156	456
Bcin04p00280.1	MGG_00692-t26_1	55.9	669	221	33	1	646	1	618	9.40e-185	532
Bcin04p00280.3	MGG_00692-t26_1	52.7	653	211	31	1	590	1	618	7.16e-161	469
Bcin04p00280.2	MGG_00692-t26_1	53.6	653	210	33	1	595	1	618	1.46e-164	479
Bcin04p00280.4	MGG_00692-t26_1	54.9	657	207	32	1	607	1	618	1.01e-173	503
Bcin04p00280.7	MGG_00692-t26_1	55.6	657	220	31	1	624	1	618	9.55e-179	516
Bcin04p00280.6	MGG_00692-t26_1	54.2	653	223	32	1	612	1	618	1.40e-169	492
Bcin04p00280.8	MGG_00692-t26_1	55.3	669	208	34	1	629	1	618	9.97e-180	519
Bcin09p02340.1	FGRAMPH1_01T05093	34.9	544	337	5	24	564	23	552	8.43e-108	330
Bcin11p04740.1	Afu1g09690-T	50.1	836	367	13	61	856	4	829	2.80e-276	782
Bcin02p01680.1	GLRG_04203_t1	29.6	935	586	22	9	928	384	1261	3.72e-99	353
Bcin01p02660.1	FGRAMPH1_01T18735	47.6	1269	542	34	3	1184	11	1243	0.0	989
Bcin01p02660.1	FGRAMPH1_01T18735	47.6	1269	542	34	3	1184	11	1243	0.0	989
Bcin01p02660.1	AO090005000934-T	43.0	1101	558	28	107	1179	82	1140	5.16e-260	763
Bcin01p02660.1	FGRAMPH1_01T10041	26.4	326	142	15	773	1046	28	307	1.74e-16	77.4
Bcin01p02660.1	FGRAMPH1_01T20307	25.6	273	162	11	778	1046	276	511	5.76e-16	78.2
Bcin01p02660.1	FGRAMPH1_01T20307	25.6	273	162	11	778	1046	276	511	5.76e-16	78.2
Bcin01p02660.1	FGRAMPH1_01T12137	30.8	198	101	11	757	929	10	196	3.22e-12	64.3
Bcin01p02660.1	CPUR_03754_t1	25.2	326	207	13	736	1045	6	310	4.27e-12	64.3
Bcin01p02660.1	FGRAMPH1_01T20181	24.8	326	208	13	736	1045	6	310	7.56e-12	63.5
Bcin01p02660.1	ZTRI_10.412.mRNA	25.7	323	195	14	737	1045	7	298	7.66e-12	63.5
Bcin01p02660.1	Bcin07g00720.1:RNA	24.3	383	240	16	737	1089	9	371	1.48e-11	63.9
Bcin01p02660.1	UMAG_03305_t1	23.5	285	145	10	791	1053	66	299	3.12e-11	61.6
Bcin01p02660.1	ZTRI_6.302.mRNA	23.1	324	184	11	750	1053	23	301	5.57e-11	60.8
Bcin01p02660.1	ZT3D1_G6735_t1	23.1	324	184	11	750	1053	23	301	8.02e-11	60.8
Bcin01p02660.1	FGRAMPH1_01T17801	28.1	185	110	8	753	929	12	181	2.53e-10	58.5
Bcin01p02660.1	FGRAMPH1_01T17801	28.1	185	110	8	753	929	12	181	2.53e-10	58.5
Bcin01p02660.1	UMAG_02331_t1	24.3	321	178	13	755	1053	195	472	2.85e-10	59.3
Bcin01p02660.1	FGRAMPH1_01T23607	24.7	247	132	10	802	1045	178	373	4.70e-10	58.2
Bcin01p02660.1	MGG_00803-t26_1	24.9	313	167	14	745	1046	126	381	1.41e-09	57.4
Bcin01p02660.1	CPUR_03237_t1	24.2	331	181	15	755	1046	280	579	8.72e-09	54.7
Bcin01p02660.1	FGRAMPH1_01T24783	22.6	310	163	13	776	1051	99	365	1.74e-07	50.1
Bcin01p02660.1	FGRAMPH1_01T24783	22.6	310	163	13	776	1051	99	365	1.74e-07	50.1
Bcin01p02660.1	ZT3D1_G514_t1	25.3	182	111	8	755	928	70	234	3.93e-06	45.8
Bcin01p02660.1	ZTRI_1.496.mRNA	25.3	182	111	8	755	928	70	234	3.93e-06	45.8
Bcin01p02660.1	UMAG_01514_t1	32.9	76	40	3	857	931	214	279	2.62e-05	43.1
Bcin10p00670.1	FGRAMPH1_01T05093	27.3	622	353	12	32	648	29	556	1.85e-66	223
Bcin10p00670.1	FGRAMPH1_01T14131	23.9	330	184	11	261	585	276	543	1.94e-08	52.4
Bcin16p00500.1	Afu2g05820-T	44.2	190	85	3	1	173	1	186	3.80e-46	147
Bcin03p06600.1	MGG_11513-t26_1	57.3	606	254	4	4	608	9	610	1.55e-227	640
Bcin02p02920.1	FGRAMPH1_01T02967	46.2	372	195	1	2	373	10	376	1.45e-106	315
Bcin02p02920.1	MGG_00529-t26_1	39.8	244	137	6	125	361	989	1229	1.47e-44	160
Bcin16p00660.1	MGG_00598-t26_1	62.9	124	37	3	1	122	65	181	1.32e-46	144
Bcin01p02520.1	FGRAMPH1_01T07327	68.7	851	252	6	61	904	61	904	0.0	1161
Bcin16p02310.1	Afu2g16600-T	26.1	637	407	17	620	1228	371	971	1.17e-47	181
Bcin05p03760.1	Afu4g07800-T	37.2	341	186	9	2	322	3	335	1.44e-62	198
Bcin08p07070.1	DEG20080015	71.4	241	63	1	1	235	1	241	4.14e-96	280
Bcin08p07070.1	Afu6g09010-T	71.4	241	63	1	1	235	1	241	4.14e-96	280
Bcin02p01260.1	MGG_07626	30.8	483	280	12	24	476	25	483	2.01e-49	173
Bcin02p01260.1	FGRAMPH1_01T21585	33.3	123	79	3	302	421	147	269	2.10e-13	65.9
Bcin04p02750.1	MGG_02731-t26_1	55.8	190	80	1	7	192	10	199	1.24e-69	206
Bcin04p02750.1	CPUR_06597_t1	54.7	190	82	1	7	192	10	199	1.17e-67	201
Bcin04p02750.1	FGRAMPH1_01T00811	57.9	171	69	2	6	174	56	225	3.73e-67	202
Bcin04p02750.1	UMAG_00295_t1	51.9	187	89	1	7	192	5	191	1.60e-63	190
Bcin04p02750.1	Bcin12g05760.1:RNA	30.2	172	104	4	7	176	10	167	1.16e-16	70.5
Bcin04p02750.1	MGG_06154	30.8	117	78	2	7	121	11	126	3.02e-13	61.2
Bcin01p08650.1	FGRAMPH1_01T10677	32.4	262	158	7	112	360	126	381	7.05e-35	133
Bcin01p08650.1	FGRAMPH1_01T23607	29.9	268	171	6	55	318	120	374	2.06e-32	125
Bcin01p08650.1	FGRAMPH1_01T18903	31.8	264	163	7	60	318	290	541	1.00e-31	127
Bcin01p08650.1	FGRAMPH1_01T18903	31.8	264	163	7	60	318	290	541	1.00e-31	127
Bcin01p08650.1	UMAG_04456_t1	31.1	244	150	6	60	300	96	324	6.95e-31	121
Bcin01p08650.1	FGRAMPH1_01T26573	32.1	268	157	8	62	318	832	1085	2.76e-29	121
Bcin01p08650.1	FGRAMPH1_01T24349	28.8	267	167	7	60	318	283	534	7.19e-29	118
Bcin01p08650.1	MGG_08689	30.6	268	161	8	62	318	863	1116	7.53e-28	116
Bcin01p08650.1	MGG_01196-t26_1	27.7	282	161	5	56	300	308	583	2.69e-26	111
Bcin01p08650.1	UMAG_06363_t1	30.2	255	130	5	62	275	21	268	9.02e-26	109
Bcin01p08650.1	MGG_06393-t26_1	26.3	338	181	9	56	341	19	340	2.15e-23	102
Bcin01p08650.1	Bcin07g00720.1:RNA	26.2	343	183	10	62	350	29	355	5.01e-21	94.4
Bcin04p01740.1	Afu6g06810-T	36.5	512	248	18	46	542	43	492	1.56e-66	219
Bcin05p03300.2	FVEG_08055-t26_1	28.0	550	323	17	890	1382	644	1177	2.99e-52	197
Bcin05p03300.1	FVEG_08055-t26_1	28.0	550	323	17	807	1299	644	1177	2.67e-52	197
Bcin01p04980.1	MGG_00167-t26_1	84.9	238	36	0	63	300	36	273	3.58e-159	440
Bcin01p04980.1	MGG_00167-t26_1	84.9	238	36	0	63	300	36	273	3.58e-159	440
Bcin05p02840.1	MGG_05332-t26_1	30.0	634	287	18	555	1077	101	688	1.48e-62	222
Bcin05p02840.1	MGG_08315-t26_1	29.6	636	283	19	525	1077	76	629	5.20e-61	216
Bcin12p00720.1	MGG_09828-t26_1	64.4	621	211	4	4	614	8	628	2.39e-285	789
Bcin05p02590.1	Afu2g03390-T	77.3	472	104	3	7	475	5	476	1.65e-273	760
Bcin05p02590.1	Afu2g03390-T	77.3	472	104	3	7	475	5	476	1.65e-273	760
Bcin05p02590.1	MGG_05857-t26_1	77.0	473	103	3	7	476	12	481	5.63e-267	743
Bcin05p02590.1	MGG_05857-t26_1	77.0	473	103	3	7	476	12	481	5.63e-267	743
Bcin05p02590.1	MGG_01633-t26_1	46.7	403	195	9	21	405	66	466	2.36e-116	352
Bcin13p05810.1	MGG_09456	36.9	472	284	7	34	494	26	494	6.57e-101	308
Bcin15p03690.2	FGRAMPH1_01T15969	22.3	624	388	23	47	643	17	570	1.68e-20	92.0
Bcin15p03690.1	FGRAMPH1_01T15969	21.9	616	383	23	47	626	17	570	2.60e-19	88.2
Bcin08p03380.1	FGRAMPH1_01T18115	43.5	2957	1582	31	20	2929	20	2935	0.0	2212
Bcin08p03380.1	MGG_15156	29.1	289	201	4	2563	2848	2026	2313	7.33e-36	145
Bcin08p03380.1	FGRAMPH1_01T09193	26.5	430	258	10	2556	2928	1994	2422	1.63e-35	144
Bcin06p03990.1	CPUR_05341_t1	56.2	649	273	7	4	649	5	645	4.69e-252	705
Bcin02p06590.1	MGG_00883-t26_1	43.9	1571	563	47	350	1855	211	1528	0.0	978
Bcin02p06590.1	MGG_14847-t26_1	46.9	275	129	7	1563	1828	640	906	3.98e-62	226
Bcin02p06590.1	FGRAMPH1_01T18031	46.4	274	132	6	1563	1828	630	896	2.02e-61	224
Bcin02p06590.1	UMAG_04258_t1	43.3	291	141	7	1558	1833	1084	1365	6.78e-61	226
Bcin02p06590.1	ZT3D1_G5024_t1	42.7	274	146	4	1563	1827	646	917	2.31e-55	205
Bcin02p06590.1	ZTRI_4.424.mRNA	42.7	274	146	4	1563	1827	646	917	2.31e-55	205
Bcin02p06590.1	MGG_04100-t26_1	36.3	267	152	6	1567	1833	62	310	3.79e-44	171
Bcin02p06590.1	UMAG_10145_t1	30.6	271	168	9	1566	1835	556	807	1.25e-31	129
Bcin02p06590.1	MGG_01196-t26_1	27.9	272	151	6	1552	1784	293	558	1.69e-23	103
Bcin02p06590.1	ZTRI_10.412.mRNA	29.3	256	157	7	1559	1810	15	250	1.06e-21	94.4
Bcin02p06590.1	FGRAMPH1_01T20307	27.0	278	168	8	1567	1825	242	503	8.33e-21	94.7
Bcin02p06590.1	FGRAMPH1_01T20307	27.0	278	168	8	1567	1825	242	503	8.33e-21	94.7
Bcin02p06590.1	UMAG_01514_t1	29.9	211	128	6	1570	1777	115	308	2.63e-20	91.3
Bcin02p06590.1	FGRAMPH1_01T24753	26.6	241	151	4	1570	1792	43	275	2.38e-17	82.8
Bcin02p06590.1	FGRAMPH1_01T24753	26.6	241	151	4	1570	1792	43	275	2.38e-17	82.8
Bcin02p06590.1	FGRAMPH1_01T24535	27.1	251	153	9	1546	1785	17	248	2.45e-17	81.6
Bcin02p06590.1	MGG_12122-t26_1	26.7	251	154	9	1546	1785	17	248	1.37e-16	79.3
Bcin02p06590.1	UMAG_03305_t1	23.9	297	185	7	1569	1835	26	311	1.69e-16	78.6
Bcin02p06590.1	ZTRI_6.302.mRNA	26.6	207	136	7	1569	1770	29	224	7.37e-16	76.6
Bcin02p06590.1	ZT3D1_G6735_t1	26.6	207	136	7	1569	1770	29	224	1.45e-15	76.6
Bcin02p06590.1	FGRAMPH1_01T20181	24.8	206	141	4	1569	1770	28	223	5.54e-15	73.9
Bcin02p06590.1	CPUR_03754_t1	25.1	207	139	6	1569	1770	28	223	1.32e-14	72.8
Bcin02p06590.1	MGG_03696	25.8	209	129	9	1570	1773	41	228	8.35e-10	57.8
Bcin02p06590.1	FGRAMPH1_01T02825	27.5	229	127	11	1570	1773	547	761	2.49e-09	57.4
Bcin02p06590.1	FGRAMPH1_01T02825	27.5	229	127	11	1570	1773	547	761	2.49e-09	57.4
Bcin01p08320.1	MGG_01607-t26_1	67.7	586	176	5	2	587	4	576	1.08e-189	541
Bcin01p06460.1	FGRAMPH1_01T02967	94.3	386	22	0	8	393	6	391	3.58e-262	709
Bcin01p06460.1	MGG_00529-t26_1	37.7	231	138	4	134	359	993	1222	4.75e-40	147
Bcin13p04540.1	Afu6g04910-T	30.0	150	88	3	40	189	102	234	3.26e-16	79.0
Bcin04p05680.1	MGG_09456	26.4	462	304	13	6	444	38	486	4.86e-31	121
Bcin08p04850.1	MGG_05197	69.8	679	177	7	4	679	1	654	0.0	935
Bcin08p06630.1	MGG_04066-t26_1	32.5	351	228	6	1057	1406	865	1207	4.30e-43	167
Bcin08p06630.1	FGRAMPH1_01T10185	36.4	66	37	2	1238	1298	400	465	8.43e-04	38.9
Bcin08p06630.1	FGRAMPH1_01T10185	36.4	66	37	2	1238	1298	400	465	8.43e-04	38.9
Bcin10p01180.1	MGG_00937-t26_1	27.7	148	90	5	428	562	1306	1449	6.52e-07	47.8
Bcin01p00060.1	GLRG_04203_t1	28.5	1019	637	37	8	988	384	1348	5.20e-79	287
Bcin07p00130.1	DEG20080027	63.2	457	144	7	75	511	50	502	1.30e-206	580
Bcin13p00630.1	FGRAMPH1_01T06047	38.7	677	319	15	41	644	62	715	4.57e-96	310
Bcin01p04080.1	MGG_01196-t26_1	36.5	315	149	8	26	290	293	606	1.34e-47	178
Bcin01p04080.1	MGG_00803-t26_1	38.3	266	150	5	36	292	127	387	1.81e-47	176
Bcin01p04080.1	FGRAMPH1_01T23607	34.2	275	169	5	24	289	106	377	3.87e-42	154
Bcin01p04080.1	FGRAMPH1_01T24349	32.1	268	162	8	35	288	275	536	3.90e-34	134
Bcin01p04080.1	FGRAMPH1_01T10041	27.5	316	169	7	38	295	3	316	1.75e-22	94.7
Bcin01p04080.1	MGG_00883-t26_1	28.2	216	129	6	42	236	1241	1451	1.04e-20	93.2
Bcin01p04080.1	CPUR_03237_t1	25.5	306	168	9	38	285	275	578	3.00e-20	90.9
Bcin01p04080.1	FGRAMPH1_01T12137	28.8	250	140	10	38	252	3	249	4.45e-20	87.4
Bcin01p04080.1	FGRAMPH1_01T18735	23.6	296	171	10	36	285	819	1105	3.70e-13	68.6
Bcin01p04080.1	FGRAMPH1_01T18735	23.6	296	171	10	36	285	819	1105	3.70e-13	68.6
Bcin01p04080.1	FGRAMPH1_01T10683	23.7	219	148	7	29	232	2	216	3.87e-12	63.9
Bcin01p04080.1	FGRAMPH1_01T10683	23.7	219	148	7	29	232	2	216	3.87e-12	63.9
Bcin01p04080.2	MGG_01196-t26_1	36.5	315	149	8	26	290	293	606	3.06e-49	178
Bcin01p04080.2	MGG_00803-t26_1	38.3	266	150	5	36	292	127	387	5.65e-49	176
Bcin01p04080.2	FGRAMPH1_01T23607	34.2	275	169	5	24	289	106	377	3.58e-43	154
Bcin01p04080.2	FGRAMPH1_01T24349	32.1	268	162	8	35	288	275	536	6.87e-35	134
Bcin01p04080.2	FGRAMPH1_01T10041	27.5	316	169	7	38	295	3	316	8.84e-23	94.7
Bcin01p04080.2	MGG_00883-t26_1	28.2	216	129	6	42	236	1241	1451	3.57e-21	93.2
Bcin01p04080.2	CPUR_03237_t1	25.5	306	168	9	38	285	275	578	1.18e-20	90.9
Bcin01p04080.2	FGRAMPH1_01T12137	28.8	250	140	10	38	252	3	249	2.35e-20	87.4
Bcin01p04080.2	FGRAMPH1_01T18735	23.6	296	171	10	36	285	819	1105	1.80e-13	68.6
Bcin01p04080.2	FGRAMPH1_01T18735	23.6	296	171	10	36	285	819	1105	1.80e-13	68.6
Bcin01p04080.2	FGRAMPH1_01T10683	23.7	219	148	7	29	232	2	216	2.10e-12	63.9
Bcin01p04080.2	FGRAMPH1_01T10683	23.7	219	148	7	29	232	2	216	2.10e-12	63.9
Bcin11p02920.1	MGG_06847-t26_1	54.5	323	143	1	134	456	113	431	2.29e-113	337
Bcin05p05400.1	FGRAMPH1_01T01705	92.3	324	25	0	1	324	1	324	1.12e-226	615
Bcin05p05400.1	FGRAMPH1_01T01705	92.3	324	25	0	1	324	1	324	1.12e-226	615
Bcin05p05400.1	MGG_03696	91.3	323	28	0	1	323	4	326	2.25e-224	609
Bcin05p05400.1	UMAG_03305_t1	29.9	321	203	10	12	319	1	312	4.34e-37	132
Bcin05p05400.1	FGRAMPH1_01T10041	30.0	337	184	12	29	330	1	320	2.49e-36	129
Bcin05p05400.1	ZTRI_6.302.mRNA	31.0	313	185	12	21	316	13	311	8.92e-35	125
Bcin05p05400.1	FGRAMPH1_01T20181	30.2	328	202	12	21	333	12	327	2.35e-34	124
Bcin05p05400.1	ZTRI_10.412.mRNA	30.4	306	185	11	25	319	13	301	2.44e-34	124
Bcin05p05400.1	ZT3D1_G6735_t1	31.0	313	185	12	21	316	13	311	3.82e-34	125
Bcin05p05400.1	CPUR_03754_t1	31.1	315	188	12	21	319	12	313	2.35e-33	122
Bcin05p05400.1	UMAG_02331_t1	29.7	317	182	10	24	316	183	482	8.04e-33	123
Bcin05p05400.1	FGRAMPH1_01T12137	29.2	325	176	12	29	317	1	307	1.16e-32	119
Bcin05p05400.1	FGRAMPH1_01T24783	29.9	304	172	13	36	317	76	360	2.66e-30	114
Bcin05p05400.1	FGRAMPH1_01T24783	29.9	304	172	13	36	317	76	360	2.66e-30	114
Bcin05p05400.1	FGRAMPH1_01T17801	27.1	306	182	12	31	317	9	292	1.27e-29	111
Bcin05p05400.1	FGRAMPH1_01T17801	27.1	306	182	12	31	317	9	292	1.27e-29	111
Bcin05p05400.1	FGRAMPH1_01T20307	27.0	230	135	8	29	229	236	461	1.63e-15	72.8
Bcin05p05400.1	FGRAMPH1_01T20307	27.0	230	135	8	29	229	236	461	1.63e-15	72.8
Bcin05p05400.1	MGG_00803-t26_1	22.4	205	147	5	29	225	127	327	1.66e-14	69.7
Bcin05p05400.1	FGRAMPH1_01T23607	23.3	301	173	9	29	316	118	373	7.78e-14	67.0
Bcin05p05400.1	UMAG_04258_t1	24.0	312	162	12	38	316	1096	1365	2.63e-13	66.2
Bcin05p05400.1	UMAG_06363_t1	24.7	251	133	8	29	229	12	256	3.19e-12	62.8
Bcin05p05400.1	CPUR_03237_t1	29.3	157	98	6	30	177	274	426	8.67e-11	58.2
Bcin05p05400.1	FGRAMPH1_01T22799	26.4	197	114	10	142	316	483	670	4.93e-10	55.8
Bcin05p05400.1	FGRAMPH1_01T22799	26.4	197	114	10	142	316	483	670	4.93e-10	55.8
Bcin02p00016.1	GLRG_04203_t1	26.8	112	81	1	658	768	1923	2034	1.29e-07	50.8
Bcin06p04390.1	CPUR_06597_t1	42.5	181	97	1	14	194	10	183	4.12e-44	142
Bcin06p04390.1	MGG_02731-t26_1	42.4	184	99	2	14	197	10	186	1.64e-43	140
Bcin06p04390.1	FGRAMPH1_01T00811	42.3	189	95	5	10	194	53	231	3.97e-43	141
Bcin06p04390.1	UMAG_00295_t1	39.4	180	102	1	14	193	5	177	1.49e-39	130
Bcin06p04390.1	MGG_01185	25.8	190	121	6	4	190	11	183	3.32e-13	61.6
Bcin06p04390.1	MGG_06241	31.7	123	81	3	14	134	13	134	2.43e-11	56.6
Bcin10p00790.1	UMAG_11410_t1	26.0	181	108	6	93	261	162	328	2.00e-06	47.0
Bcin09p06710.1	FGRAMPH1_01T05093	37.0	535	324	7	64	593	26	552	1.43e-114	348
Bcin11p03140.1	Afu6g08900-T	31.5	447	226	12	54	422	193	637	6.16e-53	186
Bcin11p03140.1	DEG20080014	30.3	465	226	13	54	422	193	655	6.09e-49	175
Bcin03p08100.1	MGG_02252-t26_1	52.7	256	119	2	10	264	26	280	3.14e-81	241
Bcin03p08100.1	MGG_00362	35.8	81	39	3	11	91	51	118	1.52e-04	37.7
Bcin11p00350.1	MGG_01028-t26_1	45.9	368	168	7	1	359	1	346	8.68e-87	262
Bcin11p00350.2	MGG_01028-t26_1	40.9	259	129	4	1	256	109	346	1.77e-47	157
Bcin05p04230.1	FGRAMPH1_01T08269	69.0	213	63	2	1	212	1	211	6.54e-78	228
Bcin07p02130.1	FGRAMPH1_01T16511	27.3	242	161	4	16	257	9	235	1.04e-17	80.9
Bcin09p06900.1	UMAG_01514_t1	35.9	365	131	7	247	552	97	417	2.43e-56	192
Bcin09p06900.1	MGG_00800-t26_1	36.1	330	152	8	247	561	49	334	5.61e-56	191
Bcin09p06900.1	ZT3D1_G514_t1	35.8	321	150	7	255	562	64	341	5.17e-53	184
Bcin09p06900.1	ZTRI_1.496.mRNA	35.8	321	150	7	255	562	64	341	5.17e-53	184
Bcin09p06900.1	FGRAMPH1_01T18031	28.9	311	154	13	263	552	637	901	2.02e-21	94.4
Bcin09p06900.1	FGRAMPH1_01T23607	27.4	310	167	10	250	552	116	374	3.94e-21	91.3
Bcin09p06900.1	MGG_14847-t26_1	28.3	311	164	13	263	556	647	915	1.88e-20	91.3
Bcin09p06900.1	FGRAMPH1_01T24349	25.4	319	178	11	248	556	270	538	1.99e-19	87.4
Bcin09p06900.1	FGRAMPH1_01T17801	22.5	329	176	8	260	555	13	295	6.60e-19	83.6
Bcin09p06900.1	FGRAMPH1_01T17801	22.5	329	176	8	260	555	13	295	6.60e-19	83.6
Bcin09p06900.1	FGRAMPH1_01T18903	24.2	330	188	10	217	540	253	526	2.03e-18	84.3
Bcin09p06900.1	FGRAMPH1_01T18903	24.2	330	188	10	217	540	253	526	2.03e-18	84.3
Bcin09p06900.1	ZT3D1_G5024_t1	27.0	293	177	10	263	546	653	917	2.10e-18	84.7
Bcin09p06900.1	ZTRI_4.424.mRNA	27.0	293	177	10	263	546	653	917	2.10e-18	84.7
Bcin09p06900.1	MGG_00803-t26_1	27.7	220	140	6	334	551	178	380	1.33e-17	82.0
Bcin09p06900.1	FGRAMPH1_01T10041	24.1	270	137	8	254	497	1	228	4.21e-17	78.2
Bcin09p06900.1	UMAG_02331_t1	24.9	361	183	15	238	559	179	490	2.22e-14	71.2
Bcin09p06900.1	FGRAMPH1_01T12137	23.3	270	139	8	254	497	1	228	3.29e-14	69.3
Bcin09p06900.1	FGRAMPH1_01T20307	24.6	268	136	7	318	549	271	508	4.84e-13	67.4
Bcin09p06900.1	FGRAMPH1_01T20307	24.6	268	136	7	318	549	271	508	4.84e-13	67.4
Bcin09p06900.1	ZTRI_6.302.mRNA	27.2	312	169	18	249	546	17	284	1.42e-12	64.7
Bcin09p06900.1	ZTRI_10.412.mRNA	29.7	172	99	5	387	548	118	277	1.43e-12	64.7
Bcin09p06900.1	ZT3D1_G6735_t1	27.2	312	169	18	249	546	17	284	2.11e-12	64.7
Bcin09p06900.1	FGRAMPH1_01T20181	26.2	313	171	18	249	546	16	283	3.34e-12	63.5
Bcin09p06900.1	UMAG_03305_t1	23.5	332	193	11	248	552	13	310	5.90e-12	62.8
Bcin08p05920.1	MGG_09517-t26_1	41.1	314	151	7	218	510	15	315	4.39e-53	193
Bcin08p05920.1	MGG_09517	41.1	314	151	7	218	510	15	315	4.39e-53	193
Bcin08p03360.1	Afu5g12680-T	48.3	784	379	9	16	791	131	896	1.60e-230	665
Bcin08p03360.1	MGG_07145	26.9	800	487	21	43	791	15	767	8.31e-62	218
Bcin13p03660.1	MGG_01130-t26_1	43.2	361	135	8	6	315	4	345	4.96e-75	230
Bcin13p03660.1	MGG_01130-t26_1	43.2	361	135	8	6	315	4	345	4.96e-75	230
Bcin05p01790.1	FGRAMPH1_01T02007	28.4	663	403	18	40	640	83	735	5.06e-72	249
Bcin06p02220.1	FGRAMPH1_01T24303	62.1	322	118	2	212	533	1	318	4.91e-146	419
Bcin06p02220.1	FGRAMPH1_01T24303	62.1	322	118	2	212	533	1	318	4.91e-146	419
Bcin06p02220.1	Afu1g04950-T	66.3	294	98	1	219	512	7	299	9.52e-146	418
Bcin06p02220.1	FGRAMPH1_01T26211	44.9	265	144	2	242	505	42	305	9.18e-84	259
Bcin06p02220.1	FGRAMPH1_01T26211	44.9	265	144	2	242	505	42	305	9.18e-84	259
Bcin06p02220.1	FGRAMPH1_01T19491	37.6	266	153	2	250	502	105	370	6.48e-61	206
Bcin06p02220.1	FGRAMPH1_01T19491	37.6	266	153	2	250	502	105	370	6.48e-61	206
Bcin04p03690.1	MGG_09517-t26_1	79.9	695	137	2	1	695	7	698	0.0	1075
Bcin04p03690.1	MGG_09517	79.9	695	137	2	1	695	7	698	0.0	1075
Bcin14p00630.1	FGRAMPH1_01T08935	25.0	472	316	16	31	491	25	469	5.84e-27	109
Bcin14p00630.1	FGRAMPH1_01T15651	30.5	210	117	6	297	489	253	450	1.09e-17	80.9
Bcin15p00120.1	FGRAMPH1_01T02007	28.5	235	141	9	260	483	317	535	3.71e-12	65.1
Bcin07p06580.1	DEG20080032	76.6	308	72	0	1	308	1	308	6.56e-169	470
Bcin07p06580.1	Afu2g11380-T	76.6	308	72	0	1	308	1	308	6.56e-169	470
Bcin11p02050.1	MGG_00362	24.7	243	143	10	84	290	54	292	7.65e-04	36.2
Bcin01p01600.1	FGRAMPH1_01T05339	19.9	539	387	15	15	546	32	532	2.93e-11	62.0
Bcin05p08140.1	MGG_00937-t26_1	54.0	1673	708	15	1	1631	1	1654	0.0	1650
Bcin11p06440.1	UMAG_04405_t1	24.9	213	133	7	307	508	396	592	3.16e-12	65.9
Bcin08p01800.2	UMAG_01048_t1	45.9	414	186	3	44	419	81	494	9.91e-120	355
Bcin08p01800.1	UMAG_01048_t1	45.9	414	186	3	44	419	81	494	9.91e-120	355
Bcin02p05260.1	Afu3g08840-T	80.8	1216	222	4	7	1222	3	1207	0.0	1595
Bcin03p02940.2	Afu5g05920-T	72.3	661	178	2	1	661	44	699	0.0	959
Bcin03p02940.1	Afu5g05920-T	72.0	667	181	3	41	706	38	699	0.0	960
Bcin08p05430.1	FGRAMPH1_01T16511	27.0	278	127	9	20	296	17	219	4.08e-14	70.1
Bcin08p05430.1	FGRAMPH1_01T25209	59.4	32	13	0	24	55	7	38	2.90e-06	45.4
Bcin03p02010.1	GLRG_04203_t1	26.2	1673	1026	65	18	1578	8	1583	5.07e-113	398
Bcin12p05370.1	FOIG_06738-t36_1	70.1	1888	506	20	9	1876	13	1862	0.0	2573
Bcin12p05370.1	FOMG_03024-t38_1	70.1	1888	506	20	9	1876	13	1862	0.0	2573
Bcin12p05370.1	FOXG_04162-t26_1	70.1	1888	506	20	9	1876	13	1862	0.0	2573
Bcin12p05370.1	FOC4_g10006856-t38_1	70.1	1888	506	20	9	1876	13	1862	0.0	2573
Bcin12p05370.1	FOZG_02948-t36_1	70.1	1888	506	20	9	1876	13	1862	0.0	2573
Bcin12p05370.1	FOC1_g10006724-t38_1	70.1	1888	506	20	9	1876	13	1862	0.0	2573
Bcin12p05370.1	FOIG_06738-t36_2	69.5	1906	506	21	9	1876	13	1880	0.0	2562
Bcin12p05370.1	FOMG_03024-t38_2	69.5	1906	506	21	9	1876	13	1880	0.0	2562
Bcin12p05370.1	FOXG_04162-t26_2	69.5	1906	506	21	9	1876	13	1880	0.0	2562
Bcin12p05370.1	FOZG_02948-t36_2	69.5	1906	506	21	9	1876	13	1880	0.0	2562
Bcin12p05370.1	UMAG_03204_t1	41.1	1887	912	37	33	1803	25	1827	0.0	1292
Bcin12p05370.1	UMAG_10367_t1	47.7	900	425	15	880	1763	61	930	1.53e-273	821
Bcin12p05370.1	UMAG_05480_t1	44.0	514	268	9	1224	1718	439	951	2.89e-123	417
Bcin10p05680.1	FGRAMPH1_01T12029	37.3	542	325	4	17	558	42	568	1.00e-113	345
Bcin10p05680.1	FGRAMPH1_01T08935	26.8	481	325	12	50	516	1	468	1.52e-44	160
Bcin10p05680.1	MGG_07982	26.1	476	298	9	89	529	39	495	1.55e-41	152
Bcin01p06130.1	MGG_14737-t26_1	42.8	250	111	4	7	241	11	243	1.35e-65	199
Bcin04p03030.1	MGG_13435	26.6	139	91	3	50	182	473	606	7.32e-06	42.7
Bcin01p10460.1	MGG_00362	41.9	339	173	7	1	336	40	357	3.37e-72	224
Bcin12p03990.1	Afu1g05830-T	26.6	561	293	17	356	886	1331	1802	9.01e-36	142
Bcin11p03820.1	MGG_04587-t26_1	37.8	1060	531	23	13	1030	48	1021	1.45e-211	629
Bcin05p03770.2	DEG20080020	64.4	492	169	4	5	494	45	532	3.15e-223	621
Bcin05p03770.2	Afu4g07780-T	64.4	492	169	4	5	494	45	532	3.15e-223	621
Bcin05p03770.1	DEG20080020	64.7	351	120	3	1	349	184	532	1.37e-158	451
Bcin05p03770.1	Afu4g07780-T	64.7	351	120	3	1	349	184	532	1.37e-158	451
Bcin02p05150.1	FGRAMPH1_01T25825	64.0	394	124	4	69	460	98	475	1.24e-171	488
Bcin02p05150.1	FGRAMPH1_01T25825	64.0	394	124	4	69	460	98	475	1.24e-171	488
Bcin02p05150.1	CPUR_04764_t1	29.1	151	64	7	231	380	675	783	2.24e-07	48.5
Bcin02p05150.1	FGRAMPH1_01T22799	21.1	266	174	7	218	467	433	678	3.69e-07	47.8
Bcin02p05150.1	FGRAMPH1_01T22799	21.1	266	174	7	218	467	433	678	3.69e-07	47.8
Bcin02p05150.1	FGRAMPH1_01T17801	22.2	194	92	8	84	266	10	155	3.73e-05	40.8
Bcin01p06080.1	FVEG_08055-t26_1	56.9	1268	414	26	1	1204	1	1199	0.0	1288
Bcin01p06990.1	MGG_00529-t26_1	34.9	235	140	8	601	825	983	1214	3.56e-27	114
Bcin01p06990.1	FGRAMPH1_01T02967	32.5	194	127	3	649	839	171	363	1.72e-25	105
Bcin01p03730.1	Afu4g11240-T	25.1	696	425	19	231	842	257	940	8.79e-35	141
Bcin09p05060.1	MGG_01099-t26_1	59.2	238	76	6	13	233	14	247	1.05e-77	230
Bcin05p00540.1	MGG_07312-t26_1	24.0	576	266	14	1931	2341	553	1121	3.69e-34	139
Bcin05p00540.1	MGG_11882-t26_1	32.8	116	71	4	2217	2329	1870	1981	4.86e-10	60.5
Bcin17p00020.1	ZTRI_12.309.mRNA	35.8	360	188	6	3	360	87	405	2.23e-57	187
Bcin14p01550.1	MGG_16734-t26_1	39.9	2248	1101	48	1	2158	1	2089	0.0	1287
Bcin07p03920.1	FGRAMPH1_01T22455	56.9	566	223	7	11	574	1	547	8.42e-194	550
Bcin07p03920.1	FGRAMPH1_01T22455	56.9	566	223	7	11	574	1	547	8.42e-194	550
Bcin07p03920.2	FGRAMPH1_01T22455	60.8	411	151	3	1	411	147	547	1.23e-157	451
Bcin07p03920.2	FGRAMPH1_01T22455	60.8	411	151	3	1	411	147	547	1.23e-157	451
Bcin04p03120.1	FGRAMPH1_01T07327	68.6	928	249	11	1	910	1	904	0.0	1219
Bcin07p02170.1	MGG_07626	42.5	497	270	6	21	505	18	510	1.29e-128	380
Bcin07p02170.1	FGRAMPH1_01T08935	25.5	462	315	11	34	486	36	477	5.85e-34	129
Bcin02p06760.1	MGG_10565-t26_1	27.5	218	116	7	25	238	102	281	1.17e-12	65.1
Bcin02p08170.4	FGRAMPH1_01T20181	95.2	355	17	0	1	355	1	355	3.82e-252	681
Bcin02p08170.4	CPUR_03754_t1	93.2	355	24	0	1	355	1	355	2.37e-246	666
Bcin02p08170.4	ZTRI_6.302.mRNA	91.9	345	28	0	11	355	12	356	1.09e-233	634
Bcin02p08170.4	ZT3D1_G6735_t1	91.9	345	28	0	11	355	12	356	3.60e-232	634
Bcin02p08170.4	UMAG_03305_t1	73.3	345	91	1	12	355	10	354	2.82e-187	517
Bcin02p08170.4	UMAG_02331_t1	69.4	340	100	1	15	350	183	522	4.71e-176	495
Bcin02p08170.4	ZTRI_10.412.mRNA	47.6	340	163	4	16	354	13	338	1.58e-104	307
Bcin02p08170.4	FGRAMPH1_01T24535	36.6	306	169	9	22	317	34	324	1.13e-53	177
Bcin02p08170.4	MGG_12122-t26_1	35.3	306	173	9	22	317	34	324	3.52e-51	171
Bcin02p08170.4	FGRAMPH1_01T10041	34.3	318	176	7	21	314	2	310	3.64e-51	169
Bcin02p08170.4	FGRAMPH1_01T12137	35.3	317	170	8	21	312	2	308	6.30e-50	165
Bcin02p08170.4	FGRAMPH1_01T17801	34.5	284	172	5	29	308	16	289	1.45e-49	164
Bcin02p08170.4	FGRAMPH1_01T17801	34.5	284	172	5	29	308	16	289	1.45e-49	164
Bcin02p08170.4	FGRAMPH1_01T24783	32.8	320	189	8	8	310	49	359	7.30e-42	146
Bcin02p08170.4	FGRAMPH1_01T24783	32.8	320	189	8	8	310	49	359	7.30e-42	146
Bcin02p08170.4	FGRAMPH1_01T01705	30.7	319	194	11	12	318	21	324	1.84e-39	138
Bcin02p08170.4	FGRAMPH1_01T01705	30.7	319	194	11	12	318	21	324	1.84e-39	138
Bcin02p08170.4	MGG_03696	30.9	311	188	11	15	313	27	322	2.68e-38	135
Bcin02p08170.4	UMAG_11410_t1	30.3	340	173	10	29	311	101	433	7.29e-36	134
Bcin02p08170.4	MGG_00803-t26_1	29.1	327	182	8	8	324	112	398	1.16e-26	106
Bcin02p08170.4	FGRAMPH1_01T18031	26.5	253	158	8	28	262	636	878	2.97e-22	93.6
Bcin02p08170.4	FGRAMPH1_01T20307	27.5	309	158	11	29	312	245	512	6.89e-22	92.4
Bcin02p08170.4	FGRAMPH1_01T20307	27.5	309	158	11	29	312	245	512	6.89e-22	92.4
Bcin02p08170.4	MGG_14847-t26_1	26.7	240	151	7	28	249	646	878	4.25e-21	90.1
Bcin02p08170.4	Bcin07g00720.1:RNA	26.7	318	160	11	16	278	22	321	2.64e-19	84.7
Bcin02p08170.3	FGRAMPH1_01T20181	95.2	355	17	0	1	355	1	355	3.82e-252	681
Bcin02p08170.3	CPUR_03754_t1	93.2	355	24	0	1	355	1	355	2.37e-246	666
Bcin02p08170.3	ZTRI_6.302.mRNA	91.9	345	28	0	11	355	12	356	1.09e-233	634
Bcin02p08170.3	ZT3D1_G6735_t1	91.9	345	28	0	11	355	12	356	3.60e-232	634
Bcin02p08170.3	UMAG_03305_t1	73.3	345	91	1	12	355	10	354	2.82e-187	517
Bcin02p08170.3	UMAG_02331_t1	69.4	340	100	1	15	350	183	522	4.71e-176	495
Bcin02p08170.3	ZTRI_10.412.mRNA	47.6	340	163	4	16	354	13	338	1.58e-104	307
Bcin02p08170.3	FGRAMPH1_01T24535	36.6	306	169	9	22	317	34	324	1.13e-53	177
Bcin02p08170.3	MGG_12122-t26_1	35.3	306	173	9	22	317	34	324	3.52e-51	171
Bcin02p08170.3	FGRAMPH1_01T10041	34.3	318	176	7	21	314	2	310	3.64e-51	169
Bcin02p08170.3	FGRAMPH1_01T12137	35.3	317	170	8	21	312	2	308	6.30e-50	165
Bcin02p08170.3	FGRAMPH1_01T17801	34.5	284	172	5	29	308	16	289	1.45e-49	164
Bcin02p08170.3	FGRAMPH1_01T17801	34.5	284	172	5	29	308	16	289	1.45e-49	164
Bcin02p08170.3	FGRAMPH1_01T24783	32.8	320	189	8	8	310	49	359	7.30e-42	146
Bcin02p08170.3	FGRAMPH1_01T24783	32.8	320	189	8	8	310	49	359	7.30e-42	146
Bcin02p08170.3	FGRAMPH1_01T01705	30.7	319	194	11	12	318	21	324	1.84e-39	138
Bcin02p08170.3	FGRAMPH1_01T01705	30.7	319	194	11	12	318	21	324	1.84e-39	138
Bcin02p08170.3	MGG_03696	30.9	311	188	11	15	313	27	322	2.68e-38	135
Bcin02p08170.3	UMAG_11410_t1	30.3	340	173	10	29	311	101	433	7.29e-36	134
Bcin02p08170.3	MGG_00803-t26_1	29.1	327	182	8	8	324	112	398	1.16e-26	106
Bcin02p08170.3	FGRAMPH1_01T18031	26.5	253	158	8	28	262	636	878	2.97e-22	93.6
Bcin02p08170.3	FGRAMPH1_01T20307	27.5	309	158	11	29	312	245	512	6.89e-22	92.4
Bcin02p08170.3	FGRAMPH1_01T20307	27.5	309	158	11	29	312	245	512	6.89e-22	92.4
Bcin02p08170.3	MGG_14847-t26_1	26.7	240	151	7	28	249	646	878	4.25e-21	90.1
Bcin02p08170.3	Bcin07g00720.1:RNA	26.7	318	160	11	16	278	22	321	2.64e-19	84.7
Bcin02p08170.2	FGRAMPH1_01T20181	95.2	355	17	0	1	355	1	355	3.82e-252	681
Bcin02p08170.2	CPUR_03754_t1	93.2	355	24	0	1	355	1	355	2.37e-246	666
Bcin02p08170.2	ZTRI_6.302.mRNA	91.9	345	28	0	11	355	12	356	1.09e-233	634
Bcin02p08170.2	ZT3D1_G6735_t1	91.9	345	28	0	11	355	12	356	3.60e-232	634
Bcin02p08170.2	UMAG_03305_t1	73.3	345	91	1	12	355	10	354	2.82e-187	517
Bcin02p08170.2	UMAG_02331_t1	69.4	340	100	1	15	350	183	522	4.71e-176	495
Bcin02p08170.2	ZTRI_10.412.mRNA	47.6	340	163	4	16	354	13	338	1.58e-104	307
Bcin02p08170.2	FGRAMPH1_01T24535	36.6	306	169	9	22	317	34	324	1.13e-53	177
Bcin02p08170.2	MGG_12122-t26_1	35.3	306	173	9	22	317	34	324	3.52e-51	171
Bcin02p08170.2	FGRAMPH1_01T10041	34.3	318	176	7	21	314	2	310	3.64e-51	169
Bcin02p08170.2	FGRAMPH1_01T12137	35.3	317	170	8	21	312	2	308	6.30e-50	165
Bcin02p08170.2	FGRAMPH1_01T17801	34.5	284	172	5	29	308	16	289	1.45e-49	164
Bcin02p08170.2	FGRAMPH1_01T17801	34.5	284	172	5	29	308	16	289	1.45e-49	164
Bcin02p08170.2	FGRAMPH1_01T24783	32.8	320	189	8	8	310	49	359	7.30e-42	146
Bcin02p08170.2	FGRAMPH1_01T24783	32.8	320	189	8	8	310	49	359	7.30e-42	146
Bcin02p08170.2	FGRAMPH1_01T01705	30.7	319	194	11	12	318	21	324	1.84e-39	138
Bcin02p08170.2	FGRAMPH1_01T01705	30.7	319	194	11	12	318	21	324	1.84e-39	138
Bcin02p08170.2	MGG_03696	30.9	311	188	11	15	313	27	322	2.68e-38	135
Bcin02p08170.2	UMAG_11410_t1	30.3	340	173	10	29	311	101	433	7.29e-36	134
Bcin02p08170.2	MGG_00803-t26_1	29.1	327	182	8	8	324	112	398	1.16e-26	106
Bcin02p08170.2	FGRAMPH1_01T18031	26.5	253	158	8	28	262	636	878	2.97e-22	93.6
Bcin02p08170.2	FGRAMPH1_01T20307	27.5	309	158	11	29	312	245	512	6.89e-22	92.4
Bcin02p08170.2	FGRAMPH1_01T20307	27.5	309	158	11	29	312	245	512	6.89e-22	92.4
Bcin02p08170.2	MGG_14847-t26_1	26.7	240	151	7	28	249	646	878	4.25e-21	90.1
Bcin02p08170.2	Bcin07g00720.1:RNA	26.7	318	160	11	16	278	22	321	2.64e-19	84.7
Bcin02p08170.1	FGRAMPH1_01T20181	95.2	355	17	0	1	355	1	355	3.82e-252	681
Bcin02p08170.1	CPUR_03754_t1	93.2	355	24	0	1	355	1	355	2.37e-246	666
Bcin02p08170.1	ZTRI_6.302.mRNA	91.9	345	28	0	11	355	12	356	1.09e-233	634
Bcin02p08170.1	ZT3D1_G6735_t1	91.9	345	28	0	11	355	12	356	3.60e-232	634
Bcin02p08170.1	UMAG_03305_t1	73.3	345	91	1	12	355	10	354	2.82e-187	517
Bcin02p08170.1	UMAG_02331_t1	69.4	340	100	1	15	350	183	522	4.71e-176	495
Bcin02p08170.1	ZTRI_10.412.mRNA	47.6	340	163	4	16	354	13	338	1.58e-104	307
Bcin02p08170.1	FGRAMPH1_01T24535	36.6	306	169	9	22	317	34	324	1.13e-53	177
Bcin02p08170.1	MGG_12122-t26_1	35.3	306	173	9	22	317	34	324	3.52e-51	171
Bcin02p08170.1	FGRAMPH1_01T10041	34.3	318	176	7	21	314	2	310	3.64e-51	169
Bcin02p08170.1	FGRAMPH1_01T12137	35.3	317	170	8	21	312	2	308	6.30e-50	165
Bcin02p08170.1	FGRAMPH1_01T17801	34.5	284	172	5	29	308	16	289	1.45e-49	164
Bcin02p08170.1	FGRAMPH1_01T17801	34.5	284	172	5	29	308	16	289	1.45e-49	164
Bcin02p08170.1	FGRAMPH1_01T24783	32.8	320	189	8	8	310	49	359	7.30e-42	146
Bcin02p08170.1	FGRAMPH1_01T24783	32.8	320	189	8	8	310	49	359	7.30e-42	146
Bcin02p08170.1	FGRAMPH1_01T01705	30.7	319	194	11	12	318	21	324	1.84e-39	138
Bcin02p08170.1	FGRAMPH1_01T01705	30.7	319	194	11	12	318	21	324	1.84e-39	138
Bcin02p08170.1	MGG_03696	30.9	311	188	11	15	313	27	322	2.68e-38	135
Bcin02p08170.1	UMAG_11410_t1	30.3	340	173	10	29	311	101	433	7.29e-36	134
Bcin02p08170.1	MGG_00803-t26_1	29.1	327	182	8	8	324	112	398	1.16e-26	106
Bcin02p08170.1	FGRAMPH1_01T18031	26.5	253	158	8	28	262	636	878	2.97e-22	93.6
Bcin02p08170.1	FGRAMPH1_01T20307	27.5	309	158	11	29	312	245	512	6.89e-22	92.4
Bcin02p08170.1	FGRAMPH1_01T20307	27.5	309	158	11	29	312	245	512	6.89e-22	92.4
Bcin02p08170.1	MGG_14847-t26_1	26.7	240	151	7	28	249	646	878	4.25e-21	90.1
Bcin02p08170.1	Bcin07g00720.1:RNA	26.7	318	160	11	16	278	22	321	2.64e-19	84.7
Bcin03p07190.1	ZT3D1_G514_t1	42.3	286	138	9	220	496	61	328	5.36e-60	200
Bcin03p07190.1	ZTRI_1.496.mRNA	42.3	286	138	9	220	496	61	328	5.36e-60	200
Bcin03p07190.1	MGG_00800-t26_1	43.3	282	136	8	229	501	61	327	1.48e-58	195
Bcin03p07190.1	UMAG_01514_t1	35.0	343	155	10	220	509	100	427	1.32e-55	188
Bcin03p07190.1	UMAG_04258_t1	29.9	244	133	6	274	499	1143	1366	2.41e-22	96.7
Bcin03p07190.1	MGG_00803-t26_1	30.2	268	162	7	234	498	135	380	2.99e-21	92.8
Bcin03p07190.1	MGG_14847-t26_1	29.2	271	160	9	191	438	601	862	7.61e-21	91.7
Bcin03p07190.1	FGRAMPH1_01T10041	25.6	305	188	9	230	498	5	306	7.91e-20	85.9
Bcin03p07190.1	FGRAMPH1_01T23607	28.0	282	172	9	235	508	127	385	8.92e-19	83.6
Bcin03p07190.1	FGRAMPH1_01T12137	25.6	317	192	11	227	506	5	314	1.41e-18	82.0
Bcin03p07190.1	ZTRI_10.412.mRNA	26.5	306	172	11	225	499	16	299	6.97e-18	80.5
Bcin03p07190.1	MGG_01196-t26_1	27.1	314	161	11	234	501	313	604	5.18e-17	79.7
Bcin03p07190.1	FGRAMPH1_01T17801	27.1	225	151	6	218	438	2	217	1.71e-16	75.9
Bcin03p07190.1	FGRAMPH1_01T17801	27.1	225	151	6	218	438	2	217	1.71e-16	75.9
Bcin03p07190.1	FGRAMPH1_01T20307	26.0	288	165	11	234	496	244	508	1.75e-16	77.8
Bcin03p07190.1	FGRAMPH1_01T20307	26.0	288	165	11	234	496	244	508	1.75e-16	77.8
Bcin03p07190.1	FGRAMPH1_01T24783	26.2	286	185	10	235	498	78	359	5.92e-16	75.1
Bcin03p07190.1	FGRAMPH1_01T24783	26.2	286	185	10	235	498	78	359	5.92e-16	75.1
Bcin03p07190.1	CPUR_03754_t1	30.2	182	102	5	341	499	132	311	4.19e-15	72.0
Bcin03p07190.1	ZTRI_6.302.mRNA	30.8	182	101	5	341	499	133	312	4.22e-15	72.0
Bcin03p07190.1	FGRAMPH1_01T20181	30.2	182	102	5	341	499	132	311	5.60e-15	71.6
Bcin03p07190.1	UMAG_02331_t1	30.8	182	101	5	341	499	304	483	6.37e-15	72.4
Bcin03p07190.1	ZT3D1_G6735_t1	30.8	182	101	5	341	499	133	312	6.81e-15	72.0
Bcin03p07190.1	UMAG_03305_t1	30.8	185	98	5	341	499	130	310	2.37e-14	69.7
Bcin03p07190.1	UMAG_06363_t1	29.9	154	86	3	326	465	135	280	1.85e-12	65.1
Bcin14p01900.1	FGRAMPH1_01T01733	30.5	499	248	14	245	680	112	574	3.32e-46	172
Bcin14p01900.1	FGRAMPH1_01T01733	30.5	499	248	14	245	680	112	574	3.32e-46	172
Bcin15p02570.2	FGRAMPH1_01T00987	38.1	538	257	13	1	516	1	484	3.51e-98	308
Bcin15p02570.1	FGRAMPH1_01T00987	40.1	745	349	20	1	712	1	681	3.31e-150	448
Bcin09p06590.2	Afu1g05830-T	24.7	555	328	15	171	705	1331	1815	1.01e-35	140
Bcin09p06590.1	Afu1g05830-T	24.7	555	328	15	257	791	1331	1815	1.71e-35	140
Bcin08p06990.2	FGRAMPH1_01T16511	57.1	35	15	0	50	84	18	52	5.84e-09	55.5
Bcin08p06990.1	FGRAMPH1_01T16511	57.1	35	15	0	50	84	18	52	5.90e-09	55.5
Bcin09p04180.1	MGG_07982	30.8	507	330	5	23	516	23	521	2.64e-77	248
Bcin09p04180.1	FGRAMPH1_01T12029	24.6	468	317	13	34	494	108	546	6.36e-37	139
Bcin09p04180.1	MGG_07626	30.0	210	134	4	291	489	280	487	1.23e-18	84.0
Bcin03p02800.1	MGG_05078-t26_1	25.9	1133	616	37	115	1110	12	1057	3.00e-62	226
Bcin03p02800.1	MGG_02074-t26_1	26.3	830	459	24	202	945	104	866	8.82e-62	225
Bcin03p02800.1	MGG_04066-t26_1	24.5	237	139	10	627	840	859	1078	2.00e-09	57.0
Bcin03p02750.1	FGRAMPH1_01T27169	30.6	235	104	9	767	965	81	292	5.02e-17	82.0
Bcin03p02750.1	FGRAMPH1_01T27169	30.6	235	104	9	767	965	81	292	5.02e-17	82.0
Bcin03p02750.1	UMAG_01514_t1	27.5	138	72	4	769	900	182	297	3.08e-09	56.2
Bcin04p05030.1	Afu2g13450-T	37.5	1315	744	21	1	1263	1	1289	3.77e-214	656
Bcin07p06550.1	FGRAMPH1_01T26727	79.7	778	154	3	1	775	1	777	0.0	1260
Bcin07p06550.1	MGG_01553-t26_1	78.4	778	165	3	1	775	1	778	0.0	1238
Bcin07p06550.1	DEG20080022	25.4	700	402	19	2	654	70	696	4.13e-49	181
Bcin07p06550.1	Afu5g08890-T	25.4	700	402	19	2	654	70	696	4.13e-49	181
Bcin08p02410.1	FGRAMPH1_01T09325	29.3	536	331	13	39	546	4	519	4.21e-59	201
Bcin08p02410.2	FGRAMPH1_01T09325	32.9	298	178	8	4	287	230	519	1.22e-35	130
Bcin01p04230.1	DEG20080029	67.1	280	90	1	13	292	25	302	5.62e-138	388
Bcin01p04230.1	Afu3g06540-T	67.1	280	90	1	13	292	25	302	5.62e-138	388
Bcin06p00710.1	MGG_07626	24.0	475	318	12	3	442	2	468	1.91e-21	92.4
Bcin06p00710.1	FGRAMPH1_01T22299	31.3	179	103	5	283	452	312	479	4.00e-14	69.7
Bcin03p04810.1	DEG20080011	64.6	754	215	14	27	773	23	731	1.89e-277	779
Bcin03p04810.1	Afu1g04190-T	64.6	754	215	14	27	773	23	731	1.89e-277	779
Bcin03p04810.1	Afu1g04190-T	64.6	754	215	14	27	773	23	731	1.89e-277	779
Bcin01p10290.1	MGG_06742	35.1	57	35	1	81	137	476	530	5.20e-04	38.1
Bcin02p06930.1	DEG20080016	77.7	1846	393	8	61	1901	46	1877	0.0	2864
Bcin02p06930.1	Afu6g12400-T	77.7	1846	393	8	61	1901	46	1877	0.0	2864
Bcin02p06930.1	Afu6g12400-T	77.7	1846	393	8	61	1901	46	1877	0.0	2864
Bcin12p05010.1	Afu5g13120-T	43.6	298	137	5	14	298	11	290	2.77e-74	225
Bcin13p02500.1	FGRAMPH1_01T20581	57.5	233	89	3	1	228	1	228	8.34e-74	219
Bcin11p01060.1	FGRAMPH1_01T22299	41.8	521	264	9	7	504	19	523	2.95e-119	357
Bcin06p07610.1	MGG_11882-t26_1	33.1	139	91	1	30	166	1409	1547	1.94e-17	80.5
Bcin14p00140.1	FGRAMPH1_01T17801	36.1	324	160	10	43	365	16	293	2.32e-56	184
Bcin14p00140.1	FGRAMPH1_01T17801	36.1	324	160	10	43	365	16	293	2.32e-56	184
Bcin14p00140.1	FGRAMPH1_01T10041	31.3	352	176	10	34	364	1	307	3.01e-53	176
Bcin14p00140.1	FGRAMPH1_01T12137	33.2	352	169	12	34	364	1	307	1.85e-52	174
Bcin14p00140.1	FGRAMPH1_01T24783	32.0	328	182	8	43	369	78	365	2.17e-46	160
Bcin14p00140.1	FGRAMPH1_01T24783	32.0	328	182	8	43	369	78	365	2.17e-46	160
Bcin14p00140.1	FGRAMPH1_01T24753	31.3	377	190	13	12	364	8	339	1.69e-42	152
Bcin14p00140.1	FGRAMPH1_01T24753	31.3	377	190	13	12	364	8	339	1.69e-42	152
Bcin14p00140.1	UMAG_03305_t1	28.0	343	197	8	27	363	11	309	6.79e-38	136
Bcin14p00140.1	FGRAMPH1_01T20181	27.0	352	206	8	19	363	3	310	3.40e-35	129
Bcin14p00140.1	CPUR_03754_t1	28.1	356	197	8	19	363	3	310	6.50e-35	128
Bcin14p00140.1	ZTRI_6.302.mRNA	27.1	336	196	7	33	363	20	311	1.75e-34	127
Bcin14p00140.1	ZT3D1_G6735_t1	27.1	336	196	7	33	363	20	311	7.73e-34	127
Bcin14p00140.1	UMAG_02331_t1	28.5	362	204	10	13	365	169	484	9.90e-34	127
Bcin14p00140.1	ZTRI_10.412.mRNA	29.6	338	180	11	33	365	16	300	1.18e-32	122
Bcin14p00140.1	FGRAMPH1_01T01705	23.1	338	208	12	33	365	28	318	9.82e-20	85.1
Bcin14p00140.1	FGRAMPH1_01T01705	23.1	338	208	12	33	365	28	318	9.82e-20	85.1
Bcin14p00140.1	MGG_03696	22.6	337	209	11	33	364	31	320	1.81e-19	84.3
Bcin14p00140.1	MGG_00803-t26_1	27.1	247	156	7	3	242	92	321	1.61e-16	77.0
Bcin14p00140.1	FGRAMPH1_01T20307	26.6	241	146	8	43	264	245	473	2.86e-16	76.3
Bcin14p00140.1	FGRAMPH1_01T20307	26.6	241	146	8	43	264	245	473	2.86e-16	76.3
Bcin14p00140.1	FGRAMPH1_01T23607	27.5	204	129	7	43	242	127	315	3.23e-16	75.1
Bcin14p00140.1	CPUR_04764_t1	25.6	168	113	5	88	252	608	766	1.12e-13	68.2
Bcin14p00140.1	ZT3D1_G514_t1	28.6	161	103	5	83	241	105	255	2.32e-13	66.6
Bcin14p00140.1	ZTRI_1.496.mRNA	28.6	161	103	5	83	241	105	255	2.32e-13	66.6
Bcin14p00140.2	FGRAMPH1_01T17801	36.5	274	136	7	2	275	58	293	5.07e-50	165
Bcin14p00140.2	FGRAMPH1_01T17801	36.5	274	136	7	2	275	58	293	5.07e-50	165
Bcin14p00140.2	FGRAMPH1_01T10041	30.5	292	146	7	2	274	54	307	2.94e-44	150
Bcin14p00140.2	FGRAMPH1_01T12137	32.6	288	137	9	6	274	58	307	5.38e-42	144
Bcin14p00140.2	FGRAMPH1_01T24783	32.0	275	150	7	6	279	127	365	1.05e-40	142
Bcin14p00140.2	FGRAMPH1_01T24783	32.0	275	150	7	6	279	127	365	1.05e-40	142
Bcin14p00140.2	FGRAMPH1_01T24753	32.5	286	138	8	7	274	91	339	6.97e-36	131
Bcin14p00140.2	FGRAMPH1_01T24753	32.5	286	138	8	7	274	91	339	6.97e-36	131
Bcin14p00140.2	UMAG_03305_t1	29.0	272	150	6	8	273	75	309	3.87e-32	118
Bcin14p00140.2	ZTRI_10.412.mRNA	30.4	276	144	7	3	275	70	300	5.39e-30	112
Bcin14p00140.2	FGRAMPH1_01T20181	28.5	249	141	4	25	273	99	310	7.23e-30	112
Bcin14p00140.2	ZTRI_6.302.mRNA	28.5	249	141	4	25	273	100	311	1.41e-29	111
Bcin14p00140.2	UMAG_02331_t1	29.1	251	141	5	25	275	271	484	3.24e-29	112
Bcin14p00140.2	ZT3D1_G6735_t1	28.5	249	141	4	25	273	100	311	4.53e-29	111
Bcin14p00140.2	CPUR_03754_t1	29.2	253	134	4	25	273	99	310	5.06e-29	110
Bcin14p00140.2	FGRAMPH1_01T01705	25.2	222	135	6	56	275	126	318	7.09e-18	78.6
Bcin14p00140.2	FGRAMPH1_01T01705	25.2	222	135	6	56	275	126	318	7.09e-18	78.6
Bcin14p00140.2	MGG_03696	22.8	268	167	8	11	274	89	320	3.28e-17	76.6
Bcin14p00140.2	FGRAMPH1_01T20307	36.4	129	65	3	62	174	346	473	6.30e-16	73.9
Bcin14p00140.2	FGRAMPH1_01T20307	36.4	129	65	3	62	174	346	473	6.30e-16	73.9
Bcin14p00140.2	ZT3D1_G514_t1	31.8	132	79	4	21	151	134	255	2.08e-13	65.9
Bcin14p00140.2	ZTRI_1.496.mRNA	31.8	132	79	4	21	151	134	255	2.08e-13	65.9
Bcin14p00140.2	FGRAMPH1_01T23607	28.3	152	95	5	5	152	174	315	2.37e-13	65.5
Bcin14p00140.2	MGG_00800-t26_1	30.7	163	102	5	21	182	129	281	2.54e-13	65.5
Bcin14p00140.2	MGG_00803-t26_1	29.5	149	90	3	7	152	185	321	5.01e-13	65.1
Bcin14p00140.3	FGRAMPH1_01T17801	36.5	274	136	7	2	275	58	293	5.07e-50	165
Bcin14p00140.3	FGRAMPH1_01T17801	36.5	274	136	7	2	275	58	293	5.07e-50	165
Bcin14p00140.3	FGRAMPH1_01T10041	30.5	292	146	7	2	274	54	307	2.94e-44	150
Bcin14p00140.3	FGRAMPH1_01T12137	32.6	288	137	9	6	274	58	307	5.38e-42	144
Bcin14p00140.3	FGRAMPH1_01T24783	32.0	275	150	7	6	279	127	365	1.05e-40	142
Bcin14p00140.3	FGRAMPH1_01T24783	32.0	275	150	7	6	279	127	365	1.05e-40	142
Bcin14p00140.3	FGRAMPH1_01T24753	32.5	286	138	8	7	274	91	339	6.97e-36	131
Bcin14p00140.3	FGRAMPH1_01T24753	32.5	286	138	8	7	274	91	339	6.97e-36	131
Bcin14p00140.3	UMAG_03305_t1	29.0	272	150	6	8	273	75	309	3.87e-32	118
Bcin14p00140.3	ZTRI_10.412.mRNA	30.4	276	144	7	3	275	70	300	5.39e-30	112
Bcin14p00140.3	FGRAMPH1_01T20181	28.5	249	141	4	25	273	99	310	7.23e-30	112
Bcin14p00140.3	ZTRI_6.302.mRNA	28.5	249	141	4	25	273	100	311	1.41e-29	111
Bcin14p00140.3	UMAG_02331_t1	29.1	251	141	5	25	275	271	484	3.24e-29	112
Bcin14p00140.3	ZT3D1_G6735_t1	28.5	249	141	4	25	273	100	311	4.53e-29	111
Bcin14p00140.3	CPUR_03754_t1	29.2	253	134	4	25	273	99	310	5.06e-29	110
Bcin14p00140.3	FGRAMPH1_01T01705	25.2	222	135	6	56	275	126	318	7.09e-18	78.6
Bcin14p00140.3	FGRAMPH1_01T01705	25.2	222	135	6	56	275	126	318	7.09e-18	78.6
Bcin14p00140.3	MGG_03696	22.8	268	167	8	11	274	89	320	3.28e-17	76.6
Bcin14p00140.3	FGRAMPH1_01T20307	36.4	129	65	3	62	174	346	473	6.30e-16	73.9
Bcin14p00140.3	FGRAMPH1_01T20307	36.4	129	65	3	62	174	346	473	6.30e-16	73.9
Bcin14p00140.3	ZT3D1_G514_t1	31.8	132	79	4	21	151	134	255	2.08e-13	65.9
Bcin14p00140.3	ZTRI_1.496.mRNA	31.8	132	79	4	21	151	134	255	2.08e-13	65.9
Bcin14p00140.3	FGRAMPH1_01T23607	28.3	152	95	5	5	152	174	315	2.37e-13	65.5
Bcin14p00140.3	MGG_00800-t26_1	30.7	163	102	5	21	182	129	281	2.54e-13	65.5
Bcin14p00140.3	MGG_00803-t26_1	29.5	149	90	3	7	152	185	321	5.01e-13	65.1
Bcin08p03790.1	FGRAMPH1_01T24473	61.4	207	77	2	13	219	10	213	1.13e-82	241
Bcin08p03790.1	FGRAMPH1_01T24473	61.4	207	77	2	13	219	10	213	1.13e-82	241
Bcin04p03430.1	FGRAMPH1_01T10683	57.3	302	127	1	9	310	8	307	8.79e-119	347
Bcin04p03430.1	FGRAMPH1_01T10683	57.3	302	127	1	9	310	8	307	8.79e-119	347
Bcin04p03430.1	UMAG_04456_t1	24.7	227	149	7	13	234	92	301	3.65e-09	53.5
Bcin04p03430.1	FGRAMPH1_01T24783	27.3	161	104	4	13	165	72	227	3.54e-08	50.4
Bcin04p03430.1	FGRAMPH1_01T24783	27.3	161	104	4	13	165	72	227	3.54e-08	50.4
Bcin04p03430.1	FGRAMPH1_01T24349	24.5	208	136	6	17	219	283	474	1.34e-07	48.9
Bcin04p02000.1	FGRAMPH1_01T05093	33.2	570	325	13	46	602	26	552	3.53e-80	259
Bcin01p09850.1	FGRAMPH1_01T16119	28.3	120	74	3	9	122	1	114	6.45e-07	47.0
Bcin15p00280.1	CPUR_03237_t1	45.6	149	80	1	714	862	274	421	3.86e-34	136
Bcin15p00280.1	FGRAMPH1_01T24349	42.8	152	86	1	712	863	275	425	1.22e-31	128
Bcin15p00280.1	UMAG_04456_t1	37.5	152	94	1	712	863	88	238	2.00e-28	115
Bcin15p00280.1	FGRAMPH1_01T10677	34.8	164	95	2	712	863	54	217	1.39e-26	109
Bcin15p00280.1	FGRAMPH1_01T20307	30.4	158	110	0	707	864	230	387	1.60e-25	110
Bcin15p00280.1	FGRAMPH1_01T20307	30.4	158	110	0	707	864	230	387	1.60e-25	110
Bcin15p00280.1	MGG_00803-t26_1	31.6	174	117	2	713	886	127	298	2.02e-20	93.6
Bcin15p00280.1	FGRAMPH1_01T23607	29.2	192	132	3	700	889	103	292	2.45e-20	90.9
Bcin15p00280.1	FGRAMPH1_01T18031	30.7	150	95	2	722	863	637	785	5.17e-18	85.9
Bcin15p00280.1	MGG_14847-t26_1	31.3	150	94	2	722	863	647	795	1.18e-17	84.7
Bcin15p00280.1	UMAG_04258_t1	29.7	148	97	2	722	863	1096	1242	2.22e-16	80.9
Bcin15p00280.1	ZT3D1_G5024_t1	29.3	191	112	4	722	905	653	827	5.30e-16	79.3
Bcin15p00280.1	ZTRI_4.424.mRNA	29.3	191	112	4	722	905	653	827	5.30e-16	79.3
Bcin15p00280.1	FGRAMPH1_01T12137	32.6	172	90	5	715	863	3	171	1.67e-15	75.1
Bcin15p00280.1	CPUR_04764_t1	29.7	182	115	4	720	888	555	736	4.39e-15	76.3
Bcin15p00280.1	MGG_01196-t26_1	32.4	142	94	2	722	862	314	454	9.00e-15	75.5
Bcin15p00280.1	MGG_00883-t26_1	29.7	148	98	2	722	863	1244	1391	3.71e-14	73.6
Bcin15p00280.1	FGRAMPH1_01T17801	27.8	151	102	3	716	863	10	156	5.93e-14	70.5
Bcin15p00280.1	FGRAMPH1_01T17801	27.8	151	102	3	716	863	10	156	5.93e-14	70.5
Bcin15p00280.1	FGRAMPH1_01T10041	30.6	173	96	5	713	863	1	171	2.58e-13	68.6
Bcin15p00280.1	ZT3D1_G514_t1	28.5	151	103	3	714	862	64	211	7.60e-13	68.2
Bcin15p00280.1	ZTRI_1.496.mRNA	28.5	151	103	3	714	862	64	211	7.60e-13	68.2
Bcin15p00280.1	ZTRI_10.412.mRNA	32.1	156	83	6	719	864	23	165	1.42e-12	66.6
Bcin15p00280.1	MGG_00800-t26_1	27.8	151	104	3	714	862	59	206	2.45e-11	63.2
Bcin15p00280.1	FGRAMPH1_01T24783	42.2	90	49	2	777	863	133	222	1.72e-10	60.5
Bcin11p00570.1	Afu1g10740-T	56.6	143	57	2	8	145	22	164	2.49e-45	142
Bcin03p05870.1	MGG_12828-t26_1	61.4	503	183	6	9	510	11	503	1.17e-211	603
Bcin05p05700.1	FGRAMPH1_01T02967	37.4	235	133	5	299	533	136	356	4.22e-37	139
Bcin05p05700.1	MGG_00529-t26_1	35.7	207	116	7	279	480	976	1170	8.71e-27	112
Bcin12p00960.1	Afu3g12290-T	86.0	143	20	0	1	143	1	143	2.92e-94	264
Bcin06p05520.1	MGG_00803-t26_1	40.7	312	157	5	124	429	103	392	6.61e-63	224
Bcin06p05520.1	MGG_01196-t26_1	34.1	334	164	5	129	421	284	602	9.45e-51	190
Bcin06p05520.1	FGRAMPH1_01T26573	28.9	263	167	6	162	417	832	1081	1.94e-27	115
Bcin06p05520.1	MGG_08689	27.8	263	170	6	162	417	863	1112	4.49e-27	114
Bcin06p05520.1	UMAG_10145_t1	29.5	268	164	10	160	421	558	806	1.23e-26	112
Bcin06p05520.1	MGG_00883-t26_1	29.7	300	181	10	133	417	1218	1502	5.32e-25	107
Bcin06p05520.1	CPUR_04764_t1	27.6	279	183	8	160	428	555	824	1.35e-24	105
Bcin06p05520.1	FGRAMPH1_01T14347	29.0	293	188	7	152	434	52	334	9.10e-24	101
Bcin06p05520.1	FGRAMPH1_01T14347	29.0	293	188	7	152	434	52	334	9.10e-24	101
Bcin06p05520.1	FGRAMPH1_01T27169	31.8	132	88	2	287	417	159	289	2.56e-16	79.0
Bcin06p05520.1	FGRAMPH1_01T27169	31.8	132	88	2	287	417	159	289	2.56e-16	79.0
Bcin06p05520.1	FGRAMPH1_01T10041	26.7	311	158	10	162	418	10	304	3.61e-16	76.3
Bcin06p05520.1	FGRAMPH1_01T12137	25.2	309	165	10	162	418	10	304	7.95e-16	75.1
Bcin01p00570.1	MGG_00529-t26_1	35.0	408	214	13	325	689	826	1225	3.19e-52	191
Bcin04p02740.1	Afu6g06890-T	42.7	309	155	6	1	304	1	292	1.52e-63	203
Bcin02p00900.1	DEG20080010	92.0	450	34	1	1	450	1	448	1.08e-317	855
Bcin02p00900.1	Afu1g02550-T	92.0	450	34	1	1	450	1	448	1.08e-317	855
Bcin16p04710.1	MGG_08829-t26_1	62.5	584	177	10	1	561	1	565	1.57e-150	442
Bcin05p08370.1	Afu2g06150-T	34.7	101	58	4	40	138	372	466	6.61e-12	62.8
Bcin03p09270.1	FGRAMPH1_01T26211	41.4	292	162	6	168	458	29	312	4.39e-64	206
Bcin03p09270.1	FGRAMPH1_01T26211	41.4	292	162	6	168	458	29	312	4.39e-64	206
Bcin03p09270.1	FGRAMPH1_01T24303	39.1	281	158	7	168	443	13	285	5.50e-64	206
Bcin03p09270.1	FGRAMPH1_01T24303	39.1	281	158	7	168	443	13	285	5.50e-64	206
Bcin03p09270.1	Afu1g04950-T	37.5	285	161	7	168	443	8	284	7.51e-64	205
Bcin03p09270.1	FGRAMPH1_01T19491	35.8	302	171	7	173	460	89	381	4.86e-53	183
Bcin03p09270.1	FGRAMPH1_01T19491	35.8	302	171	7	173	460	89	381	4.86e-53	183
Bcin13p02000.1	MGG_07626	28.2	511	309	18	13	505	13	483	2.98e-47	167
Bcin13p02000.1	FGRAMPH1_01T15651	26.2	229	154	6	285	512	245	459	2.60e-15	73.6
Bcin13p02000.1	FGRAMPH1_01T09325	27.6	228	142	8	296	512	270	485	3.99e-11	60.5
Bcin01p03790.2	UMAG_05480_t1	38.5	994	473	24	212	1186	81	955	6.17e-196	602
Bcin01p03790.2	UMAG_10367_t1	46.0	502	249	8	687	1184	410	893	3.78e-131	427
Bcin01p03790.2	UMAG_03204_t1	45.3	499	255	6	687	1184	1268	1749	1.46e-129	434
Bcin01p03790.2	FOIG_06738-t36_1	44.9	499	253	9	689	1184	1240	1719	3.52e-122	412
Bcin01p03790.2	FOMG_03024-t38_1	44.9	499	253	9	689	1184	1240	1719	3.52e-122	412
Bcin01p03790.2	FOXG_04162-t26_1	44.9	499	253	9	689	1184	1240	1719	3.52e-122	412
Bcin01p03790.2	FOC4_g10006856-t38_1	44.9	499	253	9	689	1184	1240	1719	3.52e-122	412
Bcin01p03790.2	FOZG_02948-t36_1	44.9	499	253	9	689	1184	1240	1719	3.52e-122	412
Bcin01p03790.2	FOC1_g10006724-t38_1	44.9	499	253	9	689	1184	1240	1719	3.52e-122	412
Bcin01p03790.2	FOIG_06738-t36_2	44.9	499	253	9	689	1184	1240	1719	3.87e-122	412
Bcin01p03790.2	FOMG_03024-t38_2	44.9	499	253	9	689	1184	1240	1719	3.87e-122	412
Bcin01p03790.2	FOXG_04162-t26_2	44.9	499	253	9	689	1184	1240	1719	3.87e-122	412
Bcin01p03790.2	FOZG_02948-t36_2	44.9	499	253	9	689	1184	1240	1719	3.87e-122	412
Bcin01p03790.1	UMAG_05480_t1	38.5	994	473	24	212	1186	81	955	6.17e-196	602
Bcin01p03790.1	UMAG_10367_t1	46.0	502	249	8	687	1184	410	893	3.78e-131	427
Bcin01p03790.1	UMAG_03204_t1	45.3	499	255	6	687	1184	1268	1749	1.46e-129	434
Bcin01p03790.1	FOIG_06738-t36_1	44.9	499	253	9	689	1184	1240	1719	3.52e-122	412
Bcin01p03790.1	FOMG_03024-t38_1	44.9	499	253	9	689	1184	1240	1719	3.52e-122	412
Bcin01p03790.1	FOXG_04162-t26_1	44.9	499	253	9	689	1184	1240	1719	3.52e-122	412
Bcin01p03790.1	FOC4_g10006856-t38_1	44.9	499	253	9	689	1184	1240	1719	3.52e-122	412
Bcin01p03790.1	FOZG_02948-t36_1	44.9	499	253	9	689	1184	1240	1719	3.52e-122	412
Bcin01p03790.1	FOC1_g10006724-t38_1	44.9	499	253	9	689	1184	1240	1719	3.52e-122	412
Bcin01p03790.1	FOIG_06738-t36_2	44.9	499	253	9	689	1184	1240	1719	3.87e-122	412
Bcin01p03790.1	FOMG_03024-t38_2	44.9	499	253	9	689	1184	1240	1719	3.87e-122	412
Bcin01p03790.1	FOXG_04162-t26_2	44.9	499	253	9	689	1184	1240	1719	3.87e-122	412
Bcin01p03790.1	FOZG_02948-t36_2	44.9	499	253	9	689	1184	1240	1719	3.87e-122	412
Bcin04p00030.1	MGG_01096-t26_1	51.3	480	218	6	33	506	53	522	1.01e-168	489
Bcin01p11550.1	GLRG_04203_t1	26.7	1067	693	33	9	1040	384	1396	4.08e-73	269
Bcin01p11550.1	Afu4g11240-T	22.8	889	529	33	3116	3871	262	1126	1.46e-26	115
Bcin02p03920.1	MGG_00435-t26_1	23.8	320	198	11	4	286	5	315	7.03e-10	56.2
Bcin05p06720.1	Afu1g13100-T	32.7	1913	1142	41	1	1869	1	1812	4.29e-299	909
Bcin13p02880.1	FGRAMPH1_01T18903	40.3	345	162	8	237	572	262	571	3.54e-67	227
Bcin13p02880.1	FGRAMPH1_01T18903	40.3	345	162	8	237	572	262	571	3.54e-67	227
Bcin13p02880.1	FGRAMPH1_01T10677	40.7	324	148	9	254	561	58	353	2.36e-61	205
Bcin13p02880.1	FGRAMPH1_01T24349	36.8	315	160	7	237	549	262	539	1.43e-60	208
Bcin13p02880.1	CPUR_03237_t1	34.9	367	208	9	251	597	273	628	2.28e-60	209
Bcin13p02880.1	UMAG_04456_t1	33.0	330	179	7	260	584	98	390	4.40e-54	186
Bcin13p02880.1	FGRAMPH1_01T20307	32.1	340	200	8	234	561	218	538	2.11e-42	159
Bcin13p02880.1	FGRAMPH1_01T20307	32.1	340	200	8	234	561	218	538	2.11e-42	159
Bcin13p02880.1	FGRAMPH1_01T20181	25.6	203	117	6	298	494	65	239	6.02e-14	68.9
Bcin13p02880.1	ZTRI_6.302.mRNA	23.7	325	178	13	254	544	24	312	1.08e-13	68.2
Bcin13p02880.1	ZT3D1_G6735_t1	23.7	325	178	13	254	544	24	312	1.69e-13	68.2
Bcin13p02880.1	CPUR_03754_t1	25.1	203	118	6	298	494	65	239	2.54e-13	67.0
Bcin13p02880.1	UMAG_03305_t1	24.1	195	113	6	298	485	63	229	1.40e-11	61.6
Bcin13p02880.1	FGRAMPH1_01T02825	22.7	300	181	12	253	528	540	812	2.96e-08	52.0
Bcin13p02880.1	FGRAMPH1_01T02825	22.7	300	181	12	253	528	540	812	2.96e-08	52.0
Bcin08p03650.2	MGG_06439-t26_1	45.5	694	283	18	343	974	151	811	1.21e-117	375
Bcin08p03650.2	UMAG_01012_t1	69.0	87	27	0	336	422	200	286	2.16e-32	131
Bcin08p03650.1	MGG_06439-t26_1	44.0	862	354	22	1	784	1	811	5.29e-142	434
Bcin08p03650.1	UMAG_01012_t1	65.8	111	37	1	122	232	177	286	8.54e-37	144
Bcin06p02730.1	FGRAMPH1_01T27115	35.8	352	160	5	1	294	1	344	2.72e-61	194
Bcin06p03240.2	FGRAMPH1_01T16511	32.9	219	126	5	8	213	9	219	8.85e-19	84.0
Bcin06p03240.1	FGRAMPH1_01T16511	32.9	219	126	5	8	213	9	219	8.17e-19	84.0
Bcin01p01710.1	MGG_01185	84.8	223	30	3	1	221	1	221	5.64e-130	361
Bcin01p01710.1	MGG_06241	60.2	186	53	2	20	185	13	197	4.07e-67	202
Bcin01p01710.1	MGG_08144-t26_1	39.3	168	93	4	20	182	10	173	7.91e-37	124
Bcin01p01710.1	Afu6g13300-T	33.3	168	100	4	19	184	9	166	8.14e-28	100
Bcin08p03840.1	MGG_07982	58.2	500	201	2	32	527	26	521	1.29e-218	610
Bcin08p03840.1	FGRAMPH1_01T08935	37.1	490	285	7	39	527	32	499	1.20e-107	326
Bcin08p03840.1	FGRAMPH1_01T12029	26.5	461	289	12	41	484	109	536	2.71e-44	160
Bcin15p05670.1	MGG_02074-t26_1	64.1	1050	357	7	15	1050	13	1056	0.0	1308
Bcin15p05670.1	MGG_05078-t26_1	46.0	1055	506	12	27	1025	10	1056	1.10e-308	882
Bcin15p05670.1	MGG_07971-t26_1	28.6	780	432	20	142	862	247	960	1.21e-57	212
Bcin15p05670.1	MGG_04066-t26_1	24.1	282	159	10	521	757	811	1082	3.65e-08	52.8
Bcin15p03420.1	Afu1g07690-T	69.5	727	218	2	19	741	24	750	0.0	1103
Bcin07p01260.1	Afu1g03940-T	48.4	620	289	11	11	618	46	646	4.82e-179	518
Bcin07p06360.3	MGG_01728-t26_1	71.9	590	166	0	1	590	1	590	0.0	927
Bcin07p06360.3	MGG_08171-t26_1	36.0	670	322	13	18	580	18	687	3.24e-142	425
Bcin07p06360.1	MGG_01728-t26_1	71.9	590	166	0	1	590	1	590	0.0	927
Bcin07p06360.1	MGG_08171-t26_1	36.0	670	322	13	18	580	18	687	3.24e-142	425
Bcin07p06360.2	MGG_01728-t26_1	71.9	590	166	0	1	590	1	590	0.0	927
Bcin07p06360.2	MGG_08171-t26_1	36.0	670	322	13	18	580	18	687	3.24e-142	425
Bcin09p05700.1	FGRAMPH1_01T08935	33.3	474	304	6	31	499	33	499	2.53e-87	273
Bcin09p05700.1	MGG_07982	33.5	514	316	11	9	499	11	521	6.22e-82	259
Bcin09p05700.1	FGRAMPH1_01T12029	27.8	446	287	13	38	470	115	538	6.89e-46	164
Bcin09p05700.1	FGRAMPH1_01T14131	25.1	371	243	10	125	472	188	546	5.55e-19	85.1
Bcin04p00340.1	Afu1g09280-T	76.0	388	84	5	14	396	7	390	2.05e-215	595
Bcin04p00340.1	UMAG_05232_t1	34.1	132	76	4	126	255	1845	1967	1.40e-11	62.0
Bcin04p00340.2	Afu1g09280-T	80.1	342	63	3	14	351	7	347	4.83e-203	562
Bcin04p00340.2	UMAG_05232_t1	34.1	132	76	4	126	255	1845	1967	1.22e-11	62.0
Bcin11p04840.1	FGRAMPH1_01T03195	68.8	369	82	5	23	378	22	370	2.48e-177	493
Bcin10p01190.1	Afu1g05830-T	25.2	746	284	16	872	1593	1303	1798	1.25e-51	196
Bcin05p04270.1	Afu3g11710-T	64.0	375	126	5	1	370	1	371	1.03e-170	476
Bcin13p03000.2	MGG_12814-t26_1	44.7	620	253	20	15	616	11	558	7.67e-131	392
Bcin13p03000.1	MGG_12814-t26_1	46.8	592	250	20	15	585	11	558	2.97e-134	400
Bcin12p05920.1	FGRAMPH1_01T04197	46.3	41	19	2	21	59	16	55	2.38e-05	42.4
Bcin05p05500.1	MGG_03694-t26_1	58.1	504	187	7	1	496	2	489	3.00e-171	488
Bcin03p02630.1	MGG_14847-t26_1	65.0	966	278	15	1	957	1	915	0.0	1124
Bcin03p02630.1	FGRAMPH1_01T18031	64.0	962	284	16	1	957	1	905	0.0	1100
Bcin03p02630.1	ZT3D1_G5024_t1	49.2	944	410	23	41	957	27	927	2.46e-252	728
Bcin03p02630.1	ZTRI_4.424.mRNA	49.2	944	410	23	41	957	27	927	2.46e-252	728
Bcin03p02630.1	UMAG_04258_t1	56.3	334	130	5	633	953	1036	1366	2.74e-103	348
Bcin03p02630.1	MGG_00883-t26_1	46.0	272	135	6	682	948	1237	1501	6.24e-63	228
Bcin03p02630.1	MGG_04100-t26_1	36.9	268	151	4	686	953	62	311	5.81e-47	178
Bcin03p02630.1	FGRAMPH1_01T24349	29.5	254	157	4	689	941	285	517	2.94e-29	119
Bcin03p02630.1	FGRAMPH1_01T17801	31.1	241	134	7	689	919	16	234	2.12e-28	112
Bcin03p02630.1	FGRAMPH1_01T17801	31.1	241	134	7	689	919	16	234	2.12e-28	112
Bcin03p02630.1	Bcin07g00720.1:RNA	27.1	273	129	6	689	909	29	283	2.78e-26	111
Bcin03p02630.1	MGG_06393-t26_1	27.5	287	137	7	679	912	13	281	7.71e-25	106
Bcin03p02630.1	UMAG_06363_t1	24.7	279	145	5	689	923	21	278	1.66e-21	95.9
Bcin03p02630.1	FGRAMPH1_01T24753	28.6	248	151	7	689	919	43	281	2.77e-20	90.9
Bcin03p02630.1	FGRAMPH1_01T24753	28.6	248	151	7	689	919	43	281	2.77e-20	90.9
Bcin03p02630.1	UMAG_03305_t1	26.8	224	128	6	688	898	26	226	9.02e-20	87.4
Bcin03p02630.1	ZTRI_6.302.mRNA	25.8	240	153	7	688	920	29	250	4.01e-19	85.5
Bcin03p02630.1	ZT3D1_G6735_t1	25.8	240	153	7	688	920	29	250	9.19e-19	85.5
Bcin03p02630.1	UMAG_02331_t1	24.4	315	178	8	681	954	189	484	1.82e-18	85.1
Bcin03p02630.1	FGRAMPH1_01T20181	25.0	240	155	7	688	920	28	249	4.12e-18	82.4
Bcin03p02630.1	CPUR_03754_t1	25.0	240	155	7	688	920	28	249	9.89e-18	81.3
Bcin03p02630.1	FGRAMPH1_01T02825	25.2	306	166	14	689	955	547	828	1.23e-12	67.0
Bcin03p02630.1	FGRAMPH1_01T02825	25.2	306	166	14	689	955	547	828	1.23e-12	67.0
Bcin01p00970.1	FGRAMPH1_01T16511	26.9	227	137	7	38	257	15	219	6.64e-15	72.0
Bcin01p00970.1	FGRAMPH1_01T16119	26.3	137	79	4	18	148	4	124	2.23e-07	48.1
Bcin01p00030.1	MGG_07982	35.3	515	307	12	1	495	1	509	2.00e-86	271
Bcin01p00030.1	FGRAMPH1_01T08935	34.2	480	293	11	34	505	33	497	2.17e-83	263
Bcin01p00030.1	FGRAMPH1_01T12029	28.0	464	273	15	35	474	109	535	4.39e-40	148
Bcin01p00030.1	FGRAMPH1_01T15651	26.2	488	285	14	35	500	42	476	9.54e-35	131
Bcin11p03200.1	MGG_02731-t26_1	54.4	180	82	0	6	185	3	182	1.29e-61	186
Bcin11p03200.1	CPUR_06597_t1	52.5	177	84	0	9	185	6	182	4.83e-59	179
Bcin11p03200.1	FGRAMPH1_01T00811	48.1	181	91	2	12	190	56	235	2.08e-55	172
Bcin11p03200.1	UMAG_00295_t1	46.2	173	93	0	13	185	5	177	2.12e-53	165
Bcin11p03200.1	MGG_06241	31.9	185	110	5	13	183	13	195	2.78e-21	83.6
Bcin11p03200.1	MGG_01185	31.2	173	106	6	13	182	21	183	1.15e-17	73.6
Bcin10p03660.1	MGG_06263-t26_1	79.8	109	22	0	1	109	63	171	5.35e-67	195
Bcin05p00240.1	MGG_02074-t26_1	32.2	199	88	5	930	1083	621	817	1.03e-12	67.8
Bcin02p05070.1	Afu6g12830-T	29.1	880	553	25	95	933	70	919	1.70e-105	345
Bcin08p03050.1	FGRAMPH1_01T22799	29.7	155	102	3	95	249	319	466	3.28e-19	86.7
Bcin08p03050.1	FGRAMPH1_01T22799	29.7	155	102	3	95	249	319	466	3.28e-19	86.7
Bcin08p03050.1	FGRAMPH1_01T20307	31.2	154	93	6	98	250	231	372	2.08e-12	65.1
Bcin08p03050.1	FGRAMPH1_01T20307	31.2	154	93	6	98	250	231	372	2.08e-12	65.1
Bcin08p03050.1	MGG_00883-t26_1	28.4	148	95	6	114	257	1244	1384	6.35e-08	50.8
Bcin15p02990.1	Afu2g09060-T	39.0	539	296	11	122	639	396	922	4.08e-104	337
Bcin15p02990.1	FGRAMPH1_01T06289	36.3	619	339	10	44	635	221	811	2.64e-101	326
Bcin15p02990.1	FGRAMPH1_01T01289	38.0	548	287	12	125	639	395	922	1.39e-97	319
Bcin15p02990.1	FGRAMPH1_01T05925	34.7	550	285	9	126	615	236	771	7.96e-81	272
Bcin12p00500.1	Afu5g10740-T	51.2	168	66	5	1	153	1	167	2.13e-48	149
Bcin14p03930.1	sscle_16g109570_t1	85.7	481	67	2	1	481	1	479	1.09e-289	786
Bcin05p06810.1	MGG_08144-t26_1	36.0	136	79	2	6	137	1	132	4.16e-23	90.5
Bcin05p06810.2	MGG_08144-t26_1	36.0	136	79	2	23	154	1	132	5.40e-23	90.5
Bcin08p03910.1	FGRAMPH1_01T10677	71.1	343	87	3	43	373	50	392	7.24e-178	495
Bcin08p03910.1	FGRAMPH1_01T24349	49.2	309	145	7	47	353	275	573	6.16e-100	303
Bcin08p03910.1	UMAG_04456_t1	45.9	318	156	7	39	350	76	383	1.00e-97	292
Bcin08p03910.1	FGRAMPH1_01T18903	43.6	303	158	6	46	346	281	572	3.11e-79	251
Bcin08p03910.1	FGRAMPH1_01T18903	43.6	303	158	6	46	346	281	572	3.11e-79	251
Bcin08p03910.1	MGG_08689	32.4	327	207	7	24	346	831	1147	3.76e-56	193
Bcin08p03910.1	FGRAMPH1_01T26573	33.2	310	192	7	42	346	817	1116	1.46e-54	189
Bcin08p03910.1	CPUR_03237_t1	32.4	386	186	12	12	336	227	598	1.86e-53	182
Bcin08p03910.1	FGRAMPH1_01T20307	34.3	321	177	6	48	347	236	543	1.92e-51	179
Bcin08p03910.1	FGRAMPH1_01T20307	34.3	321	177	6	48	347	236	543	1.92e-51	179
Bcin08p03910.1	FGRAMPH1_01T23607	35.1	268	155	7	51	314	121	373	3.80e-42	147
Bcin08p03910.1	MGG_04100-t26_1	29.2	291	185	8	34	317	37	313	3.83e-29	114
Bcin08p03910.1	UMAG_06363_t1	27.1	295	159	10	41	289	5	289	8.32e-25	101
Bcin08p03910.1	Bcin07g00720.1:RNA	25.4	307	166	9	39	290	11	309	5.12e-23	96.3
Bcin08p03910.1	UMAG_10145_t1	27.1	247	162	8	81	316	568	807	5.07e-22	93.2
Bcin08p03910.1	MGG_06393-t26_1	24.8	310	165	9	47	299	15	313	9.80e-22	92.4
Bcin08p03910.1	CPUR_04764_t1	25.0	216	152	4	55	261	555	769	2.22e-21	91.3
Bcin08p03910.1	FGRAMPH1_01T12137	27.2	243	139	12	50	264	3	235	7.59e-13	63.9
Bcin08p03910.1	FGRAMPH1_01T17801	26.2	214	134	7	51	254	10	209	1.42e-12	63.2
Bcin08p03910.1	FGRAMPH1_01T17801	26.2	214	134	7	51	254	10	209	1.42e-12	63.2
Bcin08p03910.1	UMAG_03305_t1	28.4	183	106	8	81	254	59	225	2.23e-12	62.8
Bcin08p03910.1	FGRAMPH1_01T20181	25.6	180	114	7	81	254	61	226	9.53e-12	60.8
Bcin08p03910.1	ZTRI_6.302.mRNA	26.1	180	113	7	81	254	62	227	9.57e-12	60.8
Bcin08p03910.1	FGRAMPH1_01T10041	41.3	92	50	4	177	264	144	235	1.11e-11	60.5
Bcin08p03910.1	ZT3D1_G6735_t1	26.1	180	113	7	81	254	62	227	1.25e-11	60.8
Bcin05p04060.1	Afu6g04740-T	29.5	332	177	9	136	466	117	392	9.40e-39	140
Bcin01p05160.1	MGG_00501-t26_1	40.7	541	226	16	23	545	18	481	1.72e-73	241
Bcin06p01840.1	DEG20080021	32.2	90	48	2	236	325	162	238	2.74e-06	44.3
Bcin06p01840.1	Afu4g06250-T	32.2	90	48	2	236	325	162	238	2.74e-06	44.3
Bcin11p06020.1	FGRAMPH1_01T02967	43.5	310	175	0	145	454	72	381	1.71e-86	266
Bcin11p06020.1	MGG_00529-t26_1	37.2	234	139	5	203	430	991	1222	2.41e-37	141
Bcin16p00700.1	MGG_00597	40.0	685	325	25	1	654	18	647	1.79e-113	351
Bcin09p05260.1	MGG_09262-t26_1	51.7	265	108	3	5	265	66	314	1.00e-89	264
Bcin11p02640.1	UMAG_05850_t1	33.3	66	40	2	12	74	20	84	4.22e-05	41.2
Bcin06p01920.1	MGG_06847-t26_1	24.0	321	218	9	411	726	128	427	7.03e-16	75.9
Bcin01p08410.1	Afu6g07120-T	53.3	195	80	4	3	188	7	199	6.69e-64	191
Bcin07p04730.2	MGG_00803-t26_1	37.5	264	151	8	33	291	130	384	2.07e-39	145
Bcin07p04730.2	FGRAMPH1_01T24349	33.5	275	158	8	30	289	271	535	2.34e-36	135
Bcin07p04730.2	FGRAMPH1_01T23607	30.2	308	189	11	2	295	91	386	3.98e-32	121
Bcin07p04730.2	UMAG_04456_t1	33.0	264	156	8	37	289	96	349	2.39e-31	119
Bcin07p04730.2	MGG_04100-t26_1	29.7	266	178	6	33	295	59	318	1.80e-26	107
Bcin07p04730.2	FGRAMPH1_01T20307	33.2	223	122	6	33	231	239	458	1.47e-25	104
Bcin07p04730.2	FGRAMPH1_01T20307	33.2	223	122	6	33	231	239	458	1.47e-25	104
Bcin07p04730.2	MGG_08689	30.7	215	138	6	33	240	857	1067	1.05e-23	99.4
Bcin07p04730.2	FGRAMPH1_01T26573	26.8	272	179	7	33	292	826	1089	7.97e-23	96.7
Bcin07p04730.2	FGRAMPH1_01T17801	25.4	299	188	7	39	305	16	311	2.11e-21	89.7
Bcin07p04730.2	FGRAMPH1_01T17801	25.4	299	188	7	39	305	16	311	2.11e-21	89.7
Bcin07p04730.2	ZTRI_6.302.mRNA	26.7	300	179	8	26	288	17	312	5.70e-21	89.0
Bcin07p04730.2	ZT3D1_G6735_t1	26.7	300	179	8	26	288	17	312	1.16e-20	89.0
Bcin07p04730.2	MGG_14847-t26_1	24.3	292	181	8	25	289	634	912	1.78e-20	89.4
Bcin07p04730.2	CPUR_03754_t1	26.5	325	179	13	8	288	3	311	3.45e-20	86.7
Bcin07p04730.2	FGRAMPH1_01T24783	31.4	207	128	7	28	224	67	269	4.10e-20	87.0
Bcin07p04730.2	FGRAMPH1_01T24783	31.4	207	128	7	28	224	67	269	4.10e-20	87.0
Bcin07p04730.2	FGRAMPH1_01T20181	25.7	304	177	9	26	288	16	311	6.30e-20	85.9
Bcin07p04730.2	FGRAMPH1_01T18031	26.4	276	158	8	32	274	630	893	1.00e-19	87.0
Bcin07p04730.2	ZTRI_10.412.mRNA	32.5	206	126	9	26	226	13	210	1.17e-19	85.1
Bcin07p04730.2	MGG_06393-t26_1	23.5	311	184	5	28	286	14	322	1.38e-19	86.7
Bcin07p04730.2	UMAG_02331_t1	26.1	326	190	12	14	295	172	490	1.22e-17	80.1
Bcin07p04730.2	UMAG_03305_t1	28.0	225	143	7	17	226	1	221	4.40e-17	77.4
Bcin07p04730.2	UMAG_06363_t1	25.0	320	166	12	39	289	21	335	1.00e-16	77.8
Bcin07p04730.2	FGRAMPH1_01T22799	28.8	243	133	7	32	238	331	569	3.55e-16	75.9
Bcin07p04730.1	MGG_00803-t26_1	37.5	264	151	8	23	281	130	384	1.68e-39	145
Bcin07p04730.1	FGRAMPH1_01T24349	33.5	275	158	8	20	279	271	535	1.93e-36	135
Bcin07p04730.1	FGRAMPH1_01T23607	31.0	277	166	10	23	285	121	386	4.67e-32	120
Bcin07p04730.1	UMAG_04456_t1	33.0	264	156	8	27	279	96	349	2.05e-31	119
Bcin07p04730.1	MGG_04100-t26_1	29.7	266	178	6	23	285	59	318	1.54e-26	107
Bcin07p04730.1	FGRAMPH1_01T20307	33.2	223	122	6	23	221	239	458	1.28e-25	104
Bcin07p04730.1	FGRAMPH1_01T20307	33.2	223	122	6	23	221	239	458	1.28e-25	104
Bcin07p04730.1	MGG_08689	30.7	215	138	6	23	230	857	1067	9.14e-24	99.4
Bcin07p04730.1	FGRAMPH1_01T26573	26.8	272	179	7	23	282	826	1089	6.99e-23	96.7
Bcin07p04730.1	FGRAMPH1_01T17801	25.4	299	188	7	29	295	16	311	1.94e-21	89.7
Bcin07p04730.1	FGRAMPH1_01T17801	25.4	299	188	7	29	295	16	311	1.94e-21	89.7
Bcin07p04730.1	ZTRI_6.302.mRNA	26.7	300	179	8	16	278	17	312	5.22e-21	89.0
Bcin07p04730.1	ZT3D1_G6735_t1	26.7	300	179	8	16	278	17	312	1.06e-20	89.0
Bcin07p04730.1	MGG_14847-t26_1	24.3	292	181	8	15	279	634	912	1.59e-20	89.4
Bcin07p04730.1	FGRAMPH1_01T24783	31.4	207	128	7	18	214	67	269	3.75e-20	87.0
Bcin07p04730.1	FGRAMPH1_01T24783	31.4	207	128	7	18	214	67	269	3.75e-20	87.0
Bcin07p04730.1	FGRAMPH1_01T20181	25.4	319	189	9	1	278	1	311	4.30e-20	86.3
Bcin07p04730.1	FGRAMPH1_01T18031	26.4	276	158	8	22	264	630	893	8.99e-20	87.0
Bcin07p04730.1	CPUR_03754_t1	26.7	307	170	12	16	278	16	311	1.06e-19	85.1
Bcin07p04730.1	ZTRI_10.412.mRNA	32.5	206	126	9	16	216	13	210	1.08e-19	85.1
Bcin07p04730.1	MGG_06393-t26_1	23.5	311	184	5	18	276	14	322	1.24e-19	86.7
Bcin07p04730.1	UMAG_02331_t1	26.2	328	191	12	2	285	170	490	4.73e-18	81.3
Bcin07p04730.1	UMAG_03305_t1	28.0	225	143	7	7	216	1	221	4.12e-17	77.4
Bcin07p04730.1	UMAG_06363_t1	25.0	320	166	12	29	279	21	335	9.20e-17	77.8
Bcin07p04730.1	FGRAMPH1_01T22799	28.8	243	133	7	22	228	331	569	3.27e-16	75.9
Bcin11p05010.1	MGG_05650	50.8	372	165	5	12	367	47	416	7.45e-119	351
Bcin01p04260.1	FGRAMPH1_01T10185	55.5	479	187	6	12	480	14	476	1.71e-169	482
Bcin01p04260.1	FGRAMPH1_01T10185	55.5	479	187	6	12	480	14	476	1.71e-169	482
Bcin01p05890.1	MGG_00937-t26_1	23.5	557	342	22	558	1089	1016	1513	1.30e-09	58.2
Bcin05p07090.1	FGRAMPH1_01T05093	27.2	604	343	18	31	614	30	556	3.29e-58	200
Bcin05p07090.1	FGRAMPH1_01T09325	22.8	263	165	7	303	559	256	486	6.24e-07	47.4
Bcin01p04410.1	Afu6g08900-T	27.0	444	258	11	128	521	180	607	1.54e-38	147
Bcin01p04410.1	DEG20080014	24.0	462	267	13	128	521	180	625	4.49e-27	112
Bcin03p05270.1	FGRAMPH1_01T14131	25.3	182	120	4	295	470	370	541	3.40e-14	70.1
Bcin03p05270.1	FGRAMPH1_01T09325	28.7	157	91	6	316	457	312	462	3.27e-10	57.4
Bcin11p04620.1	MGG_06362	34.7	170	98	2	16	174	19	186	1.69e-30	105
Bcin09p02080.1	FGRAMPH1_01T16511	28.5	249	156	7	27	274	16	243	9.76e-19	84.0
Bcin01p00550.1	MGG_08144-t26_1	40.6	165	92	3	10	168	8	172	2.87e-38	127
Bcin01p00550.1	MGG_01185	40.5	173	96	3	1	168	12	182	5.42e-36	121
Bcin01p00550.1	MGG_06154	35.0	163	104	2	12	173	11	172	1.34e-31	110
Bcin01p00550.1	UMAG_01643_t1	34.5	168	106	2	10	174	7	173	3.03e-31	108
Bcin05p01000.1	FGRAMPH1_01T14131	24.3	412	268	14	135	526	184	571	9.47e-22	94.0
Bcin05p01000.1	FGRAMPH1_01T09325	34.5	113	63	3	377	483	354	461	2.92e-11	60.8
Bcin11p01280.1	MGG_16201-t26_1	48.3	145	75	0	7	151	2	146	3.77e-38	123
Bcin07p05660.1	DEG20080035	56.6	700	267	12	1	673	1	690	4.85e-245	690
Bcin07p05660.1	Afu2g17050-T	56.6	700	267	12	1	673	1	690	4.85e-245	690
Bcin02p00240.1	FGRAMPH1_01T12029	29.1	537	364	8	16	545	42	568	2.65e-71	234
Bcin07p01060.1	MGG_07312-t26_1	27.3	150	91	5	1154	1293	968	1109	1.59e-08	54.3
Bcin09p00240.1	MGG_04957-t26_1	23.7	397	239	16	419	789	653	1011	9.29e-09	54.3
Bcin02p07140.1	FGRAMPH1_01T16511	25.8	438	260	17	13	440	17	399	1.54e-19	86.3
Bcin12p01810.1	Afu6g08900-T	32.1	418	229	10	90	463	203	609	1.02e-37	147
Bcin12p01810.1	DEG20080014	29.3	443	226	11	90	463	203	627	1.85e-36	143
Bcin06p00260.1	MGG_02842-t26_1	68.8	573	161	8	9	567	4	572	7.19e-257	711
Bcin07p01120.1	FGRAMPH1_01T04729	71.6	524	149	0	10	533	11	534	1.19e-286	783
Bcin07p01120.1	Afu7g03740-T	23.4	461	262	22	74	490	60	473	2.04e-14	70.9
Bcin02p04200.1	Afu3g08080-T	54.4	180	68	2	34	210	40	208	7.87e-60	183
Bcin03p02460.1	FGRAMPH1_01T20307	28.7	265	162	6	184	428	283	540	3.72e-30	122
Bcin03p02460.1	FGRAMPH1_01T20307	28.7	265	162	6	184	428	283	540	3.72e-30	122
Bcin03p02460.1	MGG_00803-t26_1	26.9	386	206	11	91	468	122	439	1.06e-28	117
Bcin03p02460.1	MGG_01196-t26_1	25.7	346	171	8	96	402	305	603	2.09e-28	117
Bcin03p02460.1	FGRAMPH1_01T23607	30.7	231	150	7	173	401	152	374	3.56e-27	109
Bcin03p02460.1	MGG_04100-t26_1	26.6	346	200	10	96	439	56	349	2.57e-26	110
Bcin03p02460.1	FGRAMPH1_01T14347	26.8	325	167	15	101	408	58	328	2.65e-21	93.2
Bcin03p02460.1	FGRAMPH1_01T14347	26.8	325	167	15	101	408	58	328	2.65e-21	93.2
Bcin03p02460.1	MGG_08689	28.4	208	132	5	187	390	906	1100	2.22e-20	91.7
Bcin03p02460.1	Bcin07g00720.1:RNA	24.8	363	165	14	96	402	20	330	3.42e-20	90.9
Bcin03p02460.1	FGRAMPH1_01T26573	27.4	208	134	5	187	390	875	1069	6.59e-20	90.1
Bcin03p02460.1	UMAG_03305_t1	25.6	254	138	8	189	401	67	310	1.15e-18	83.6
Bcin03p02460.1	FGRAMPH1_01T24783	28.3	244	138	9	189	400	121	359	1.96e-18	83.6
Bcin03p02460.1	FGRAMPH1_01T24783	28.3	244	138	9	189	400	121	359	1.96e-18	83.6
Bcin03p02460.1	FGRAMPH1_01T17801	26.0	258	156	6	172	400	40	291	2.61e-18	82.0
Bcin03p02460.1	FGRAMPH1_01T17801	26.0	258	156	6	172	400	40	291	2.61e-18	82.0
Bcin03p02460.1	UMAG_06363_t1	25.2	322	145	10	84	363	1	268	8.58e-18	83.2
Bcin03p02460.1	ZTRI_10.412.mRNA	26.5	238	131	8	189	394	67	292	9.49e-17	77.8
Bcin03p02460.1	MGG_06393-t26_1	21.8	363	179	10	96	404	16	327	1.01e-16	79.7
Bcin03p02460.1	MGG_03696	26.0	235	148	10	186	407	74	295	1.09e-16	77.4
Bcin03p02460.1	UMAG_10145_t1	26.9	227	141	7	185	401	595	806	2.10e-16	78.6
Bcin03p02460.1	FGRAMPH1_01T27169	25.0	264	152	9	167	395	35	287	4.33e-16	77.4
Bcin03p02460.1	FGRAMPH1_01T27169	25.0	264	152	9	167	395	35	287	4.33e-16	77.4
Bcin03p02460.1	FGRAMPH1_01T01705	25.5	235	149	10	186	407	71	292	4.64e-16	75.5
Bcin03p02460.1	FGRAMPH1_01T01705	25.5	235	149	10	186	407	71	292	4.64e-16	75.5
Bcin03p06080.1	MGG_16213-t26_1	79.7	1561	314	2	1	1561	1	1558	0.0	2236
Bcin03p06080.1	FGRAMPH1_01T10651	39.0	774	416	19	19	781	133	861	7.35e-131	447
Bcin03p06080.1	AO090005000576-T	35.5	736	408	14	78	794	53	740	3.21e-121	407
Bcin09p06620.1	UMAG_02729_t1	28.6	483	205	14	32	489	18	385	5.06e-36	135
Bcin02p03610.1	Afu8g04420-T	48.0	721	342	10	9	709	12	719	2.69e-218	627
Bcin13p01730.1	Afu6g09070-T	67.9	365	116	1	50	414	50	413	1.42e-168	474
Bcin12p01310.1	Afu2g03390-T	33.7	89	45	4	340	416	105	191	2.83e-04	40.0
Bcin12p01310.1	Afu2g03390-T	33.7	89	45	4	340	416	105	191	2.83e-04	40.0
Bcin12p00150.1	MGG_00803-t26_1	29.4	279	161	9	107	375	130	382	1.35e-25	103
Bcin12p00150.1	FGRAMPH1_01T23607	27.7	282	177	8	99	373	112	373	1.45e-25	102
Bcin12p00150.1	FGRAMPH1_01T24349	28.3	300	175	14	92	376	262	536	1.64e-23	97.4
Bcin12p00150.1	CPUR_03237_t1	25.3	265	142	7	105	319	274	532	2.98e-18	81.6
Bcin12p00150.1	FGRAMPH1_01T20307	27.3	308	171	12	96	374	228	511	4.54e-17	78.2
Bcin12p00150.1	FGRAMPH1_01T20307	27.3	308	171	12	96	374	228	511	4.54e-17	78.2
Bcin12p00150.1	ZT3D1_G5024_t1	27.1	236	138	6	96	305	634	861	4.80e-16	75.1
Bcin12p00150.1	ZTRI_4.424.mRNA	27.1	236	138	6	96	305	634	861	4.80e-16	75.1
Bcin12p00150.1	Bcin07g00720.1:RNA	23.1	347	192	10	87	376	3	331	4.85e-16	75.1
Bcin12p00150.1	ZTRI_10.412.mRNA	29.3	191	122	6	107	293	20	201	1.54e-15	72.4
Bcin12p00150.1	UMAG_03305_t1	26.6	304	175	12	105	373	19	309	9.22e-14	67.0
Bcin12p00150.1	UMAG_06363_t1	25.6	246	135	8	106	308	14	254	4.71e-13	65.9
Bcin12p00150.1	MGG_03696	21.4	318	210	10	86	374	14	320	6.65e-13	64.3
Bcin12p00150.1	MGG_06393-t26_1	24.6	252	126	8	113	308	25	268	2.58e-12	63.5
Bcin12p00150.1	FGRAMPH1_01T01705	21.8	308	201	10	97	375	22	318	1.21e-11	60.5
Bcin12p00150.1	FGRAMPH1_01T01705	21.8	308	201	10	97	375	22	318	1.21e-11	60.5
Bcin12p00150.1	FGRAMPH1_01T10683	24.8	226	145	6	107	317	12	227	4.36e-11	58.9
Bcin12p00150.1	FGRAMPH1_01T10683	24.8	226	145	6	107	317	12	227	4.36e-11	58.9
Bcin12p00150.1	FGRAMPH1_01T18735	23.2	254	148	8	158	374	863	1106	1.42e-10	58.2
Bcin12p00150.1	FGRAMPH1_01T18735	23.2	254	148	8	158	374	863	1106	1.42e-10	58.2
Bcin12p00150.1	FGRAMPH1_01T12137	25.2	218	126	9	105	293	2	211	3.56e-09	52.8
Bcin12p00150.1	AO090005000934-T	26.5	211	111	9	199	374	804	1005	2.68e-07	47.8
Bcin14p03100.1	Afu6g08900-T	26.3	456	243	14	39	417	171	610	2.55e-27	110
Bcin14p03100.1	DEG20080014	28.8	264	130	7	39	252	171	426	2.42e-17	80.1
Bcin04p00640.1	GLRG_04203_t1	24.7	1560	989	44	480	1940	375	1848	1.52e-104	370
Bcin09p03680.1	MGG_01230-t26_1	27.8	468	316	9	89	552	76	525	1.98e-47	170
Bcin11p03050.1	MGG_02074-t26_1	62.8	1043	376	6	5	1036	8	1049	0.0	1276
Bcin11p03050.1	MGG_05078-t26_1	45.7	1085	516	15	29	1050	17	1091	2.25e-306	877
Bcin04p00980.1	FGRAMPH1_01T17579	48.7	39	20	0	822	860	1095	1133	3.47e-04	39.7
Bcin04p00980.1	FGRAMPH1_01T17579	48.7	39	20	0	822	860	1095	1133	3.47e-04	39.7
Bcin03p04230.1	Afu6g04420-T	45.1	519	146	21	4	419	8	490	1.76e-103	311
Bcin13p00870.1	MGG_05078-t26_1	25.9	1087	601	33	99	1056	12	1022	2.68e-65	236
Bcin13p00870.1	MGG_02074-t26_1	27.0	936	481	29	98	926	26	866	4.49e-64	232
Bcin03p02110.1	FGRAMPH1_01T14131	23.9	389	245	16	126	485	186	552	1.95e-21	92.8
Bcin03p02110.1	FGRAMPH1_01T09325	26.2	195	126	6	298	481	297	484	3.35e-10	57.4
Bcin03p07480.1	MGG_08843	54.4	643	264	10	1	636	1	621	1.80e-214	608
Bcin03p01730.1	FGRAMPH1_01T14519	61.4	228	87	1	1	227	1	228	2.36e-78	231
Bcin15p01470.1	DEG20080031	71.9	434	113	3	40	471	35	461	2.56e-225	623
Bcin15p01470.1	Afu2g11240-T	71.9	434	113	3	40	471	35	461	2.56e-225	623
Bcin15p01470.1	Afu2g11240-T	71.9	434	113	3	40	471	35	461	2.56e-225	623
Bcin16p03390.1	Afu6g08900-T	28.3	421	225	15	87	446	208	612	8.07e-36	138
Bcin16p03390.1	DEG20080014	27.2	349	188	13	158	446	288	630	1.02e-25	107
Bcin03p05360.1	Afu1g13790-T	60.6	127	45	2	33	157	10	133	2.26e-41	131
Bcin13p01260.1	FGRAMPH1_01T04197	23.7	342	189	12	7	332	9	294	6.19e-04	38.1
Bcin04p01760.1	Afu4g07110-T	69.7	271	82	0	1	271	1	271	2.46e-111	318
Bcin02p01790.1	DEG20080010	72.3	452	119	2	5	456	3	448	1.90e-248	680
Bcin02p01790.1	Afu1g02550-T	72.3	452	119	2	5	456	3	448	1.90e-248	680
Bcin01p08600.1	FGRAMPH1_01T28009	33.0	649	377	13	1	644	1	596	9.40e-86	279
Bcin16p00770.1	MGG_07982	25.4	248	168	8	231	470	252	490	1.67e-11	61.6
Bcin09p03050.1	DEG20080021	32.9	70	46	1	222	290	318	387	8.44e-06	43.9
Bcin09p03050.1	Afu4g06250-T	32.9	70	46	1	222	290	318	387	8.44e-06	43.9
Bcin14p01790.1	FGRAMPH1_01T07915	53.6	222	99	2	77	296	115	334	1.17e-74	228
Bcin14p01790.2	FGRAMPH1_01T07915	53.6	222	99	2	269	488	115	334	3.80e-72	228
Bcin07p06570.1	FGRAMPH1_01T17027	52.5	219	65	7	84	289	76	268	6.90e-52	175
Bcin07p06570.1	MGG_06050-t26_1	51.4	222	79	8	73	285	172	373	4.15e-45	157
Bcin08p00320.1	FGRAMPH1_01T08935	23.8	496	325	15	20	497	34	494	3.38e-30	119
Bcin08p00320.1	MGG_07982	23.1	463	317	10	24	471	39	477	5.21e-26	106
Bcin08p00320.2	MGG_07982	23.2	426	290	9	2	412	74	477	2.58e-24	100
Bcin08p00320.2	FGRAMPH1_01T08935	22.9	455	300	14	2	438	73	494	4.46e-23	97.1
Bcin08p00320.2	MGG_07626	27.7	166	108	5	242	401	309	468	2.58e-05	41.6
Bcin05p03790.1	FGRAMPH1_01T02967	42.0	245	138	2	304	544	132	376	7.13e-51	178
Bcin05p03790.1	MGG_00529-t26_1	36.8	239	141	7	303	532	992	1229	1.15e-34	137
Bcin01p11480.1	FGRAMPH1_01T14131	31.3	201	127	5	261	455	375	570	7.76e-23	99.4
Bcin01p11480.1	MGG_07626	35.8	179	102	5	267	434	309	485	2.05e-19	88.2
Bcin01p11480.1	FGRAMPH1_01T09325	29.4	177	104	6	260	416	286	461	1.52e-08	53.5
Bcin01p09460.1	Afu2g05340-T	37.1	283	159	7	6	284	107	374	4.57e-55	182
Bcin01p09460.1	MGG_07331-t26_1	28.8	229	141	7	1	223	100	312	6.32e-23	93.2
Bcin03p02170.1	FGRAMPH1_01T02967	39.1	253	144	4	417	666	131	376	1.30e-49	176
Bcin03p02170.1	MGG_00529-t26_1	35.8	243	144	6	418	654	993	1229	4.37e-34	136
Bcin02p02570.1	MGG_01062-t26_1	91.7	121	10	0	1	121	1	121	1.88e-76	218
Bcin02p02570.1	UMAG_05567_t1	88.0	117	14	0	1	117	1	117	3.47e-71	204
Bcin02p06770.1	Bcin02g06770.1:RNA	100	439	0	0	1	439	1	439	0.0	900
Bcin02p06770.1	MGG_03580-t26_1	55.0	489	163	8	3	439	8	491	5.42e-185	520
Bcin12p05290.1	DEG20080006	33.4	485	305	8	87	564	206	679	2.14e-72	242
Bcin12p05290.1	Afu5g03560-T	33.4	485	305	8	87	564	206	679	2.14e-72	242
Bcin12p05290.1	Afu5g03560-T	33.4	485	305	8	87	564	206	679	2.14e-72	242
Bcin04p02790.1	Afu1g05830-T	32.0	516	282	12	657	1118	1306	1806	1.74e-56	212
Bcin04p02790.2	Afu1g05830-T	32.0	516	282	12	778	1239	1306	1806	1.96e-56	212
Bcin01p02160.1	AO090020000087-T	68.7	1064	318	4	5	1054	74	1136	0.0	1233
Bcin05p04030.1	Afu3g08520-T	46.4	662	266	25	1	642	1	593	6.13e-107	332
Bcin12p06400.1	MGG_07982	25.3	455	302	13	92	526	39	475	1.53e-28	114
Bcin12p06400.1	FGRAMPH1_01T22299	28.8	170	116	2	352	521	307	471	9.43e-14	68.9
Bcin15p00610.1	FGRAMPH1_01T02967	29.2	312	185	8	578	884	109	389	1.09e-31	123
Bcin15p00610.1	MGG_00529-t26_1	32.9	243	138	6	605	838	993	1219	2.14e-25	108
Bcin16p01830.1	GLRG_04203_t1	37.3	1749	1006	26	45	1754	38	1734	0.0	1064
Bcin02p08090.1	MGG_00803-t26_1	39.8	266	148	6	23	287	130	384	1.69e-46	166
Bcin02p08090.1	FGRAMPH1_01T20307	31.7	287	165	7	26	291	242	518	8.78e-36	135
Bcin02p08090.1	FGRAMPH1_01T20307	31.7	287	165	7	26	291	242	518	8.78e-36	135
Bcin02p08090.1	FGRAMPH1_01T23607	33.5	284	164	10	23	295	121	390	2.15e-35	130
Bcin02p08090.1	MGG_01196-t26_1	31.6	301	163	8	23	285	308	603	3.18e-33	128
Bcin02p08090.1	MGG_04100-t26_1	31.1	270	165	9	23	286	59	313	7.92e-29	115
Bcin02p08090.1	MGG_00883-t26_1	29.5	275	176	8	22	283	1237	1506	2.03e-27	110
Bcin02p08090.1	UMAG_04258_t1	26.4	311	190	8	14	297	1081	1379	6.57e-27	109
Bcin02p08090.1	ZTRI_6.302.mRNA	28.8	299	168	8	22	284	23	312	5.40e-26	103
Bcin02p08090.1	ZT3D1_G6735_t1	28.8	299	168	8	22	284	23	312	1.50e-25	103
Bcin02p08090.1	CPUR_03754_t1	28.2	298	169	8	23	284	23	311	8.69e-25	100
Bcin02p08090.1	FGRAMPH1_01T20181	28.1	299	170	8	22	284	22	311	8.69e-25	100
Bcin02p08090.1	AO090005000934-T	27.3	311	175	9	17	283	701	1004	6.60e-24	100
Bcin02p08090.1	UMAG_03305_t1	28.5	302	164	11	23	284	21	310	1.01e-23	97.1
Bcin02p08090.1	UMAG_02331_t1	28.8	320	175	14	22	299	190	498	2.79e-23	97.4
Bcin02p08090.1	ZTRI_10.412.mRNA	28.2	298	164	11	22	285	19	300	6.25e-21	89.0
Bcin02p08090.1	UMAG_06363_t1	25.8	248	141	5	29	237	21	264	3.65e-20	88.6
Bcin02p08090.1	FGRAMPH1_01T18735	25.4	299	175	9	25	283	815	1105	6.84e-18	81.6
Bcin02p08090.1	FGRAMPH1_01T18735	25.4	299	175	9	25	283	815	1105	6.84e-18	81.6
Bcin02p08090.1	FGRAMPH1_01T17801	27.9	294	173	12	20	283	7	291	8.00e-18	79.3
Bcin02p08090.1	FGRAMPH1_01T17801	27.9	294	173	12	20	283	7	291	8.00e-18	79.3
Bcin02p08090.1	FGRAMPH1_01T24783	25.8	298	176	13	22	283	71	359	1.18e-17	79.7
Bcin02p08090.1	FGRAMPH1_01T24783	25.8	298	176	13	22	283	71	359	1.18e-17	79.7
Bcin02p08090.1	MGG_06393-t26_1	23.6	314	182	8	22	284	18	324	1.49e-17	80.5
Bcin02p08090.1	MGG_03696	25.7	319	160	12	23	289	35	328	2.70e-14	68.9
Bcin09p02840.1	Afu2g12370-T	51.9	108	52	0	202	309	161	268	2.13e-30	112
Bcin11p03940.1	FGRAMPH1_01T10051	53.0	2211	983	27	5	2187	6	2188	0.0	2228
Bcin04p04130.1	FGRAMPH1_01T07261	69.5	223	68	0	4	226	1	223	2.90e-99	283
Bcin11p03950.1	MGG_11899-t26_1	48.6	1206	331	28	1	1111	1	1012	9.32e-297	850
Bcin06p00810.1	Afu1g13740-T	34.6	286	159	10	34	305	1294	1565	2.94e-37	137
Bcin14p03630.1	MGG_07173-t26_2	55.5	146	62	2	45	188	5	149	2.62e-48	150
Bcin14p03630.1	MGG_07173-t26_1	58.3	132	54	1	57	188	1	131	6.07e-48	149
Bcin04p03580.1	DEG20080006	66.3	635	201	4	1	631	88	713	1.32e-310	855
Bcin04p03580.1	Afu5g03560-T	66.3	635	201	4	1	631	88	713	1.32e-310	855
Bcin04p03580.1	Afu5g03560-T	66.3	635	201	4	1	631	88	713	1.32e-310	855
Bcin12p04660.1	Afu4g09740-T	29.3	559	362	13	8	552	8	547	1.98e-59	202
Bcin02p08750.1	MGG_00937-t26_1	30.2	232	138	9	730	959	1302	1511	1.34e-14	74.3
Bcin08p02620.1	DEG20080011	24.0	308	192	6	69	370	32	303	1.97e-27	111
Bcin08p02620.1	Afu1g04190-T	24.0	308	192	6	69	370	32	303	1.97e-27	111
Bcin08p02620.1	Afu1g04190-T	24.0	308	192	6	69	370	32	303	1.97e-27	111
Bcin08p02620.2	DEG20080011	24.0	308	190	6	69	368	32	303	1.93e-27	111
Bcin08p02620.2	Afu1g04190-T	24.0	308	190	6	69	368	32	303	1.93e-27	111
Bcin08p02620.2	Afu1g04190-T	24.0	308	190	6	69	368	32	303	1.93e-27	111
Bcin08p02620.3	DEG20080011	24.5	310	191	6	69	373	32	303	2.03e-27	111
Bcin08p02620.3	Afu1g04190-T	24.5	310	191	6	69	373	32	303	2.03e-27	111
Bcin08p02620.3	Afu1g04190-T	24.5	310	191	6	69	373	32	303	2.03e-27	111
Bcin08p02620.4	DEG20080011	24.0	308	193	5	69	371	32	303	4.68e-28	113
Bcin08p02620.4	Afu1g04190-T	24.0	308	193	5	69	371	32	303	4.68e-28	113
Bcin08p02620.4	Afu1g04190-T	24.0	308	193	5	69	371	32	303	4.68e-28	113
Bcin07p02580.1	Afu6g08330-T	41.3	482	257	12	4	463	1	478	7.20e-110	344
Bcin15p01240.1	FGRAMPH1_01T03379	88.6	509	28	2	1	483	1	505	0.0	889
Bcin15p01240.1	FGRAMPH1_01T03379	88.6	509	28	2	1	483	1	505	0.0	889
Bcin03p08040.1	Afu2g10870-T	30.6	418	223	8	80	494	65	418	1.57e-44	158
Bcin14p02590.1	MGG_04708-t26_2	44.0	761	312	46	49	734	38	759	1.32e-94	306
Bcin14p02590.1	MGG_04708-t26_1	43.2	754	303	43	49	734	38	734	8.01e-93	301
Bcin14p02590.2	MGG_04708-t26_2	45.0	765	303	46	49	738	38	759	4.60e-100	321
Bcin14p02590.2	MGG_04708-t26_1	44.2	758	294	43	49	738	38	734	2.80e-98	315
Bcin14p02590.4	MGG_04708-t26_2	42.7	796	305	46	49	767	38	759	2.06e-93	304
Bcin14p02590.4	MGG_04708-t26_1	42.0	789	296	43	49	767	38	734	1.24e-91	298
Bcin14p02590.3	MGG_04708-t26_2	41.8	792	314	46	49	763	38	759	5.30e-88	289
Bcin14p02590.3	MGG_04708-t26_1	41.0	785	305	43	49	763	38	734	3.19e-86	284
Bcin02p08530.1	FGRAMPH1_01T02967	37.0	230	135	6	119	341	126	352	2.33e-37	135
Bcin02p08530.1	MGG_00529-t26_1	36.8	242	129	8	123	348	991	1224	4.34e-37	139
Bcin15p04990.1	MGG_05099-t26_1	64.4	547	163	4	1	516	1	546	1.02e-247	684
Bcin15p04990.1	MGG_05099-t26_1	64.4	547	163	4	1	516	1	546	1.02e-247	684
Bcin05p05090.1	Afu2g05340-T	43.2	361	170	8	13	358	10	350	4.31e-84	263
Bcin05p05090.1	MGG_08370-t26_1	38.1	354	173	8	26	357	26	355	1.42e-72	233
Bcin05p05090.1	MGG_07331-t26_1	39.7	282	158	7	22	295	27	304	7.59e-61	200
Bcin13p03490.1	Afu1g05830-T	28.5	362	191	12	363	706	1306	1617	4.14e-25	108
Bcin08p05510.1	Afu2g16600-T	76.6	1105	249	5	6	1106	7	1105	0.0	1685
Bcin12p00690.1	Afu4g11240-T	26.3	502	302	13	1203	1641	430	926	1.72e-22	102
Bcin15p04540.1	MGG_01227-t26_1	34.2	445	268	5	242	685	670	1090	2.18e-74	258
Bcin05p04660.1	Afu1g04840-T	52.4	846	358	16	1	830	1	817	2.43e-270	766
Bcin05p04660.1	DEG20080021	45.5	33	18	0	313	345	327	359	4.33e-04	38.9
Bcin05p04660.1	Afu4g06250-T	45.5	33	18	0	313	345	327	359	4.33e-04	38.9
Bcin05p05070.1	FGRAMPH1_01T27271	59.2	426	159	8	148	571	104	516	3.73e-163	471
Bcin05p05070.1	FGRAMPH1_01T27271	59.2	426	159	8	148	571	104	516	3.73e-163	471
Bcin05p01810.1	FGRAMPH1_01T08565	58.2	837	348	2	1	835	1	837	0.0	1022
Bcin03p01680.1	CPUR_06978_t1	52.7	353	157	6	44	393	23	368	9.78e-107	315
Bcin03p01680.1	CPUR_06977_t1	51.0	339	157	5	44	380	23	354	1.15e-99	296
Bcin07p05430.1	FGRAMPH1_01T08935	28.5	435	288	14	27	446	32	458	7.08e-41	149
Bcin07p05430.1	FGRAMPH1_01T15651	30.3	165	105	2	295	449	280	444	4.04e-19	85.1
Bcin07p05430.1	FGRAMPH1_01T14131	24.1	398	256	14	102	470	171	551	4.94e-17	79.0
Bcin03p06040.1	MGG_06930-t26_1	53.1	354	134	8	143	481	142	478	6.39e-110	330
Bcin11p03560.1	MGG_00883-t26_1	39.4	282	149	6	1051	1322	1237	1506	8.25e-51	192
Bcin11p03560.1	MGG_04100-t26_1	35.4	277	158	5	1052	1327	59	315	2.29e-45	174
Bcin11p03560.1	UMAG_04258_t1	35.9	295	166	8	1042	1323	1082	1366	2.13e-44	171
Bcin11p03560.1	MGG_14847-t26_1	34.0	309	181	8	1029	1326	618	914	5.42e-41	159
Bcin11p03560.1	FGRAMPH1_01T18031	32.5	302	187	7	1033	1326	612	904	1.03e-38	152
Bcin11p03560.1	ZT3D1_G5024_t1	32.8	308	190	7	1027	1323	622	923	1.74e-37	148
Bcin11p03560.1	ZTRI_4.424.mRNA	32.8	308	190	7	1027	1323	622	923	1.74e-37	148
Bcin11p03560.1	FGRAMPH1_01T23607	31.3	272	159	6	1058	1324	127	375	1.76e-32	126
Bcin11p03560.1	CPUR_04764_t1	30.6	278	166	5	1058	1323	557	819	4.58e-32	130
Bcin11p03560.1	MGG_01196-t26_1	29.2	298	176	6	1055	1323	311	602	5.88e-32	130
Bcin11p03560.1	FGRAMPH1_01T17801	27.4	299	172	8	1052	1322	10	291	1.94e-30	119
Bcin11p03560.1	FGRAMPH1_01T17801	27.4	299	172	8	1052	1322	10	291	1.94e-30	119
Bcin11p03560.1	FGRAMPH1_01T20307	26.0	277	188	4	1055	1322	242	510	1.86e-29	122
Bcin11p03560.1	FGRAMPH1_01T20307	26.0	277	188	4	1055	1322	242	510	1.86e-29	122
Bcin11p03560.1	MGG_00803-t26_1	30.1	269	160	8	1058	1322	136	380	9.54e-29	119
Bcin11p03560.1	ZTRI_10.412.mRNA	28.6	297	158	9	1058	1323	26	299	1.23e-26	108
Bcin11p03560.1	FGRAMPH1_01T12137	30.4	316	150	14	1058	1322	10	306	9.93e-25	102
Bcin11p03560.1	FGRAMPH1_01T24753	29.2	305	167	13	1058	1322	43	338	2.35e-24	104
Bcin11p03560.1	FGRAMPH1_01T24753	29.2	305	167	13	1058	1322	43	338	2.35e-24	104
Bcin11p03560.1	UMAG_01514_t1	27.8	324	157	12	1058	1324	115	418	3.03e-24	102
Bcin11p03560.1	FGRAMPH1_01T10041	28.5	330	166	15	1058	1336	10	320	3.80e-24	100
Bcin11p03560.1	ZT3D1_G514_t1	29.2	277	164	9	1058	1321	72	329	5.17e-22	96.3
Bcin11p03560.1	ZTRI_1.496.mRNA	29.2	277	164	9	1058	1321	72	329	5.17e-22	96.3
Bcin11p03560.1	Bcin07g00720.1:RNA	23.8	344	183	10	1038	1320	1	326	9.33e-22	97.4
Bcin11p03560.1	FGRAMPH1_01T24535	30.5	223	123	8	1050	1262	33	233	1.56e-21	94.0
Bcin01p00090.1	GLRG_04203_t1	27.1	1049	631	33	7	1002	384	1351	2.04e-73	268
Bcin01p03830.1	Afu6g07210-T	46.1	254	116	7	25	273	60	297	2.67e-73	223
Bcin15p02620.1	Afu5g08370-T	38.2	68	33	2	443	505	75	138	1.59e-04	40.4
Bcin05p06910.1	FGRAMPH1_01T01771	64.1	446	152	3	1	439	22	466	1.19e-214	600
Bcin05p06910.1	MGG_01191-t26_1	64.3	437	154	1	9	443	32	468	6.55e-211	588
Bcin05p06910.1	ZTRI_1.565.mRNA	43.6	436	241	3	9	443	7	438	2.49e-125	370
Bcin11p02040.1	MGG_01230-t26_1	47.2	494	256	5	1	492	37	527	1.62e-149	434
Bcin03p04170.1	MGG_07528-t26_1	75.0	224	55	1	1	223	1	224	4.29e-122	341
Bcin03p04170.1	DEG20080003	59.8	241	76	5	3	222	4	244	1.01e-89	260
Bcin03p04170.1	Afu6g04700-T	59.8	241	76	5	3	222	4	244	1.01e-89	260
Bcin07p01480.2	Afu1g05830-T	32.8	177	107	2	993	1157	1644	1820	6.98e-19	88.2
Bcin07p01480.1	Afu1g05830-T	32.8	177	107	2	948	1112	1644	1820	6.58e-19	88.2
Bcin14p01060.1	FGRAMPH1_01T05339	28.0	585	366	20	16	579	28	578	1.47e-54	195
Bcin02p00920.1	Afu6g05040-T	35.4	280	155	3	24	303	6	259	3.28e-51	171
Bcin07p06310.1	DEG20080007	80.7	456	86	1	12	467	3	456	7.84e-299	808
Bcin07p06310.1	Afu7g05920-T	80.7	456	86	1	12	467	3	456	7.84e-299	808
Bcin02p06920.1	MGG_00864	69.5	515	153	3	1	514	1	512	1.05e-267	734
Bcin02p06920.1	Afu6g12390-T	65.6	509	169	2	1	509	1	503	3.02e-242	669
Bcin02p02630.1	MGG_09517-t26_1	39.2	808	358	9	8	810	18	697	7.98e-178	523
Bcin02p02630.1	MGG_09517	39.2	808	358	9	8	810	18	697	7.98e-178	523
Bcin09p02390.1	FGRAMPH1_01T20181	53.6	343	149	7	17	353	17	355	6.09e-119	346
Bcin09p02390.1	CPUR_03754_t1	53.6	343	149	7	17	353	17	355	1.40e-117	342
Bcin09p02390.1	UMAG_03305_t1	52.2	345	152	7	17	353	15	354	1.85e-112	329
Bcin09p02390.1	ZTRI_6.302.mRNA	51.5	344	155	8	17	353	18	356	4.50e-111	326
Bcin09p02390.1	ZT3D1_G6735_t1	51.5	344	155	8	17	353	18	356	9.16e-110	326
Bcin09p02390.1	UMAG_02331_t1	49.4	352	166	7	17	359	185	533	2.62e-109	327
Bcin09p02390.1	ZTRI_10.412.mRNA	45.4	324	165	5	11	334	8	319	2.18e-95	286
Bcin09p02390.1	FGRAMPH1_01T17801	36.3	292	171	6	27	315	14	293	5.16e-52	172
Bcin09p02390.1	FGRAMPH1_01T17801	36.3	292	171	6	27	315	14	293	5.16e-52	172
Bcin09p02390.1	FGRAMPH1_01T12137	34.8	319	170	10	21	314	2	307	1.29e-50	169
Bcin09p02390.1	FGRAMPH1_01T10041	35.1	316	173	9	21	314	2	307	2.23e-50	168
Bcin09p02390.1	MGG_12122-t26_1	33.6	304	176	10	20	314	32	318	4.91e-45	156
Bcin09p02390.1	FGRAMPH1_01T24535	33.9	304	175	10	20	314	32	318	4.91e-45	156
Bcin09p02390.1	FGRAMPH1_01T24783	33.2	298	188	7	22	315	71	361	7.30e-43	150
Bcin09p02390.1	FGRAMPH1_01T24783	33.2	298	188	7	22	315	71	361	7.30e-43	150
Bcin09p02390.1	UMAG_11410_t1	31.5	349	176	11	23	316	95	435	7.18e-37	138
Bcin09p02390.1	FGRAMPH1_01T01705	27.7	303	197	8	21	315	30	318	4.47e-36	130
Bcin09p02390.1	FGRAMPH1_01T01705	27.7	303	197	8	21	315	30	318	4.47e-36	130
Bcin09p02390.1	MGG_03696	27.8	313	204	8	10	314	22	320	4.48e-35	128
Bcin09p02390.1	FGRAMPH1_01T20307	26.8	336	178	11	2	314	221	511	2.59e-23	97.8
Bcin09p02390.1	FGRAMPH1_01T20307	26.8	336	178	11	2	314	221	511	2.59e-23	97.8
Bcin09p02390.1	MGG_00803-t26_1	33.8	219	122	8	19	228	123	327	2.65e-22	94.7
Bcin09p02390.1	FGRAMPH1_01T18031	27.8	259	166	7	20	265	628	878	3.78e-22	94.4
Bcin09p02390.1	MGG_14847-t26_1	27.8	259	166	7	20	265	638	888	5.18e-21	90.9
Bcin09p02390.1	ZT3D1_G5024_t1	28.2	220	139	5	20	225	644	858	9.30e-21	90.1
Bcin09p02390.2	FGRAMPH1_01T20181	53.6	343	149	7	17	353	17	355	6.09e-119	346
Bcin09p02390.2	CPUR_03754_t1	53.6	343	149	7	17	353	17	355	1.40e-117	342
Bcin09p02390.2	UMAG_03305_t1	52.2	345	152	7	17	353	15	354	1.85e-112	329
Bcin09p02390.2	ZTRI_6.302.mRNA	51.5	344	155	8	17	353	18	356	4.50e-111	326
Bcin09p02390.2	ZT3D1_G6735_t1	51.5	344	155	8	17	353	18	356	9.16e-110	326
Bcin09p02390.2	UMAG_02331_t1	49.4	352	166	7	17	359	185	533	2.62e-109	327
Bcin09p02390.2	ZTRI_10.412.mRNA	45.4	324	165	5	11	334	8	319	2.18e-95	286
Bcin09p02390.2	FGRAMPH1_01T17801	36.3	292	171	6	27	315	14	293	5.16e-52	172
Bcin09p02390.2	FGRAMPH1_01T17801	36.3	292	171	6	27	315	14	293	5.16e-52	172
Bcin09p02390.2	FGRAMPH1_01T12137	34.8	319	170	10	21	314	2	307	1.29e-50	169
Bcin09p02390.2	FGRAMPH1_01T10041	35.1	316	173	9	21	314	2	307	2.23e-50	168
Bcin09p02390.2	MGG_12122-t26_1	33.6	304	176	10	20	314	32	318	4.91e-45	156
Bcin09p02390.2	FGRAMPH1_01T24535	33.9	304	175	10	20	314	32	318	4.91e-45	156
Bcin09p02390.2	FGRAMPH1_01T24783	33.2	298	188	7	22	315	71	361	7.30e-43	150
Bcin09p02390.2	FGRAMPH1_01T24783	33.2	298	188	7	22	315	71	361	7.30e-43	150
Bcin09p02390.2	UMAG_11410_t1	31.5	349	176	11	23	316	95	435	7.18e-37	138
Bcin09p02390.2	FGRAMPH1_01T01705	27.7	303	197	8	21	315	30	318	4.47e-36	130
Bcin09p02390.2	FGRAMPH1_01T01705	27.7	303	197	8	21	315	30	318	4.47e-36	130
Bcin09p02390.2	MGG_03696	27.8	313	204	8	10	314	22	320	4.48e-35	128
Bcin09p02390.2	FGRAMPH1_01T20307	26.8	336	178	11	2	314	221	511	2.59e-23	97.8
Bcin09p02390.2	FGRAMPH1_01T20307	26.8	336	178	11	2	314	221	511	2.59e-23	97.8
Bcin09p02390.2	MGG_00803-t26_1	33.8	219	122	8	19	228	123	327	2.65e-22	94.7
Bcin09p02390.2	FGRAMPH1_01T18031	27.8	259	166	7	20	265	628	878	3.78e-22	94.4
Bcin09p02390.2	MGG_14847-t26_1	27.8	259	166	7	20	265	638	888	5.18e-21	90.9
Bcin09p02390.2	ZT3D1_G5024_t1	28.2	220	139	5	20	225	644	858	9.30e-21	90.1
Bcin08p04820.2	Afu1g05830-T	35.3	156	97	2	1242	1394	1680	1834	9.11e-23	101
Bcin08p04820.1	Afu1g05830-T	35.3	156	97	2	1257	1409	1680	1834	9.25e-23	101
Bcin05p08400.1	GLRG_04203_t1	27.8	936	598	26	11	926	384	1261	5.69e-85	306
Bcin02p04970.1	FGRAMPH1_01T16511	29.0	241	131	9	58	292	17	223	3.52e-13	67.0
Bcin04p04470.1	MGG_00971-t26_1	53.7	294	110	7	56	336	58	338	4.68e-83	251
Bcin10p00270.1	MGG_06742	52.0	736	306	5	32	722	49	782	4.24e-227	649
Bcin14p03000.1	FGRAMPH1_01T02967	33.3	96	58	3	156	248	145	237	1.19e-04	39.7
Bcin11p02840.1	Afu3g10070-T	43.1	255	134	6	76	327	28	274	3.04e-58	198
Bcin13p04720.1	Afu1g13420-T	32.6	347	184	9	28	369	57	358	1.10e-48	168
Bcin06p02870.2	FGRAMPH1_01T10683	92.6	338	19	2	1	334	1	336	4.45e-230	626
Bcin06p02870.2	FGRAMPH1_01T10683	92.6	338	19	2	1	334	1	336	4.45e-230	626
Bcin06p02870.2	FGRAMPH1_01T23607	26.9	245	143	9	12	242	121	343	6.98e-14	67.4
Bcin06p02870.3	FGRAMPH1_01T10683	92.6	338	19	2	1	334	1	336	4.45e-230	626
Bcin06p02870.3	FGRAMPH1_01T10683	92.6	338	19	2	1	334	1	336	4.45e-230	626
Bcin06p02870.3	FGRAMPH1_01T23607	26.9	245	143	9	12	242	121	343	6.98e-14	67.4
Bcin06p02870.1	FGRAMPH1_01T10683	92.6	338	19	2	1	334	1	336	7.18e-230	626
Bcin06p02870.1	FGRAMPH1_01T10683	92.6	338	19	2	1	334	1	336	7.18e-230	626
Bcin06p02870.1	FGRAMPH1_01T23607	26.9	245	143	9	12	242	121	343	7.66e-14	67.4
Bcin06p02870.4	FGRAMPH1_01T10683	92.6	338	19	2	1	334	1	336	7.18e-230	626
Bcin06p02870.4	FGRAMPH1_01T10683	92.6	338	19	2	1	334	1	336	7.18e-230	626
Bcin06p02870.4	FGRAMPH1_01T23607	26.9	245	143	9	12	242	121	343	7.66e-14	67.4
Bcin07p06230.1	DEG20080030	68.2	292	87	4	1	288	1	290	6.53e-137	384
Bcin07p06230.1	Afu2g09870-T	68.2	292	87	4	1	288	1	290	6.53e-137	384
Bcin16p05090.1	MGG_01227-t26_1	37.0	73	45	1	1334	1405	1286	1358	9.02e-08	52.0
Bcin16p05090.1	MGG_07312-t26_1	25.7	74	55	0	592	665	549	622	2.92e-04	40.4
Bcin10p05560.2	MGG_12958-t26_1	70.0	684	142	14	5	647	1	662	1.17e-309	855
Bcin10p05560.1	MGG_12958-t26_1	71.6	723	164	15	5	708	1	701	0.0	889
Bcin07p02920.1	GLRG_04203_t1	27.6	1168	737	35	71	1176	384	1504	9.76e-101	357
Bcin10p00390.1	MGG_06241	74.6	248	35	3	8	241	5	238	2.79e-116	328
Bcin10p00390.1	MGG_01185	59.5	185	55	2	16	199	21	186	9.03e-65	196
Bcin10p00390.1	MGG_08144-t26_1	32.2	233	116	7	15	241	9	205	1.33e-29	105
Bcin10p00390.1	Afu6g13300-T	37.3	118	69	3	16	131	10	124	1.30e-19	79.7
Bcin10p00390.1	MGG_02731-t26_1	33.6	119	76	3	14	131	8	124	1.28e-15	68.6
Bcin10p00390.1	CPUR_06597_t1	34.5	119	75	3	14	131	8	124	1.76e-15	68.2
Bcin10p00390.1	UMAG_00295_t1	31.1	119	77	4	15	131	4	119	9.59e-13	60.5
Bcin10p02230.1	MGG_06362	89.9	189	19	0	1	189	1	189	2.38e-129	357
Bcin13p02440.3	FGRAMPH1_01T19345	87.5	646	80	1	12	656	10	655	0.0	1135
Bcin13p02440.2	FGRAMPH1_01T19345	87.5	646	80	1	12	656	10	655	0.0	1135
Bcin13p02440.1	FGRAMPH1_01T19345	87.5	646	80	1	12	656	10	655	0.0	1135
Bcin01p11360.1	FGRAMPH1_01T09193	72.4	2454	624	14	1	2431	1	2423	0.0	3452
Bcin01p11360.1	MGG_15156	66.2	2482	767	21	1	2431	1	2460	0.0	3154
Bcin01p11360.1	FGRAMPH1_01T18115	28.1	441	243	9	2002	2430	2556	2934	6.69e-42	165
Bcin12p04380.1	MGG_00937-t26_1	42.5	40	23	0	708	747	1304	1343	7.46e-05	42.0
Bcin14p00160.3	MGG_06362	32.0	172	108	1	15	177	18	189	2.11e-25	92.8
Bcin14p00160.2	MGG_06362	32.0	172	108	1	15	177	18	189	2.11e-25	92.8
Bcin14p00160.1	MGG_06362	32.0	172	108	1	15	177	18	189	2.11e-25	92.8
Bcin12p05360.1	UMAG_10367_t1	58.2	852	344	7	724	1570	46	890	0.0	1025
Bcin12p05360.1	UMAG_03204_t1	42.1	1154	543	31	490	1570	645	1746	4.47e-259	805
Bcin12p05360.1	FOC1_g10006724-t38_1	41.4	1074	541	23	534	1570	694	1716	1.26e-250	779
Bcin12p05360.1	FOIG_06738-t36_1	41.4	1074	541	23	534	1570	694	1716	1.76e-250	779
Bcin12p05360.1	FOMG_03024-t38_1	41.4	1074	541	23	534	1570	694	1716	1.76e-250	779
Bcin12p05360.1	FOXG_04162-t26_1	41.4	1074	541	23	534	1570	694	1716	1.76e-250	779
Bcin12p05360.1	FOC4_g10006856-t38_1	41.4	1074	541	23	534	1570	694	1716	1.76e-250	779
Bcin12p05360.1	FOZG_02948-t36_1	41.4	1074	541	23	534	1570	694	1716	1.76e-250	779
Bcin12p05360.1	FOIG_06738-t36_2	41.4	1074	541	23	534	1570	694	1716	2.65e-250	779
Bcin12p05360.1	FOMG_03024-t38_2	41.4	1074	541	23	534	1570	694	1716	2.65e-250	779
Bcin12p05360.1	FOXG_04162-t26_2	41.4	1074	541	23	534	1570	694	1716	2.65e-250	779
Bcin12p05360.1	FOZG_02948-t36_2	41.4	1074	541	23	534	1570	694	1716	2.65e-250	779
Bcin12p05360.1	UMAG_05480_t1	33.5	925	494	21	730	1570	63	950	2.69e-132	442
Bcin12p01130.1	FGRAMPH1_01T14131	27.3	275	177	8	227	496	294	550	7.73e-17	78.6
Bcin02p02370.1	UMAG_10145_t1	43.4	267	148	3	6	270	554	819	1.29e-61	214
Bcin02p02370.1	CPUR_04764_t1	38.9	283	154	5	6	270	551	832	4.02e-52	187
Bcin02p02370.1	MGG_04100-t26_1	38.9	285	157	6	6	277	59	339	4.72e-48	177
Bcin02p02370.1	ZT3D1_G514_t1	33.7	276	165	7	3	262	63	336	5.41e-40	147
Bcin02p02370.1	ZTRI_1.496.mRNA	33.7	276	165	7	3	262	63	336	5.41e-40	147
Bcin02p02370.1	MGG_00800-t26_1	33.9	271	159	8	7	260	62	329	6.20e-37	138
Bcin02p02370.1	UMAG_01514_t1	29.4	310	158	5	7	257	110	417	6.36e-37	138
Bcin02p02370.1	FGRAMPH1_01T27169	27.4	310	176	9	2	269	3	305	1.08e-25	107
Bcin02p02370.1	FGRAMPH1_01T27169	27.4	310	176	9	2	269	3	305	1.08e-25	107
Bcin02p02370.1	Bcin07g00720.1:RNA	25.0	308	174	6	6	257	23	329	5.18e-23	99.4
Bcin02p02370.1	FGRAMPH1_01T10041	32.0	219	124	7	6	199	4	222	6.96e-22	92.4
Bcin02p02370.1	FGRAMPH1_01T12137	33.0	224	115	10	6	199	4	222	7.31e-20	86.3
Bcin02p02370.1	FGRAMPH1_01T24753	27.3	220	136	5	4	199	35	254	5.28e-15	73.2
Bcin02p02370.1	FGRAMPH1_01T24753	27.3	220	136	5	4	199	35	254	5.28e-15	73.2
Bcin10p01320.1	FGRAMPH1_01T17801	89.8	295	30	0	1	295	1	295	1.34e-196	538
Bcin10p01320.1	FGRAMPH1_01T17801	89.8	295	30	0	1	295	1	295	1.34e-196	538
Bcin10p01320.1	FGRAMPH1_01T10041	50.8	305	129	6	9	292	3	307	1.23e-104	305
Bcin10p01320.1	FGRAMPH1_01T12137	49.2	311	135	6	9	297	3	312	2.49e-102	299
Bcin10p01320.1	FGRAMPH1_01T24783	38.3	308	178	8	3	301	65	369	7.96e-63	201
Bcin10p01320.1	FGRAMPH1_01T24783	38.3	308	178	8	3	301	65	369	7.96e-63	201
Bcin10p01320.1	FGRAMPH1_01T24753	38.6	311	167	6	8	296	35	343	9.86e-61	198
Bcin10p01320.1	FGRAMPH1_01T24753	38.6	311	167	6	8	296	35	343	9.86e-61	198
Bcin10p01320.1	CPUR_03754_t1	35.2	287	172	5	16	292	29	311	3.11e-53	174
Bcin10p01320.1	ZTRI_6.302.mRNA	34.5	287	174	5	16	292	30	312	8.84e-53	173
Bcin10p01320.1	FGRAMPH1_01T20181	34.5	287	174	5	16	292	29	311	1.70e-52	172
Bcin10p01320.1	UMAG_03305_t1	32.9	295	183	4	9	292	20	310	2.34e-52	172
Bcin10p01320.1	ZT3D1_G6735_t1	34.5	287	174	5	16	292	30	312	7.42e-52	173
Bcin10p01320.1	ZTRI_10.412.mRNA	35.6	292	173	7	8	293	18	300	8.06e-50	165
Bcin10p01320.1	UMAG_02331_t1	33.2	313	185	6	8	300	189	497	9.25e-49	166
Bcin10p01320.1	FGRAMPH1_01T24535	32.2	295	183	7	10	295	35	321	4.10e-47	159
Bcin10p01320.1	MGG_12122-t26_1	31.5	295	185	7	10	295	35	321	2.31e-45	154
Bcin10p01320.1	FGRAMPH1_01T01705	27.8	299	191	10	9	293	31	318	5.73e-33	120
Bcin10p01320.1	FGRAMPH1_01T01705	27.8	299	191	10	9	293	31	318	5.73e-33	120
Bcin10p01320.1	MGG_03696	27.1	303	196	10	9	297	34	325	1.56e-31	116
Bcin10p01320.1	FGRAMPH1_01T18031	30.8	237	140	6	16	234	637	867	2.10e-30	117
Bcin10p01320.1	MGG_14847-t26_1	31.2	237	139	7	16	234	647	877	3.86e-30	116
Bcin10p01320.1	MGG_04100-t26_1	28.5	281	163	6	16	292	65	311	2.99e-28	110
Bcin10p01320.1	MGG_00803-t26_1	30.9	220	136	5	8	222	128	336	8.30e-28	109
Bcin10p01320.1	FGRAMPH1_01T23607	27.2	294	171	10	6	292	117	374	3.78e-27	105
Bcin12p04610.1	FGRAMPH1_01T15651	24.5	417	260	14	115	519	90	463	1.16e-06	46.2
Bcin05p04780.1	FGRAMPH1_01T08935	39.0	500	282	9	19	514	19	499	1.43e-108	328
Bcin05p04780.1	MGG_07982	32.5	514	327	7	15	514	14	521	4.59e-87	273
Bcin05p04780.1	FGRAMPH1_01T12029	29.3	495	297	12	35	511	108	567	1.23e-50	177
Bcin05p04780.1	FGRAMPH1_01T15651	27.2	471	294	15	36	500	42	469	3.44e-39	144
Bcin05p04780.1	MGG_07626	25.7	487	317	15	23	483	16	483	3.82e-29	115
Bcin07p00750.1	FGRAMPH1_01T19535	45.6	872	373	18	178	1013	81	887	3.74e-220	646
Bcin14p01930.2	Afu2g01570-T	94.6	148	8	0	1	148	1	148	1.06e-98	276
Bcin14p01930.1	Afu2g01570-T	94.6	147	8	0	1	147	1	147	3.04e-98	275
Bcin14p01930.3	Afu2g01570-T	94.5	146	8	0	1	146	1	146	7.81e-98	274
Bcin04p05910.1	MGG_06764	53.4	232	95	5	12	239	15	237	2.97e-72	217
Bcin09p01640.1	FGRAMPH1_01T27169	57.1	736	270	15	1	716	1	710	1.68e-241	684
Bcin09p01640.1	FGRAMPH1_01T27169	57.1	736	270	15	1	716	1	710	1.68e-241	684
Bcin09p01640.1	UMAG_04258_t1	25.1	299	167	7	13	286	1096	1362	5.54e-20	90.5
Bcin09p01640.1	FGRAMPH1_01T10041	29.8	255	157	8	7	254	4	243	1.02e-19	86.3
Bcin09p01640.1	FGRAMPH1_01T12137	25.8	271	147	7	7	254	4	243	6.51e-16	74.7
Bcin09p01640.1	FGRAMPH1_01T02825	39.8	98	39	4	157	235	665	761	1.73e-09	56.2
Bcin09p01640.1	FGRAMPH1_01T02825	39.8	98	39	4	157	235	665	761	1.73e-09	56.2
Bcin09p01640.1	FGRAMPH1_01T24753	24.0	250	135	10	2	228	32	249	4.50e-07	48.1
Bcin09p01640.1	FGRAMPH1_01T24753	24.0	250	135	10	2	228	32	249	4.50e-07	48.1
Bcin14p01500.1	FGRAMPH1_01T22799	30.7	375	214	5	964	1295	310	681	2.72e-49	183
Bcin14p01500.1	FGRAMPH1_01T22799	30.7	375	214	5	964	1295	310	681	2.72e-49	183
Bcin14p01500.1	ZTRI_10.412.mRNA	30.0	327	193	11	982	1298	16	316	8.67e-34	129
Bcin14p01500.1	FGRAMPH1_01T20181	31.0	329	188	12	981	1291	18	325	2.78e-33	128
Bcin14p01500.1	CPUR_03754_t1	30.1	335	183	13	981	1291	18	325	9.30e-33	126
Bcin14p01500.1	ZTRI_6.302.mRNA	30.2	315	186	11	981	1282	19	312	9.49e-33	126
Bcin14p01500.1	ZT3D1_G6735_t1	30.2	315	186	11	981	1282	19	312	4.93e-32	126
Bcin14p01500.1	UMAG_02331_t1	29.9	311	190	10	985	1283	190	484	7.80e-32	127
Bcin14p01500.1	UMAG_03305_t1	28.6	311	187	10	986	1282	21	310	1.02e-31	123
Bcin14p01500.1	MGG_12122-t26_1	29.8	319	183	10	978	1282	27	318	3.87e-31	122
Bcin14p01500.1	FGRAMPH1_01T24535	28.4	317	190	8	978	1282	27	318	1.38e-29	118
Bcin14p01500.1	FGRAMPH1_01T17801	28.2	305	189	11	986	1282	10	292	5.63e-29	114
Bcin14p01500.1	FGRAMPH1_01T17801	28.2	305	189	11	986	1282	10	292	5.63e-29	114
Bcin14p01500.1	FGRAMPH1_01T10041	29.2	325	181	13	986	1282	4	307	3.27e-26	106
Bcin14p01500.1	FGRAMPH1_01T18903	29.2	243	145	7	986	1212	286	517	4.09e-18	85.1
Bcin14p01500.1	FGRAMPH1_01T18903	29.2	243	145	7	986	1212	286	517	4.09e-18	85.1
Bcin14p01500.1	MGG_00803-t26_1	33.2	205	118	8	986	1182	130	323	2.80e-15	76.3
Bcin14p01500.1	MGG_00883-t26_1	28.8	222	123	8	983	1182	1235	1443	1.62e-13	70.9
Bcin14p01500.1	ZT3D1_G5024_t1	26.3	240	135	8	991	1203	652	876	1.06e-11	64.7
Bcin14p01500.1	ZTRI_4.424.mRNA	26.3	240	135	8	991	1203	652	876	1.06e-11	64.7
Bcin14p01500.1	AO090005000934-T	29.7	138	84	4	991	1123	712	841	8.48e-04	38.9
Bcin14p01500.2	FGRAMPH1_01T22799	30.7	375	214	5	986	1317	310	681	2.79e-49	183
Bcin14p01500.2	FGRAMPH1_01T22799	30.7	375	214	5	986	1317	310	681	2.79e-49	183
Bcin14p01500.2	ZTRI_10.412.mRNA	30.0	327	193	11	1004	1320	16	316	8.84e-34	129
Bcin14p01500.2	FGRAMPH1_01T20181	31.0	329	188	12	1003	1313	18	325	2.84e-33	128
Bcin14p01500.2	CPUR_03754_t1	30.1	335	183	13	1003	1313	18	325	9.48e-33	126
Bcin14p01500.2	ZTRI_6.302.mRNA	30.2	315	186	11	1003	1304	19	312	9.67e-33	126
Bcin14p01500.2	ZT3D1_G6735_t1	30.2	315	186	11	1003	1304	19	312	5.03e-32	126
Bcin14p01500.2	UMAG_02331_t1	29.9	311	190	10	1007	1305	190	484	7.97e-32	127
Bcin14p01500.2	UMAG_03305_t1	28.6	311	187	10	1008	1304	21	310	1.04e-31	123
Bcin14p01500.2	MGG_12122-t26_1	29.8	319	183	10	1000	1304	27	318	3.94e-31	122
Bcin14p01500.2	FGRAMPH1_01T24535	28.4	317	190	8	1000	1304	27	318	1.41e-29	118
Bcin14p01500.2	FGRAMPH1_01T17801	28.2	305	189	11	1008	1304	10	292	5.74e-29	114
Bcin14p01500.2	FGRAMPH1_01T17801	28.2	305	189	11	1008	1304	10	292	5.74e-29	114
Bcin14p01500.2	FGRAMPH1_01T10041	29.2	325	181	13	1008	1304	4	307	3.33e-26	106
Bcin14p01500.2	FGRAMPH1_01T18903	29.2	243	145	7	1008	1234	286	517	4.17e-18	85.1
Bcin14p01500.2	FGRAMPH1_01T18903	29.2	243	145	7	1008	1234	286	517	4.17e-18	85.1
Bcin14p01500.2	MGG_00803-t26_1	33.2	205	118	8	1008	1204	130	323	2.86e-15	76.3
Bcin14p01500.2	MGG_00883-t26_1	28.8	222	123	8	1005	1204	1235	1443	1.65e-13	70.9
Bcin14p01500.2	ZT3D1_G5024_t1	26.3	240	135	8	1013	1225	652	876	1.08e-11	64.7
Bcin14p01500.2	ZTRI_4.424.mRNA	26.3	240	135	8	1013	1225	652	876	1.08e-11	64.7
Bcin14p01500.2	AO090005000934-T	29.7	138	84	4	1013	1145	712	841	8.62e-04	38.9
Bcin11p03040.1	MGG_06868-t26_1	82.3	610	107	1	90	699	74	682	0.0	1011
Bcin11p03040.1	MGG_06868	82.3	610	107	1	90	699	74	682	0.0	1011
Bcin15p04350.3	FGRAMPH1_01T08935	40.8	510	269	10	5	510	17	497	2.21e-116	348
Bcin15p04350.3	MGG_07982	37.1	501	280	10	27	511	39	520	2.30e-98	302
Bcin15p04350.3	FGRAMPH1_01T12029	24.5	507	336	10	9	503	90	561	5.07e-36	136
Bcin15p04350.1	FGRAMPH1_01T08935	40.8	510	269	10	5	510	17	497	2.21e-116	348
Bcin15p04350.1	MGG_07982	37.1	501	280	10	27	511	39	520	2.30e-98	302
Bcin15p04350.1	FGRAMPH1_01T12029	24.5	507	336	10	9	503	90	561	5.07e-36	136
Bcin15p04350.2	FGRAMPH1_01T08935	40.8	510	269	10	5	510	17	497	2.21e-116	348
Bcin15p04350.2	MGG_07982	37.1	501	280	10	27	511	39	520	2.30e-98	302
Bcin15p04350.2	FGRAMPH1_01T12029	24.5	507	336	10	9	503	90	561	5.07e-36	136
Bcin09p03270.1	MGG_00803-t26_1	35.1	405	202	11	103	489	113	474	7.36e-59	213
Bcin09p03270.1	MGG_01196-t26_1	32.6	325	165	5	117	408	305	608	7.55e-40	156
Bcin09p03270.1	FGRAMPH1_01T24349	29.5	275	162	6	117	391	276	518	1.15e-34	136
Bcin09p03270.1	UMAG_04456_t1	30.7	267	154	5	124	390	96	331	1.51e-32	127
Bcin09p03270.1	FGRAMPH1_01T14347	32.7	223	134	7	188	402	106	320	2.81e-27	112
Bcin09p03270.1	FGRAMPH1_01T14347	32.7	223	134	7	188	402	106	320	2.81e-27	112
Bcin09p03270.1	MGG_12122-t26_1	30.3	244	136	8	189	400	75	316	1.82e-22	96.7
Bcin09p03270.1	FGRAMPH1_01T24535	30.7	244	135	10	189	400	75	316	5.88e-22	95.1
Bcin09p03270.1	FGRAMPH1_01T18735	26.7	251	125	10	199	400	864	1104	3.90e-15	75.9
Bcin09p03270.1	FGRAMPH1_01T18735	26.7	251	125	10	199	400	864	1104	3.90e-15	75.9
Bcin09p03270.1	UMAG_11410_t1	28.2	163	92	5	192	331	165	325	2.95e-11	63.2
Bcin05p05530.1	sscle_16g109570_t1	46.9	49	26	0	441	489	405	453	4.17e-10	57.0
Bcin08p02380.1	Afu2g06150-T	29.9	224	131	8	25	247	33	231	2.32e-22	93.6
Bcin08p03630.1	MGG_05189	63.6	418	133	5	3	418	2	402	7.93e-186	522
Bcin03p08660.1	Afu5g12680-T	27.8	737	400	23	141	843	258	896	1.10e-63	226
Bcin03p08660.1	MGG_07145	26.5	665	404	12	182	833	168	760	1.34e-62	221
Bcin12p02850.1	DEG20080008	52.9	683	275	13	22	677	11	673	1.92e-178	522
Bcin06p02160.1	MGG_12814-t26_1	44.9	89	47	2	103	189	156	244	3.68e-09	52.4
Bcin08p02920.1	MGG_06154	50.9	173	84	1	1	173	1	172	9.85e-59	179
Bcin08p02920.1	Bcin12g05760.1:RNA	51.2	166	80	1	8	173	7	171	1.06e-57	177
Bcin08p02920.1	UMAG_01643_t1	45.1	164	87	2	10	171	8	170	1.39e-45	145
Bcin08p02920.2	MGG_06154	47.7	88	44	1	1	86	1	88	2.41e-24	89.0
Bcin08p02920.2	UMAG_01643_t1	52.4	82	37	1	10	89	8	89	2.97e-24	88.2
Bcin08p02920.2	Bcin12g05760.1:RNA	49.4	81	39	1	8	86	7	87	6.43e-24	87.8
Bcin04p01850.1	FGRAMPH1_01T08303	42.4	401	147	10	6	348	4	378	1.05e-94	283
Bcin15p03610.1	FOZG_07243-t36_2	78.0	355	78	0	1	355	1	355	7.15e-202	554
Bcin15p03610.1	FOIG_12931-t36_1	78.0	355	78	0	1	355	1	355	7.15e-202	554
Bcin15p03610.1	FOC1_g10011152-t38_1	78.0	355	78	0	1	355	1	355	7.15e-202	554
Bcin15p03610.1	FOMG_10529-t38_1	78.0	355	78	0	1	355	1	355	7.15e-202	554
Bcin15p03610.1	UMAG_04474_t1	69.9	355	106	1	1	355	1	354	2.67e-178	494
Bcin15p03610.1	FOZG_07243-t36_1	77.4	301	68	0	55	355	1	301	1.13e-171	475
Bcin15p03610.1	FOIG_12931-t36_4	77.4	301	68	0	55	355	1	301	1.13e-171	475
Bcin15p03610.1	FOMG_10529-t38_4	77.4	301	68	0	55	355	1	301	1.13e-171	475
Bcin15p03610.1	FOXG_06321-t26_1	55.8	355	75	2	1	355	1	273	4.75e-126	358
Bcin15p03610.1	FOZG_07243-t36_5	70.7	246	72	0	1	246	1	246	3.79e-122	348
Bcin15p03610.1	FOIG_12931-t36_5	70.7	246	72	0	1	246	1	246	3.79e-122	348
Bcin15p03610.1	FOMG_10529-t38_5	70.7	246	72	0	1	246	1	246	3.79e-122	348
Bcin15p03610.1	FOC4_g10008628-t38_1	48.6	358	176	4	1	355	1	353	3.84e-112	326
Bcin15p03610.1	FOZG_07243-t36_4	67.7	192	62	0	55	246	1	192	4.94e-92	270
Bcin15p03610.1	FOIG_12931-t36_3	67.7	192	62	0	55	246	1	192	4.94e-92	270
Bcin15p03610.1	FOMG_10529-t38_3	67.7	192	62	0	55	246	1	192	4.94e-92	270
Bcin15p03610.1	FOZG_07243-t36_3	65.3	199	69	0	1	199	1	199	1.97e-87	258
Bcin15p03610.1	FOIG_12931-t36_2	65.3	199	69	0	1	199	1	199	1.97e-87	258
Bcin15p03610.1	FOMG_10529-t38_2	65.3	199	69	0	1	199	1	199	1.97e-87	258
Bcin12p03760.1	MGG_01185	44.6	213	109	4	4	207	9	221	4.71e-53	165
Bcin12p03760.1	MGG_06241	37.9	190	94	1	11	176	8	197	1.39e-38	129
Bcin12p03760.1	MGG_08144-t26_1	35.7	199	118	5	16	207	10	205	9.91e-34	115
Bcin12p03760.1	UMAG_01643_t1	33.5	164	105	2	15	175	8	170	1.69e-23	88.6
Bcin14p00610.4	CPUR_06978_t1	54.0	359	153	6	45	399	17	367	3.03e-112	329
Bcin14p00610.4	CPUR_06977_t1	52.1	359	159	6	45	399	17	366	4.50e-106	313
Bcin14p00610.5	CPUR_06978_t1	54.0	359	153	6	54	408	17	367	4.12e-112	329
Bcin14p00610.5	CPUR_06977_t1	52.1	359	159	6	54	408	17	366	6.10e-106	313
Bcin14p00610.1	CPUR_06978_t1	54.0	359	153	6	17	371	17	367	1.15e-112	329
Bcin14p00610.1	CPUR_06977_t1	52.1	359	159	6	17	371	17	366	1.73e-106	313
Bcin14p00610.2	CPUR_06978_t1	54.0	359	153	6	17	371	17	367	1.15e-112	329
Bcin14p00610.2	CPUR_06977_t1	52.1	359	159	6	17	371	17	366	1.73e-106	313
Bcin14p00610.3	CPUR_06978_t1	54.0	359	153	6	17	371	17	367	1.15e-112	329
Bcin14p00610.3	CPUR_06977_t1	52.1	359	159	6	17	371	17	366	1.73e-106	313
Bcin04p01390.1	Afu4g11240-T	22.6	1044	609	30	389	1309	423	1390	2.07e-50	191
Bcin01p04640.1	UMAG_04791_t1	45.5	244	123	3	56	292	119	359	2.64e-70	226
Bcin01p04640.1	MGG_05646	30.2	252	162	6	56	297	228	475	1.35e-28	112
Bcin13p00010.1	FGRAMPH1_01T14131	22.1	502	322	20	35	518	122	572	1.37e-08	52.4
Bcin07p02820.1	MGG_08171-t26_1	67.6	697	185	7	1	663	1	690	0.0	951
Bcin07p02820.1	MGG_01728-t26_1	36.1	648	326	14	18	661	18	581	7.11e-130	392
Bcin01p09690.1	Afu1g05830-T	28.9	561	342	12	597	1135	1304	1829	5.98e-55	205
Bcin12p04680.1	FGRAMPH1_01T26573	64.7	1208	325	17	4	1169	2	1150	0.0	1395
Bcin12p04680.1	MGG_08689	62.5	1216	368	17	6	1169	2	1181	0.0	1381
Bcin12p04680.1	FGRAMPH1_01T18903	42.7	330	182	4	839	1166	280	604	1.64e-80	272
Bcin12p04680.1	FGRAMPH1_01T18903	42.7	330	182	4	839	1166	280	604	1.64e-80	272
Bcin12p04680.1	UMAG_04456_t1	40.7	300	169	4	839	1135	86	379	1.08e-68	232
Bcin12p04680.1	FGRAMPH1_01T24349	39.3	303	169	7	839	1135	273	566	1.34e-64	226
Bcin12p04680.1	FGRAMPH1_01T10677	35.5	318	182	7	838	1135	51	365	3.05e-56	196
Bcin12p04680.1	MGG_06393-t26_1	25.6	305	148	8	849	1088	23	313	3.50e-20	92.0
Bcin12p04680.1	UMAG_06363_t1	24.4	303	171	7	836	1092	6	296	2.75e-18	85.9
Bcin12p04680.1	FGRAMPH1_01T17801	27.1	218	141	8	845	1053	10	218	3.63e-18	82.4
Bcin12p04680.1	FGRAMPH1_01T17801	27.1	218	141	8	845	1053	10	218	3.63e-18	82.4
Bcin12p04680.1	Bcin07g00720.1:RNA	22.2	329	180	7	838	1102	16	332	1.22e-16	80.5
Bcin12p04680.1	UMAG_02331_t1	32.4	148	95	3	915	1058	265	411	1.47e-15	76.3
Bcin12p04680.1	FGRAMPH1_01T24783	28.2	209	136	8	851	1051	78	280	2.01e-14	72.0
Bcin12p04680.1	FGRAMPH1_01T24783	28.2	209	136	8	851	1051	78	280	2.01e-14	72.0
Bcin12p00310.1	Afu5g10750-T	77.2	136	29	1	43	178	59	192	8.51e-66	196
Bcin03p03730.1	FGRAMPH1_01T10651	63.5	2415	849	10	2	2404	5	2398	0.0	2616
Bcin03p03730.1	MGG_16213-t26_1	37.4	810	451	19	132	895	18	817	6.14e-135	460
Bcin03p03730.1	AO090005000576-T	35.4	728	425	17	173	884	52	750	9.84e-115	393
Bcin03p03730.1	UMAG_03204_t1	27.7	734	414	21	169	808	4	714	3.63e-56	212
Bcin08p04200.1	MGG_08144-t26_1	92.2	205	16	0	1	205	1	205	1.21e-139	384
Bcin08p04200.1	MGG_01185	37.3	177	102	4	1	173	12	183	2.90e-36	122
Bcin08p04200.1	MGG_06241	32.5	200	106	4	2	178	5	198	1.06e-29	105
Bcin01p08040.1	DEG20080010	39.5	448	249	3	1	432	1	442	2.17e-119	352
Bcin01p08040.1	Afu1g02550-T	39.5	448	249	3	1	432	1	442	2.17e-119	352
Bcin13p01090.1	MGG_00937-t26_1	29.0	210	132	7	288	494	1314	1509	1.08e-13	70.5
Bcin11p04830.1	MGG_05646	54.6	500	188	9	1	474	1	487	5.04e-162	463
Bcin11p04830.1	UMAG_04791_t1	34.5	194	125	1	210	401	114	307	7.01e-29	114
Bcin01p03020.1	MGG_01230-t26_1	28.6	482	322	11	79	550	57	526	2.06e-53	186
Bcin01p03020.2	MGG_01230-t26_1	28.6	482	322	11	79	550	57	526	2.06e-53	186
Bcin08p00290.1	GLRG_04203_t1	29.3	1426	826	47	36	1352	384	1736	7.24e-126	437
Bcin12p00940.1	DEG20080001	34.7	395	233	7	31	409	7	392	8.42e-54	179
Bcin01p08690.1	MGG_09956-t26_1	63.2	144	52	1	1	143	1	144	3.48e-68	198
Bcin01p08690.2	MGG_09956-t26_1	63.2	144	52	1	1	143	1	144	3.48e-68	198
Bcin12p00010.1	FGRAMPH1_01T08935	44.2	495	252	10	3	485	13	495	3.32e-118	352
Bcin12p00010.1	MGG_07982	35.1	493	286	11	18	484	32	516	3.41e-86	270
Bcin12p00010.1	FGRAMPH1_01T12029	28.4	479	306	15	25	488	113	569	2.39e-43	157
Bcin12p00010.1	FGRAMPH1_01T14839	30.2	205	112	6	286	470	296	489	1.54e-12	64.7
Bcin16p01390.1	FGRAMPH1_01T23607	69.1	391	108	4	1	381	1	388	7.56e-190	527
Bcin16p01390.1	MGG_00803-t26_1	36.7	256	158	4	113	366	127	380	8.30e-49	172
Bcin16p01390.1	MGG_01196-t26_1	29.7	306	172	4	109	371	301	606	1.54e-41	152
Bcin16p01390.1	FGRAMPH1_01T20307	32.0	284	166	6	108	366	229	510	5.18e-36	135
Bcin16p01390.1	FGRAMPH1_01T20307	32.0	284	166	6	108	366	229	510	5.18e-36	135
Bcin16p01390.1	MGG_06393-t26_1	28.8	313	163	7	113	368	16	325	6.26e-32	123
Bcin16p01390.1	Bcin07g00720.1:RNA	27.2	313	167	10	113	367	20	329	1.04e-28	114
Bcin16p01390.1	FGRAMPH1_01T17801	27.9	290	170	9	112	366	6	291	9.23e-27	104
Bcin16p01390.1	FGRAMPH1_01T17801	27.9	290	170	9	112	366	6	291	9.23e-27	104
Bcin16p01390.1	FGRAMPH1_01T24783	29.4	289	159	10	119	366	75	359	1.20e-26	105
Bcin16p01390.1	FGRAMPH1_01T24783	29.4	289	159	10	119	366	75	359	1.20e-26	105
Bcin16p01390.1	MGG_00800-t26_1	29.1	327	191	10	67	367	15	326	1.67e-26	105
Bcin16p01390.1	CPUR_03237_t1	30.6	301	149	10	122	366	282	578	4.04e-26	105
Bcin16p01390.1	ZT3D1_G514_t1	32.5	200	129	4	117	314	67	262	2.09e-25	102
Bcin16p01390.1	ZTRI_1.496.mRNA	32.5	200	129	4	117	314	67	262	2.09e-25	102
Bcin16p01390.1	UMAG_01514_t1	33.2	196	126	3	122	316	115	306	1.23e-23	97.4
Bcin16p01390.1	UMAG_06363_t1	25.2	326	170	9	113	367	12	334	4.63e-22	94.0
Bcin16p01390.1	FGRAMPH1_01T10041	26.8	306	166	11	122	372	10	312	8.63e-21	87.8
Bcin16p01390.1	ZTRI_10.412.mRNA	27.0	289	157	10	120	367	24	299	2.25e-20	87.0
Bcin16p01390.1	ZTRI_6.302.mRNA	24.5	294	175	8	116	367	24	312	8.28e-19	82.4
Bcin16p01390.1	ZT3D1_G6735_t1	24.5	294	175	8	116	367	24	312	1.47e-18	82.4
Bcin16p01390.1	FGRAMPH1_01T20181	24.5	294	175	8	116	367	23	311	2.01e-18	81.3
Bcin16p01390.1	MGG_03696	25.7	307	166	12	116	375	35	326	4.37e-18	80.1
Bcin16p01390.1	FGRAMPH1_01T01705	25.4	295	166	11	116	366	32	316	5.85e-18	79.7
Bcin16p01390.1	FGRAMPH1_01T01705	25.4	295	166	11	116	366	32	316	5.85e-18	79.7
Bcin07p03570.1	FOZG_07174-t36_1	72.5	560	142	5	60	613	109	662	5.02e-283	783
Bcin07p03570.1	FOMG_10461-t38_1	71.4	560	148	5	60	613	109	662	8.43e-277	767
Bcin07p03570.1	FOXG_06378-t26_1	71.4	560	148	5	60	613	109	662	8.43e-277	767
Bcin07p03570.1	FOIG_12862-t36_1	71.3	560	149	5	60	613	109	662	4.84e-276	765
Bcin07p03570.1	FOC1_g10011090-t38_1	71.3	560	149	5	60	613	128	681	1.35e-275	764
Bcin07p03570.1	FOZG_07174-t36_2	73.3	529	132	4	60	582	109	634	4.83e-272	754
Bcin07p03570.1	FOMG_10461-t38_2	72.2	529	138	4	60	582	109	634	8.09e-266	738
Bcin07p03570.1	FOXG_06378-t26_8	72.2	529	138	4	60	582	109	634	8.09e-266	738
Bcin07p03570.1	FOZG_07174-t36_3	72.2	496	126	5	124	613	1	490	6.51e-260	717
Bcin07p03570.1	FOZG_07174-t36_6	72.2	496	126	5	124	613	1	490	6.51e-260	717
Bcin07p03570.1	FOZG_07174-t36_8	72.2	496	126	5	124	613	1	490	6.51e-260	717
Bcin07p03570.1	FOMG_10461-t38_3	72.2	496	126	5	124	613	1	490	6.51e-260	717
Bcin07p03570.1	FOMG_10461-t38_6	72.2	496	126	5	124	613	1	490	6.51e-260	717
Bcin07p03570.1	FOMG_10461-t38_8	72.2	496	126	5	124	613	1	490	6.51e-260	717
Bcin07p03570.1	FOXG_06378-t26_3	72.2	496	126	5	124	613	1	490	6.51e-260	717
Bcin07p03570.1	FOXG_06378-t26_5	72.2	496	126	5	124	613	1	490	6.51e-260	717
Bcin07p03570.1	FOXG_06378-t26_7	72.2	496	126	5	124	613	1	490	6.51e-260	717
Bcin07p03570.1	FOZG_07174-t36_4	73.1	465	116	4	124	582	1	462	6.21e-249	688
Bcin07p03570.1	FOZG_07174-t36_5	73.1	465	116	4	124	582	1	462	6.21e-249	688
Bcin07p03570.1	FOZG_07174-t36_7	73.1	465	116	4	124	582	1	462	6.21e-249	688
Bcin07p03570.1	FOMG_10461-t38_4	73.1	465	116	4	124	582	1	462	6.21e-249	688
Bcin07p03570.1	FOMG_10461-t38_5	73.1	465	116	4	124	582	1	462	6.21e-249	688
Bcin07p03570.1	FOMG_10461-t38_7	73.1	465	116	4	124	582	1	462	6.21e-249	688
Bcin07p03570.1	FOXG_06378-t26_2	73.1	465	116	4	124	582	1	462	6.21e-249	688
Bcin07p03570.1	FOXG_06378-t26_4	73.1	465	116	4	124	582	1	462	6.21e-249	688
Bcin02p05110.1	FGRAMPH1_01T25993	42.4	675	341	16	99	748	92	743	6.10e-159	474
Bcin13p03800.1	ZTRI_9.53.mRNA	49.9	433	206	4	7	430	4	434	1.33e-140	409
Bcin04p05260.1	Afu6g12630-T	63.3	1134	395	9	1	1122	1	1125	0.0	1431
Bcin04p05630.1	MGG_00800-t26_1	76.2	391	69	4	9	386	8	387	3.63e-207	577
Bcin04p05630.1	ZT3D1_G514_t1	70.1	391	107	4	9	391	9	397	4.14e-190	535
Bcin04p05630.1	ZTRI_1.496.mRNA	69.8	391	108	4	9	391	9	397	1.67e-189	533
Bcin04p05630.1	UMAG_01514_t1	50.0	350	126	5	47	350	88	434	2.27e-109	328
Bcin04p05630.1	FGRAMPH1_01T23607	31.8	258	153	9	21	265	75	322	2.50e-25	103
Bcin04p05630.1	MGG_00803-t26_1	30.0	230	154	6	40	265	102	328	2.51e-25	105
Bcin04p05630.1	FGRAMPH1_01T17801	31.1	219	136	9	61	268	1	215	3.14e-23	95.9
Bcin04p05630.1	FGRAMPH1_01T17801	31.1	219	136	9	61	268	1	215	3.14e-23	95.9
Bcin04p05630.1	ZTRI_10.412.mRNA	29.4	231	150	8	56	284	11	230	2.42e-21	90.9
Bcin04p05630.1	FGRAMPH1_01T10041	27.7	231	133	10	66	266	2	228	2.99e-17	78.2
Bcin04p05630.1	UMAG_02331_t1	27.2	246	145	9	42	269	174	403	2.88e-16	76.6
Bcin04p05630.1	UMAG_03305_t1	28.4	215	140	5	66	269	19	230	5.45e-16	74.7
Bcin04p05630.1	FGRAMPH1_01T20307	23.1	359	204	11	18	332	181	511	9.41e-16	75.5
Bcin04p05630.1	FGRAMPH1_01T20307	23.1	359	204	11	18	332	181	511	9.41e-16	75.5
Bcin04p05630.1	FGRAMPH1_01T12137	26.2	229	139	10	66	266	2	228	2.28e-15	72.4
Bcin04p05630.1	CPUR_03754_t1	27.1	218	138	6	66	269	21	231	1.79e-14	70.1
Bcin04p05630.1	FGRAMPH1_01T24783	27.0	200	129	7	72	259	76	270	1.84e-14	70.5
Bcin04p05630.1	FGRAMPH1_01T24783	27.0	200	129	7	72	259	76	270	1.84e-14	70.5
Bcin04p05630.1	ZTRI_6.302.mRNA	26.3	304	177	13	66	334	22	313	2.41e-14	69.7
Bcin04p05630.1	ZT3D1_G6735_t1	26.3	304	177	13	66	334	22	313	3.75e-14	69.7
Bcin04p05630.1	FGRAMPH1_01T20181	26.6	218	139	6	66	269	21	231	7.59e-14	68.2
Bcin04p05630.1	FGRAMPH1_01T18735	25.6	203	98	8	177	338	922	1112	1.49e-04	39.7
Bcin04p05630.1	FGRAMPH1_01T18735	25.6	203	98	8	177	338	922	1112	1.49e-04	39.7
Bcin10p03860.1	MGG_02919	37.1	280	154	9	73	333	67	343	6.12e-53	177
Bcin07p07130.1	FGRAMPH1_01T08935	36.0	489	302	8	31	513	17	500	1.68e-93	289
Bcin07p07130.1	MGG_07982	34.2	477	294	7	25	487	19	489	5.29e-81	257
Bcin07p07130.1	FGRAMPH1_01T15651	25.5	466	290	13	34	483	30	454	1.53e-37	139
Bcin06p06140.1	Afu1g05830-T	26.0	712	293	14	729	1420	1302	1799	4.51e-56	210
Bcin06p03190.1	Afu1g13420-T	53.4	401	178	2	32	431	30	422	5.23e-154	438
Bcin02p02200.2	UMAG_04456_t1	29.6	216	125	4	262	476	98	287	6.00e-23	98.2
Bcin02p02200.2	FGRAMPH1_01T17801	26.1	314	173	11	254	537	8	292	1.65e-21	92.4
Bcin02p02200.2	FGRAMPH1_01T17801	26.1	314	173	11	254	537	8	292	1.65e-21	92.4
Bcin02p02200.2	FGRAMPH1_01T14347	29.5	237	133	8	260	485	60	273	3.23e-21	94.0
Bcin02p02200.2	FGRAMPH1_01T14347	29.5	237	133	8	260	485	60	273	3.23e-21	94.0
Bcin02p02200.2	CPUR_03237_t1	29.2	253	138	5	256	476	276	519	4.95e-19	87.8
Bcin02p02200.2	AO090005000934-T	24.5	261	149	9	312	537	758	1005	2.72e-11	63.2
Bcin02p02200.1	UMAG_04456_t1	29.6	216	125	4	262	476	98	287	6.00e-23	98.2
Bcin02p02200.1	FGRAMPH1_01T17801	26.1	314	173	11	254	537	8	292	1.65e-21	92.4
Bcin02p02200.1	FGRAMPH1_01T17801	26.1	314	173	11	254	537	8	292	1.65e-21	92.4
Bcin02p02200.1	FGRAMPH1_01T14347	29.5	237	133	8	260	485	60	273	3.23e-21	94.0
Bcin02p02200.1	FGRAMPH1_01T14347	29.5	237	133	8	260	485	60	273	3.23e-21	94.0
Bcin02p02200.1	CPUR_03237_t1	29.2	253	138	5	256	476	276	519	4.95e-19	87.8
Bcin02p02200.1	AO090005000934-T	24.5	261	149	9	312	537	758	1005	2.72e-11	63.2
Bcin02p03780.1	MGG_00529-t26_1	59.8	1299	466	16	24	1277	13	1300	0.0	1393
Bcin02p03780.1	FGRAMPH1_01T02967	43.9	173	93	2	966	1137	132	301	1.58e-39	147
Bcin02p03780.2	MGG_00529-t26_1	60.6	1299	483	15	24	1304	13	1300	0.0	1418
Bcin02p03780.2	FGRAMPH1_01T02967	43.9	173	93	2	993	1164	132	301	1.62e-39	147
Bcin15p03290.1	UMAG_03156_t1	35.1	57	32	2	680	734	282	335	1.35e-04	40.0
Bcin01p01490.1	FGRAMPH1_01T14839	29.4	545	299	16	46	562	38	524	6.86e-62	208
Bcin01p01490.1	FGRAMPH1_01T08935	24.9	373	237	12	151	512	126	466	1.08e-17	81.3
Bcin15p04830.1	MGG_07982	30.4	506	312	14	65	556	34	513	6.37e-53	184
Bcin16p00720.1	MGG_00448-t26_1	39.5	661	312	19	1	606	1	628	7.77e-107	336
Bcin02p07960.1	Afu1g05830-T	30.2	576	340	15	244	788	1288	1832	2.58e-56	206
Bcin15p01120.1	Afu5g02370-T	24.3	243	158	6	190	418	302	532	1.47e-13	68.6
Bcin04p01340.1	MGG_06250	40.0	340	185	6	1	324	11	347	1.02e-74	231
Bcin03p06910.2	FGRAMPH1_01T22799	28.2	404	217	8	297	666	309	673	5.19e-38	147
Bcin03p06910.2	FGRAMPH1_01T22799	28.2	404	217	8	297	666	309	673	5.19e-38	147
Bcin03p06910.2	FGRAMPH1_01T17801	35.1	225	130	6	334	551	13	228	3.56e-31	120
Bcin03p06910.2	FGRAMPH1_01T17801	35.1	225	130	6	334	551	13	228	3.56e-31	120
Bcin03p06910.2	FGRAMPH1_01T10041	32.3	251	137	8	331	554	4	248	4.74e-26	105
Bcin03p06910.2	MGG_12122-t26_1	31.9	229	142	6	330	551	34	255	4.54e-25	103
Bcin03p06910.2	FGRAMPH1_01T24535	31.9	229	142	6	330	551	34	255	1.47e-24	102
Bcin03p06910.2	FGRAMPH1_01T12137	29.6	250	141	8	329	551	2	243	1.19e-20	89.4
Bcin03p06910.2	UMAG_04258_t1	29.8	262	154	8	336	573	1095	1350	1.02e-18	87.0
Bcin03p06910.2	MGG_14847-t26_1	28.4	225	142	5	336	544	646	867	9.83e-16	77.0
Bcin03p06910.2	MGG_00803-t26_1	29.6	233	144	7	331	555	130	350	2.07e-15	75.9
Bcin03p06910.2	FGRAMPH1_01T18031	24.2	331	215	7	230	544	547	857	3.83e-15	75.1
Bcin03p06910.2	ZT3D1_G5024_t1	27.8	266	157	8	330	569	646	902	1.52e-14	73.2
Bcin03p06910.2	ZTRI_4.424.mRNA	27.8	266	157	8	330	569	646	902	1.52e-14	73.2
Bcin03p06910.2	MGG_04100-t26_1	31.1	209	122	7	331	530	59	254	6.12e-13	68.2
Bcin03p06910.2	MGG_00883-t26_1	28.9	228	142	8	315	528	1222	1443	6.16e-13	68.2
Bcin03p06910.2	FGRAMPH1_01T18735	32.0	103	61	5	386	480	858	959	5.32e-04	38.9
Bcin03p06910.2	FGRAMPH1_01T18735	32.0	103	61	5	386	480	858	959	5.32e-04	38.9
Bcin03p06910.1	FGRAMPH1_01T22799	28.5	400	217	8	297	662	309	673	2.18e-38	148
Bcin03p06910.1	FGRAMPH1_01T22799	28.5	400	217	8	297	662	309	673	2.18e-38	148
Bcin03p06910.1	FGRAMPH1_01T17801	34.5	232	136	6	323	547	6	228	7.78e-32	122
Bcin03p06910.1	FGRAMPH1_01T17801	34.5	232	136	6	323	547	6	228	7.78e-32	122
Bcin03p06910.1	FGRAMPH1_01T10041	32.3	251	137	8	327	550	4	248	4.71e-26	105
Bcin03p06910.1	MGG_12122-t26_1	31.8	233	145	6	322	547	30	255	3.36e-25	104
Bcin03p06910.1	FGRAMPH1_01T24535	31.8	233	145	6	322	547	30	255	1.09e-24	102
Bcin03p06910.1	FGRAMPH1_01T12137	29.6	250	141	8	325	547	2	243	1.18e-20	89.4
Bcin03p06910.1	UMAG_04258_t1	29.8	262	154	8	332	569	1095	1350	1.02e-18	87.0
Bcin03p06910.1	MGG_14847-t26_1	27.7	264	166	7	293	540	613	867	1.90e-16	79.3
Bcin03p06910.1	MGG_00803-t26_1	29.6	233	144	7	327	551	130	350	2.06e-15	75.9
Bcin03p06910.1	FGRAMPH1_01T18031	24.5	327	215	7	230	540	547	857	2.20e-15	75.9
Bcin03p06910.1	ZT3D1_G5024_t1	27.8	266	157	8	326	565	646	902	1.51e-14	73.2
Bcin03p06910.1	ZTRI_4.424.mRNA	27.8	266	157	8	326	565	646	902	1.51e-14	73.2
Bcin03p06910.1	MGG_04100-t26_1	31.1	209	122	7	327	526	59	254	6.08e-13	68.2
Bcin03p06910.1	MGG_00883-t26_1	30.0	207	125	8	332	524	1243	1443	1.81e-12	66.6
Bcin03p06910.1	FGRAMPH1_01T18735	32.0	103	61	5	382	476	858	959	5.30e-04	38.9
Bcin03p06910.1	FGRAMPH1_01T18735	32.0	103	61	5	382	476	858	959	5.30e-04	38.9
Bcin08p03700.1	MGG_00529-t26_1	35.4	495	273	14	268	734	763	1238	1.76e-70	248
Bcin08p03700.1	FGRAMPH1_01T02967	40.3	238	139	1	218	452	131	368	7.94e-56	192
Bcin01p10770.1	FGRAMPH1_01T08935	28.8	489	302	11	12	493	17	466	4.69e-54	186
Bcin01p10770.1	FGRAMPH1_01T15651	24.7	514	314	16	20	530	33	476	4.17e-31	121
Bcin01p10770.1	MGG_07626	24.6	488	335	15	3	481	5	468	3.43e-20	89.0
Bcin12p04980.1	Afu4g11240-T	23.8	717	388	22	564	1137	245	946	5.75e-35	141
Bcin04p04930.1	CPUR_06978_t1	45.9	327	162	6	175	496	36	352	3.75e-80	250
Bcin04p04930.1	CPUR_06977_t1	43.5	331	173	5	175	501	36	356	3.68e-76	240
Bcin11p04310.1	Afu3g10450-T	50.3	839	330	19	9	792	10	816	2.85e-222	641
Bcin09p04730.1	MGG_07297-t26_1	64.6	689	236	6	3	688	18	701	0.0	904
Bcin08p00170.1	FGRAMPH1_01T16511	54.8	42	14	2	4	43	19	57	1.38e-05	43.1
Bcin08p00170.1	FGRAMPH1_01T16119	48.5	33	17	0	2	34	28	60	6.45e-05	40.8
Bcin07p02840.1	FGRAMPH1_01T25209	50.0	28	14	0	48	75	1	28	1.25e-04	39.7
Bcin02p06690.1	FGRAMPH1_01T14131	25.7	381	244	11	141	506	185	541	4.36e-24	101
Bcin02p06690.1	FGRAMPH1_01T08935	27.3	428	260	21	92	505	76	466	3.30e-13	67.0
Bcin02p06690.1	FGRAMPH1_01T09325	28.9	166	102	4	338	492	301	461	9.87e-12	62.4
Bcin07p02480.1	MGG_05078-t26_1	29.0	1074	579	28	72	1031	17	1020	4.80e-100	337
Bcin07p02480.1	MGG_02074-t26_1	27.0	1140	615	22	45	1072	5	1039	6.76e-99	333
Bcin07p02480.1	MGG_07971-t26_1	27.6	844	518	18	233	1027	261	1060	2.59e-68	246
Bcin07p02480.2	MGG_05078-t26_1	29.1	1047	558	28	121	1053	44	1020	7.85e-98	331
Bcin07p02480.2	MGG_02074-t26_1	27.0	1117	598	22	90	1094	28	1039	7.99e-97	328
Bcin07p02480.2	MGG_07971-t26_1	27.6	844	518	18	255	1049	261	1060	3.09e-68	246
Bcin12p05190.1	MGG_00362	26.4	197	121	6	44	224	51	239	2.72e-07	46.6
Bcin13p02470.1	MGG_00937-t26_1	33.7	175	92	6	63	231	1296	1452	4.64e-13	67.8
Bcin04p01020.1	MGG_13435	33.8	77	34	3	850	923	325	387	4.40e-04	39.3
Bcin12p06020.1	MGG_02074-t26_1	24.9	808	401	20	85	735	44	802	3.07e-42	162
Bcin12p06020.1	MGG_05078-t26_1	28.9	322	154	10	477	730	511	825	1.05e-23	103
Bcin12p06020.1	MGG_07971-t26_1	23.4	265	179	7	180	435	247	496	6.58e-07	48.5
Bcin14p04570.1	MGG_05078-t26_1	67.5	1071	314	8	14	1066	9	1063	0.0	1390
Bcin14p04570.1	MGG_02074-t26_1	46.1	1057	500	13	18	1059	28	1029	1.28e-304	875
Bcin14p04570.1	MGG_07971-t26_1	28.0	883	500	24	88	934	207	989	2.06e-64	234
Bcin14p04570.1	MGG_04066-t26_1	26.6	542	271	27	363	830	636	1124	1.55e-17	83.6
Bcin12p04950.1	FGRAMPH1_01T02007	26.0	227	143	7	231	447	313	524	1.34e-10	60.1
Bcin12p06370.1	MGG_07982	33.1	514	316	10	26	513	3	514	3.63e-81	258
Bcin12p06370.1	FGRAMPH1_01T08935	32.4	490	315	11	32	514	13	493	9.28e-80	254
Bcin12p06370.1	FGRAMPH1_01T12029	29.6	449	284	13	52	487	106	535	2.91e-45	163
Bcin12p06370.1	MGG_07626	25.8	473	317	13	55	500	29	494	3.15e-23	98.2
Bcin12p06370.1	FGRAMPH1_01T22299	29.6	189	125	4	302	488	301	483	2.93e-16	76.6
Bcin07p06790.1	MGG_07667-t26_1	39.2	451	260	5	33	473	33	479	5.23e-95	293
Bcin08p04150.1	Afu2g16040-T	52.5	1801	783	19	37	1782	34	1817	0.0	1707
Bcin01p04880.1	FGRAMPH1_01T14131	27.5	244	146	10	251	484	323	545	1.22e-10	58.9
Bcin09p04590.2	MGG_09517-t26_1	24.7	405	247	15	55	446	19	378	4.18e-18	84.0
Bcin09p04590.2	MGG_09517	24.7	405	247	15	55	446	19	378	4.18e-18	84.0
Bcin09p04590.1	MGG_09517-t26_1	24.7	405	247	15	37	428	19	378	4.01e-18	84.0
Bcin09p04590.1	MGG_09517	24.7	405	247	15	37	428	19	378	4.01e-18	84.0
Bcin01p06220.2	Afu6g13300-T	90.2	214	21	0	5	218	2	215	2.14e-141	389
Bcin01p06220.2	MGG_01185	31.0	168	104	4	12	169	20	185	1.58e-22	87.0
Bcin01p06220.2	MGG_06241	34.4	128	83	1	1	127	1	128	5.93e-22	85.9
Bcin01p06220.2	FGRAMPH1_01T00811	29.7	192	113	7	10	180	52	242	8.90e-17	72.4
Bcin01p06220.2	UMAG_01643_t1	28.0	164	111	4	12	169	8	170	2.76e-15	67.0
Bcin01p06220.1	Afu6g13300-T	90.2	214	21	0	5	218	2	215	2.14e-141	389
Bcin01p06220.1	MGG_01185	31.0	168	104	4	12	169	20	185	1.58e-22	87.0
Bcin01p06220.1	MGG_06241	34.4	128	83	1	1	127	1	128	5.93e-22	85.9
Bcin01p06220.1	FGRAMPH1_01T00811	29.7	192	113	7	10	180	52	242	8.90e-17	72.4
Bcin01p06220.1	UMAG_01643_t1	28.0	164	111	4	12	169	8	170	2.76e-15	67.0
Bcin11p00730.1	MGG_05709-t26_1	52.4	573	211	26	36	584	1	535	1.25e-150	440
Bcin07p05520.1	MGG_16201-t26_1	98.7	149	2	0	1	149	1	149	7.15e-82	233
Bcin14p00940.1	MGG_00937-t26_1	29.9	1696	1032	49	15	1627	5	1626	5.78e-168	547
Bcin14p05170.1	MGG_03235	65.1	757	259	4	3	756	1	755	0.0	983
Bcin04p01690.1	Afu6g08900-T	31.0	397	209	11	206	542	221	612	1.20e-41	156
Bcin04p01690.1	DEG20080014	29.4	412	214	10	206	542	221	630	3.54e-39	149
Bcin01p09620.1	Afu4g07730-T	90.6	170	16	0	6	175	7	176	5.04e-113	314
Bcin15p03490.1	Afu2g11320-T	53.1	399	163	9	1	388	1	386	1.64e-132	386
Bcin04p02200.1	MGG_01104-t26_1	75.0	324	72	3	1	323	1	316	1.31e-163	454
Bcin14p00950.1	Afu4g13340-T	55.9	760	267	14	28	781	24	721	8.84e-268	753
Bcin14p00950.1	Afu2g17650-T	51.4	621	272	7	15	632	12	605	8.85e-203	583
Bcin09p00160.1	Afu1g13740-T	31.2	570	344	14	127	670	1022	1569	2.46e-78	268
Bcin01p10600.1	MGG_00529-t26_1	40.2	338	167	9	774	1083	892	1222	5.14e-56	208
Bcin01p10600.1	FGRAMPH1_01T02967	37.3	233	135	3	857	1085	134	359	8.22e-42	154
Bcin06p05050.1	MGG_01096-t26_1	50.9	106	52	0	298	403	543	648	3.46e-28	112
Bcin03p00410.1	MGG_00529-t26_1	26.3	198	116	7	200	376	990	1178	2.58e-13	68.2
Bcin05p02080.1	FGRAMPH1_01T16511	57.1	35	15	0	10	44	16	50	9.09e-08	48.9
Bcin14p03370.1	MGG_00803-t26_1	57.0	731	250	11	53	768	122	803	8.88e-270	761
Bcin14p03370.1	MGG_01196-t26_1	37.7	305	147	6	52	313	299	603	1.11e-51	190
Bcin14p03370.1	FGRAMPH1_01T23607	35.6	275	170	5	42	311	101	373	1.47e-49	174
Bcin14p03370.1	FGRAMPH1_01T20307	31.1	283	172	5	52	312	230	511	3.92e-33	132
Bcin14p03370.1	FGRAMPH1_01T20307	31.1	283	172	5	52	312	230	511	3.92e-33	132
Bcin14p03370.1	MGG_06393-t26_1	26.1	326	183	7	52	321	10	333	1.69e-29	120
Bcin14p03370.1	CPUR_03237_t1	25.9	347	196	7	53	339	268	613	1.97e-29	119
Bcin14p03370.1	FGRAMPH1_01T10677	30.1	322	198	11	30	329	28	344	6.14e-29	115
Bcin14p03370.1	Bcin07g00720.1:RNA	27.3	326	178	9	52	320	14	337	6.57e-29	119
Bcin14p03370.1	UMAG_06363_t1	26.3	369	194	9	55	348	9	374	9.03e-29	118
Bcin14p03370.1	FGRAMPH1_01T17801	30.8	201	131	4	60	255	9	206	1.43e-26	106
Bcin14p03370.1	FGRAMPH1_01T17801	30.8	201	131	4	60	255	9	206	1.43e-26	106
Bcin14p03370.1	ZTRI_6.302.mRNA	28.2	291	166	8	61	311	24	311	6.60e-25	102
Bcin14p03370.1	ZT3D1_G6735_t1	28.2	291	166	8	61	311	24	311	2.06e-24	102
Bcin14p03370.1	FGRAMPH1_01T20181	27.5	320	171	11	61	329	23	332	2.14e-24	100
Bcin14p03370.1	ZTRI_10.412.mRNA	27.6	301	182	6	61	329	20	316	2.96e-24	100
Bcin14p03370.1	CPUR_03754_t1	28.2	294	162	9	61	311	23	310	3.88e-24	100
Bcin14p03370.1	UMAG_02331_t1	32.4	222	131	8	57	262	186	404	2.09e-23	100
Bcin14p03370.1	FGRAMPH1_01T10041	30.3	234	133	7	61	267	4	234	2.67e-23	97.1
Bcin14p03370.1	ZT3D1_G514_t1	30.2	202	134	6	63	261	68	265	2.24e-22	96.3
Bcin14p03370.1	ZTRI_1.496.mRNA	30.2	202	134	6	63	261	68	265	2.24e-22	96.3
Bcin14p03370.1	MGG_00800-t26_1	30.7	199	131	6	63	258	63	257	2.74e-22	95.5
Bcin14p03370.1	UMAG_03305_t1	29.7	229	139	7	50	262	9	231	3.27e-22	94.4
Bcin14p03370.1	FGRAMPH1_01T24535	25.0	344	198	9	61	351	35	371	2.28e-21	92.4
Bcin14p03370.1	MGG_12122-t26_1	24.7	344	199	9	61	351	35	371	1.76e-20	89.7
Bcin02p08330.1	Afu6g12830-T	71.7	961	220	9	1	951	1	919	0.0	1310
Bcin03p03880.1	Afu5g08370-T	54.6	791	339	8	1	772	1	790	1.94e-309	861
Bcin01p05590.1	Afu6g08900-T	29.0	420	227	12	24	373	200	618	2.63e-40	147
Bcin01p05590.1	DEG20080014	34.7	193	104	5	24	195	200	391	9.94e-27	107
Bcin16p05070.2	MGG_04066-t26_1	70.4	1353	351	19	6	1344	7	1324	0.0	1716
Bcin16p05070.2	MGG_02074-t26_1	24.4	516	283	18	656	1144	364	799	8.03e-16	78.2
Bcin16p05070.2	MGG_05078-t26_1	24.2	627	374	27	576	1165	286	848	8.07e-16	78.2
Bcin16p05070.1	MGG_04066-t26_1	70.4	1353	351	19	6	1344	7	1324	0.0	1716
Bcin16p05070.1	MGG_02074-t26_1	24.4	516	283	18	656	1144	364	799	8.03e-16	78.2
Bcin16p05070.1	MGG_05078-t26_1	24.2	627	374	27	576	1165	286	848	8.07e-16	78.2
Bcin16p05070.4	MGG_04066-t26_1	70.4	1353	351	19	6	1344	7	1324	0.0	1716
Bcin16p05070.4	MGG_02074-t26_1	24.4	516	283	18	656	1144	364	799	8.03e-16	78.2
Bcin16p05070.4	MGG_05078-t26_1	24.2	627	374	27	576	1165	286	848	8.07e-16	78.2
Bcin16p05070.3	MGG_04066-t26_1	70.4	1353	351	19	6	1344	7	1324	0.0	1716
Bcin16p05070.3	MGG_02074-t26_1	24.4	516	283	18	656	1144	364	799	8.03e-16	78.2
Bcin16p05070.3	MGG_05078-t26_1	24.2	627	374	27	576	1165	286	848	8.07e-16	78.2
Bcin05p03380.1	MGG_01230-t26_1	31.7	482	287	8	40	497	64	527	5.50e-67	220
Bcin10p02300.1	MGG_11346-t26_1	27.7	1629	887	60	1	1521	1	1447	9.64e-48	182
Bcin06p04010.1	DEG20080024	70.7	441	110	3	1	438	67	491	1.70e-224	620
Bcin06p04010.2	DEG20080024	70.9	495	125	3	21	512	13	491	2.83e-254	699
Bcin04p03610.1	MGG_12814-t26_1	50.6	79	35	2	62	140	144	218	8.32e-10	56.2
Bcin04p01240.1	FGRAMPH1_01T16511	29.5	207	124	3	16	206	17	217	4.53e-18	81.6
Bcin07p01010.1	GLRG_04203_t1	26.3	99	73	0	671	769	1936	2034	1.70e-07	50.4
Bcin11p03620.1	MGG_05379-t26_1	61.8	731	210	14	109	807	54	747	6.99e-278	781
Bcin14p00470.1	FGRAMPH1_01T06289	74.8	874	194	9	1	872	1	850	0.0	1208
Bcin14p00470.1	Afu2g09060-T	36.8	541	284	10	317	827	400	912	7.53e-96	319
Bcin14p00470.1	FGRAMPH1_01T01289	35.3	566	297	9	299	826	377	911	3.78e-90	303
Bcin14p00470.1	FGRAMPH1_01T05925	41.1	353	175	3	486	835	471	793	3.13e-71	249
Bcin12p00710.1	AFUB_023720-T	47.3	490	222	13	34	509	24	491	3.03e-136	399
Bcin12p00710.1	Afu2g07680-T	47.3	490	222	13	34	509	24	491	3.03e-136	399
Bcin12p00710.1	MGG_04212-t26_1	46.5	490	217	12	49	502	80	560	4.78e-122	365
Bcin14p02740.1	Afu3g14150-T	32.8	641	341	16	3	609	7	591	1.39e-87	285
Bcin08p05060.1	MGG_02252-t26_1	53.1	32	15	0	27	58	27	58	2.15e-04	37.7
Bcin14p05160.1	FGRAMPH1_01T19345	49.4	81	41	0	66	146	678	758	4.11e-18	75.5
Bcin05p08290.1	Afu2g03640-T	61.3	1839	601	12	8	1834	9	1748	0.0	1329
Bcin14p01300.1	Afu4g11240-T	23.1	765	469	21	3109	3774	192	936	9.08e-40	159
Bcin14p01300.2	Afu4g11240-T	23.1	765	469	21	2208	2873	192	936	6.87e-40	159
Bcin02p06410.1	FGRAMPH1_01T24247	22.8	517	305	16	311	793	68	524	2.29e-14	72.4
Bcin10p04230.1	MGG_06250	63.8	351	121	3	1	348	17	364	4.35e-166	464
Bcin03p07200.1	Afu6g08900-T	32.5	425	212	14	116	476	201	614	1.10e-47	172
Bcin03p07200.1	DEG20080014	30.9	444	212	14	116	476	201	632	5.48e-45	165
Bcin17p00060.1	MGG_04100-t26_1	29.8	218	127	7	244	455	56	253	9.54e-18	82.4
Bcin17p00060.1	MGG_00883-t26_1	24.1	274	181	10	255	514	1246	1506	1.85e-15	75.1
Bcin17p00060.1	FGRAMPH1_01T18031	24.9	217	132	6	255	454	639	841	1.08e-14	72.4
Bcin17p00060.1	UMAG_04258_t1	25.3	237	130	10	256	464	1099	1316	3.35e-10	58.2
Bcin04p04190.2	MGG_01096-t26_1	57.3	658	259	7	16	672	11	647	2.98e-242	681
Bcin04p04190.1	MGG_01096-t26_1	57.3	658	259	7	16	672	11	647	2.98e-242	681
Bcin08p03260.1	MGG_04005-t26_1	63.9	374	118	5	10	376	5	368	2.69e-154	436
Bcin12p03210.1	FGRAMPH1_01T02967	27.1	140	76	4	459	591	172	292	5.92e-06	44.7
Bcin02p01540.1	FGRAMPH1_01T19491	84.3	568	80	4	1	567	1	560	0.0	965
Bcin02p01540.1	FGRAMPH1_01T19491	84.3	568	80	4	1	567	1	560	0.0	965
Bcin02p01540.1	FGRAMPH1_01T26211	41.2	272	145	3	100	370	41	298	3.80e-68	219
Bcin02p01540.1	FGRAMPH1_01T26211	41.2	272	145	3	100	370	41	298	3.80e-68	219
Bcin02p01540.1	FGRAMPH1_01T24303	36.3	278	164	2	97	374	26	290	9.32e-68	218
Bcin02p01540.1	FGRAMPH1_01T24303	36.3	278	164	2	97	374	26	290	9.32e-68	218
Bcin02p01540.1	Afu1g04950-T	36.3	278	164	2	97	374	25	289	1.27e-67	218
Bcin02p08130.1	DEG20080026	64.7	419	145	3	15	433	16	431	1.44e-198	552
Bcin02p08130.1	Afu3g09960-T	64.7	419	145	3	15	433	16	431	1.44e-198	552
Bcin03p07500.1	MGG_08844	86.7	120	15	1	1	120	1	119	7.51e-79	223
Bcin13p01180.1	FGRAMPH1_01T16511	26.3	190	106	5	7	190	16	177	9.26e-05	39.3
Bcin12p02340.1	DEG20080012	76.2	428	95	2	24	447	2	426	4.44e-240	658
Bcin12p02340.1	Afu1g07010-T	76.2	428	95	2	24	447	2	426	4.44e-240	658
Bcin07p05090.1	MGG_01185	42.3	196	101	3	10	200	20	208	1.95e-45	146
Bcin07p05090.1	MGG_06241	40.8	184	85	1	11	170	13	196	3.02e-39	130
Bcin07p05090.1	MGG_08144-t26_1	37.8	164	96	3	9	166	8	171	6.88e-36	121
Bcin07p05090.1	UMAG_01643_t1	35.2	165	103	2	9	170	7	170	1.73e-25	94.0
Bcin07p05090.2	MGG_01185	42.3	196	101	3	10	200	20	208	1.95e-45	146
Bcin07p05090.2	MGG_06241	40.8	184	85	1	11	170	13	196	3.02e-39	130
Bcin07p05090.2	MGG_08144-t26_1	37.8	164	96	3	9	166	8	171	6.88e-36	121
Bcin07p05090.2	UMAG_01643_t1	35.2	165	103	2	9	170	7	170	1.73e-25	94.0
Bcin02p09390.1	FGRAMPH1_01T25209	51.5	33	16	0	9	41	3	35	5.66e-05	40.0
Bcin02p09390.2	FGRAMPH1_01T25209	51.5	33	16	0	9	41	3	35	6.07e-05	40.0
Bcin13p02170.1	MGG_07626	27.2	493	323	11	31	506	37	510	2.37e-46	164
Bcin06p01930.1	UMAG_02411_t1	30.8	597	328	21	296	817	32	618	2.49e-59	212
Bcin11p04520.1	FGRAMPH1_01T02007	51.2	41	18	1	11	49	70	110	7.05e-07	47.8
Bcin04p06720.1	MGG_00803-t26_1	31.8	179	87	4	385	553	227	380	3.84e-17	82.0
Bcin04p06720.1	FGRAMPH1_01T20307	26.5	200	106	3	397	596	350	508	5.94e-16	78.2
Bcin04p06720.1	FGRAMPH1_01T20307	26.5	200	106	3	397	596	350	508	5.94e-16	78.2
Bcin04p06720.1	MGG_04100-t26_1	28.2	206	85	5	397	600	168	312	6.77e-15	75.1
Bcin04p06720.1	FGRAMPH1_01T23607	27.2	206	89	6	397	601	231	376	3.26e-14	71.2
Bcin04p06720.1	ZTRI_10.412.mRNA	25.5	204	117	5	397	598	128	298	1.89e-12	65.5
Bcin04p06720.1	ZTRI_6.302.mRNA	26.3	213	116	7	394	598	132	311	3.32e-12	64.7
Bcin04p06720.1	UMAG_10145_t1	31.7	139	70	2	385	523	649	762	3.69e-12	65.9
Bcin04p06720.1	ZT3D1_G6735_t1	26.3	213	116	7	394	598	132	311	5.10e-12	64.7
Bcin04p06720.1	FGRAMPH1_01T20181	26.3	213	116	8	394	598	131	310	3.23e-11	61.6
Bcin04p06720.1	UMAG_03305_t1	27.5	207	122	6	394	598	129	309	4.26e-11	61.2
Bcin04p06720.1	CPUR_03754_t1	25.4	213	118	6	394	598	131	310	5.70e-11	60.8
Bcin04p06720.1	ZT3D1_G514_t1	33.3	120	52	4	397	515	175	267	8.40e-11	60.8
Bcin04p06720.1	ZTRI_1.496.mRNA	33.3	120	52	4	397	515	175	267	8.40e-11	60.8
Bcin04p06720.1	FGRAMPH1_01T01705	23.4	231	138	9	377	598	116	316	5.09e-10	57.8
Bcin04p06720.1	FGRAMPH1_01T01705	23.4	231	138	9	377	598	116	316	5.09e-10	57.8
Bcin04p06720.1	FGRAMPH1_01T24783	25.8	229	112	8	400	618	189	369	6.87e-10	57.8
Bcin04p06720.1	FGRAMPH1_01T24783	25.8	229	112	8	400	618	189	369	6.87e-10	57.8
Bcin04p06720.1	MGG_00800-t26_1	31.7	123	56	4	394	515	167	262	6.92e-10	57.8
Bcin04p06720.1	UMAG_01514_t1	31.7	120	54	4	397	515	217	309	9.65e-10	57.4
Bcin04p06720.1	FGRAMPH1_01T10041	26.4	212	106	10	397	598	135	306	1.46e-09	56.2
Bcin04p06720.1	MGG_03696	22.4	228	138	9	380	598	122	319	2.81e-09	55.5
Bcin04p06720.1	FGRAMPH1_01T12137	24.3	226	117	9	393	608	131	312	3.28e-09	55.1
Bcin04p06720.1	MGG_06393-t26_1	24.7	243	121	9	397	623	149	345	7.95e-09	55.1
Bcin04p06720.1	UMAG_02331_t1	24.0	208	127	7	394	598	303	482	7.95e-09	54.7
Bcin16p01370.1	Afu2g07570-T	69.1	431	106	5	3	426	2	412	1.24e-197	549
Bcin12p03020.1	DEG20080014	29.5	461	275	18	253	689	199	633	2.69e-35	139
Bcin12p03020.1	Afu6g08900-T	28.3	459	265	17	253	689	199	615	1.81e-34	136
Bcin09p01920.1	MGG_16201-t26_1	42.9	42	24	0	32	73	105	146	1.76e-06	41.2
Bcin09p01920.2	MGG_16201-t26_1	43.2	37	21	0	1	37	110	146	2.40e-05	37.4
Bcin06p01360.1	FGRAMPH1_01T27169	26.6	320	181	12	151	458	11	288	1.65e-16	78.6
Bcin06p01360.1	FGRAMPH1_01T27169	26.6	320	181	12	151	458	11	288	1.65e-16	78.6
Bcin06p01360.1	FGRAMPH1_01T24783	25.3	194	101	6	144	336	69	219	6.84e-05	40.8
Bcin06p01360.1	FGRAMPH1_01T24783	25.3	194	101	6	144	336	69	219	6.84e-05	40.8
Bcin15p00400.1	MGG_01185	33.3	213	112	3	11	223	21	203	4.10e-35	120
Bcin15p00400.1	MGG_08144-t26_1	29.0	207	110	3	9	211	8	181	1.52e-24	92.8
Bcin14p03860.1	UMAG_11410_t1	44.3	361	164	6	27	363	95	442	2.61e-83	284
Bcin14p03860.1	ZTRI_10.412.mRNA	32.3	257	132	8	23	276	16	233	1.21e-31	122
Bcin14p03860.1	FGRAMPH1_01T24535	23.5	349	207	9	20	360	28	324	1.20e-28	114
Bcin14p03860.1	MGG_12122-t26_1	23.2	349	208	9	20	360	28	324	5.71e-27	109
Bcin14p03860.1	FGRAMPH1_01T22799	23.8	362	240	8	23	360	328	677	5.37e-20	90.1
Bcin14p03860.1	FGRAMPH1_01T22799	23.8	362	240	8	23	360	328	677	5.37e-20	90.1
Bcin14p03860.1	FGRAMPH1_01T14347	27.4	266	149	9	14	268	43	275	2.32e-15	74.7
Bcin14p03860.1	FGRAMPH1_01T14347	27.4	266	149	9	14	268	43	275	2.32e-15	74.7
Bcin14p03860.1	FGRAMPH1_01T18735	23.1	342	199	12	31	357	817	1109	2.49e-08	52.8
Bcin14p03860.1	FGRAMPH1_01T18735	23.1	342	199	12	31	357	817	1109	2.49e-08	52.8
Bcin16p02220.1	CPUR_04177_t1	49.1	222	95	4	46	266	290	494	9.72e-60	192
Bcin14p00120.1	Afu6g04740-T	45.9	353	176	3	31	383	51	388	2.11e-109	322
Bcin12p01820.1	Afu6g08900-T	31.5	438	224	11	41	409	193	623	1.14e-44	167
Bcin12p01820.1	DEG20080014	32.6	236	115	5	41	235	193	425	3.58e-23	100
Bcin03p04680.1	FGRAMPH1_01T25209	50.0	34	17	0	16	49	3	36	3.36e-07	48.1
Bcin06p06550.1	MGG_06742	25.4	213	125	6	512	721	386	567	6.78e-13	67.8
Bcin09p05340.1	FGRAMPH1_01T02007	28.9	699	389	20	2	625	63	728	4.88e-78	265
Bcin09p05340.1	FOZG_07174-t36_4	26.3	171	122	3	195	362	84	253	8.95e-09	53.5
Bcin09p05340.1	FOZG_07174-t36_5	26.3	171	122	3	195	362	84	253	8.95e-09	53.5
Bcin09p05340.1	FOZG_07174-t36_7	26.3	171	122	3	195	362	84	253	8.95e-09	53.5
Bcin09p05340.1	FOMG_10461-t38_4	26.3	171	122	3	195	362	84	253	8.95e-09	53.5
Bcin09p05340.1	FOMG_10461-t38_5	26.3	171	122	3	195	362	84	253	8.95e-09	53.5
Bcin09p05340.1	FOMG_10461-t38_7	26.3	171	122	3	195	362	84	253	8.95e-09	53.5
Bcin09p05340.1	FOXG_06378-t26_2	26.3	171	122	3	195	362	84	253	8.95e-09	53.5
Bcin09p05340.1	FOXG_06378-t26_4	26.3	171	122	3	195	362	84	253	8.95e-09	53.5
Bcin09p05340.1	FOXG_06378-t26_6	26.3	171	122	3	195	362	84	253	8.95e-09	53.5
Bcin09p05340.1	FOZG_07174-t36_3	26.3	171	122	3	195	362	84	253	9.33e-09	53.5
Bcin09p05340.1	FOZG_07174-t36_6	26.3	171	122	3	195	362	84	253	9.33e-09	53.5
Bcin09p05340.1	FOZG_07174-t36_8	26.3	171	122	3	195	362	84	253	9.33e-09	53.5
Bcin09p05340.1	FOMG_10461-t38_3	26.3	171	122	3	195	362	84	253	9.33e-09	53.5
Bcin09p05340.1	FOMG_10461-t38_6	26.3	171	122	3	195	362	84	253	9.33e-09	53.5
Bcin09p05340.1	FOMG_10461-t38_8	26.3	171	122	3	195	362	84	253	9.33e-09	53.5
Bcin09p05340.1	FOXG_06378-t26_3	26.3	171	122	3	195	362	84	253	9.33e-09	53.5
Bcin09p05340.1	FOXG_06378-t26_5	26.3	171	122	3	195	362	84	253	9.33e-09	53.5
Bcin09p05340.1	FOXG_06378-t26_7	26.3	171	122	3	195	362	84	253	9.33e-09	53.5
Bcin09p05340.1	FOZG_07174-t36_2	26.3	171	122	3	195	362	256	425	1.09e-08	53.5
Bcin09p05340.1	FOMG_10461-t38_2	26.3	171	122	3	195	362	256	425	1.09e-08	53.5
Bcin09p05340.1	FOXG_06378-t26_8	26.3	171	122	3	195	362	256	425	1.09e-08	53.5
Bcin09p05340.1	FOZG_07174-t36_1	26.3	171	122	3	195	362	256	425	1.11e-08	53.5
Bcin09p05340.1	FOMG_10461-t38_1	26.3	171	122	3	195	362	256	425	1.11e-08	53.5
Bcin09p05340.1	FOXG_06378-t26_1	26.3	171	122	3	195	362	256	425	1.11e-08	53.5
Bcin07p06260.1	FGRAMPH1_01T16511	44.4	45	25	0	66	110	5	49	1.20e-06	46.6
Bcin11p06520.2	FGRAMPH1_01T12029	22.3	363	236	14	31	383	107	433	1.37e-16	76.6
Bcin11p06520.2	FGRAMPH1_01T08935	28.1	167	107	4	32	190	33	194	1.21e-14	70.5
Bcin11p06520.2	MGG_07982	22.8	356	246	13	37	383	39	374	1.61e-12	63.9
Bcin11p06520.1	FGRAMPH1_01T12029	23.2	495	326	17	31	510	107	562	1.09e-28	115
Bcin11p06520.1	MGG_07982	23.4	492	330	16	37	503	39	508	7.19e-25	103
Bcin11p06520.1	FGRAMPH1_01T08935	22.5	466	305	14	32	478	33	461	5.20e-21	91.3
Bcin11p06520.1	FGRAMPH1_01T21585	30.4	115	72	3	320	428	149	261	2.00e-06	44.7
Bcin12p03880.1	FGRAMPH1_01T26211	94.2	330	15	2	4	331	1	328	1.05e-243	657
Bcin12p03880.1	FGRAMPH1_01T26211	94.2	330	15	2	4	331	1	328	1.05e-243	657
Bcin12p03880.1	FGRAMPH1_01T24303	46.3	294	148	3	32	316	9	301	5.96e-98	288
Bcin12p03880.1	FGRAMPH1_01T24303	46.3	294	148	3	32	316	9	301	5.96e-98	288
Bcin12p03880.1	Afu1g04950-T	45.9	294	149	3	32	316	8	300	8.17e-98	288
Bcin12p03880.1	FGRAMPH1_01T19491	40.2	286	155	4	44	315	96	379	3.05e-69	221
Bcin12p03880.1	FGRAMPH1_01T19491	40.2	286	155	4	44	315	96	379	3.05e-69	221
Bcin16p03200.1	FGRAMPH1_01T04197	20.4	372	210	14	22	366	6	318	7.72e-04	37.7
Bcin10p01070.1	MGG_02252-t26_1	28.5	256	157	6	2	238	26	274	1.78e-23	91.7
Bcin12p01710.1	MGG_01227-t26_1	33.4	1096	553	22	100	1026	278	1365	1.60e-166	522
Bcin12p01710.2	MGG_01227-t26_1	33.6	461	191	6	246	591	905	1365	6.25e-67	232
Bcin13p04630.1	FGRAMPH1_01T20307	60.4	685	245	11	232	902	140	812	5.77e-269	764
Bcin13p04630.1	FGRAMPH1_01T20307	60.4	685	245	11	232	902	140	812	5.77e-269	764
Bcin13p04630.1	UMAG_04456_t1	35.4	288	164	3	320	605	86	353	2.20e-53	187
Bcin13p04630.1	FGRAMPH1_01T18903	37.0	297	167	4	323	616	283	562	3.07e-51	186
Bcin13p04630.1	FGRAMPH1_01T18903	37.0	297	167	4	323	616	283	562	3.07e-51	186
Bcin13p04630.1	FGRAMPH1_01T24349	34.6	315	172	7	316	620	266	556	3.57e-47	173
Bcin13p04630.1	FGRAMPH1_01T10677	33.7	303	169	7	316	598	47	337	5.31e-44	159
Bcin13p04630.1	FGRAMPH1_01T23607	33.2	280	161	5	317	592	114	371	4.45e-38	142
Bcin13p04630.1	CPUR_03237_t1	32.9	319	171	10	330	610	280	593	8.20e-38	146
Bcin13p04630.1	MGG_00803-t26_1	30.6	320	196	6	298	615	101	396	1.61e-34	137
Bcin13p04630.1	MGG_01196-t26_1	29.4	296	182	5	325	594	307	601	6.06e-30	123
Bcin13p04630.1	UMAG_04258_t1	26.4	299	208	6	307	594	1068	1365	3.82e-27	114
Bcin13p04630.1	FGRAMPH1_01T17801	26.8	299	168	6	332	598	16	295	8.63e-22	92.8
Bcin13p04630.1	FGRAMPH1_01T17801	26.8	299	168	6	332	598	16	295	8.63e-22	92.8
Bcin13p04630.1	ZT3D1_G5024_t1	24.8	302	208	4	306	594	627	922	1.87e-21	95.5
Bcin13p04630.1	ZTRI_4.424.mRNA	24.8	302	208	4	306	594	627	922	1.87e-21	95.5
Bcin13p04630.1	FGRAMPH1_01T20181	26.9	334	160	12	332	622	29	321	3.30e-21	91.7
Bcin13p04630.1	CPUR_03754_t1	26.2	347	164	11	332	631	29	330	1.44e-20	89.7
Bcin13p04630.1	MGG_00883-t26_1	26.9	260	159	7	329	577	1241	1480	1.64e-20	92.8
Bcin13p04630.1	ZTRI_6.302.mRNA	27.6	228	117	6	402	596	101	313	2.63e-20	89.0
Bcin13p04630.1	Bcin07g00720.1:RNA	24.0	333	176	7	317	592	14	326	2.96e-20	91.7
Bcin13p04630.1	ZT3D1_G6735_t1	27.6	228	117	6	402	596	101	313	6.44e-20	89.0
Bcin13p04630.1	MGG_14847-t26_1	25.4	256	174	3	306	553	621	867	8.62e-20	90.1
Bcin13p04630.1	UMAG_02331_t1	28.0	322	175	11	332	614	197	500	1.33e-19	88.6
Bcin13p04630.1	UMAG_03305_t1	26.5	234	125	5	396	596	92	311	4.84e-19	85.1
Bcin15p02590.2	UMAG_05232_t1	39.7	1534	804	28	626	2116	972	2427	5.78e-213	699
Bcin15p02590.1	UMAG_05232_t1	39.7	1534	804	28	625	2115	972	2427	5.68e-213	699
Bcin07p02590.1	FGRAMPH1_01T14131	31.0	458	272	12	83	525	124	552	3.03e-46	166
Bcin02p08920.1	FGRAMPH1_01T15651	29.2	212	122	7	284	480	264	462	1.31e-17	80.5
Bcin04p01350.1	MGG_06250	40.6	345	186	5	3	331	9	350	2.51e-83	253
Bcin10p03930.2	Afu1g04950-T	95.0	323	15	1	1	322	1	323	4.89e-234	632
Bcin10p03930.2	FGRAMPH1_01T24303	98.7	305	4	0	5	309	6	310	1.98e-231	626
Bcin10p03930.2	FGRAMPH1_01T24303	98.7	305	4	0	5	309	6	310	1.98e-231	626
Bcin10p03930.2	FGRAMPH1_01T26211	48.5	274	139	2	28	300	41	313	3.98e-97	286
Bcin10p03930.2	FGRAMPH1_01T26211	48.5	274	139	2	28	300	41	313	3.98e-97	286
Bcin10p03930.2	FGRAMPH1_01T19491	38.1	278	159	2	25	289	93	370	1.08e-70	225
Bcin10p03930.2	FGRAMPH1_01T19491	38.1	278	159	2	25	289	93	370	1.08e-70	225
Bcin10p03930.1	Afu1g04950-T	98.0	304	6	0	1	304	1	304	2.45e-230	622
Bcin10p03930.1	FGRAMPH1_01T24303	99.3	300	2	0	5	304	6	305	2.09e-229	620
Bcin10p03930.1	FGRAMPH1_01T24303	99.3	300	2	0	5	304	6	305	2.09e-229	620
Bcin10p03930.1	FGRAMPH1_01T26211	49.1	271	136	2	28	297	41	310	3.31e-97	285
Bcin10p03930.1	FGRAMPH1_01T26211	49.1	271	136	2	28	297	41	310	3.31e-97	285
Bcin10p03930.1	FGRAMPH1_01T19491	38.1	278	159	2	25	289	93	370	6.59e-71	225
Bcin10p03930.1	FGRAMPH1_01T19491	38.1	278	159	2	25	289	93	370	6.59e-71	225
Bcin10p02140.1	MGG_00937-t26_1	25.0	232	149	7	1109	1334	479	691	1.96e-07	50.8
Bcin10p00600.1	FGRAMPH1_01T24385	51.3	117	55	2	9	125	14	128	6.60e-39	124
Bcin12p02540.1	FGRAMPH1_01T17489	67.7	31	10	0	356	386	374	404	4.99e-10	55.8
Bcin03p02930.1	CPUR_04764_t1	63.2	857	279	15	14	852	1	839	6.90e-321	895
Bcin03p02930.1	UMAG_10145_t1	49.2	790	307	16	84	848	102	822	9.37e-180	534
Bcin03p02930.1	MGG_04100-t26_1	35.7	266	150	5	569	832	65	311	5.75e-39	152
Bcin03p02930.1	FGRAMPH1_01T18903	32.3	130	88	0	649	778	358	487	1.62e-19	88.6
Bcin03p02930.1	FGRAMPH1_01T18903	32.3	130	88	0	649	778	358	487	1.62e-19	88.6
Bcin03p02930.1	FGRAMPH1_01T27169	36.8	133	81	2	695	827	159	288	5.19e-18	84.0
Bcin03p02930.1	FGRAMPH1_01T27169	36.8	133	81	2	695	827	159	288	5.19e-18	84.0
Bcin08p06680.1	MGG_13435	24.6	289	164	8	411	691	146	388	4.52e-14	71.6
Bcin06p05840.1	Afu7g05340-T	44.3	1214	626	18	30	1228	31	1209	0.0	951
Bcin12p01640.1	FGRAMPH1_01T01733	27.6	547	327	15	186	680	47	576	6.11e-43	163
Bcin12p01640.1	FGRAMPH1_01T01733	27.6	547	327	15	186	680	47	576	6.11e-43	163
Bcin09p06250.1	FGRAMPH1_01T10493	68.9	161	45	2	1	160	1	157	5.95e-74	214
Bcin06p01640.1	MGG_01230-t26_1	67.7	524	168	1	7	529	12	535	2.28e-257	709
Bcin05p00090.1	Afu6g08900-T	29.6	405	230	9	193	545	208	609	1.14e-42	160
Bcin05p00090.1	DEG20080014	28.6	423	229	10	193	545	208	627	1.38e-39	151
Bcin04p03140.1	UMAG_01643_t1	68.2	192	44	2	1	192	1	175	3.93e-89	257
Bcin04p03140.1	Bcin12g05760.1:RNA	49.1	232	97	2	1	232	1	211	2.32e-68	205
Bcin04p03140.1	MGG_06154	54.5	202	73	2	3	203	4	187	2.48e-68	205
Bcin04p03140.1	Afu6g13300-T	28.2	188	112	4	1	187	1	166	1.49e-17	73.9
Bcin04p03140.1	FGRAMPH1_01T00811	25.6	242	133	7	10	232	57	270	4.82e-14	65.1
Bcin03p02240.1	FGRAMPH1_01T24753	36.7	362	203	5	94	435	24	379	2.65e-68	223
Bcin03p02240.1	FGRAMPH1_01T24753	36.7	362	203	5	94	435	24	379	2.65e-68	223
Bcin03p02240.1	FGRAMPH1_01T10041	40.1	317	159	5	104	399	1	307	1.15e-65	210
Bcin03p02240.1	FGRAMPH1_01T17801	37.0	300	175	5	102	399	5	292	4.97e-63	203
Bcin03p02240.1	FGRAMPH1_01T17801	37.0	300	175	5	102	399	5	292	4.97e-63	203
Bcin03p02240.1	FGRAMPH1_01T12137	38.4	318	163	6	104	399	1	307	4.51e-62	200
Bcin03p02240.1	FGRAMPH1_01T24783	34.0	353	212	9	107	450	72	412	8.49e-51	173
Bcin03p02240.1	FGRAMPH1_01T24783	34.0	353	212	9	107	450	72	412	8.49e-51	173
Bcin03p02240.1	FGRAMPH1_01T18031	29.2	236	133	9	113	327	637	859	2.87e-20	89.4
Bcin03p02240.1	MGG_04100-t26_1	31.2	205	127	4	104	304	56	250	1.04e-18	84.7
Bcin03p02240.1	CPUR_04764_t1	26.8	213	140	3	107	307	551	759	1.47e-18	84.0
Bcin03p02240.1	UMAG_10145_t1	26.9	201	139	4	107	307	554	746	6.01e-18	82.0
Bcin03p02240.1	MGG_14847-t26_1	26.8	284	163	13	113	369	647	912	2.60e-17	80.1
Bcin03p02240.1	MGG_00883-t26_1	30.4	207	122	7	113	305	1244	1442	9.50e-17	78.6
Bcin03p02240.1	ZT3D1_G5024_t1	26.4	239	142	10	107	322	647	874	1.35e-15	74.7
Bcin03p02240.1	ZTRI_4.424.mRNA	26.4	239	142	10	107	322	647	874	1.35e-15	74.7
Bcin03p02240.1	UMAG_04258_t1	25.3	237	144	7	113	325	1096	1323	8.43e-15	72.4
Bcin03p02240.1	FGRAMPH1_01T02825	27.3	253	153	9	107	336	541	785	5.79e-12	63.2
Bcin03p02240.1	FGRAMPH1_01T02825	27.3	253	153	9	107	336	541	785	5.79e-12	63.2
Bcin07p04490.1	CPUR_03237_t1	32.8	473	235	11	242	713	221	611	5.97e-71	242
Bcin07p04490.1	UMAG_04456_t1	40.5	158	84	2	308	465	90	237	1.21e-28	114
Bcin07p04490.1	FGRAMPH1_01T24349	38.2	157	87	2	309	465	278	424	2.38e-28	116
Bcin07p04490.1	FGRAMPH1_01T10677	35.8	162	97	3	309	465	57	216	1.45e-27	111
Bcin07p04490.1	FGRAMPH1_01T18903	35.8	159	92	2	306	464	282	430	5.88e-25	105
Bcin07p04490.1	FGRAMPH1_01T18903	35.8	159	92	2	306	464	282	430	5.88e-25	105
Bcin07p04490.1	FGRAMPH1_01T26573	36.8	171	92	5	302	470	822	978	9.83e-23	99.8
Bcin07p04490.1	MGG_08689	32.5	206	117	6	302	505	853	1038	2.66e-21	95.1
Bcin07p04490.1	FGRAMPH1_01T14347	27.1	170	108	5	311	473	57	217	4.52e-11	61.2
Bcin07p04490.1	FGRAMPH1_01T14347	27.1	170	108	5	311	473	57	217	4.52e-11	61.2
Bcin07p04490.1	UMAG_11410_t1	25.4	193	108	6	307	465	92	282	1.64e-06	47.0
Bcin07p04490.1	FGRAMPH1_01T10683	48.8	43	19	1	426	465	114	156	3.76e-05	42.0
Bcin07p04490.1	FGRAMPH1_01T10683	48.8	43	19	1	426	465	114	156	3.76e-05	42.0
Bcin11p03750.1	Afu1g05830-T	33.1	517	270	11	461	917	1306	1806	1.04e-63	235
Bcin11p03750.2	Afu1g05830-T	33.1	517	270	11	451	907	1306	1806	1.02e-63	235
Bcin01p10840.1	FGRAMPH1_01T08435	27.8	485	304	15	55	519	50	508	2.26e-49	174
Bcin01p10940.1	FGRAMPH1_01T05093	35.3	510	298	9	25	530	26	507	3.55e-102	315
Bcin09p03210.1	Afu2g06060-T	50.2	454	183	12	4	453	3	417	1.09e-122	359
Bcin03p08050.1	GLRG_04203_t1	44.8	2188	1140	23	1	2136	5	2176	0.0	1772
Bcin15p03550.1	MGG_06120-t26_1	32.6	337	192	8	127	446	144	462	4.36e-37	142
Bcin15p03550.1	MGG_06120-t26_1	32.6	337	192	8	127	446	144	462	4.36e-37	142
Bcin13p02430.1	FGRAMPH1_01T19343	84.4	487	75	1	1	486	1	487	3.39e-302	819
Bcin03p06130.1	FGRAMPH1_01T24753	60.8	451	155	7	13	459	10	442	7.02e-188	535
Bcin03p06130.1	FGRAMPH1_01T24753	60.8	451	155	7	13	459	10	442	7.02e-188	535
Bcin03p06130.1	FGRAMPH1_01T17801	38.4	310	166	7	38	345	8	294	1.36e-59	197
Bcin03p06130.1	FGRAMPH1_01T17801	38.4	310	166	7	38	345	8	294	1.36e-59	197
Bcin03p06130.1	CPUR_03754_t1	31.9	339	209	8	40	374	23	343	1.34e-49	171
Bcin03p06130.1	FGRAMPH1_01T20181	31.2	337	214	7	40	374	23	343	1.34e-49	171
Bcin03p06130.1	ZTRI_6.302.mRNA	32.1	327	198	7	25	344	4	313	3.65e-49	170
Bcin03p06130.1	ZT3D1_G6735_t1	32.1	327	198	7	25	344	4	313	2.98e-48	170
Bcin03p06130.1	UMAG_03305_t1	31.8	308	190	6	40	344	21	311	1.23e-46	163
Bcin03p06130.1	ZTRI_10.412.mRNA	34.7	349	187	11	23	365	3	316	1.83e-46	162
Bcin03p06130.1	UMAG_02331_t1	31.5	330	199	8	38	359	189	499	3.51e-41	152
Bcin03p06130.1	UMAG_04258_t1	28.7	310	168	10	46	342	1096	1365	3.87e-28	115
Bcin03p06130.1	MGG_03696	27.0	319	193	10	37	344	32	321	8.61e-27	107
Bcin03p06130.1	FGRAMPH1_01T01705	26.2	317	196	9	37	343	29	317	2.85e-26	105
Bcin03p06130.1	FGRAMPH1_01T01705	26.2	317	196	9	37	343	29	317	2.85e-26	105
Bcin03p06130.1	MGG_04100-t26_1	32.0	225	123	7	37	257	56	254	1.21e-22	98.2
Bcin03p06130.1	FGRAMPH1_01T18031	28.8	240	145	5	46	276	637	859	1.11e-20	91.7
Bcin03p06130.1	ZT3D1_G5024_t1	27.5	280	165	10	11	277	623	877	3.19e-19	87.0
Bcin03p06130.1	ZTRI_4.424.mRNA	27.5	280	165	10	11	277	623	877	3.19e-19	87.0
Bcin03p06130.1	UMAG_10145_t1	24.8	310	176	10	40	346	554	809	6.85e-19	85.9
Bcin03p06130.1	MGG_14847-t26_1	24.8	306	179	7	46	342	647	910	1.68e-18	84.7
Bcin03p06130.1	MGG_00883-t26_1	27.9	219	132	6	46	256	1244	1444	6.24e-18	83.2
Bcin03p06130.1	UMAG_04456_t1	25.3	237	139	6	28	257	80	285	2.26e-16	76.6
Bcin03p06130.1	FGRAMPH1_01T24349	25.1	231	135	7	32	255	271	470	6.82e-15	72.8
Bcin03p06130.1	UMAG_06363_t1	25.5	290	144	10	27	271	2	264	7.12e-15	73.2
Bcin13p03870.1	MGG_05078-t26_1	34.7	170	81	4	985	1128	657	822	6.94e-16	78.2
Bcin13p03870.1	MGG_02074-t26_1	28.5	214	102	5	980	1155	622	822	3.09e-14	72.8
Bcin05p07430.1	DEG20080001	71.4	399	113	1	1	399	1	398	8.86e-204	562
Bcin09p02020.1	CPUR_03237_t1	34.5	417	235	8	268	666	252	648	1.68e-70	238
Bcin09p02020.1	UMAG_04456_t1	31.3	367	188	10	278	635	78	389	2.14e-51	179
Bcin09p02020.1	FGRAMPH1_01T18903	28.0	400	218	7	286	678	280	616	3.83e-46	169
Bcin09p02020.1	FGRAMPH1_01T18903	28.0	400	218	7	286	678	280	616	3.83e-46	169
Bcin09p02020.1	FGRAMPH1_01T10677	30.8	354	180	9	291	624	57	365	2.21e-43	156
Bcin09p02020.1	FGRAMPH1_01T20307	29.0	335	200	6	283	611	230	532	2.86e-36	141
Bcin09p02020.1	FGRAMPH1_01T20307	29.0	335	200	6	283	611	230	532	2.86e-36	141
Bcin09p02020.1	MGG_00803-t26_1	28.9	280	151	4	282	560	120	352	1.85e-26	110
Bcin09p02020.1	UMAG_10145_t1	25.6	301	171	7	295	594	557	805	5.26e-21	93.2
Bcin09p02020.1	CPUR_04764_t1	23.9	314	170	8	298	594	557	818	8.49e-20	89.4
Bcin09p02020.1	FGRAMPH1_01T17801	28.2	252	133	4	292	540	10	216	1.69e-19	85.5
Bcin09p02020.1	FGRAMPH1_01T17801	28.2	252	133	4	292	540	10	216	1.69e-19	85.5
Bcin09p02020.1	MGG_04100-t26_1	25.1	243	138	2	291	533	58	256	2.31e-18	85.1
Bcin09p02020.1	MGG_03696	27.4	248	122	8	291	533	34	228	1.43e-14	70.9
Bcin09p02020.1	FGRAMPH1_01T01705	27.0	248	123	8	291	533	31	225	1.44e-13	67.8
Bcin09p02020.1	FGRAMPH1_01T01705	27.0	248	123	8	291	533	31	225	1.44e-13	67.8
Bcin09p02020.1	FGRAMPH1_01T10041	27.2	279	131	11	291	543	3	235	5.43e-13	65.9
Bcin09p02020.1	MGG_12122-t26_1	26.5	279	139	12	298	562	41	267	6.27e-13	66.2
Bcin09p02020.1	FGRAMPH1_01T24535	26.5	279	139	12	298	562	41	267	1.47e-12	65.1
Bcin09p02020.1	FGRAMPH1_01T12137	27.4	281	128	12	291	543	3	235	2.17e-12	63.9
Bcin09p02020.1	UMAG_11410_t1	26.7	277	148	9	287	535	88	337	8.79e-11	60.5
Bcin09p02020.1	FGRAMPH1_01T18735	28.1	167	91	8	287	436	806	960	1.27e-04	40.4
Bcin09p02020.1	FGRAMPH1_01T18735	28.1	167	91	8	287	436	806	960	1.27e-04	40.4
Bcin03p04190.1	Afu6g05040-T	84.5	343	52	1	11	352	5	347	1.21e-213	583
Bcin12p00450.1	ZT3D1_G5024_t1	57.1	28	12	0	457	484	761	788	5.75e-04	38.1
Bcin12p00450.1	ZTRI_4.424.mRNA	57.1	28	12	0	457	484	761	788	5.75e-04	38.1
Bcin12p00450.1	FGRAMPH1_01T20307	51.6	31	14	1	452	481	341	371	7.38e-04	37.7
Bcin12p00450.1	FGRAMPH1_01T20307	51.6	31	14	1	452	481	341	371	7.38e-04	37.7
Bcin12p00450.1	FGRAMPH1_01T24753	43.8	32	18	0	457	488	153	184	8.77e-04	37.4
Bcin12p00450.1	FGRAMPH1_01T24753	43.8	32	18	0	457	488	153	184	8.77e-04	37.4
Bcin08p06410.1	GLRG_00461_t1	55.7	300	102	3	12	281	14	312	1.38e-109	317
Bcin06p04730.1	MGG_02252-t26_1	28.0	268	173	6	30	288	24	280	6.72e-27	102
Bcin06p05400.1	DEG20080001	47.0	394	201	5	43	431	8	398	7.09e-110	325
Bcin16p01640.1	Afu4g09740-T	76.9	567	111	2	1	547	1	567	1.89e-315	858
Bcin01p00390.1	MGG_01185	41.5	142	81	2	6	147	19	158	3.99e-34	120
Bcin01p00390.1	MGG_06241	41.6	125	70	3	4	128	9	130	1.32e-25	98.6
Bcin01p00390.1	MGG_08144-t26_1	36.2	141	80	4	8	144	10	144	1.65e-23	92.0
Bcin03p01130.1	MGG_01230-t26_1	36.0	536	324	7	19	550	5	525	7.09e-105	321
Bcin03p01130.1	MGG_09456	39.1	468	275	7	94	555	28	491	5.66e-104	318
Bcin16p01480.1	FGRAMPH1_01T08935	26.3	445	286	11	25	449	34	456	1.53e-37	139
Bcin16p01480.1	MGG_07982	23.8	442	306	10	29	449	39	470	3.26e-32	124
Bcin16p01480.1	MGG_07626	22.7	444	296	12	36	447	40	468	3.38e-11	60.5
Bcin01p00520.1	MGG_12814-t26_1	53.2	62	26	1	91	152	156	214	1.64e-08	50.4
Bcin01p09100.1	MGG_03860-t26_1	37.7	456	259	7	185	632	41	479	3.43e-99	316
Bcin13p04690.1	MGG_11882-t26_1	33.1	136	72	3	1295	1429	1870	1987	4.62e-13	69.7
Bcin13p04690.1	MGG_07312-t26_1	28.6	140	78	3	1295	1433	1001	1119	7.87e-08	52.4
Bcin13p04690.1	MGG_01227-t26_1	23.2	181	95	3	1295	1438	1190	1363	4.09e-07	50.1
Bcin11p06480.1	FGRAMPH1_01T18903	41.7	360	198	7	128	486	255	603	7.57e-81	259
Bcin11p06480.1	FGRAMPH1_01T18903	41.7	360	198	7	128	486	255	603	7.57e-81	259
Bcin11p06480.1	UMAG_04456_t1	40.3	318	177	8	146	457	80	390	6.03e-67	217
Bcin11p06480.1	FGRAMPH1_01T24349	41.3	288	161	6	152	438	273	553	3.08e-65	217
Bcin11p06480.1	FGRAMPH1_01T10677	39.9	316	171	6	151	449	51	364	1.86e-64	210
Bcin11p06480.1	CPUR_03237_t1	33.2	371	182	13	125	441	241	599	9.30e-48	171
Bcin11p06480.1	FGRAMPH1_01T20307	32.1	312	185	4	152	444	233	536	9.02e-46	166
Bcin11p06480.1	FGRAMPH1_01T20307	32.1	312	185	4	152	444	233	536	9.02e-46	166
Bcin11p06480.1	MGG_01196-t26_1	30.5	279	151	6	164	401	314	590	5.11e-29	117
Bcin11p06480.1	MGG_00883-t26_1	32.7	205	128	5	164	359	1244	1447	1.30e-24	103
Bcin11p06480.1	UMAG_04258_t1	28.4	264	164	6	164	404	1096	1357	7.26e-24	101
Bcin11p06480.1	ZTRI_10.412.mRNA	31.1	209	133	8	158	364	20	219	5.99e-20	86.7
Bcin11p06480.1	MGG_03696	26.2	214	141	9	156	364	33	234	9.01e-12	61.6
Bcin14p04380.1	MGG_03198-t26_1	35.0	729	319	20	3	628	2	678	4.08e-121	370
Bcin14p01870.2	MGG_07312-t26_1	53.0	1172	490	21	1	1142	1	1141	0.0	1023
Bcin14p01870.2	MGG_01227-t26_1	26.9	361	201	8	822	1124	1011	1366	1.44e-20	93.6
Bcin14p01870.2	MGG_11882-t26_1	33.6	134	78	4	996	1122	1864	1993	1.19e-12	67.8
Bcin14p01870.1	MGG_07312-t26_1	53.0	1171	488	21	1	1139	1	1141	0.0	1023
Bcin14p01870.1	MGG_01227-t26_1	26.9	361	201	8	819	1121	1011	1366	1.44e-20	93.6
Bcin14p01870.1	MGG_11882-t26_1	33.6	134	78	4	993	1119	1864	1993	1.19e-12	67.8
Bcin16p04670.1	DEG20080021	54.3	650	254	6	39	679	47	662	1.68e-198	577
Bcin16p04670.1	Afu4g06250-T	54.3	650	254	6	39	679	47	662	1.68e-198	577
Bcin16p00490.1	FGRAMPH1_01T10041	83.3	311	49	1	1	311	1	308	3.18e-199	545
Bcin16p00490.1	FGRAMPH1_01T12137	76.6	312	70	1	1	312	1	309	2.43e-185	509
Bcin16p00490.1	FGRAMPH1_01T17801	50.0	310	131	6	3	312	9	294	4.47e-103	301
Bcin16p00490.1	FGRAMPH1_01T17801	50.0	310	131	6	3	312	9	294	4.47e-103	301
Bcin16p00490.1	FGRAMPH1_01T24783	38.2	309	169	4	4	310	72	360	1.50e-68	216
Bcin16p00490.1	FGRAMPH1_01T24783	38.2	309	169	4	4	310	72	360	1.50e-68	216
Bcin16p00490.1	FGRAMPH1_01T24753	36.7	338	156	9	1	311	34	340	1.37e-56	187
Bcin16p00490.1	FGRAMPH1_01T24753	36.7	338	156	9	1	311	34	340	1.37e-56	187
Bcin16p00490.1	ZTRI_10.412.mRNA	35.6	306	170	4	4	309	20	298	1.63e-55	180
Bcin16p00490.1	UMAG_03305_t1	33.3	318	179	6	2	311	19	311	5.32e-52	171
Bcin16p00490.1	CPUR_03754_t1	33.0	318	179	7	2	311	21	312	8.84e-50	165
Bcin16p00490.1	ZTRI_6.302.mRNA	32.7	318	180	7	2	311	22	313	2.50e-49	164
Bcin16p00490.1	FGRAMPH1_01T20181	32.7	318	180	7	2	311	21	312	4.81e-49	163
Bcin16p00490.1	ZT3D1_G6735_t1	32.7	318	180	7	2	311	22	313	1.90e-48	164
Bcin16p00490.1	FGRAMPH1_01T24535	30.7	323	173	9	4	312	35	320	6.58e-47	159
Bcin16p00490.1	MGG_12122-t26_1	30.0	323	175	9	4	312	35	320	1.89e-45	155
Bcin16p00490.1	UMAG_02331_t1	31.9	317	180	7	4	309	191	482	2.81e-44	154
Bcin16p00490.1	MGG_03696	28.3	321	189	10	1	311	32	321	4.57e-36	129
Bcin16p00490.1	FGRAMPH1_01T01705	28.0	318	192	10	1	310	29	317	1.23e-34	125
Bcin16p00490.1	FGRAMPH1_01T01705	28.0	318	192	10	1	310	29	317	1.23e-34	125
Bcin16p00490.1	UMAG_06363_t1	30.5	249	148	8	9	236	20	264	1.69e-21	90.9
Bcin16p00490.1	MGG_00803-t26_1	30.3	231	124	9	4	227	130	330	2.10e-21	90.5
Bcin16p00490.1	MGG_06393-t26_1	28.5	260	149	8	9	236	24	278	5.50e-21	89.4
Bcin16p00490.1	FGRAMPH1_01T23607	25.9	305	163	11	10	309	127	373	2.45e-20	86.3
Bcin16p00490.1	ZT3D1_G514_t1	29.0	231	134	8	2	229	64	267	1.16e-19	84.7
Bcin15p01690.2	MGG_02252-t26_1	35.2	71	41	2	24	89	26	96	2.66e-06	40.0
Bcin15p01690.1	MGG_02252-t26_1	25.5	267	172	9	24	280	26	275	5.32e-12	60.5
Bcin07p00720.1	Bcin07g00720.1:RNA	100	952	0	0	1	952	1	952	0.0	1830
Bcin07p00720.1	MGG_06393-t26_1	51.9	994	393	22	12	944	5	974	1.36e-292	833
Bcin07p00720.1	UMAG_06363_t1	31.5	1050	449	37	10	893	2	947	1.90e-105	346
Bcin07p00720.1	MGG_14847-t26_1	27.5	273	128	5	29	283	647	867	1.68e-27	115
Bcin07p00720.1	FGRAMPH1_01T18031	27.8	273	127	6	29	283	637	857	2.88e-27	114
Bcin07p00720.1	MGG_00803-t26_1	26.7	318	172	8	20	334	127	386	2.96e-26	110
Bcin07p00720.1	UMAG_04456_t1	26.8	291	152	9	23	310	92	324	2.26e-25	105
Bcin07p00720.1	FGRAMPH1_01T23607	24.9	313	172	10	20	327	118	372	1.10e-24	102
Bcin07p00720.1	FGRAMPH1_01T17801	25.8	333	167	10	22	326	9	289	3.17e-24	100
Bcin07p00720.1	FGRAMPH1_01T17801	25.8	333	167	10	22	326	9	289	3.17e-24	100
Bcin07p00720.1	UMAG_04258_t1	27.5	280	126	7	29	283	1096	1323	6.77e-24	103
Bcin07p00720.1	FGRAMPH1_01T24349	24.3	296	164	8	17	310	273	510	5.33e-23	99.8
Bcin07p00720.1	FGRAMPH1_01T12137	27.2	287	154	11	27	298	8	254	1.53e-21	92.0
Bcin07p00720.1	FGRAMPH1_01T18903	23.6	322	185	7	11	327	274	539	1.73e-21	95.1
Bcin07p00720.1	FGRAMPH1_01T18903	23.6	322	185	7	11	327	274	539	1.73e-21	95.1
Bcin07p00720.1	FGRAMPH1_01T20307	25.0	316	197	8	14	326	230	508	1.65e-20	92.4
Bcin07p00720.1	FGRAMPH1_01T20307	25.0	316	197	8	14	326	230	508	1.65e-20	92.4
Bcin07p00720.1	FGRAMPH1_01T10041	28.5	263	148	10	27	283	8	236	8.25e-20	87.0
Bcin07p00720.1	CPUR_03754_t1	26.3	312	163	10	23	322	23	279	2.19e-19	86.3
Bcin07p00720.1	FGRAMPH1_01T10677	26.1	238	115	6	79	309	126	309	5.78e-19	85.5
Bcin07p00720.1	FGRAMPH1_01T20181	27.0	319	160	11	22	322	16	279	9.47e-19	84.3
Bcin07p00720.1	ZTRI_6.302.mRNA	26.3	319	162	11	22	322	17	280	5.54e-18	82.0
Bcin07p00720.1	ZT3D1_G6735_t1	26.3	319	162	11	22	322	17	280	1.18e-17	82.0
Bcin07p00720.1	CPUR_03237_t1	22.2	302	190	4	29	310	282	558	3.90e-17	81.3
Bcin07p00720.1	MGG_08689	22.4	340	183	8	16	340	850	1123	3.88e-16	78.6
Bcin08p03970.1	MGG_12828-t26_1	49.6	478	217	8	18	483	36	501	7.97e-156	456
Bcin13p05090.1	FGRAMPH1_01T26211	43.6	390	130	3	19	408	29	328	1.16e-113	331
Bcin13p05090.1	FGRAMPH1_01T26211	43.6	390	130	3	19	408	29	328	1.16e-113	331
Bcin13p05090.1	Afu1g04950-T	32.0	387	164	6	14	399	20	308	1.88e-67	213
Bcin13p05090.1	FGRAMPH1_01T24303	32.0	384	162	6	14	396	21	306	3.83e-67	212
Bcin13p05090.1	FGRAMPH1_01T24303	32.0	384	162	6	14	396	21	306	3.83e-67	212
Bcin13p05090.1	FGRAMPH1_01T19491	30.4	352	140	7	35	373	104	363	3.30e-48	168
Bcin13p05090.1	FGRAMPH1_01T19491	30.4	352	140	7	35	373	104	363	3.30e-48	168
Bcin13p03310.1	MGG_05650	33.6	220	104	6	11	195	38	250	1.05e-22	93.2
Bcin16p00730.2	FGRAMPH1_01T18903	36.8	302	182	4	14	309	280	578	3.84e-56	195
Bcin16p00730.2	FGRAMPH1_01T18903	36.8	302	182	4	14	309	280	578	3.84e-56	195
Bcin16p00730.2	MGG_08689	35.1	302	183	5	15	306	852	1150	4.59e-53	190
Bcin16p00730.2	FGRAMPH1_01T26573	33.8	302	187	5	15	306	821	1119	1.48e-52	189
Bcin16p00730.2	FGRAMPH1_01T24349	35.4	285	173	6	16	295	275	553	9.56e-49	174
Bcin16p00730.2	UMAG_04456_t1	33.1	287	180	6	16	296	88	368	1.53e-46	164
Bcin16p00730.2	CPUR_03237_t1	30.4	339	178	8	19	306	275	606	6.23e-44	161
Bcin16p00730.2	FGRAMPH1_01T10677	34.0	315	183	9	4	295	42	354	1.86e-42	152
Bcin16p00730.2	FGRAMPH1_01T23607	33.9	251	156	6	17	262	118	363	2.34e-34	129
Bcin16p00730.2	FGRAMPH1_01T20307	27.8	255	162	3	4	236	223	477	9.44e-30	119
Bcin16p00730.2	FGRAMPH1_01T20307	27.8	255	162	3	4	236	223	477	9.44e-30	119
Bcin16p00730.2	MGG_00803-t26_1	29.9	231	156	5	2	230	115	341	2.85e-27	112
Bcin16p00730.2	ZTRI_10.412.mRNA	31.1	209	138	5	23	229	23	227	1.61e-21	91.7
Bcin16p00730.2	MGG_01196-t26_1	26.7	243	141	5	12	217	300	542	2.04e-20	90.9
Bcin16p00730.2	FGRAMPH1_01T12137	29.9	234	130	8	17	221	1	229	2.55e-20	87.4
Bcin16p00730.2	UMAG_04258_t1	28.8	229	138	5	25	228	1095	1323	5.12e-20	89.7
Bcin16p00730.2	MGG_00883-t26_1	27.7	206	136	4	24	216	1242	1447	3.57e-19	87.0
Bcin16p00730.2	ZT3D1_G514_t1	29.5	271	167	11	9	261	55	319	6.89e-19	84.7
Bcin16p00730.2	ZTRI_1.496.mRNA	29.5	271	167	11	9	261	55	319	6.89e-19	84.7
Bcin16p00730.2	FGRAMPH1_01T10041	28.3	233	135	8	17	221	1	229	1.81e-18	82.0
Bcin16p00730.2	MGG_06393-t26_1	24.8	270	146	4	16	231	15	281	2.12e-18	84.3
Bcin16p00730.2	FGRAMPH1_01T24783	29.4	204	133	7	26	220	78	279	3.97e-18	82.0
Bcin16p00730.2	FGRAMPH1_01T24783	29.4	204	133	7	26	220	78	279	3.97e-18	82.0
Bcin16p00730.2	FGRAMPH1_01T20181	28.0	211	135	6	20	218	23	228	3.47e-17	78.6
Bcin16p00730.2	CPUR_03754_t1	27.8	212	136	6	19	218	22	228	4.64e-17	78.2
Bcin16p00730.7	FGRAMPH1_01T26573	33.8	237	147	4	7	236	886	1119	1.04e-40	152
Bcin16p00730.7	MGG_08689	35.0	237	144	4	7	236	917	1150	1.42e-40	151
Bcin16p00730.7	FGRAMPH1_01T18903	35.5	245	149	4	1	239	337	578	1.75e-40	149
Bcin16p00730.7	FGRAMPH1_01T18903	35.5	245	149	4	1	239	337	578	1.75e-40	149
Bcin16p00730.7	FGRAMPH1_01T10677	35.9	231	134	7	7	225	126	354	7.37e-34	127
Bcin16p00730.7	CPUR_03237_t1	30.3	287	142	8	1	236	327	606	1.76e-31	123
Bcin16p00730.7	FGRAMPH1_01T23607	34.7	193	116	6	5	192	176	363	7.07e-25	101
Bcin16p00730.7	FGRAMPH1_01T20307	31.5	181	103	2	7	166	297	477	1.13e-23	100
Bcin16p00730.7	FGRAMPH1_01T20307	31.5	181	103	2	7	166	297	477	1.13e-23	100
Bcin16p00730.7	MGG_00803-t26_1	31.7	161	107	3	2	160	182	341	7.63e-20	88.2
Bcin16p00730.7	FGRAMPH1_01T12137	38.5	109	65	2	45	151	121	229	1.87e-17	78.6
Bcin16p00730.7	ZTRI_10.412.mRNA	29.2	161	109	4	1	159	70	227	4.94e-17	77.8
Bcin16p00730.7	UMAG_04258_t1	29.4	177	106	3	1	158	1147	1323	6.43e-17	79.3
Bcin16p00730.7	FGRAMPH1_01T24783	31.4	156	99	5	2	150	125	279	1.71e-16	76.6
Bcin16p00730.7	FGRAMPH1_01T24783	31.4	156	99	5	2	150	125	279	1.71e-16	76.6
Bcin16p00730.7	FGRAMPH1_01T10041	34.5	116	74	2	38	151	114	229	2.16e-16	75.5
Bcin16p00730.7	MGG_00883-t26_1	29.1	151	101	3	2	146	1297	1447	4.52e-16	76.6
Bcin16p00730.7	FGRAMPH1_01T01705	32.4	139	89	4	25	160	104	240	1.10e-14	70.5
Bcin16p00730.7	FGRAMPH1_01T01705	32.4	139	89	4	25	160	104	240	1.10e-14	70.5
Bcin16p00730.7	MGG_03696	31.9	141	87	5	25	160	107	243	1.11e-14	70.5
Bcin16p00730.7	ZT3D1_G514_t1	34.2	146	80	5	60	191	176	319	1.97e-14	70.5
Bcin16p00730.7	ZTRI_1.496.mRNA	34.2	146	80	5	60	191	176	319	1.97e-14	70.5
Bcin16p00730.7	UMAG_06363_t1	23.8	202	112	2	1	160	65	266	2.60e-14	70.9
Bcin16p00730.7	MGG_06393-t26_1	24.4	213	109	2	1	161	69	281	4.53e-14	70.1
Bcin16p00730.7	MGG_00800-t26_1	39.4	99	57	3	54	151	166	262	2.21e-13	67.0
Bcin16p00730.3	FGRAMPH1_01T26573	33.8	237	147	4	7	236	886	1119	1.04e-40	152
Bcin16p00730.3	MGG_08689	35.0	237	144	4	7	236	917	1150	1.42e-40	151
Bcin16p00730.3	FGRAMPH1_01T18903	35.5	245	149	4	1	239	337	578	1.75e-40	149
Bcin16p00730.3	FGRAMPH1_01T18903	35.5	245	149	4	1	239	337	578	1.75e-40	149
Bcin16p00730.3	FGRAMPH1_01T10677	35.9	231	134	7	7	225	126	354	7.37e-34	127
Bcin16p00730.3	CPUR_03237_t1	30.3	287	142	8	1	236	327	606	1.76e-31	123
Bcin16p00730.3	FGRAMPH1_01T23607	34.7	193	116	6	5	192	176	363	7.07e-25	101
Bcin16p00730.3	FGRAMPH1_01T20307	31.5	181	103	2	7	166	297	477	1.13e-23	100
Bcin16p00730.3	FGRAMPH1_01T20307	31.5	181	103	2	7	166	297	477	1.13e-23	100
Bcin16p00730.3	MGG_00803-t26_1	31.7	161	107	3	2	160	182	341	7.63e-20	88.2
Bcin16p00730.3	FGRAMPH1_01T12137	38.5	109	65	2	45	151	121	229	1.87e-17	78.6
Bcin16p00730.3	ZTRI_10.412.mRNA	29.2	161	109	4	1	159	70	227	4.94e-17	77.8
Bcin16p00730.3	UMAG_04258_t1	29.4	177	106	3	1	158	1147	1323	6.43e-17	79.3
Bcin16p00730.3	FGRAMPH1_01T24783	31.4	156	99	5	2	150	125	279	1.71e-16	76.6
Bcin16p00730.3	FGRAMPH1_01T24783	31.4	156	99	5	2	150	125	279	1.71e-16	76.6
Bcin16p00730.3	FGRAMPH1_01T10041	34.5	116	74	2	38	151	114	229	2.16e-16	75.5
Bcin16p00730.3	MGG_00883-t26_1	29.1	151	101	3	2	146	1297	1447	4.52e-16	76.6
Bcin16p00730.3	FGRAMPH1_01T01705	32.4	139	89	4	25	160	104	240	1.10e-14	70.5
Bcin16p00730.3	FGRAMPH1_01T01705	32.4	139	89	4	25	160	104	240	1.10e-14	70.5
Bcin16p00730.3	MGG_03696	31.9	141	87	5	25	160	107	243	1.11e-14	70.5
Bcin16p00730.3	ZT3D1_G514_t1	34.2	146	80	5	60	191	176	319	1.97e-14	70.5
Bcin16p00730.3	ZTRI_1.496.mRNA	34.2	146	80	5	60	191	176	319	1.97e-14	70.5
Bcin16p00730.3	UMAG_06363_t1	23.8	202	112	2	1	160	65	266	2.60e-14	70.9
Bcin16p00730.3	MGG_06393-t26_1	24.4	213	109	2	1	161	69	281	4.53e-14	70.1
Bcin16p00730.3	MGG_00800-t26_1	39.4	99	57	3	54	151	166	262	2.21e-13	67.0
Bcin16p00730.6	FGRAMPH1_01T26573	33.8	237	147	4	7	236	886	1119	1.04e-40	152
Bcin16p00730.6	MGG_08689	35.0	237	144	4	7	236	917	1150	1.42e-40	151
Bcin16p00730.6	FGRAMPH1_01T18903	35.5	245	149	4	1	239	337	578	1.75e-40	149
Bcin16p00730.6	FGRAMPH1_01T18903	35.5	245	149	4	1	239	337	578	1.75e-40	149
Bcin16p00730.6	FGRAMPH1_01T10677	35.9	231	134	7	7	225	126	354	7.37e-34	127
Bcin16p00730.6	CPUR_03237_t1	30.3	287	142	8	1	236	327	606	1.76e-31	123
Bcin16p00730.6	FGRAMPH1_01T23607	34.7	193	116	6	5	192	176	363	7.07e-25	101
Bcin16p00730.6	FGRAMPH1_01T20307	31.5	181	103	2	7	166	297	477	1.13e-23	100
Bcin16p00730.6	FGRAMPH1_01T20307	31.5	181	103	2	7	166	297	477	1.13e-23	100
Bcin16p00730.6	MGG_00803-t26_1	31.7	161	107	3	2	160	182	341	7.63e-20	88.2
Bcin16p00730.6	FGRAMPH1_01T12137	38.5	109	65	2	45	151	121	229	1.87e-17	78.6
Bcin16p00730.6	ZTRI_10.412.mRNA	29.2	161	109	4	1	159	70	227	4.94e-17	77.8
Bcin16p00730.6	UMAG_04258_t1	29.4	177	106	3	1	158	1147	1323	6.43e-17	79.3
Bcin16p00730.6	FGRAMPH1_01T24783	31.4	156	99	5	2	150	125	279	1.71e-16	76.6
Bcin16p00730.6	FGRAMPH1_01T24783	31.4	156	99	5	2	150	125	279	1.71e-16	76.6
Bcin16p00730.6	FGRAMPH1_01T10041	34.5	116	74	2	38	151	114	229	2.16e-16	75.5
Bcin16p00730.6	MGG_00883-t26_1	29.1	151	101	3	2	146	1297	1447	4.52e-16	76.6
Bcin16p00730.6	FGRAMPH1_01T01705	32.4	139	89	4	25	160	104	240	1.10e-14	70.5
Bcin16p00730.6	FGRAMPH1_01T01705	32.4	139	89	4	25	160	104	240	1.10e-14	70.5
Bcin16p00730.6	MGG_03696	31.9	141	87	5	25	160	107	243	1.11e-14	70.5
Bcin16p00730.6	ZT3D1_G514_t1	34.2	146	80	5	60	191	176	319	1.97e-14	70.5
Bcin16p00730.6	ZTRI_1.496.mRNA	34.2	146	80	5	60	191	176	319	1.97e-14	70.5
Bcin16p00730.6	UMAG_06363_t1	23.8	202	112	2	1	160	65	266	2.60e-14	70.9
Bcin16p00730.6	MGG_06393-t26_1	24.4	213	109	2	1	161	69	281	4.53e-14	70.1
Bcin16p00730.6	MGG_00800-t26_1	39.4	99	57	3	54	151	166	262	2.21e-13	67.0
Bcin16p00730.4	FGRAMPH1_01T26573	33.8	237	147	4	7	236	886	1119	1.04e-40	152
Bcin16p00730.4	MGG_08689	35.0	237	144	4	7	236	917	1150	1.42e-40	151
Bcin16p00730.4	FGRAMPH1_01T18903	35.5	245	149	4	1	239	337	578	1.75e-40	149
Bcin16p00730.4	FGRAMPH1_01T18903	35.5	245	149	4	1	239	337	578	1.75e-40	149
Bcin16p00730.4	FGRAMPH1_01T10677	35.9	231	134	7	7	225	126	354	7.37e-34	127
Bcin16p00730.4	CPUR_03237_t1	30.3	287	142	8	1	236	327	606	1.76e-31	123
Bcin16p00730.4	FGRAMPH1_01T23607	34.7	193	116	6	5	192	176	363	7.07e-25	101
Bcin16p00730.4	FGRAMPH1_01T20307	31.5	181	103	2	7	166	297	477	1.13e-23	100
Bcin16p00730.4	FGRAMPH1_01T20307	31.5	181	103	2	7	166	297	477	1.13e-23	100
Bcin16p00730.4	MGG_00803-t26_1	31.7	161	107	3	2	160	182	341	7.63e-20	88.2
Bcin16p00730.4	FGRAMPH1_01T12137	38.5	109	65	2	45	151	121	229	1.87e-17	78.6
Bcin16p00730.4	ZTRI_10.412.mRNA	29.2	161	109	4	1	159	70	227	4.94e-17	77.8
Bcin16p00730.4	UMAG_04258_t1	29.4	177	106	3	1	158	1147	1323	6.43e-17	79.3
Bcin16p00730.4	FGRAMPH1_01T24783	31.4	156	99	5	2	150	125	279	1.71e-16	76.6
Bcin16p00730.4	FGRAMPH1_01T24783	31.4	156	99	5	2	150	125	279	1.71e-16	76.6
Bcin16p00730.4	FGRAMPH1_01T10041	34.5	116	74	2	38	151	114	229	2.16e-16	75.5
Bcin16p00730.4	MGG_00883-t26_1	29.1	151	101	3	2	146	1297	1447	4.52e-16	76.6
Bcin16p00730.4	FGRAMPH1_01T01705	32.4	139	89	4	25	160	104	240	1.10e-14	70.5
Bcin16p00730.4	FGRAMPH1_01T01705	32.4	139	89	4	25	160	104	240	1.10e-14	70.5
Bcin16p00730.4	MGG_03696	31.9	141	87	5	25	160	107	243	1.11e-14	70.5
Bcin16p00730.4	ZT3D1_G514_t1	34.2	146	80	5	60	191	176	319	1.97e-14	70.5
Bcin16p00730.4	ZTRI_1.496.mRNA	34.2	146	80	5	60	191	176	319	1.97e-14	70.5
Bcin16p00730.4	UMAG_06363_t1	23.8	202	112	2	1	160	65	266	2.60e-14	70.9
Bcin16p00730.4	MGG_06393-t26_1	24.4	213	109	2	1	161	69	281	4.53e-14	70.1
Bcin16p00730.4	MGG_00800-t26_1	39.4	99	57	3	54	151	166	262	2.21e-13	67.0
Bcin16p00730.8	FGRAMPH1_01T26573	33.8	237	147	4	7	236	886	1119	1.04e-40	152
Bcin16p00730.8	MGG_08689	35.0	237	144	4	7	236	917	1150	1.42e-40	151
Bcin16p00730.8	FGRAMPH1_01T18903	35.5	245	149	4	1	239	337	578	1.75e-40	149
Bcin16p00730.8	FGRAMPH1_01T18903	35.5	245	149	4	1	239	337	578	1.75e-40	149
Bcin16p00730.8	FGRAMPH1_01T10677	35.9	231	134	7	7	225	126	354	7.37e-34	127
Bcin16p00730.8	CPUR_03237_t1	30.3	287	142	8	1	236	327	606	1.76e-31	123
Bcin16p00730.8	FGRAMPH1_01T23607	34.7	193	116	6	5	192	176	363	7.07e-25	101
Bcin16p00730.8	FGRAMPH1_01T20307	31.5	181	103	2	7	166	297	477	1.13e-23	100
Bcin16p00730.8	FGRAMPH1_01T20307	31.5	181	103	2	7	166	297	477	1.13e-23	100
Bcin16p00730.8	MGG_00803-t26_1	31.7	161	107	3	2	160	182	341	7.63e-20	88.2
Bcin16p00730.8	FGRAMPH1_01T12137	38.5	109	65	2	45	151	121	229	1.87e-17	78.6
Bcin16p00730.8	ZTRI_10.412.mRNA	29.2	161	109	4	1	159	70	227	4.94e-17	77.8
Bcin16p00730.8	UMAG_04258_t1	29.4	177	106	3	1	158	1147	1323	6.43e-17	79.3
Bcin16p00730.8	FGRAMPH1_01T24783	31.4	156	99	5	2	150	125	279	1.71e-16	76.6
Bcin16p00730.8	FGRAMPH1_01T24783	31.4	156	99	5	2	150	125	279	1.71e-16	76.6
Bcin16p00730.8	FGRAMPH1_01T10041	34.5	116	74	2	38	151	114	229	2.16e-16	75.5
Bcin16p00730.8	MGG_00883-t26_1	29.1	151	101	3	2	146	1297	1447	4.52e-16	76.6
Bcin16p00730.8	FGRAMPH1_01T01705	32.4	139	89	4	25	160	104	240	1.10e-14	70.5
Bcin16p00730.8	FGRAMPH1_01T01705	32.4	139	89	4	25	160	104	240	1.10e-14	70.5
Bcin16p00730.8	MGG_03696	31.9	141	87	5	25	160	107	243	1.11e-14	70.5
Bcin16p00730.8	ZT3D1_G514_t1	34.2	146	80	5	60	191	176	319	1.97e-14	70.5
Bcin16p00730.8	ZTRI_1.496.mRNA	34.2	146	80	5	60	191	176	319	1.97e-14	70.5
Bcin16p00730.8	UMAG_06363_t1	23.8	202	112	2	1	160	65	266	2.60e-14	70.9
Bcin16p00730.8	MGG_06393-t26_1	24.4	213	109	2	1	161	69	281	4.53e-14	70.1
Bcin16p00730.8	MGG_00800-t26_1	39.4	99	57	3	54	151	166	262	2.21e-13	67.0
Bcin16p00730.1	FGRAMPH1_01T18903	36.8	302	182	4	14	309	280	578	3.84e-56	195
Bcin16p00730.1	FGRAMPH1_01T18903	36.8	302	182	4	14	309	280	578	3.84e-56	195
Bcin16p00730.1	MGG_08689	35.1	302	183	5	15	306	852	1150	4.59e-53	190
Bcin16p00730.1	FGRAMPH1_01T26573	33.8	302	187	5	15	306	821	1119	1.48e-52	189
Bcin16p00730.1	FGRAMPH1_01T24349	35.4	285	173	6	16	295	275	553	9.56e-49	174
Bcin16p00730.1	UMAG_04456_t1	33.1	287	180	6	16	296	88	368	1.53e-46	164
Bcin16p00730.1	CPUR_03237_t1	30.4	339	178	8	19	306	275	606	6.23e-44	161
Bcin16p00730.1	FGRAMPH1_01T10677	34.0	315	183	9	4	295	42	354	1.86e-42	152
Bcin16p00730.1	FGRAMPH1_01T23607	33.9	251	156	6	17	262	118	363	2.34e-34	129
Bcin16p00730.1	FGRAMPH1_01T20307	27.8	255	162	3	4	236	223	477	9.44e-30	119
Bcin16p00730.1	FGRAMPH1_01T20307	27.8	255	162	3	4	236	223	477	9.44e-30	119
Bcin16p00730.1	MGG_00803-t26_1	29.9	231	156	5	2	230	115	341	2.85e-27	112
Bcin16p00730.1	ZTRI_10.412.mRNA	31.1	209	138	5	23	229	23	227	1.61e-21	91.7
Bcin16p00730.1	MGG_01196-t26_1	26.7	243	141	5	12	217	300	542	2.04e-20	90.9
Bcin16p00730.1	FGRAMPH1_01T12137	29.9	234	130	8	17	221	1	229	2.55e-20	87.4
Bcin16p00730.1	UMAG_04258_t1	28.8	229	138	5	25	228	1095	1323	5.12e-20	89.7
Bcin16p00730.1	MGG_00883-t26_1	27.7	206	136	4	24	216	1242	1447	3.57e-19	87.0
Bcin16p00730.1	ZT3D1_G514_t1	29.5	271	167	11	9	261	55	319	6.89e-19	84.7
Bcin16p00730.1	ZTRI_1.496.mRNA	29.5	271	167	11	9	261	55	319	6.89e-19	84.7
Bcin16p00730.1	FGRAMPH1_01T10041	28.3	233	135	8	17	221	1	229	1.81e-18	82.0
Bcin16p00730.1	MGG_06393-t26_1	24.8	270	146	4	16	231	15	281	2.12e-18	84.3
Bcin16p00730.1	FGRAMPH1_01T24783	29.4	204	133	7	26	220	78	279	3.97e-18	82.0
Bcin16p00730.1	FGRAMPH1_01T24783	29.4	204	133	7	26	220	78	279	3.97e-18	82.0
Bcin16p00730.1	FGRAMPH1_01T20181	28.0	211	135	6	20	218	23	228	3.47e-17	78.6
Bcin16p00730.1	CPUR_03754_t1	27.8	212	136	6	19	218	22	228	4.64e-17	78.2
Bcin16p00730.5	FGRAMPH1_01T26573	33.8	237	147	4	7	236	886	1119	1.04e-40	152
Bcin16p00730.5	MGG_08689	35.0	237	144	4	7	236	917	1150	1.42e-40	151
Bcin16p00730.5	FGRAMPH1_01T18903	35.5	245	149	4	1	239	337	578	1.75e-40	149
Bcin16p00730.5	FGRAMPH1_01T18903	35.5	245	149	4	1	239	337	578	1.75e-40	149
Bcin16p00730.5	FGRAMPH1_01T10677	35.9	231	134	7	7	225	126	354	7.37e-34	127
Bcin16p00730.5	CPUR_03237_t1	30.3	287	142	8	1	236	327	606	1.76e-31	123
Bcin16p00730.5	FGRAMPH1_01T23607	34.7	193	116	6	5	192	176	363	7.07e-25	101
Bcin16p00730.5	FGRAMPH1_01T20307	31.5	181	103	2	7	166	297	477	1.13e-23	100
Bcin16p00730.5	FGRAMPH1_01T20307	31.5	181	103	2	7	166	297	477	1.13e-23	100
Bcin16p00730.5	MGG_00803-t26_1	31.7	161	107	3	2	160	182	341	7.63e-20	88.2
Bcin16p00730.5	FGRAMPH1_01T12137	38.5	109	65	2	45	151	121	229	1.87e-17	78.6
Bcin16p00730.5	ZTRI_10.412.mRNA	29.2	161	109	4	1	159	70	227	4.94e-17	77.8
Bcin16p00730.5	UMAG_04258_t1	29.4	177	106	3	1	158	1147	1323	6.43e-17	79.3
Bcin16p00730.5	FGRAMPH1_01T24783	31.4	156	99	5	2	150	125	279	1.71e-16	76.6
Bcin16p00730.5	FGRAMPH1_01T24783	31.4	156	99	5	2	150	125	279	1.71e-16	76.6
Bcin16p00730.5	FGRAMPH1_01T10041	34.5	116	74	2	38	151	114	229	2.16e-16	75.5
Bcin16p00730.5	MGG_00883-t26_1	29.1	151	101	3	2	146	1297	1447	4.52e-16	76.6
Bcin16p00730.5	FGRAMPH1_01T01705	32.4	139	89	4	25	160	104	240	1.10e-14	70.5
Bcin16p00730.5	FGRAMPH1_01T01705	32.4	139	89	4	25	160	104	240	1.10e-14	70.5
Bcin16p00730.5	MGG_03696	31.9	141	87	5	25	160	107	243	1.11e-14	70.5
Bcin16p00730.5	ZT3D1_G514_t1	34.2	146	80	5	60	191	176	319	1.97e-14	70.5
Bcin16p00730.5	ZTRI_1.496.mRNA	34.2	146	80	5	60	191	176	319	1.97e-14	70.5
Bcin16p00730.5	UMAG_06363_t1	23.8	202	112	2	1	160	65	266	2.60e-14	70.9
Bcin16p00730.5	MGG_06393-t26_1	24.4	213	109	2	1	161	69	281	4.53e-14	70.1
Bcin16p00730.5	MGG_00800-t26_1	39.4	99	57	3	54	151	166	262	2.21e-13	67.0
Bcin12p06380.1	FGRAMPH1_01T22299	22.1	271	192	5	211	481	235	486	1.58e-11	61.6
Bcin12p06380.1	FGRAMPH1_01T21585	29.5	112	74	2	317	423	150	261	3.37e-09	53.1
Bcin10p03880.1	FGRAMPH1_01T25269	56.3	32	14	0	63	94	25	56	7.42e-07	48.1
Bcin10p03880.1	FGRAMPH1_01T04197	27.3	99	52	5	58	136	11	109	1.67e-04	40.4
Bcin02p08340.1	MGG_03860-t26_1	85.4	480	69	1	1	479	1	480	4.17e-315	855
Bcin12p04690.1	MGG_08690-t26_1	80.8	406	75	1	38	443	43	445	6.52e-231	635
Bcin02p06940.1	Afu2g05340-T	60.2	522	198	6	24	540	16	532	6.41e-193	546
Bcin02p06940.1	MGG_08370-t26_1	53.9	471	205	7	16	475	11	480	8.59e-168	482
Bcin02p06940.1	MGG_11861-t26_1	53.3	473	211	6	14	478	8	478	1.66e-166	478
Bcin02p06940.1	MGG_07331-t26_1	39.8	304	170	7	28	327	28	322	2.40e-68	223
Bcin01p07220.1	MGG_00937-t26_1	24.9	209	134	5	425	629	502	691	5.03e-09	56.2
Bcin02p08690.1	FGRAMPH1_01T02967	45.5	330	179	1	74	403	44	372	1.82e-93	282
Bcin02p08690.1	MGG_00529-t26_1	38.9	247	144	5	154	395	985	1229	5.39e-42	154
Bcin03p05250.1	MGG_04615-t26_1	44.3	915	382	18	190	1048	215	1057	2.33e-210	633
Bcin03p05250.1	FGRAMPH1_01T14849	46.7	274	141	3	561	833	221	490	1.54e-76	257
Bcin01p06730.1	FGRAMPH1_01T02007	28.2	103	72	1	354	454	399	501	4.11e-09	55.5
Bcin14p03530.1	ZTRI_12.309.mRNA	63.7	350	119	1	74	423	71	412	2.28e-151	431
Bcin04p00920.1	MGG_13435	35.1	77	33	3	828	901	325	387	5.39e-04	38.9
Bcin16p03280.1	MGG_04066-t26_1	29.4	964	565	23	365	1281	430	1324	1.74e-97	337
Bcin01p01630.1	FGRAMPH1_01T12029	32.9	498	317	8	52	539	78	568	3.01e-85	271
Bcin01p01630.1	FGRAMPH1_01T08935	26.8	474	312	16	69	518	20	482	2.56e-39	145
Bcin01p01630.2	FGRAMPH1_01T12029	30.1	498	297	8	52	505	78	568	6.98e-71	232
Bcin01p01630.2	FGRAMPH1_01T08935	25.6	469	290	13	69	484	20	482	1.64e-34	131
Bcin02p08670.1	DEG20080017	50.8	703	311	12	40	737	82	754	7.68e-189	552
Bcin02p08670.1	Afu6g12530-T	50.8	703	311	12	40	737	82	754	7.68e-189	552
Bcin01p07840.1	FGRAMPH1_01T16511	28.2	216	129	5	16	220	17	217	5.77e-13	65.9
Bcin03p01910.1	MGG_06362	33.9	186	110	2	5	177	4	189	8.83e-30	103
Bcin10p00040.1	GLRG_04203_t1	28.4	893	572	27	12	891	384	1222	7.30e-79	288
Bcin08p07040.2	FGRAMPH1_01T21585	27.6	127	77	4	265	382	149	269	8.06e-04	37.7
Bcin08p07040.1	FGRAMPH1_01T21585	27.6	127	77	4	265	382	149	269	8.06e-04	37.7
Bcin08p07040.3	FGRAMPH1_01T21585	27.6	127	77	4	265	382	149	269	8.06e-04	37.7
Bcin10p03430.1	Afu1g05830-T	34.0	568	316	11	513	1039	1293	1842	1.74e-77	279
Bcin02p03300.1	FGRAMPH1_01T19463	67.7	3886	1201	21	1	3858	1	3858	0.0	5146
Bcin03p02530.1	FGRAMPH1_01T03195	28.2	255	139	9	6	226	90	334	6.61e-14	65.9
Bcin13p04410.1	Afu1g13790-T	99.3	135	1	0	1	135	1	135	1.04e-86	244
Bcin02p04000.1	FGRAMPH1_01T02825	46.6	916	376	25	1	837	1	882	8.11e-200	587
Bcin02p04000.1	FGRAMPH1_01T02825	46.6	916	376	25	1	837	1	882	8.11e-200	587
Bcin02p04000.1	FGRAMPH1_01T27169	32.2	183	94	8	618	796	160	316	2.31e-13	68.9
Bcin02p04000.1	FGRAMPH1_01T27169	32.2	183	94	8	618	796	160	316	2.31e-13	68.9
Bcin15p01330.1	FGRAMPH1_01T03923	48.2	954	375	30	27	907	38	945	1.51e-249	720
Bcin01p10240.1	Afu7g04670-T	47.5	343	143	8	4	309	5	347	1.44e-82	249
Bcin01p10240.3	Afu7g04670-T	47.5	343	143	8	4	309	5	347	1.44e-82	249
Bcin01p10240.2	Afu7g04670-T	47.5	343	143	8	4	309	5	347	1.44e-82	249
Bcin12p06540.1	Afu2g05510-T	68.3	101	32	0	1	101	1	101	1.11e-51	153
Bcin02p03180.1	DEG20080005	60.7	540	154	13	1	532	1	490	2.41e-211	591
Bcin02p03180.1	Afu5g03670-T	60.7	540	154	13	1	532	1	490	2.41e-211	591
Bcin09p03870.1	MGG_09517-t26_1	27.6	337	198	7	118	432	33	345	1.23e-22	98.6
Bcin09p03870.1	MGG_09517	27.6	337	198	7	118	432	33	345	1.23e-22	98.6
Bcin10p04000.1	FGRAMPH1_01T16511	32.9	216	123	6	17	219	15	221	2.49e-27	109
Bcin05p06110.1	MGG_00803-t26_1	33.8	281	157	7	20	297	132	386	2.36e-37	142
Bcin05p06110.1	MGG_01196-t26_1	30.9	314	155	8	19	291	309	601	2.12e-34	134
Bcin05p06110.1	UMAG_04456_t1	27.3	278	174	7	20	292	94	348	2.08e-31	121
Bcin05p06110.1	FGRAMPH1_01T10677	26.6	312	185	12	6	292	42	334	1.03e-26	107
Bcin05p06110.1	FGRAMPH1_01T20307	25.1	299	181	9	13	292	237	511	2.25e-26	108
Bcin05p06110.1	FGRAMPH1_01T20307	25.1	299	181	9	13	292	237	511	2.25e-26	108
Bcin05p06110.1	FGRAMPH1_01T14347	30.8	237	143	8	20	249	58	280	7.22e-25	103
Bcin05p06110.1	FGRAMPH1_01T14347	30.8	237	143	8	20	249	58	280	7.22e-25	103
Bcin05p06110.1	MGG_04100-t26_1	29.2	295	176	10	1	291	45	310	8.87e-23	98.2
Bcin05p06110.1	UMAG_06363_t1	28.1	256	124	7	19	233	16	252	4.57e-19	86.3
Bcin05p06110.1	MGG_06393-t26_1	23.8	344	173	12	19	302	20	334	2.27e-17	80.9
Bcin05p06110.1	UMAG_11410_t1	28.2	177	80	7	79	227	172	329	2.70e-09	55.1
Bcin07p00250.1	FGRAMPH1_01T28079	37.1	175	103	3	1	173	1	170	1.45e-28	105
Bcin09p02100.1	MGG_02690-t26_1	64.4	881	290	8	29	893	27	899	0.0	1091
Bcin08p00160.1	FGRAMPH1_01T25269	60.6	33	13	0	9	41	25	57	4.03e-08	51.6
Bcin08p00160.1	FGRAMPH1_01T25993	29.5	132	77	4	7	124	115	244	1.20e-07	50.1
Bcin12p01370.1	MGG_06033-t26_1	38.2	335	172	11	1314	1620	477	804	7.81e-41	158
Bcin06p03550.1	Afu3g07170-T	51.0	506	173	12	18	464	19	508	6.12e-131	384
Bcin05p05330.1	MGG_03698-t26_1	39.5	461	239	10	1	455	1	427	2.12e-94	291
Bcin12p04210.1	MGG_06050-t26_1	60.0	55	22	0	295	349	183	237	3.16e-17	80.1
Bcin12p04210.1	FGRAMPH1_01T17027	60.8	51	20	0	299	349	85	135	1.43e-15	74.7
Bcin01p02000.1	MGG_02731-t26_1	89.9	199	20	0	1	199	1	199	7.54e-131	361
Bcin01p02000.1	CPUR_06597_t1	85.4	199	29	0	1	199	1	199	1.90e-124	345
Bcin01p02000.1	UMAG_00295_t1	63.7	193	67	1	7	199	2	191	3.78e-90	258
Bcin01p02000.1	FGRAMPH1_01T00811	48.9	180	89	2	6	183	53	231	1.95e-58	180
Bcin01p02000.1	MGG_06241	34.9	129	79	4	2	127	5	131	2.04e-18	75.9
Bcin14p04650.1	DEG20080033	51.8	1352	478	22	1	1267	1	1263	0.0	1039
Bcin14p04650.1	Afu2g12980-T	51.8	1352	478	22	1	1267	1	1263	0.0	1039
Bcin15p00490.1	FGRAMPH1_01T25821	47.0	828	351	14	3	815	4	758	4.74e-215	622
Bcin15p00490.1	FGRAMPH1_01T25821	47.0	828	351	14	3	815	4	758	4.74e-215	622
Bcin02p02100.1	FGRAMPH1_01T12029	26.7	449	290	11	32	473	117	533	1.23e-43	158
Bcin02p02100.1	FGRAMPH1_01T08935	27.3	473	304	15	25	486	35	478	1.35e-41	151
Bcin14p03970.1	MGG_07331-t26_1	52.3	390	172	5	1	386	1	380	1.99e-138	400
Bcin14p03970.1	Afu2g05340-T	42.4	349	184	9	35	369	20	365	2.69e-85	267
Bcin14p03970.1	MGG_11861-t26_1	41.1	355	188	9	32	369	19	369	8.62e-82	258
Bcin14p03040.1	DEG20080010	31.6	443	283	9	3	436	2	433	2.22e-71	228
Bcin14p03040.1	Afu1g02550-T	31.6	443	283	9	3	436	2	433	2.22e-71	228
Bcin05p05280.1	MGG_00157-t26_1	51.9	478	164	14	1	449	1	441	1.13e-106	319
Bcin11p05490.1	FGRAMPH1_01T13855	33.6	563	344	12	22	564	60	612	2.56e-110	338
Bcin15p02150.1	MGG_01227-t26_1	35.6	1111	637	16	20	1072	274	1364	4.87e-204	625
Bcin15p02150.1	MGG_07312-t26_1	25.7	603	322	24	549	1068	565	1124	7.33e-23	100
Bcin15p02150.1	MGG_11882-t26_1	39.8	133	68	2	933	1065	1870	1990	5.17e-17	82.0
Bcin11p05130.1	CPUR_03237_t1	67.6	680	154	13	20	663	6	655	5.05e-306	843
Bcin11p05130.1	FGRAMPH1_01T18903	34.6	338	168	7	278	612	284	571	2.47e-57	200
Bcin11p05130.1	FGRAMPH1_01T18903	34.6	338	168	7	278	612	284	571	2.47e-57	200
Bcin11p05130.1	FGRAMPH1_01T10677	33.5	352	172	8	279	612	57	364	2.34e-56	192
Bcin11p05130.1	UMAG_04456_t1	33.4	335	165	6	284	612	96	378	2.99e-53	184
Bcin11p05130.1	FGRAMPH1_01T24349	32.6	331	164	8	279	603	278	555	1.55e-48	175
Bcin11p05130.1	FGRAMPH1_01T20307	32.4	318	178	8	284	598	243	526	5.30e-38	146
Bcin11p05130.1	FGRAMPH1_01T20307	32.4	318	178	8	284	598	243	526	5.30e-38	146
Bcin11p05130.1	MGG_00803-t26_1	25.4	339	195	8	271	608	121	402	1.15e-25	107
Bcin11p05130.1	FGRAMPH1_01T23607	28.7	300	155	7	286	581	127	371	6.18e-25	102
Bcin11p05130.1	MGG_01196-t26_1	27.6	308	193	10	286	583	314	601	5.43e-23	99.8
Bcin11p05130.1	Bcin07g00720.1:RNA	22.4	303	189	5	286	563	29	310	6.78e-15	73.6
Bcin11p05130.1	UMAG_06363_t1	23.1	316	154	6	286	560	21	288	2.72e-14	71.6
Bcin11p05130.1	FGRAMPH1_01T24535	25.5	282	131	9	273	537	30	249	1.03e-12	65.5
Bcin11p05130.1	FGRAMPH1_01T12137	23.6	356	173	11	278	584	2	307	2.04e-12	63.9
Bcin11p05130.1	MGG_12122-t26_1	25.5	282	131	10	273	537	30	249	7.51e-12	62.8
Bcin11p05130.1	FGRAMPH1_01T10041	24.7	287	136	10	278	536	2	236	1.63e-11	61.2
Bcin11p05130.1	MGG_03696	28.2	156	99	6	278	429	33	179	7.40e-10	56.2
Bcin11p05130.1	FGRAMPH1_01T24783	33.6	107	62	4	332	432	125	228	2.22e-09	55.1
Bcin11p05130.1	FGRAMPH1_01T24783	33.6	107	62	4	332	432	125	228	2.22e-09	55.1
Bcin11p05130.1	FGRAMPH1_01T01705	27.6	156	100	6	278	429	30	176	5.39e-09	53.5
Bcin11p05130.1	FGRAMPH1_01T01705	27.6	156	100	6	278	429	30	176	5.39e-09	53.5
Bcin11p05130.1	FGRAMPH1_01T17801	21.1	265	154	6	277	536	7	221	3.66e-08	50.8
Bcin11p05130.1	FGRAMPH1_01T17801	21.1	265	154	6	277	536	7	221	3.66e-08	50.8
Bcin11p05130.1	AO090005000934-T	29.6	169	86	11	285	434	712	866	1.75e-05	43.1
Bcin05p00820.1	Afu1g14740-T	31.4	500	178	15	1	443	1	392	5.91e-44	154
Bcin06p03630.1	MGG_17841-t26_1	23.6	373	240	14	29	371	11	368	3.41e-07	48.5
Bcin04p06560.1	Afu4g06570-T	50.6	1161	498	26	58	1184	44	1162	0.0	971
Bcin04p06560.1	Afu2g16240-T	33.8	452	241	12	731	1162	819	1232	6.05e-60	220
Bcin08p06030.1	MGG_05646	46.5	271	144	1	327	597	217	486	3.71e-82	263
Bcin08p06030.1	UMAG_04791_t1	33.0	230	141	3	337	554	118	346	6.09e-32	125
Bcin15p01670.1	MGG_09250-t26_1	39.5	387	200	11	69	434	259	632	6.96e-86	273
Bcin03p06680.1	FGRAMPH1_01T08435	37.6	490	286	12	26	509	33	508	1.87e-97	300
Bcin03p06680.1	MGG_07982	29.2	171	115	3	295	459	313	483	1.74e-12	64.7
Bcin01p03610.1	MGG_01633-t26_1	58.8	481	180	4	4	476	26	496	1.17e-202	566
Bcin01p03610.1	MGG_05857-t26_1	45.9	410	197	9	36	442	16	403	6.48e-118	356
Bcin01p03610.1	MGG_05857-t26_1	45.9	410	197	9	36	442	16	403	6.48e-118	356
Bcin01p03610.1	Afu2g03390-T	47.1	397	186	8	44	438	20	394	3.93e-117	355
Bcin01p03610.1	Afu2g03390-T	47.1	397	186	8	44	438	20	394	3.93e-117	355
Bcin02p01980.1	Afu1g07690-T	31.8	676	407	17	37	683	46	696	3.12e-87	287
Bcin08p05050.1	MGG_08690-t26_1	32.3	415	270	5	21	426	32	444	1.79e-65	212
Bcin09p02480.1	FGRAMPH1_01T05093	31.9	492	279	13	18	502	15	457	2.49e-58	201
Bcin15p03580.3	ZTRI_10.412.mRNA	92.1	340	27	0	1	340	1	340	1.04e-235	639
Bcin15p03580.3	FGRAMPH1_01T20181	46.9	339	165	4	13	337	16	353	2.99e-106	311
Bcin15p03580.3	CPUR_03754_t1	46.9	339	165	4	13	337	16	353	3.42e-105	308
Bcin15p03580.3	UMAG_03305_t1	47.7	342	161	6	12	337	13	352	4.32e-103	303
Bcin15p03580.3	ZTRI_6.302.mRNA	45.1	339	171	5	13	337	17	354	2.51e-97	288
Bcin15p03580.3	UMAG_02331_t1	46.6	350	164	8	13	342	184	530	7.12e-97	293
Bcin15p03580.3	ZT3D1_G6735_t1	45.1	339	171	5	13	337	17	354	4.48e-96	288
Bcin15p03580.3	FGRAMPH1_01T10041	36.2	309	169	4	20	302	4	310	6.16e-57	183
Bcin15p03580.3	FGRAMPH1_01T24535	32.4	318	187	9	3	305	20	324	2.23e-53	176
Bcin15p03580.3	FGRAMPH1_01T17801	35.0	297	168	6	18	300	8	293	3.50e-51	168
Bcin15p03580.3	FGRAMPH1_01T17801	35.0	297	168	6	18	300	8	293	3.50e-51	168
Bcin15p03580.3	FGRAMPH1_01T12137	33.3	306	176	4	20	299	4	307	5.92e-51	167
Bcin15p03580.3	MGG_12122-t26_1	30.7	319	193	9	3	306	20	325	3.76e-50	167
Bcin15p03580.3	FGRAMPH1_01T24753	34.1	337	183	8	12	312	26	359	5.74e-48	165
Bcin15p03580.3	FGRAMPH1_01T24753	34.1	337	183	8	12	312	26	359	5.74e-48	165
Bcin15p03580.3	FGRAMPH1_01T24783	33.7	270	169	6	46	306	99	367	7.77e-39	138
Bcin15p03580.3	FGRAMPH1_01T24783	33.7	270	169	6	46	306	99	367	7.77e-39	138
Bcin15p03580.3	UMAG_11410_t1	32.4	299	150	9	46	299	142	433	1.26e-38	141
Bcin15p03580.3	FGRAMPH1_01T01705	30.2	305	189	10	16	305	28	323	1.46e-37	133
Bcin15p03580.3	FGRAMPH1_01T01705	30.2	305	189	10	16	305	28	323	1.46e-37	133
Bcin15p03580.3	MGG_03696	29.9	301	187	10	16	301	31	322	4.12e-36	129
Bcin15p03580.3	FGRAMPH1_01T22799	27.5	357	191	9	15	307	327	679	1.72e-28	111
Bcin15p03580.3	FGRAMPH1_01T22799	27.5	357	191	9	15	307	327	679	1.72e-28	111
Bcin15p03580.3	UMAG_04258_t1	30.6	216	115	5	26	210	1096	1307	1.34e-24	100
Bcin15p03580.3	MGG_00803-t26_1	33.3	207	132	5	18	220	128	332	1.28e-22	94.4
Bcin15p03580.1	ZTRI_10.412.mRNA	92.1	340	27	0	1	340	1	340	1.04e-235	639
Bcin15p03580.1	FGRAMPH1_01T20181	46.9	339	165	4	13	337	16	353	2.99e-106	311
Bcin15p03580.1	CPUR_03754_t1	46.9	339	165	4	13	337	16	353	3.42e-105	308
Bcin15p03580.1	UMAG_03305_t1	47.7	342	161	6	12	337	13	352	4.32e-103	303
Bcin15p03580.1	ZTRI_6.302.mRNA	45.1	339	171	5	13	337	17	354	2.51e-97	288
Bcin15p03580.1	UMAG_02331_t1	46.6	350	164	8	13	342	184	530	7.12e-97	293
Bcin15p03580.1	ZT3D1_G6735_t1	45.1	339	171	5	13	337	17	354	4.48e-96	288
Bcin15p03580.1	FGRAMPH1_01T10041	36.2	309	169	4	20	302	4	310	6.16e-57	183
Bcin15p03580.1	FGRAMPH1_01T24535	32.4	318	187	9	3	305	20	324	2.23e-53	176
Bcin15p03580.1	FGRAMPH1_01T17801	35.0	297	168	6	18	300	8	293	3.50e-51	168
Bcin15p03580.1	FGRAMPH1_01T17801	35.0	297	168	6	18	300	8	293	3.50e-51	168
Bcin15p03580.1	FGRAMPH1_01T12137	33.3	306	176	4	20	299	4	307	5.92e-51	167
Bcin15p03580.1	MGG_12122-t26_1	30.7	319	193	9	3	306	20	325	3.76e-50	167
Bcin15p03580.1	FGRAMPH1_01T24753	34.1	337	183	8	12	312	26	359	5.74e-48	165
Bcin15p03580.1	FGRAMPH1_01T24753	34.1	337	183	8	12	312	26	359	5.74e-48	165
Bcin15p03580.1	FGRAMPH1_01T24783	33.7	270	169	6	46	306	99	367	7.77e-39	138
Bcin15p03580.1	FGRAMPH1_01T24783	33.7	270	169	6	46	306	99	367	7.77e-39	138
Bcin15p03580.1	UMAG_11410_t1	32.4	299	150	9	46	299	142	433	1.26e-38	141
Bcin15p03580.1	FGRAMPH1_01T01705	30.2	305	189	10	16	305	28	323	1.46e-37	133
Bcin15p03580.1	FGRAMPH1_01T01705	30.2	305	189	10	16	305	28	323	1.46e-37	133
Bcin15p03580.1	MGG_03696	29.9	301	187	10	16	301	31	322	4.12e-36	129
Bcin15p03580.1	FGRAMPH1_01T22799	27.5	357	191	9	15	307	327	679	1.72e-28	111
Bcin15p03580.1	FGRAMPH1_01T22799	27.5	357	191	9	15	307	327	679	1.72e-28	111
Bcin15p03580.1	UMAG_04258_t1	30.6	216	115	5	26	210	1096	1307	1.34e-24	100
Bcin15p03580.1	MGG_00803-t26_1	33.3	207	132	5	18	220	128	332	1.28e-22	94.4
Bcin15p03580.2	ZTRI_10.412.mRNA	91.5	354	28	1	1	354	1	352	1.51e-240	652
Bcin15p03580.2	FGRAMPH1_01T20181	47.4	340	164	4	13	338	16	354	1.55e-106	312
Bcin15p03580.2	CPUR_03754_t1	47.1	340	165	4	13	338	16	354	5.04e-105	308
Bcin15p03580.2	UMAG_03305_t1	48.1	343	160	6	12	338	13	353	7.88e-104	305
Bcin15p03580.2	ZTRI_6.302.mRNA	45.3	340	171	5	13	338	17	355	3.68e-97	288
Bcin15p03580.2	UMAG_02331_t1	49.7	314	141	6	13	311	184	495	1.47e-96	292
Bcin15p03580.2	ZT3D1_G6735_t1	45.3	340	171	5	13	338	17	355	6.55e-96	288
Bcin15p03580.2	FGRAMPH1_01T10041	36.2	309	169	4	20	302	4	310	8.45e-57	183
Bcin15p03580.2	FGRAMPH1_01T24535	32.4	318	187	9	3	305	20	324	3.03e-53	176
Bcin15p03580.2	FGRAMPH1_01T17801	35.0	297	168	6	18	300	8	293	4.72e-51	168
Bcin15p03580.2	FGRAMPH1_01T17801	35.0	297	168	6	18	300	8	293	4.72e-51	168
Bcin15p03580.2	FGRAMPH1_01T12137	33.3	306	176	4	20	299	4	307	7.99e-51	167
Bcin15p03580.2	MGG_12122-t26_1	30.7	319	193	9	3	306	20	325	5.08e-50	167
Bcin15p03580.2	FGRAMPH1_01T24753	34.1	337	183	8	12	312	26	359	7.73e-48	165
Bcin15p03580.2	FGRAMPH1_01T24753	34.1	337	183	8	12	312	26	359	7.73e-48	165
Bcin15p03580.2	UMAG_11410_t1	30.9	346	166	11	20	299	95	433	2.70e-39	144
Bcin15p03580.2	FGRAMPH1_01T24783	33.7	270	169	6	46	306	99	367	1.01e-38	138
Bcin15p03580.2	FGRAMPH1_01T24783	33.7	270	169	6	46	306	99	367	1.01e-38	138
Bcin15p03580.2	FGRAMPH1_01T01705	30.2	305	189	10	16	305	28	323	1.88e-37	133
Bcin15p03580.2	FGRAMPH1_01T01705	30.2	305	189	10	16	305	28	323	1.88e-37	133
Bcin15p03580.2	MGG_03696	29.9	301	187	10	16	301	31	322	5.25e-36	129
Bcin15p03580.2	FGRAMPH1_01T22799	27.5	357	191	9	15	307	327	679	2.14e-28	111
Bcin15p03580.2	FGRAMPH1_01T22799	27.5	357	191	9	15	307	327	679	2.14e-28	111
Bcin15p03580.2	UMAG_04258_t1	30.6	216	115	5	26	210	1096	1307	1.64e-24	100
Bcin15p03580.2	MGG_00803-t26_1	33.3	207	132	5	18	220	128	332	1.54e-22	94.4
Bcin07p00450.1	FGRAMPH1_01T14849	41.0	178	99	3	331	508	245	416	9.48e-37	140
Bcin07p03240.1	FGRAMPH1_01T17087	60.1	303	110	3	24	325	1	293	4.54e-104	302
Bcin05p05630.1	FGRAMPH1_01T08935	43.6	473	249	7	25	492	33	492	6.90e-126	372
Bcin05p05630.1	MGG_07982	34.6	486	295	8	31	498	40	520	6.24e-90	280
Bcin05p05630.1	FGRAMPH1_01T12029	27.8	457	287	11	26	468	109	536	1.51e-40	149
Bcin05p05630.1	FGRAMPH1_01T14839	28.7	143	86	6	348	480	353	489	5.31e-09	53.5
Bcin01p03510.1	FGRAMPH1_01T14839	34.9	545	290	11	51	584	37	527	5.09e-101	312
Bcin01p03510.1	FGRAMPH1_01T12029	27.2	184	107	7	358	535	373	535	4.31e-06	44.7
Bcin12p06210.1	FGRAMPH1_01T16511	61.1	36	14	0	33	68	17	52	4.82e-10	57.0
Bcin15p03020.1	FGRAMPH1_01T10041	39.4	302	157	7	702	981	10	307	9.39e-61	206
Bcin15p03020.1	FGRAMPH1_01T17801	38.9	283	164	6	702	981	16	292	1.29e-58	200
Bcin15p03020.1	FGRAMPH1_01T17801	38.9	283	164	6	702	981	16	292	1.29e-58	200
Bcin15p03020.1	FGRAMPH1_01T24753	39.3	313	166	5	702	994	43	351	6.27e-58	204
Bcin15p03020.1	FGRAMPH1_01T24753	39.3	313	166	5	702	994	43	351	6.27e-58	204
Bcin15p03020.1	FGRAMPH1_01T12137	38.1	302	161	7	702	981	10	307	2.43e-57	196
Bcin15p03020.1	FGRAMPH1_01T24783	38.5	301	175	9	702	995	78	375	9.54e-48	171
Bcin15p03020.1	FGRAMPH1_01T24783	38.5	301	175	9	702	995	78	375	9.54e-48	171
Bcin15p03020.1	ZTRI_10.412.mRNA	34.0	282	178	4	702	982	26	300	8.87e-41	149
Bcin15p03020.1	FGRAMPH1_01T18031	26.9	297	170	5	700	980	635	900	1.69e-25	108
Bcin15p03020.1	MGG_14847-t26_1	26.8	299	172	5	700	982	645	912	5.12e-25	107
Bcin15p03020.1	ZT3D1_G5024_t1	28.9	239	144	6	700	919	651	882	2.68e-24	105
Bcin15p03020.1	ZTRI_4.424.mRNA	28.9	239	144	6	700	919	651	882	2.68e-24	105
Bcin15p03020.1	UMAG_04258_t1	25.4	311	171	10	700	984	1094	1369	1.44e-23	103
Bcin15p03020.1	MGG_00883-t26_1	31.2	199	127	5	701	889	1243	1441	2.47e-23	102
Bcin15p03020.1	MGG_00803-t26_1	28.3	286	169	6	702	986	136	386	2.72e-23	101
Bcin15p03020.1	MGG_04100-t26_1	30.7	287	150	12	702	980	65	310	8.35e-22	97.4
Bcin15p03020.1	MGG_01196-t26_1	25.3	324	169	9	700	982	312	603	3.09e-17	82.4
Bcin15p03020.1	FGRAMPH1_01T23607	26.7	288	161	9	702	980	127	373	1.21e-16	78.6
Bcin15p03020.1	MGG_08689	28.4	208	132	6	700	898	861	1060	2.68e-16	79.3
Bcin15p03020.1	FGRAMPH1_01T20307	26.8	228	143	7	702	908	245	469	1.96e-15	76.3
Bcin15p03020.1	FGRAMPH1_01T20307	26.8	228	143	7	702	908	245	469	1.96e-15	76.3
Bcin15p03020.1	FGRAMPH1_01T26573	27.9	208	133	6	700	898	830	1029	2.33e-15	76.3
Bcin15p03020.1	FGRAMPH1_01T18735	23.4	321	172	13	702	981	819	1106	6.31e-10	58.5
Bcin15p03020.1	FGRAMPH1_01T18735	23.4	321	172	13	702	981	819	1106	6.31e-10	58.5
Bcin15p03020.2	FGRAMPH1_01T10041	39.4	302	157	7	702	981	10	307	9.39e-61	206
Bcin15p03020.2	FGRAMPH1_01T17801	38.9	283	164	6	702	981	16	292	1.29e-58	200
Bcin15p03020.2	FGRAMPH1_01T17801	38.9	283	164	6	702	981	16	292	1.29e-58	200
Bcin15p03020.2	FGRAMPH1_01T24753	39.3	313	166	5	702	994	43	351	6.27e-58	204
Bcin15p03020.2	FGRAMPH1_01T24753	39.3	313	166	5	702	994	43	351	6.27e-58	204
Bcin15p03020.2	FGRAMPH1_01T12137	38.1	302	161	7	702	981	10	307	2.43e-57	196
Bcin15p03020.2	FGRAMPH1_01T24783	38.5	301	175	9	702	995	78	375	9.54e-48	171
Bcin15p03020.2	FGRAMPH1_01T24783	38.5	301	175	9	702	995	78	375	9.54e-48	171
Bcin15p03020.2	ZTRI_10.412.mRNA	34.0	282	178	4	702	982	26	300	8.87e-41	149
Bcin15p03020.2	FGRAMPH1_01T18031	26.9	297	170	5	700	980	635	900	1.69e-25	108
Bcin15p03020.2	MGG_14847-t26_1	26.8	299	172	5	700	982	645	912	5.12e-25	107
Bcin15p03020.2	ZT3D1_G5024_t1	28.9	239	144	6	700	919	651	882	2.68e-24	105
Bcin15p03020.2	ZTRI_4.424.mRNA	28.9	239	144	6	700	919	651	882	2.68e-24	105
Bcin15p03020.2	UMAG_04258_t1	25.4	311	171	10	700	984	1094	1369	1.44e-23	103
Bcin15p03020.2	MGG_00883-t26_1	31.2	199	127	5	701	889	1243	1441	2.47e-23	102
Bcin15p03020.2	MGG_00803-t26_1	28.3	286	169	6	702	986	136	386	2.72e-23	101
Bcin15p03020.2	MGG_04100-t26_1	30.7	287	150	12	702	980	65	310	8.35e-22	97.4
Bcin15p03020.2	MGG_01196-t26_1	25.3	324	169	9	700	982	312	603	3.09e-17	82.4
Bcin15p03020.2	FGRAMPH1_01T23607	26.7	288	161	9	702	980	127	373	1.21e-16	78.6
Bcin15p03020.2	MGG_08689	28.4	208	132	6	700	898	861	1060	2.68e-16	79.3
Bcin15p03020.2	FGRAMPH1_01T20307	26.8	228	143	7	702	908	245	469	1.96e-15	76.3
Bcin15p03020.2	FGRAMPH1_01T20307	26.8	228	143	7	702	908	245	469	1.96e-15	76.3
Bcin15p03020.2	FGRAMPH1_01T26573	27.9	208	133	6	700	898	830	1029	2.33e-15	76.3
Bcin15p03020.2	FGRAMPH1_01T18735	23.4	321	172	13	702	981	819	1106	6.31e-10	58.5
Bcin15p03020.2	FGRAMPH1_01T18735	23.4	321	172	13	702	981	819	1106	6.31e-10	58.5
Bcin08p01740.1	MGG_01227-t26_1	21.5	205	77	3	598	752	1189	1359	5.47e-05	42.0
Bcin08p01740.2	MGG_01227-t26_1	21.5	205	77	3	615	769	1189	1359	5.60e-05	42.0
Bcin16p01510.1	MGG_12865-t26_1	48.8	166	56	6	243	386	256	414	1.72e-30	118
Bcin16p01510.2	MGG_12865-t26_1	48.8	166	56	6	243	386	256	414	1.72e-30	118
Bcin03p02380.1	CPUR_03870_t1	33.9	682	371	20	5	655	2	634	7.61e-98	310
Bcin11p04510.1	FGRAMPH1_01T16511	54.8	42	19	0	168	209	16	57	2.45e-09	54.7
Bcin10p00250.1	MGG_06743	65.9	510	146	9	61	544	59	566	3.97e-212	599
Bcin10p00580.1	Afu1g05830-T	27.9	584	340	19	1039	1613	1306	1817	5.62e-42	165
Bcin10p00580.2	Afu1g05830-T	27.9	584	340	19	1039	1613	1306	1817	5.62e-42	165
Bcin09p02950.1	FGRAMPH1_01T02967	37.1	232	137	5	685	910	134	362	1.06e-36	138
Bcin09p02950.1	MGG_00529-t26_1	36.4	247	141	7	672	908	985	1225	5.78e-34	136
Bcin01p09840.1	Afu2g06150-T	36.1	83	52	1	13	95	38	119	3.07e-13	65.5
Bcin01p00610.1	MGG_04708-t26_2	34.6	185	91	6	163	320	332	513	1.76e-10	59.7
Bcin01p00610.1	MGG_04708-t26_1	38.1	118	49	4	163	260	332	445	2.38e-08	52.8
Bcin01p09230.1	MGG_11882-t26_1	34.6	127	78	2	1062	1187	1861	1983	3.25e-15	76.3
Bcin01p09230.1	MGG_01227-t26_1	23.7	316	170	8	933	1190	1051	1353	1.48e-06	47.8
Bcin12p06600.1	FGRAMPH1_01T14839	27.4	562	309	13	20	549	33	527	1.93e-56	193
Bcin09p02220.1	FGRAMPH1_01T09325	25.3	178	113	8	264	429	293	462	6.77e-06	43.5
Bcin10p02830.1	MGG_02252-t26_1	27.1	140	84	2	5	143	30	152	3.95e-08	48.9
Bcin16p00320.2	FGRAMPH1_01T02007	35.6	191	86	5	19	182	82	262	2.05e-24	96.7
Bcin16p00320.1	FGRAMPH1_01T02007	35.0	760	428	15	19	736	82	817	2.23e-137	428
Bcin13p02520.1	DEG20080026	43.3	194	100	3	110	295	157	348	5.04e-44	154
Bcin13p02520.1	Afu3g09960-T	43.3	194	100	3	110	295	157	348	5.04e-44	154
Bcin16p04330.1	FGRAMPH1_01T24535	86.2	398	51	2	1	398	1	394	3.91e-252	684
Bcin16p04330.1	MGG_12122-t26_1	84.7	398	57	2	1	398	1	394	1.52e-249	678
Bcin16p04330.1	FGRAMPH1_01T20181	33.6	351	197	10	34	367	22	353	9.29e-55	180
Bcin16p04330.1	ZTRI_10.412.mRNA	32.3	322	190	10	14	324	1	305	2.05e-53	177
Bcin16p04330.1	CPUR_03754_t1	33.0	345	195	10	40	367	28	353	7.54e-53	175
Bcin16p04330.1	ZT3D1_G6735_t1	33.2	358	209	10	34	376	23	365	1.75e-52	177
Bcin16p04330.1	ZTRI_6.302.mRNA	33.4	347	203	9	34	367	23	354	4.18e-52	173
Bcin16p04330.1	FGRAMPH1_01T17801	31.6	307	183	9	28	321	3	295	3.60e-46	157
Bcin16p04330.1	FGRAMPH1_01T17801	31.6	307	183	9	28	321	3	295	3.60e-46	157
Bcin16p04330.1	UMAG_03305_t1	32.6	310	175	10	28	319	18	311	1.12e-43	151
Bcin16p04330.1	FGRAMPH1_01T10041	31.3	319	171	9	35	319	4	308	2.19e-43	149
Bcin16p04330.1	FGRAMPH1_01T12137	31.3	319	175	10	35	321	4	310	7.34e-41	142
Bcin16p04330.1	MGG_03696	31.4	303	180	10	35	322	35	324	6.43e-34	124
Bcin16p04330.1	FGRAMPH1_01T22799	21.7	359	203	13	34	325	331	678	3.84e-20	87.8
Bcin16p04330.1	FGRAMPH1_01T22799	21.7	359	203	13	34	325	331	678	3.84e-20	87.8
Bcin16p04330.1	MGG_00803-t26_1	24.7	332	210	9	29	350	124	425	2.36e-19	85.5
Bcin16p04330.1	MGG_06393-t26_1	28.0	261	128	7	41	248	25	278	1.09e-18	83.6
Bcin16p04330.1	FGRAMPH1_01T20307	25.4	335	173	13	15	319	225	512	1.80e-18	82.8
Bcin16p04330.1	FGRAMPH1_01T20307	25.4	335	173	13	15	319	225	512	1.80e-18	82.8
Bcin16p04330.1	MGG_00883-t26_1	27.8	252	145	10	23	248	1219	1459	3.93e-18	82.0
Bcin16p04330.1	UMAG_06363_t1	26.7	337	173	11	41	322	21	338	8.22e-17	77.8
Bcin16p04330.1	CPUR_03237_t1	26.3	319	146	11	35	280	276	578	6.60e-15	71.6
Bcin16p04330.1	FGRAMPH1_01T18735	26.3	346	172	15	26	323	801	1111	2.67e-09	54.3
Bcin16p04330.1	FGRAMPH1_01T18735	26.3	346	172	15	26	323	801	1111	2.67e-09	54.3
Bcin16p04330.2	FGRAMPH1_01T24535	86.2	398	51	2	1	398	1	394	3.91e-252	684
Bcin16p04330.2	MGG_12122-t26_1	84.7	398	57	2	1	398	1	394	1.52e-249	678
Bcin16p04330.2	FGRAMPH1_01T20181	33.6	351	197	10	34	367	22	353	9.29e-55	180
Bcin16p04330.2	ZTRI_10.412.mRNA	32.3	322	190	10	14	324	1	305	2.05e-53	177
Bcin16p04330.2	CPUR_03754_t1	33.0	345	195	10	40	367	28	353	7.54e-53	175
Bcin16p04330.2	ZT3D1_G6735_t1	33.2	358	209	10	34	376	23	365	1.75e-52	177
Bcin16p04330.2	ZTRI_6.302.mRNA	33.4	347	203	9	34	367	23	354	4.18e-52	173
Bcin16p04330.2	FGRAMPH1_01T17801	31.6	307	183	9	28	321	3	295	3.60e-46	157
Bcin16p04330.2	FGRAMPH1_01T17801	31.6	307	183	9	28	321	3	295	3.60e-46	157
Bcin16p04330.2	UMAG_03305_t1	32.6	310	175	10	28	319	18	311	1.12e-43	151
Bcin16p04330.2	FGRAMPH1_01T10041	31.3	319	171	9	35	319	4	308	2.19e-43	149
Bcin16p04330.2	FGRAMPH1_01T12137	31.3	319	175	10	35	321	4	310	7.34e-41	142
Bcin16p04330.2	MGG_03696	31.4	303	180	10	35	322	35	324	6.43e-34	124
Bcin16p04330.2	FGRAMPH1_01T22799	21.7	359	203	13	34	325	331	678	3.84e-20	87.8
Bcin16p04330.2	FGRAMPH1_01T22799	21.7	359	203	13	34	325	331	678	3.84e-20	87.8
Bcin16p04330.2	MGG_00803-t26_1	24.7	332	210	9	29	350	124	425	2.36e-19	85.5
Bcin16p04330.2	MGG_06393-t26_1	28.0	261	128	7	41	248	25	278	1.09e-18	83.6
Bcin16p04330.2	FGRAMPH1_01T20307	25.4	335	173	13	15	319	225	512	1.80e-18	82.8
Bcin16p04330.2	FGRAMPH1_01T20307	25.4	335	173	13	15	319	225	512	1.80e-18	82.8
Bcin16p04330.2	MGG_00883-t26_1	27.8	252	145	10	23	248	1219	1459	3.93e-18	82.0
Bcin16p04330.2	UMAG_06363_t1	26.7	337	173	11	41	322	21	338	8.22e-17	77.8
Bcin16p04330.2	CPUR_03237_t1	26.3	319	146	11	35	280	276	578	6.60e-15	71.6
Bcin16p04330.2	FGRAMPH1_01T18735	26.3	346	172	15	26	323	801	1111	2.67e-09	54.3
Bcin16p04330.2	FGRAMPH1_01T18735	26.3	346	172	15	26	323	801	1111	2.67e-09	54.3
Bcin09p05220.2	Afu1g05830-T	29.5	553	321	15	181	713	1302	1805	3.15e-54	201
Bcin09p05220.1	Afu1g05830-T	29.5	553	321	15	204	736	1302	1805	3.70e-54	201
Bcin03p07710.1	Bcin12g05760.1:RNA	21.9	160	109	3	20	171	8	159	6.63e-05	37.4
Bcin09p00480.1	UMAG_05850_t1	43.9	41	23	0	49	89	20	60	1.45e-04	39.3
Bcin08p03660.1	FGRAMPH1_01T14491	62.7	509	164	15	1	501	2	492	1.28e-182	516
Bcin08p03660.1	MGG_05199-t26_1	60.5	514	165	17	1	501	1	489	1.42e-178	506
Bcin08p03660.1	UMAG_05261_t1	59.0	78	32	0	392	469	417	494	1.61e-24	102
Bcin04p02810.1	Afu6g04740-T	55.5	348	151	2	31	377	47	391	4.16e-140	400
Bcin03p05990.1	MGG_06933-t26_1	94.8	174	9	0	1	174	1	174	4.71e-115	319
Bcin16p04780.1	Afu6g04060-T	31.2	789	507	14	17	794	16	779	8.55e-106	338
Bcin02p01930.1	FGRAMPH1_01T02967	46.0	313	169	0	110	422	64	376	1.26e-101	304
Bcin02p01930.1	MGG_00529-t26_1	35.9	234	142	5	176	403	991	1222	1.20e-40	150
Bcin02p07150.1	Afu4g09740-T	28.2	561	350	9	12	534	13	558	1.09e-68	227
Bcin04p00630.2	MGG_04100-t26_1	63.8	1422	401	25	28	1373	32	1415	0.0	1597
Bcin04p00630.2	FGRAMPH1_01T18031	42.4	269	137	5	53	303	634	902	6.75e-55	203
Bcin04p00630.2	UMAG_04258_t1	40.6	286	145	4	50	311	1090	1374	5.59e-53	199
Bcin04p00630.2	MGG_14847-t26_1	41.0	268	140	4	53	302	644	911	8.85e-52	193
Bcin04p00630.2	ZT3D1_G5024_t1	39.5	271	140	6	50	296	647	917	7.44e-47	178
Bcin04p00630.2	ZTRI_4.424.mRNA	39.5	271	140	6	50	296	647	917	7.44e-47	178
Bcin04p00630.2	UMAG_10145_t1	38.4	250	148	4	56	302	560	806	1.08e-42	164
Bcin04p00630.2	CPUR_04764_t1	35.4	271	155	5	50	302	551	819	2.96e-39	153
Bcin04p00630.2	FGRAMPH1_01T17801	28.9	284	162	7	54	302	14	292	8.80e-28	111
Bcin04p00630.2	FGRAMPH1_01T17801	28.9	284	162	7	54	302	14	292	8.80e-28	111
Bcin04p00630.2	FGRAMPH1_01T10677	27.2	279	168	7	47	307	55	316	2.14e-22	96.7
Bcin04p00630.1	MGG_04100-t26_1	64.6	1403	401	24	28	1354	32	1415	0.0	1604
Bcin04p00630.1	FGRAMPH1_01T18031	42.4	269	137	5	53	303	634	902	6.56e-55	203
Bcin04p00630.1	UMAG_04258_t1	40.6	286	145	4	50	311	1090	1374	5.40e-53	199
Bcin04p00630.1	MGG_14847-t26_1	41.0	268	140	4	53	302	644	911	8.62e-52	193
Bcin04p00630.1	ZT3D1_G5024_t1	39.5	271	140	6	50	296	647	917	7.25e-47	178
Bcin04p00630.1	ZTRI_4.424.mRNA	39.5	271	140	6	50	296	647	917	7.25e-47	178
Bcin04p00630.1	UMAG_10145_t1	38.4	250	148	4	56	302	560	806	1.05e-42	164
Bcin04p00630.1	CPUR_04764_t1	35.4	271	155	5	50	302	551	819	2.90e-39	153
Bcin04p00630.1	FGRAMPH1_01T17801	28.9	284	162	7	54	302	14	292	8.66e-28	111
Bcin04p00630.1	FGRAMPH1_01T17801	28.9	284	162	7	54	302	14	292	8.66e-28	111
Bcin04p00630.1	FGRAMPH1_01T10677	27.2	279	168	7	47	307	55	316	2.10e-22	96.7
Bcin12p03940.1	FGRAMPH1_01T14347	30.2	225	138	8	409	621	61	278	8.62e-20	88.6
Bcin12p03940.1	FGRAMPH1_01T14347	30.2	225	138	8	409	621	61	278	8.62e-20	88.6
Bcin12p03940.1	MGG_00803-t26_1	28.9	204	137	4	405	607	131	327	3.56e-18	84.3
Bcin12p03940.1	MGG_01196-t26_1	27.1	280	160	10	401	641	303	577	8.11e-16	77.0
Bcin12p03940.1	FGRAMPH1_01T17801	29.7	195	125	4	410	600	16	202	1.03e-14	71.2
Bcin12p03940.1	FGRAMPH1_01T17801	29.7	195	125	4	410	600	16	202	1.03e-14	71.2
Bcin12p03940.1	FGRAMPH1_01T20307	29.4	221	135	7	406	608	241	458	2.38e-14	72.0
Bcin12p03940.1	FGRAMPH1_01T20307	29.4	221	135	7	406	608	241	458	2.38e-14	72.0
Bcin12p03940.1	FGRAMPH1_01T10677	29.0	138	93	4	463	596	126	262	1.09e-09	56.2
Bcin12p03940.2	FGRAMPH1_01T14347	30.2	225	138	8	409	621	61	278	8.62e-20	88.6
Bcin12p03940.2	FGRAMPH1_01T14347	30.2	225	138	8	409	621	61	278	8.62e-20	88.6
Bcin12p03940.2	MGG_00803-t26_1	28.9	204	137	4	405	607	131	327	3.56e-18	84.3
Bcin12p03940.2	MGG_01196-t26_1	27.1	280	160	10	401	641	303	577	8.11e-16	77.0
Bcin12p03940.2	FGRAMPH1_01T17801	29.7	195	125	4	410	600	16	202	1.03e-14	71.2
Bcin12p03940.2	FGRAMPH1_01T17801	29.7	195	125	4	410	600	16	202	1.03e-14	71.2
Bcin12p03940.2	FGRAMPH1_01T20307	29.4	221	135	7	406	608	241	458	2.38e-14	72.0
Bcin12p03940.2	FGRAMPH1_01T20307	29.4	221	135	7	406	608	241	458	2.38e-14	72.0
Bcin12p03940.2	FGRAMPH1_01T10677	29.0	138	93	4	463	596	126	262	1.09e-09	56.2
Bcin03p03600.1	FGRAMPH1_01T25209	58.8	34	14	0	34	67	3	36	7.69e-07	47.4
Bcin01p05140.1	Afu6g08900-T	27.2	423	257	13	382	761	203	617	8.79e-36	140
Bcin01p05140.1	DEG20080014	26.4	439	258	14	382	761	203	635	2.18e-35	139
Bcin03p07960.1	FGRAMPH1_01T06289	39.2	561	278	13	117	664	302	812	4.01e-97	319
Bcin03p07960.1	Afu2g09060-T	37.0	576	284	9	115	666	399	919	2.42e-92	310
Bcin03p07960.1	FGRAMPH1_01T01289	36.4	585	279	12	115	666	395	919	1.01e-89	302
Bcin03p07960.1	FGRAMPH1_01T05925	33.8	607	265	11	117	653	237	776	3.06e-79	272
Bcin12p04280.1	Afu2g06150-T	28.2	85	59	1	50	132	377	461	8.76e-09	48.1
Bcin06p02830.1	UMAG_01048_t1	39.8	399	190	9	44	397	101	494	4.64e-85	265
Bcin15p02000.3	FGRAMPH1_01T16119	23.3	348	221	9	7	348	22	329	4.75e-17	77.0
Bcin15p02000.1	FGRAMPH1_01T16119	23.3	348	221	9	7	348	22	329	4.75e-17	77.0
Bcin15p02000.2	FGRAMPH1_01T16119	23.3	348	221	9	7	348	22	329	4.75e-17	77.0
Bcin07p06320.1	FGRAMPH1_01T02007	27.6	453	302	11	143	578	255	698	5.59e-43	162
Bcin11p02960.1	FGRAMPH1_01T14347	59.7	330	110	4	45	351	9	338	3.96e-123	363
Bcin11p02960.1	FGRAMPH1_01T14347	59.7	330	110	4	45	351	9	338	3.96e-123	363
Bcin11p02960.1	UMAG_11410_t1	28.4	232	124	9	77	270	101	328	1.87e-15	74.3
Bcin11p02960.1	FGRAMPH1_01T24783	32.6	218	121	13	77	283	78	280	6.16e-15	71.6
Bcin11p02960.1	FGRAMPH1_01T24783	32.6	218	121	13	77	283	78	280	6.16e-15	71.6
Bcin11p02960.1	AO090005000934-T	27.5	193	103	8	76	246	712	889	2.05e-09	55.1
Bcin02p08770.1	GLRG_04203_t1	60.8	2187	804	12	1	2145	1	2176	0.0	2600
Bcin02p08770.2	GLRG_04203_t1	60.8	2187	804	12	1	2145	1	2176	0.0	2600
Bcin01p08970.1	Afu2g06100-T	55.3	613	258	4	37	636	31	640	6.34e-226	644
Bcin03p09280.1	DEG20080019	74.4	442	111	2	8	447	9	450	5.24e-242	663
Bcin03p09280.1	Afu4g11340-T	74.4	442	111	2	8	447	9	450	5.24e-242	663
Bcin04p03660.1	Afu5g02370-T	74.7	687	152	7	3	669	2	686	0.0	1004
Bcin04p00130.1	MGG_01057-t26_1	47.6	338	161	9	427	754	3	334	3.09e-92	289
Bcin07p00610.1	Afu1g13200-T	23.4	1593	934	59	6	1434	20	1489	2.83e-60	223
Bcin12p02260.1	FGRAMPH1_01T26211	49.5	370	88	2	4	373	29	299	2.41e-125	362
Bcin12p02260.1	FGRAMPH1_01T26211	49.5	370	88	2	4	373	29	299	2.41e-125	362
Bcin12p02260.1	Afu1g04950-T	47.2	159	75	3	3	153	7	164	2.27e-45	155
Bcin12p02260.1	FGRAMPH1_01T24303	47.2	159	75	3	3	153	8	165	2.32e-45	155
Bcin12p02260.1	FGRAMPH1_01T24303	47.2	159	75	3	3	153	8	165	2.32e-45	155
Bcin12p02260.1	FGRAMPH1_01T19491	46.0	137	73	1	17	153	97	232	8.28e-38	140
Bcin12p02260.1	FGRAMPH1_01T19491	46.0	137	73	1	17	153	97	232	8.28e-38	140
Bcin01p01010.1	FGRAMPH1_01T09325	31.2	535	314	14	38	549	17	520	2.13e-74	241
Bcin05p04530.1	MGG_01227-t26_1	49.3	1368	559	23	297	1559	26	1363	0.0	1193
Bcin05p04530.1	MGG_11882-t26_1	28.1	335	178	7	1019	1351	1275	1548	2.20e-25	110
Bcin05p04530.1	MGG_07312-t26_1	22.2	685	399	27	969	1549	460	1114	1.52e-14	74.3
Bcin11p05280.1	FGRAMPH1_01T26635	58.7	235	96	1	2	235	4	238	8.45e-73	217
Bcin08p00510.1	FGRAMPH1_01T04933	55.7	698	286	13	69	752	8	696	1.29e-224	641
Bcin08p00510.1	FGRAMPH1_01T04933	55.7	698	286	13	69	752	8	696	1.29e-224	641
Bcin08p00510.4	FGRAMPH1_01T04933	55.7	698	286	13	69	752	8	696	1.29e-224	641
Bcin08p00510.4	FGRAMPH1_01T04933	55.7	698	286	13	69	752	8	696	1.29e-224	641
Bcin08p00510.3	FGRAMPH1_01T04933	55.7	698	286	13	69	752	8	696	1.29e-224	641
Bcin08p00510.3	FGRAMPH1_01T04933	55.7	698	286	13	69	752	8	696	1.29e-224	641
Bcin08p00510.2	FGRAMPH1_01T04933	55.7	698	286	13	69	752	8	696	1.29e-224	641
Bcin08p00510.2	FGRAMPH1_01T04933	55.7	698	286	13	69	752	8	696	1.29e-224	641
Bcin03p00460.2	MGG_11882-t26_1	22.4	611	339	23	827	1367	1436	1981	3.21e-10	60.1
Bcin03p00460.2	MGG_07312-t26_1	21.3	447	225	15	630	988	549	956	8.61e-10	58.5
Bcin03p00460.2	MGG_01227-t26_1	21.8	257	124	7	1176	1372	1114	1353	1.95e-05	44.3
Bcin03p00460.1	MGG_11882-t26_1	22.4	611	339	23	806	1346	1436	1981	3.15e-10	60.1
Bcin03p00460.1	MGG_07312-t26_1	21.3	447	225	15	609	967	549	956	8.45e-10	58.5
Bcin03p00460.1	MGG_01227-t26_1	21.8	257	124	7	1155	1351	1114	1353	1.92e-05	44.3
Bcin13p03650.1	FGRAMPH1_01T06521	81.4	118	22	0	119	236	145	262	3.52e-64	196
Bcin03p01890.1	MGG_04978-t26_1	76.2	168	39	1	1	167	1	168	4.72e-89	253
Bcin03p01890.1	MGG_04978	76.2	168	39	1	1	167	1	168	4.72e-89	253
Bcin01p05360.1	Afu6g05040-T	43.1	248	131	2	7	254	2	239	3.55e-57	186
Bcin01p05360.1	Afu2g12250-T	28.9	235	135	3	36	245	5	232	1.33e-24	97.8
Bcin01p05360.1	MGG_00529-t26_1	35.4	82	36	3	43	109	1000	1079	2.20e-04	38.5
Bcin02p00460.1	FGRAMPH1_01T08935	31.8	471	268	11	34	486	34	469	1.25e-62	209
Bcin02p00460.1	FGRAMPH1_01T12029	30.3	465	286	12	32	489	107	540	9.49e-52	181
Bcin02p00460.1	MGG_07982	28.2	479	311	14	21	484	21	481	3.00e-47	167
Bcin02p00460.1	FGRAMPH1_01T15651	23.5	472	283	16	34	487	42	453	8.42e-29	114
Bcin02p00460.1	MGG_07626	26.1	487	322	14	24	491	21	488	2.22e-26	107
Bcin07p05830.1	Afu4g11240-T	26.4	568	295	21	139	604	404	950	2.53e-27	115
Bcin11p05620.2	MGG_07312-t26_1	22.5	396	205	12	553	873	548	916	5.32e-10	58.9
Bcin11p05620.1	MGG_07312-t26_1	21.6	663	306	23	553	1136	548	1075	6.28e-13	68.6
Bcin04p02280.1	FGRAMPH1_01T12029	25.4	464	306	12	23	474	109	544	2.58e-35	134
Bcin04p02280.1	MGG_07982	25.8	473	289	13	27	466	39	482	6.87e-31	120
Bcin07p05070.1	DEG20080009	49.8	321	117	9	27	310	63	376	6.35e-91	271
Bcin11p06110.2	FGRAMPH1_01T18903	49.4	358	163	5	293	650	264	603	1.37e-107	336
Bcin11p06110.2	FGRAMPH1_01T18903	49.4	358	163	5	293	650	264	603	1.37e-107	336
Bcin11p06110.2	FGRAMPH1_01T24349	43.9	310	163	7	301	607	265	566	1.40e-75	250
Bcin11p06110.2	MGG_08689	39.9	346	183	6	311	651	853	1178	2.07e-75	259
Bcin11p06110.2	FGRAMPH1_01T26573	39.3	346	185	6	311	651	822	1147	5.92e-75	258
Bcin11p06110.2	UMAG_04456_t1	41.6	308	169	6	303	607	80	379	1.52e-69	229
Bcin11p06110.2	FGRAMPH1_01T10677	40.3	320	170	7	306	607	49	365	2.95e-67	222
Bcin11p06110.2	CPUR_03237_t1	34.0	435	220	13	264	650	232	647	9.17e-62	214
Bcin11p06110.2	MGG_00803-t26_1	30.6	288	185	6	315	602	130	402	9.99e-35	136
Bcin11p06110.2	UMAG_10145_t1	27.8	266	177	7	315	577	554	807	1.08e-21	95.5
Bcin11p06110.2	MGG_14847-t26_1	29.7	286	174	9	313	579	637	914	1.54e-21	95.1
Bcin11p06110.2	UMAG_06363_t1	29.6	267	139	8	314	537	14	274	2.15e-21	94.7
Bcin11p06110.2	FGRAMPH1_01T18031	28.4	320	202	9	276	579	596	904	3.51e-21	94.0
Bcin11p06110.2	CPUR_04764_t1	27.7	271	179	7	319	577	555	820	7.58e-21	92.8
Bcin11p06110.2	ZTRI_6.302.mRNA	29.3	208	123	6	384	587	93	280	8.21e-20	87.0
Bcin11p06110.2	UMAG_02331_t1	25.5	302	174	10	315	575	191	482	1.19e-19	88.2
Bcin11p06110.2	ZT3D1_G6735_t1	29.3	208	123	6	384	587	93	280	1.87e-19	87.0
Bcin11p06110.2	FGRAMPH1_01T20181	26.1	218	143	5	384	594	92	298	4.92e-18	81.6
Bcin11p06110.2	ZT3D1_G5024_t1	27.1	299	185	9	238	516	576	861	6.09e-18	83.6
Bcin11p06110.2	ZTRI_4.424.mRNA	27.1	299	185	9	238	516	576	861	6.09e-18	83.6
Bcin11p06110.2	CPUR_03754_t1	27.4	186	121	3	415	594	121	298	1.18e-17	80.5
Bcin11p06110.2	UMAG_03305_t1	31.9	138	86	3	389	521	95	229	2.88e-16	76.3
Bcin11p06110.2	MGG_03696	22.8	320	185	11	313	589	33	333	2.01e-14	70.5
Bcin11p06110.2	FGRAMPH1_01T01705	25.4	213	136	6	313	518	30	226	1.13e-13	68.2
Bcin11p06110.2	FGRAMPH1_01T01705	25.4	213	136	6	313	518	30	226	1.13e-13	68.2
Bcin11p06110.1	FGRAMPH1_01T18903	49.4	358	163	5	290	647	264	603	1.27e-107	336
Bcin11p06110.1	FGRAMPH1_01T18903	49.4	358	163	5	290	647	264	603	1.27e-107	336
Bcin11p06110.1	FGRAMPH1_01T24349	43.9	310	163	7	298	604	265	566	1.32e-75	250
Bcin11p06110.1	MGG_08689	39.9	346	183	6	308	648	853	1178	1.94e-75	259
Bcin11p06110.1	FGRAMPH1_01T26573	39.3	346	185	6	308	648	822	1147	5.57e-75	258
Bcin11p06110.1	UMAG_04456_t1	41.6	308	169	6	300	604	80	379	1.44e-69	229
Bcin11p06110.1	FGRAMPH1_01T10677	40.3	320	170	7	303	604	49	365	2.81e-67	222
Bcin11p06110.1	CPUR_03237_t1	34.0	435	220	13	261	647	232	647	8.74e-62	214
Bcin11p06110.1	MGG_00803-t26_1	30.6	288	185	6	312	599	130	402	9.82e-35	136
Bcin11p06110.1	UMAG_10145_t1	27.8	266	177	7	312	574	554	807	1.07e-21	95.5
Bcin11p06110.1	MGG_14847-t26_1	29.7	286	174	9	310	576	637	914	1.53e-21	95.1
Bcin11p06110.1	UMAG_06363_t1	29.6	267	139	8	311	534	14	274	2.13e-21	94.7
Bcin11p06110.1	FGRAMPH1_01T18031	28.4	320	202	9	273	576	596	904	3.48e-21	94.0
Bcin11p06110.1	CPUR_04764_t1	27.7	271	179	7	316	574	555	820	7.51e-21	92.8
Bcin11p06110.1	ZTRI_6.302.mRNA	29.3	208	123	6	381	584	93	280	8.15e-20	87.0
Bcin11p06110.1	UMAG_02331_t1	25.5	302	174	10	312	572	191	482	1.18e-19	88.2
Bcin11p06110.1	ZT3D1_G6735_t1	29.3	208	123	6	381	584	93	280	1.86e-19	87.0
Bcin11p06110.1	FGRAMPH1_01T20181	26.1	218	143	5	381	591	92	298	4.89e-18	81.6
Bcin11p06110.1	ZT3D1_G5024_t1	27.1	299	185	9	235	513	576	861	6.04e-18	83.6
Bcin11p06110.1	ZTRI_4.424.mRNA	27.1	299	185	9	235	513	576	861	6.04e-18	83.6
Bcin11p06110.1	CPUR_03754_t1	27.4	186	121	3	412	591	121	298	1.17e-17	80.5
Bcin11p06110.1	UMAG_03305_t1	31.9	138	86	3	386	518	95	229	2.87e-16	76.3
Bcin11p06110.1	MGG_03696	22.8	320	185	11	310	586	33	333	1.99e-14	70.5
Bcin11p06110.1	FGRAMPH1_01T01705	25.4	213	136	6	310	515	30	226	1.12e-13	68.2
Bcin11p06110.1	FGRAMPH1_01T01705	25.4	213	136	6	310	515	30	226	1.12e-13	68.2
Bcin11p06110.3	FGRAMPH1_01T18903	49.4	358	163	5	489	846	264	603	1.34e-105	336
Bcin11p06110.3	FGRAMPH1_01T18903	49.4	358	163	5	489	846	264	603	1.34e-105	336
Bcin11p06110.3	FGRAMPH1_01T24349	43.9	310	163	7	497	803	265	566	3.48e-74	250
Bcin11p06110.3	MGG_08689	39.9	346	183	6	507	847	853	1178	6.40e-74	259
Bcin11p06110.3	FGRAMPH1_01T26573	39.3	346	185	6	507	847	822	1147	1.77e-73	258
Bcin11p06110.3	UMAG_04456_t1	41.6	308	169	6	499	803	80	379	2.32e-68	229
Bcin11p06110.3	FGRAMPH1_01T10677	40.3	320	170	7	502	803	49	365	3.86e-66	222
Bcin11p06110.3	CPUR_03237_t1	34.0	435	220	13	460	846	232	647	9.97e-61	214
Bcin11p06110.3	MGG_00803-t26_1	30.6	288	185	6	511	798	130	402	2.20e-34	136
Bcin11p06110.3	UMAG_10145_t1	27.8	266	177	7	511	773	554	807	1.74e-21	95.5
Bcin11p06110.3	MGG_14847-t26_1	29.7	286	174	9	509	775	637	914	2.50e-21	95.1
Bcin11p06110.3	UMAG_06363_t1	29.6	267	139	8	510	733	14	274	3.48e-21	94.7
Bcin11p06110.3	FGRAMPH1_01T18031	28.4	320	202	9	472	775	596	904	5.64e-21	94.0
Bcin11p06110.3	CPUR_04764_t1	27.7	271	179	7	515	773	555	820	1.21e-20	92.8
Bcin11p06110.3	ZTRI_6.302.mRNA	29.3	208	123	6	580	783	93	280	1.16e-19	87.0
Bcin11p06110.3	UMAG_02331_t1	25.5	302	174	10	511	771	191	482	1.80e-19	88.2
Bcin11p06110.3	ZT3D1_G6735_t1	29.3	208	123	6	580	783	93	280	2.74e-19	87.0
Bcin11p06110.3	FGRAMPH1_01T20181	26.1	218	143	5	580	790	92	298	6.94e-18	81.6
Bcin11p06110.3	ZT3D1_G5024_t1	27.1	299	185	9	434	712	576	861	9.32e-18	83.6
Bcin11p06110.3	ZTRI_4.424.mRNA	27.1	299	185	9	434	712	576	861	9.32e-18	83.6
Bcin11p06110.3	CPUR_03754_t1	27.4	186	121	3	611	790	121	298	1.67e-17	80.5
Bcin11p06110.3	UMAG_03305_t1	31.9	138	86	3	585	717	95	229	4.05e-16	76.3
Bcin11p06110.3	MGG_03696	22.8	320	185	11	509	785	33	333	2.79e-14	70.5
Bcin11p06110.3	FGRAMPH1_01T01705	25.4	213	136	6	509	714	30	226	1.57e-13	68.2
Bcin11p06110.3	FGRAMPH1_01T01705	25.4	213	136	6	509	714	30	226	1.57e-13	68.2
Bcin09p01180.1	DEG20080025	68.5	710	199	7	11	704	11	711	0.0	944
Bcin09p01180.1	Afu3g14320-T	68.5	710	199	7	11	704	11	711	0.0	944
Bcin14p00850.1	CPUR_06978_t1	54.9	324	139	5	62	380	47	368	2.25e-109	321
Bcin14p00850.1	CPUR_06977_t1	53.7	322	143	4	63	380	48	367	1.83e-105	311
Bcin06p03710.1	FGRAMPH1_01T02007	40.5	74	43	1	23	95	80	153	1.02e-07	50.4
Bcin14p00430.1	DEG20080022	64.2	776	233	5	32	805	44	776	0.0	960
Bcin14p00430.1	Afu5g08890-T	64.2	776	233	5	32	805	44	776	0.0	960
Bcin14p00430.1	FGRAMPH1_01T26727	25.1	661	396	18	100	698	37	660	3.96e-41	157
Bcin14p00430.1	MGG_01553-t26_1	25.3	696	414	19	66	698	9	661	9.36e-40	152
Bcin15p01260.1	DEG20080004	50.9	460	194	5	2	457	4	435	1.25e-139	403
Bcin15p01260.1	Afu5g04000-T	50.9	460	194	5	2	457	4	435	1.25e-139	403
Bcin01p06470.1	DEG20080013	85.7	701	93	1	1	701	1	694	0.0	1207
Bcin01p06470.1	Afu6g06340-T	85.7	701	93	1	1	701	1	694	0.0	1207
Bcin10p02810.1	FGRAMPH1_01T02967	40.7	243	134	4	622	860	132	368	1.72e-48	174
Bcin10p02810.1	MGG_00529-t26_1	39.8	256	135	7	606	850	977	1224	5.27e-40	157
Bcin09p04550.2	FGRAMPH1_01T26573	28.9	128	84	3	807	931	896	1019	1.44e-11	63.9
Bcin09p04550.1	FGRAMPH1_01T26573	28.9	128	84	3	893	1017	896	1019	1.59e-11	63.9
Bcin05p05860.1	UMAG_01048_t1	47.7	426	169	4	44	423	81	498	1.32e-128	377
Bcin11p05340.1	FGRAMPH1_01T02007	25.8	477	280	18	30	464	77	521	1.20e-22	99.0
Bcin11p05340.1	FGRAMPH1_01T04197	42.3	52	29	1	27	77	11	62	9.78e-05	40.8
Bcin03p02810.1	CPUR_02892_t1	47.1	452	212	6	15	462	1	429	3.95e-126	371
Bcin03p02810.2	CPUR_02892_t1	45.0	409	198	6	1	405	44	429	2.05e-104	313
Bcin11p04070.1	MGG_07971-t26_1	48.0	1099	511	15	171	1228	21	1099	1.78e-314	918
Bcin11p04070.1	MGG_02074-t26_1	28.6	849	507	23	298	1086	53	862	1.34e-70	254
Bcin08p06510.1	FGRAMPH1_01T05093	34.8	178	110	3	8	184	380	552	5.55e-25	96.3
Bcin05p06800.1	Afu6g08900-T	24.6	472	269	14	173	606	208	630	9.42e-18	82.8
Bcin05p06800.1	DEG20080014	23.7	494	264	16	173	606	208	648	4.55e-16	77.4
Bcin03p03750.1	MGG_01191-t26_1	31.0	413	267	8	178	586	30	428	6.66e-61	205
Bcin03p03750.1	FGRAMPH1_01T01771	31.5	422	265	10	173	586	28	433	2.34e-60	205
Bcin01p02670.1	Afu4g09740-T	26.9	540	362	10	9	520	13	547	2.02e-51	180
Bcin14p01800.1	Afu2g12250-T	75.9	294	70	1	1	294	1	293	2.62e-154	431
Bcin03p02410.1	UMAG_04456_t1	31.1	219	136	6	259	476	98	302	6.35e-24	99.4
Bcin03p02410.1	FGRAMPH1_01T14347	27.0	270	174	10	257	517	60	315	9.85e-20	87.4
Bcin03p02410.1	FGRAMPH1_01T14347	27.0	270	174	10	257	517	60	315	9.85e-20	87.4
Bcin03p02410.1	MGG_04100-t26_1	28.2	206	135	5	254	458	60	253	1.30e-19	88.2
Bcin03p02410.1	UMAG_11410_t1	31.3	163	76	8	314	450	172	324	2.97e-10	58.2
Bcin05p03520.1	ZTRI_12.309.mRNA	31.9	307	200	2	11	317	104	401	2.84e-47	160
Bcin09p05290.1	MGG_00255-t26_1	43.9	214	75	3	123	336	99	267	4.80e-48	160
Bcin01p10970.1	Afu4g08510-T	36.8	468	216	13	354	750	271	729	1.18e-64	225
Bcin12p05040.1	FGRAMPH1_01T17579	58.9	1577	585	15	1	1566	1	1525	0.0	1866
Bcin12p05040.1	FGRAMPH1_01T17579	58.9	1577	585	15	1	1566	1	1525	0.0	1866
Bcin12p05040.1	ZTRI_6.302.mRNA	30.1	146	89	4	90	235	95	227	5.83e-11	61.2
Bcin12p05040.1	ZT3D1_G6735_t1	30.1	146	89	4	90	235	95	227	8.50e-11	61.2
Bcin12p05040.1	FGRAMPH1_01T20181	27.3	161	100	5	75	235	83	226	5.60e-10	58.2
Bcin12p05040.1	UMAG_02331_t1	27.6	185	117	5	90	270	266	437	6.91e-10	58.5
Bcin12p05040.1	CPUR_03754_t1	28.6	140	87	4	96	235	100	226	2.30e-09	56.2
Bcin12p05040.1	UMAG_03305_t1	29.1	141	86	5	96	235	98	225	9.35e-09	54.3
Bcin12p05040.1	MGG_12122-t26_1	32.8	137	71	7	101	235	119	236	1.60e-06	47.4
Bcin12p05040.1	FGRAMPH1_01T24535	32.8	137	71	7	101	235	119	236	4.86e-06	45.8
Bcin12p05040.1	FGRAMPH1_01T10041	27.5	120	72	4	116	235	120	224	9.38e-06	44.7
Bcin12p06640.1	FGRAMPH1_01T14849	65.4	512	159	8	1	504	1	502	6.50e-230	637
Bcin12p06640.1	MGG_04615-t26_1	47.0	279	143	2	221	495	547	824	8.02e-77	256
Bcin01p00280.1	MGG_01227-t26_1	39.0	1297	652	25	45	1213	73	1358	6.82e-273	807
Bcin01p00280.1	MGG_07312-t26_1	23.9	351	170	11	757	1025	565	900	1.95e-10	60.5
Bcin11p05860.1	FGRAMPH1_01T14839	27.3	187	118	4	31	199	245	431	1.02e-22	90.5
Bcin11p05860.1	FGRAMPH1_01T12029	25.0	132	92	2	70	201	369	493	3.09e-05	39.3
Bcin09p04420.1	UMAG_02411_t1	31.0	464	222	14	733	1108	176	629	1.35e-42	163
Bcin14p00600.1	GLRG_04203_t1	28.6	952	562	26	9	932	384	1245	1.29e-88	318
Bcin06p04280.1	FGRAMPH1_01T15969	22.5	631	387	27	50	642	17	583	6.38e-19	86.7
Bcin05p07640.1	FGRAMPH1_01T08935	25.8	466	313	13	41	497	38	479	3.90e-44	158
Bcin08p04300.1	Afu2g16240-T	59.2	1171	427	19	1	1143	85	1232	0.0	1248
Bcin08p04300.1	Afu4g06570-T	36.5	438	223	12	728	1129	707	1125	4.29e-62	226
Bcin11p01030.1	FGRAMPH1_01T22301	33.6	616	300	12	76	679	57	575	1.84e-93	303
Bcin11p01030.1	FGRAMPH1_01T25269	24.9	615	377	18	69	621	9	600	1.57e-33	133
Bcin11p01030.1	FGRAMPH1_01T04197	39.4	66	33	3	81	144	12	72	1.67e-06	46.6
Bcin13p04430.1	Afu1g13740-T	66.0	1583	512	10	9	1572	4	1578	0.0	2025
Bcin13p01820.1	FGRAMPH1_01T00811	75.2	234	55	1	5	235	37	270	2.35e-130	364
Bcin13p01820.1	CPUR_06597_t1	50.5	182	86	3	23	203	8	186	2.53e-60	184
Bcin13p01820.1	MGG_02731-t26_1	49.2	177	87	2	23	198	8	182	2.04e-59	182
Bcin13p01820.1	UMAG_00295_t1	51.5	171	80	2	25	194	5	173	1.04e-57	177
Bcin13p01820.1	MGG_06154	30.3	178	101	5	25	197	11	170	4.18e-20	80.9
Bcin13p01820.1	Bcin12g05760.1:RNA	30.3	178	101	5	25	197	10	169	7.79e-20	80.1
Bcin13p01820.1	UMAG_01643_t1	30.6	180	100	6	25	197	9	170	1.98e-19	78.6
Bcin13p01820.1	Afu6g13300-T	28.6	168	100	5	25	190	10	159	1.54e-16	71.2
Bcin01p02310.1	Afu1g07690-T	37.4	695	390	19	49	728	69	733	3.04e-137	424
Bcin14p04500.1	MGG_00800-t26_1	23.0	252	129	9	128	378	63	250	3.89e-07	47.4
Bcin14p04500.1	AO090005000934-T	34.2	111	53	5	286	376	826	936	5.63e-07	47.4
Bcin14p04500.1	MGG_03696	27.3	110	55	4	284	390	146	233	4.99e-04	37.4
Bcin14p04500.1	FGRAMPH1_01T01705	27.3	110	55	4	284	390	143	230	6.59e-04	37.0
Bcin14p04500.1	FGRAMPH1_01T01705	27.3	110	55	4	284	390	143	230	6.59e-04	37.0
Bcin10p04660.1	MGG_07312-t26_1	26.8	157	77	3	1081	1234	1001	1122	7.61e-14	71.6
Bcin01p05920.1	FGRAMPH1_01T01733	27.6	616	343	20	33	601	15	574	2.52e-47	177
Bcin01p05920.1	FGRAMPH1_01T01733	27.6	616	343	20	33	601	15	574	2.52e-47	177
Bcin07p06910.1	MGG_13435	58.2	622	215	8	53	650	28	628	4.09e-177	518
Bcin09p06140.1	MGG_02773-t26_1	69.4	232	58	7	1	227	1	224	2.42e-84	246
Bcin09p06140.2	MGG_02773-t26_1	69.4	232	58	7	1	227	1	224	2.42e-84	246
Bcin09p06140.3	MGG_02773-t26_1	69.4	232	58	7	1	227	1	224	2.42e-84	246
Bcin12p03390.1	MGG_01096-t26_1	47.4	616	288	12	9	595	31	639	1.02e-172	501
Bcin16p05020.1	MGG_07982	29.4	490	322	8	34	507	39	520	1.58e-70	229
Bcin16p05020.1	FGRAMPH1_01T12029	24.4	467	306	11	30	482	109	542	3.16e-32	125
Bcin16p05020.1	FGRAMPH1_01T15651	25.7	478	290	14	20	485	35	459	1.52e-29	116
Bcin16p05020.1	FGRAMPH1_01T14131	24.1	370	258	8	120	479	189	545	1.03e-18	84.3
Bcin06p05180.1	MGG_14008-t26_1	45.8	483	241	6	12	490	2	467	1.78e-131	385
Bcin10p02990.1	FGRAMPH1_01T24247	83.0	542	91	1	4	544	45	586	7.67e-308	856
Bcin05p06880.1	MGG_01196-t26_1	53.0	1026	330	37	251	1173	239	1215	2.82e-268	787
Bcin05p06880.1	MGG_00803-t26_1	39.2	296	137	5	320	615	130	382	3.87e-55	202
Bcin05p06880.1	FGRAMPH1_01T23607	29.6	304	167	6	317	617	118	377	4.66e-41	151
Bcin05p06880.1	FGRAMPH1_01T24349	30.7	309	160	9	318	616	272	536	1.39e-33	133
Bcin05p06880.1	FGRAMPH1_01T20307	29.3	297	184	7	319	613	238	510	4.03e-28	117
Bcin05p06880.1	FGRAMPH1_01T20307	29.3	297	184	7	319	613	238	510	4.03e-28	117
Bcin05p06880.1	MGG_14847-t26_1	29.0	293	166	8	319	602	640	899	1.29e-26	112
Bcin05p06880.1	UMAG_04258_t1	26.5	309	183	7	319	614	1089	1366	1.90e-26	112
Bcin05p06880.1	FGRAMPH1_01T18031	28.6	294	166	8	319	602	630	889	5.02e-26	110
Bcin05p06880.1	FGRAMPH1_01T17801	26.6	319	166	9	326	616	16	294	6.23e-26	105
Bcin05p06880.1	FGRAMPH1_01T17801	26.6	319	166	9	326	616	16	294	6.23e-26	105
Bcin05p06880.1	MGG_00883-t26_1	29.4	245	137	5	320	558	1238	1452	5.65e-24	104
Bcin05p06880.1	UMAG_06363_t1	27.8	270	141	7	313	553	8	252	9.88e-24	103
Bcin05p06880.1	CPUR_03237_t1	26.2	305	196	10	326	611	282	576	1.22e-22	99.4
Bcin05p06880.1	ZTRI_10.412.mRNA	26.2	317	169	8	326	617	26	302	3.95e-19	85.9
Bcin05p06880.1	FGRAMPH1_01T10041	25.7	339	167	12	326	617	10	310	2.30e-16	77.0
Bcin05p06880.1	FGRAMPH1_01T12137	25.1	267	140	9	326	570	10	238	1.31e-13	68.6
Bcin05p06880.1	MGG_03696	26.0	246	134	9	320	561	35	236	2.17e-13	68.2
Bcin05p06880.1	FGRAMPH1_01T01705	25.2	246	136	9	320	561	32	233	2.87e-12	64.7
Bcin05p06880.1	FGRAMPH1_01T01705	25.2	246	136	9	320	561	32	233	2.87e-12	64.7
Bcin05p06880.1	FGRAMPH1_01T18735	26.6	304	186	14	326	611	819	1103	5.40e-12	65.5
Bcin05p06880.1	FGRAMPH1_01T18735	26.6	304	186	14	326	611	819	1103	5.40e-12	65.5
Bcin05p06880.2	MGG_01196-t26_1	53.3	1032	341	38	251	1196	239	1215	3.80e-272	798
Bcin05p06880.2	MGG_00803-t26_1	39.2	296	137	5	320	615	130	382	4.08e-55	202
Bcin05p06880.2	FGRAMPH1_01T23607	29.6	304	167	6	317	617	118	377	4.79e-41	151
Bcin05p06880.2	FGRAMPH1_01T24349	30.7	309	160	9	318	616	272	536	1.44e-33	133
Bcin05p06880.2	FGRAMPH1_01T20307	29.3	297	184	7	319	613	238	510	4.17e-28	117
Bcin05p06880.2	FGRAMPH1_01T20307	29.3	297	184	7	319	613	238	510	4.17e-28	117
Bcin05p06880.2	MGG_14847-t26_1	29.0	293	166	8	319	602	640	899	1.33e-26	112
Bcin05p06880.2	UMAG_04258_t1	26.5	309	183	7	319	614	1089	1366	1.97e-26	112
Bcin05p06880.2	FGRAMPH1_01T18031	28.6	294	166	8	319	602	630	889	5.18e-26	110
Bcin05p06880.2	FGRAMPH1_01T17801	26.6	319	166	9	326	616	16	294	6.38e-26	105
Bcin05p06880.2	FGRAMPH1_01T17801	26.6	319	166	9	326	616	16	294	6.38e-26	105
Bcin05p06880.2	MGG_00883-t26_1	29.4	245	137	5	320	558	1238	1452	5.83e-24	104
Bcin05p06880.2	UMAG_06363_t1	27.8	270	141	7	313	553	8	252	1.02e-23	103
Bcin05p06880.2	CPUR_03237_t1	26.2	305	196	10	326	611	282	576	1.25e-22	99.4
Bcin05p06880.2	ZTRI_10.412.mRNA	26.2	317	169	8	326	617	26	302	4.05e-19	85.9
Bcin05p06880.2	FGRAMPH1_01T10041	25.7	339	167	12	326	617	10	310	2.36e-16	77.0
Bcin05p06880.2	FGRAMPH1_01T12137	25.1	267	140	9	326	570	10	238	1.34e-13	68.6
Bcin05p06880.2	MGG_03696	26.0	246	134	9	320	561	35	236	2.22e-13	68.2
Bcin05p06880.2	FGRAMPH1_01T01705	25.2	246	136	9	320	561	32	233	2.94e-12	64.7
Bcin05p06880.2	FGRAMPH1_01T01705	25.2	246	136	9	320	561	32	233	2.94e-12	64.7
Bcin05p06880.2	FGRAMPH1_01T18735	26.6	304	186	14	326	611	819	1103	5.54e-12	65.5
Bcin05p06880.2	FGRAMPH1_01T18735	26.6	304	186	14	326	611	819	1103	5.54e-12	65.5
Bcin02p09260.1	UMAG_01643_t1	32.9	210	94	5	13	219	10	175	5.56e-28	102
Bcin02p09260.1	MGG_06154	46.8	62	31	1	153	214	111	170	6.31e-12	59.3
Bcin02p09260.1	Bcin12g05760.1:RNA	43.4	53	30	0	162	214	117	169	2.72e-09	51.6
Bcin04p05210.1	FGRAMPH1_01T16511	31.2	173	89	7	16	181	17	166	1.08e-12	65.1
Bcin04p05210.1	FGRAMPH1_01T25209	54.3	35	16	0	18	52	5	39	2.40e-08	51.6
Bcin10p05050.1	FGRAMPH1_01T02967	46.3	322	173	0	135	456	59	380	3.36e-97	293
Bcin10p05050.1	MGG_00529-t26_1	40.5	237	131	6	204	433	989	1222	1.15e-40	151
Bcin15p04110.1	FGRAMPH1_01T24535	27.8	313	185	11	89	387	35	320	6.27e-28	108
Bcin15p04110.1	MGG_12122-t26_1	28.3	311	182	12	89	385	35	318	2.21e-27	107
Bcin15p04110.1	MGG_03696	25.0	312	195	14	88	385	34	320	1.40e-16	75.5
Bcin15p04110.1	MGG_00883-t26_1	28.8	156	102	5	131	285	1292	1439	2.94e-11	60.5
Bcin15p04110.1	FGRAMPH1_01T22799	20.7	294	154	12	152	387	401	673	1.65e-05	42.0
Bcin15p04110.1	FGRAMPH1_01T22799	20.7	294	154	12	152	387	401	673	1.65e-05	42.0
Bcin13p01000.1	MGG_04957-t26_1	27.5	1079	633	33	43	1082	40	1008	5.67e-88	301
Bcin09p01210.1	FGRAMPH1_01T07327	43.3	830	416	18	134	922	78	893	5.46e-201	594
Bcin05p07240.1	MGG_11882-t26_1	27.1	632	348	15	510	1055	977	1581	7.96e-54	203
Bcin05p07240.1	MGG_07312-t26_1	26.2	580	276	16	797	1235	554	1122	7.93e-39	153
Bcin05p07240.1	MGG_01227-t26_1	25.4	676	331	22	694	1221	697	1347	2.51e-33	135
Bcin16p01130.1	FGRAMPH1_01T24349	86.2	325	44	1	164	487	267	591	4.20e-209	587
Bcin16p01130.1	UMAG_04456_t1	67.1	328	104	3	163	487	79	405	3.55e-162	461
Bcin16p01130.1	FGRAMPH1_01T10677	47.2	343	154	9	170	487	52	392	8.39e-101	303
Bcin16p01130.1	FGRAMPH1_01T18903	42.8	304	165	5	169	469	279	576	7.51e-76	246
Bcin16p01130.1	FGRAMPH1_01T18903	42.8	304	165	5	169	469	279	576	7.51e-76	246
Bcin16p01130.1	FGRAMPH1_01T26573	37.3	303	181	5	167	463	817	1116	1.31e-61	213
Bcin16p01130.1	MGG_08689	37.0	303	182	5	167	463	848	1147	2.15e-60	209
Bcin16p01130.1	FGRAMPH1_01T23607	37.9	280	160	5	171	443	116	388	2.14e-58	193
Bcin16p01130.1	FGRAMPH1_01T20307	36.1	291	155	6	164	431	229	511	1.01e-51	183
Bcin16p01130.1	FGRAMPH1_01T20307	36.1	291	155	6	164	431	229	511	1.01e-51	183
Bcin16p01130.1	CPUR_03237_t1	32.3	334	168	8	175	456	275	602	5.55e-51	179
Bcin16p01130.1	MGG_00803-t26_1	31.9	270	174	5	173	439	127	389	5.47e-39	146
Bcin16p01130.1	MGG_01196-t26_1	28.4	303	168	5	175	433	307	604	2.42e-34	132
Bcin16p01130.1	UMAG_06363_t1	26.5	351	198	11	173	472	12	353	1.57e-25	105
Bcin16p01130.1	MGG_06393-t26_1	26.6	256	134	5	169	371	12	266	3.71e-24	101
Bcin16p01130.1	Bcin07g00720.1:RNA	24.0	296	165	8	170	407	17	310	6.40e-23	97.8
Bcin16p01130.1	MGG_00800-t26_1	29.5	200	136	4	175	371	60	257	1.18e-19	86.3
Bcin16p01130.1	FGRAMPH1_01T17801	25.0	308	174	12	169	434	3	295	7.90e-18	79.7
Bcin16p01130.1	FGRAMPH1_01T17801	25.0	308	174	12	169	434	3	295	7.90e-18	79.7
Bcin16p01130.1	FGRAMPH1_01T12137	26.4	318	152	15	182	434	10	310	1.80e-17	78.6
Bcin16p01130.1	FGRAMPH1_01T10041	30.9	178	97	7	224	376	52	228	5.04e-16	74.3
Bcin16p01130.1	FGRAMPH1_01T18735	23.4	282	153	9	182	410	819	1090	8.20e-08	50.1
Bcin16p01130.1	FGRAMPH1_01T18735	23.4	282	153	9	182	410	819	1090	8.20e-08	50.1
Bcin08p00010.3	MGG_07982	27.5	483	318	12	24	486	20	490	1.05e-49	174
Bcin08p00010.1	MGG_07982	27.5	483	318	12	24	486	20	490	1.05e-49	174
Bcin08p00010.2	MGG_07982	27.5	483	318	12	24	486	20	490	1.05e-49	174
Bcin05p01620.1	FGRAMPH1_01T27271	33.9	174	100	1	399	572	226	384	4.47e-23	98.2
Bcin05p01620.1	FGRAMPH1_01T27271	33.9	174	100	1	399	572	226	384	4.47e-23	98.2
Bcin11p05760.1	Afu2g09060-T	63.4	1041	342	18	1	1023	1	1020	0.0	1202
Bcin11p05760.1	FGRAMPH1_01T01289	65.3	989	304	11	62	1021	39	1017	0.0	1194
Bcin11p05760.1	FGRAMPH1_01T06289	36.7	547	293	11	391	915	290	805	4.48e-98	325
Bcin11p05760.1	FGRAMPH1_01T05925	35.6	578	320	8	389	922	223	792	2.30e-93	314
Bcin15p04420.1	MGG_16201-t26_1	28.8	139	92	3	4	137	11	147	1.96e-19	74.7
Bcin14p01230.1	MGG_04066-t26_1	25.8	1167	687	28	117	1243	200	1227	1.14e-77	278
Bcin14p01230.1	MGG_07971-t26_1	21.8	625	357	28	357	953	260	780	1.62e-05	44.7
Bcin04p01590.1	FGRAMPH1_01T27271	31.4	188	92	5	318	499	239	395	1.50e-16	77.4
Bcin04p01590.1	FGRAMPH1_01T27271	31.4	188	92	5	318	499	239	395	1.50e-16	77.4
Bcin02p01070.1	UMAG_04405_t1	38.7	1049	510	22	27	957	26	1059	1.96e-257	746
Bcin01p07770.1	Afu2g06150-T	36.1	83	52	1	11	93	38	119	3.99e-13	62.8
Bcin16p02020.1	Afu6g04740-T	99.4	343	2	0	33	375	51	393	1.29e-253	687
Bcin03p01720.2	Afu1g09280-T	39.2	130	64	4	379	499	145	268	4.01e-17	79.3
Bcin03p01720.1	Afu1g09280-T	39.2	130	64	4	379	499	145	268	4.01e-17	79.3
Bcin06p03980.1	DEG20080023	77.0	387	88	1	42	428	35	420	8.50e-223	613
Bcin06p03980.1	Afu5g07750-T	77.0	387	88	1	42	428	35	420	8.50e-223	613
Bcin08p01510.1	MGG_10565-t26_1	70.5	457	111	4	1	446	1	444	3.82e-190	531
Bcin11p02700.1	GLRG_04203_t1	26.5	1085	650	34	5	1018	384	1391	3.00e-75	275
Bcin12p06740.1	FGRAMPH1_01T05925	70.3	970	243	14	2	950	8	953	0.0	1238
Bcin12p06740.1	Afu2g09060-T	38.4	584	299	13	217	788	385	919	1.62e-95	320
Bcin12p06740.1	FGRAMPH1_01T01289	32.6	734	420	17	87	788	229	919	5.23e-94	315
Bcin12p06740.1	FGRAMPH1_01T06289	29.3	741	378	13	79	793	197	817	1.12e-82	281
Bcin02p01860.3	FGRAMPH1_01T12029	28.4	215	137	5	18	226	339	542	3.82e-19	81.6
Bcin02p01860.4	FGRAMPH1_01T12029	28.4	215	137	5	18	226	339	542	3.82e-19	81.6
Bcin02p01860.1	FGRAMPH1_01T12029	26.4	231	137	5	18	242	339	542	1.44e-17	77.4
Bcin02p01860.2	FGRAMPH1_01T12029	26.6	203	116	5	18	214	339	514	4.36e-14	65.9
Bcin08p05200.1	FGRAMPH1_01T09325	30.5	187	109	5	309	479	280	461	4.52e-14	69.7
Bcin08p05200.1	FGRAMPH1_01T14131	29.3	208	126	6	305	504	357	551	1.14e-13	68.6
Bcin14p05110.1	Afu2g11810-T	59.8	1193	449	14	2	1169	3	1190	0.0	1294
Bcin01p10610.1	FGRAMPH1_01T01289	37.9	541	302	9	209	719	392	928	8.89e-104	339
Bcin01p10610.1	Afu2g09060-T	38.2	523	293	9	213	709	400	918	6.32e-100	328
Bcin01p10610.1	FGRAMPH1_01T06289	36.9	521	283	9	213	703	301	805	5.51e-92	303
Bcin01p10610.1	FGRAMPH1_01T05925	34.9	611	325	13	213	757	236	839	5.15e-88	295
Bcin16p03700.1	Afu2g08550-T	68.0	178	55	1	1	178	1	176	6.57e-85	243
Bcin14p04970.1	FGRAMPH1_01T12029	24.1	465	308	12	28	485	109	535	6.34e-28	112
Bcin14p04970.1	MGG_07982	24.3	503	324	14	18	497	25	493	5.51e-24	100
Bcin14p04970.1	FGRAMPH1_01T14131	23.3	378	242	13	129	489	199	545	2.12e-10	58.2
Bcin14p01990.1	MGG_12814-t26_1	49.1	53	20	1	89	134	129	181	1.22e-05	40.8
Bcin12p05420.1	MGG_09456	30.2	461	315	4	5	459	26	485	1.03e-61	204
Bcin11p00470.1	MGG_00990-t26_1	60.6	1273	443	20	3	1237	4	1256	0.0	1371
Bcin13p03980.1	UMAG_10145_t1	38.6	665	320	9	231	840	189	820	1.82e-114	364
Bcin13p03980.1	CPUR_04764_t1	57.8	289	105	3	575	846	551	839	3.27e-99	323
Bcin13p03980.1	MGG_04100-t26_1	39.4	249	146	3	581	826	65	311	8.92e-46	173
Bcin13p03980.1	ZT3D1_G5024_t1	32.7	281	164	6	575	830	647	927	9.76e-38	147
Bcin13p03980.1	ZTRI_4.424.mRNA	32.7	281	164	6	575	830	647	927	9.76e-38	147
Bcin13p03980.1	MGG_00883-t26_1	33.5	263	157	7	581	825	1244	1506	2.05e-36	144
Bcin13p03980.1	UMAG_04456_t1	34.2	196	122	3	581	772	98	290	4.55e-30	119
Bcin13p03980.1	FGRAMPH1_01T24349	31.3	230	148	4	578	800	282	508	4.11e-28	115
Bcin13p03980.1	FGRAMPH1_01T23607	30.4	260	162	8	581	829	127	378	1.04e-27	111
Bcin13p03980.1	FGRAMPH1_01T12137	29.6	240	142	8	575	787	4	243	1.23e-25	103
Bcin13p03980.1	FGRAMPH1_01T26573	31.8	201	131	2	578	772	829	1029	1.75e-25	108
Bcin13p03980.1	MGG_08689	31.3	201	132	2	578	772	860	1060	1.78e-25	108
Bcin13p03980.1	MGG_01196-t26_1	26.9	301	169	8	581	834	314	610	9.92e-23	99.8
Bcin13p03980.1	FGRAMPH1_01T20307	23.1	454	276	13	422	825	80	510	5.44e-20	90.5
Bcin13p03980.1	FGRAMPH1_01T20307	23.1	454	276	13	422	825	80	510	5.44e-20	90.5
Bcin04p00750.1	MGG_05078-t26_1	28.5	369	200	8	104	412	22	386	1.78e-26	112
Bcin04p00750.1	MGG_02074-t26_1	28.7	300	157	8	469	721	513	802	3.93e-21	94.7
Bcin04p00750.1	MGG_07971-t26_1	23.6	356	207	13	120	414	145	496	1.84e-08	53.5
Bcin01p07330.1	CPUR_06978_t1	48.8	336	164	5	40	371	34	365	1.62e-89	270
Bcin01p07330.1	CPUR_06977_t1	48.5	336	164	5	40	371	34	364	4.43e-89	269
Bcin13p01490.1	MGG_07982	22.0	486	343	9	69	535	42	510	1.29e-32	126
Bcin13p01490.1	FGRAMPH1_01T12029	25.4	456	306	11	59	506	106	535	1.29e-30	121
Bcin13p01490.1	FGRAMPH1_01T04729	25.1	191	128	7	338	521	339	521	2.59e-12	64.3
Bcin13p01490.1	FGRAMPH1_01T22299	24.7	190	127	5	318	506	308	482	2.22e-10	58.2
Bcin01p09320.1	MGG_02074-t26_1	29.2	1042	621	25	23	993	44	1039	3.02e-104	346
Bcin01p09320.1	MGG_05078-t26_1	26.8	1100	626	32	9	985	15	1058	8.80e-83	286
Bcin01p09320.1	MGG_07971-t26_1	29.6	867	508	26	33	835	146	974	9.20e-75	264
Bcin01p09320.1	MGG_04066-t26_1	21.3	511	304	17	326	759	634	1123	4.46e-10	58.9
Bcin02p04560.1	MGG_08843	47.9	330	140	4	553	877	314	616	8.25e-90	293
Bcin07p03810.1	Afu2g14030-T	61.6	643	224	4	60	687	85	719	3.14e-278	776
Bcin03p03340.1	Afu6g04910-T	50.2	1023	401	29	34	1006	37	1001	1.98e-317	899
Bcin08p03850.1	MGG_07626	42.9	475	262	5	35	502	37	509	9.10e-135	395
Bcin08p03850.1	MGG_07982	22.6	464	314	17	34	475	42	482	5.29e-21	91.3
Bcin08p03850.1	FGRAMPH1_01T09325	27.1	188	118	6	301	475	295	476	1.36e-09	55.5
Bcin10p00140.1	MGG_02252-t26_1	44.0	257	142	2	8	262	27	283	3.07e-73	221
Bcin10p00140.1	MGG_00362	28.6	213	122	7	7	193	50	258	3.34e-09	52.0
Bcin05p03280.1	MGG_06743	36.2	127	75	2	59	185	198	318	7.86e-17	78.2
Bcin10p01580.1	FGRAMPH1_01T16511	51.5	33	16	0	13	45	17	49	1.30e-07	48.9
Bcin10p01580.1	FGRAMPH1_01T25209	51.3	39	18	1	13	50	3	41	5.93e-07	47.0
Bcin03p04360.1	GLRG_04203_t1	26.8	1077	653	32	6	1024	384	1383	2.77e-82	299
Bcin03p04360.1	Afu4g11240-T	26.3	400	240	13	3432	3781	819	1213	6.42e-18	87.0
Bcin03p02430.1	Afu6g04610-T	57.4	115	48	1	27	140	16	130	1.69e-43	136
Bcin07p01630.1	FGRAMPH1_01T16511	44.6	56	29	1	32	85	14	69	1.46e-07	50.1
Bcin03p00940.1	FGRAMPH1_01T02007	25.0	688	412	14	29	684	83	698	3.73e-57	207
Bcin10p04050.1	Afu6g08900-T	32.6	414	212	10	268	616	201	612	1.42e-46	173
Bcin10p04050.1	DEG20080014	31.5	432	211	10	268	616	201	630	1.28e-44	167
Bcin09p04960.1	MGG_06050-t26_1	60.6	71	28	0	682	752	166	236	1.40e-19	88.6
Bcin09p04960.1	FGRAMPH1_01T17027	66.1	62	21	0	691	752	73	134	6.12e-19	86.3
Bcin13p00090.1	UMAG_00295_t1	85.3	190	27	1	5	194	3	191	4.20e-118	328
Bcin13p00090.1	MGG_02731-t26_1	64.4	194	67	2	3	194	6	199	1.17e-89	257
Bcin13p00090.1	CPUR_06597_t1	60.8	194	74	1	3	194	6	199	1.83e-86	249
Bcin13p00090.1	FGRAMPH1_01T00811	48.8	172	83	3	7	175	57	226	4.84e-52	164
Bcin13p00090.1	MGG_06241	28.5	123	85	3	4	124	10	131	3.01e-13	61.6
Bcin03p09180.1	MGG_00362	49.1	326	160	4	9	329	25	349	9.06e-98	290
Bcin03p09180.1	MGG_05096-t26_1	41.5	65	35	1	23	84	38	102	3.12e-08	49.7
Bcin14p02270.1	MGG_00529-t26_1	32.6	522	278	18	236	738	763	1229	1.57e-60	218
Bcin14p02270.1	FGRAMPH1_01T02967	41.8	244	131	4	184	422	129	366	1.01e-55	192
Bcin06p04420.1	FGRAMPH1_01T08935	22.7	436	262	16	120	510	89	494	2.75e-18	82.8
Bcin06p04420.1	FGRAMPH1_01T12029	30.2	169	104	5	319	481	373	533	4.26e-17	79.3
Bcin06p04420.1	MGG_07626	28.8	184	109	5	312	481	304	479	2.66e-16	76.6
Bcin06p04420.1	FGRAMPH1_01T09325	26.5	166	101	5	320	469	301	461	4.53e-10	57.0
Bcin06p05600.1	MGG_04100-t26_1	33.6	295	175	9	1497	1785	59	338	8.22e-35	141
Bcin06p05600.1	UMAG_04258_t1	29.0	303	180	9	1494	1774	1087	1376	3.62e-29	123
Bcin06p05600.1	MGG_00883-t26_1	25.9	309	197	11	1480	1770	1219	1513	2.64e-25	110
Bcin06p05600.1	ZTRI_10.412.mRNA	28.2	209	135	5	1496	1704	19	212	1.89e-21	94.0
Bcin06p05600.1	FGRAMPH1_01T20307	25.1	287	179	9	1497	1762	239	510	1.13e-20	94.7
Bcin06p05600.1	FGRAMPH1_01T20307	25.1	287	179	9	1497	1762	239	510	1.13e-20	94.7
Bcin06p05600.1	MGG_08689	26.0	208	135	5	1497	1699	857	1050	2.90e-17	84.0
Bcin06p05600.1	FGRAMPH1_01T26573	27.4	208	132	5	1497	1699	826	1019	1.11e-16	82.0
Bcin06p05600.1	UMAG_02331_t1	26.5	215	144	5	1496	1704	190	396	4.20e-14	72.8
Bcin06p05600.1	ZTRI_6.302.mRNA	25.1	223	133	7	1496	1704	23	225	1.75e-13	69.7
Bcin06p05600.1	ZT3D1_G6735_t1	25.1	223	133	7	1496	1704	23	225	3.00e-13	69.7
Bcin06p05600.1	FGRAMPH1_01T20181	25.1	223	133	7	1496	1704	22	224	3.08e-13	68.9
Bcin06p05600.1	CPUR_03754_t1	24.8	222	133	7	1497	1704	23	224	1.29e-12	67.0
Bcin06p05600.2	MGG_04100-t26_1	33.6	295	175	9	1458	1746	59	338	8.04e-35	141
Bcin06p05600.2	UMAG_04258_t1	29.0	303	180	9	1455	1735	1087	1376	3.54e-29	123
Bcin06p05600.2	MGG_00883-t26_1	25.9	309	197	11	1441	1731	1219	1513	2.59e-25	110
Bcin06p05600.2	ZTRI_10.412.mRNA	28.2	209	135	5	1457	1665	19	212	1.86e-21	94.0
Bcin06p05600.2	FGRAMPH1_01T20307	25.1	287	179	9	1458	1723	239	510	1.11e-20	94.7
Bcin06p05600.2	FGRAMPH1_01T20307	25.1	287	179	9	1458	1723	239	510	1.11e-20	94.7
Bcin06p05600.2	MGG_08689	26.0	208	135	5	1458	1660	857	1050	2.84e-17	84.0
Bcin06p05600.2	FGRAMPH1_01T26573	27.4	208	132	5	1458	1660	826	1019	1.09e-16	82.0
Bcin06p05600.2	UMAG_02331_t1	26.5	215	144	5	1457	1665	190	396	4.13e-14	72.8
Bcin06p05600.2	ZTRI_6.302.mRNA	25.1	223	133	7	1457	1665	23	225	1.72e-13	69.7
Bcin06p05600.2	ZT3D1_G6735_t1	25.1	223	133	7	1457	1665	23	225	2.94e-13	69.7
Bcin06p05600.2	FGRAMPH1_01T20181	25.1	223	133	7	1457	1665	22	224	3.03e-13	68.9
Bcin06p05600.2	CPUR_03754_t1	24.8	222	133	7	1458	1665	23	224	1.27e-12	67.0
Bcin04p00700.1	FGRAMPH1_01T28259	55.9	329	140	1	1	324	1	329	3.81e-134	380
Bcin04p00700.1	FGRAMPH1_01T28281	41.6	327	168	3	1	324	1	307	5.09e-87	259
Bcin03p05770.1	MGG_01196-t26_1	26.9	331	173	11	169	460	301	601	6.58e-21	93.2
Bcin03p05770.1	FGRAMPH1_01T14347	29.4	221	132	8	181	396	61	262	6.04e-16	76.3
Bcin03p05770.1	FGRAMPH1_01T14347	29.4	221	132	8	181	396	61	262	6.04e-16	76.3
Bcin03p05770.1	FGRAMPH1_01T20307	27.4	241	129	8	182	401	245	460	1.28e-15	75.9
Bcin03p05770.1	FGRAMPH1_01T20307	27.4	241	129	8	182	401	245	460	1.28e-15	75.9
Bcin03p05770.1	MGG_03696	24.3	263	156	9	233	462	69	321	1.41e-10	58.5
Bcin03p05770.1	FGRAMPH1_01T01705	25.2	218	127	6	280	468	112	322	1.87e-10	58.2
Bcin03p05770.1	FGRAMPH1_01T01705	25.2	218	127	6	280	468	112	322	1.87e-10	58.2
Bcin07p00940.1	MGG_03860-t26_1	41.1	382	214	4	211	588	102	476	1.29e-87	285
Bcin07p00940.3	MGG_03860-t26_1	41.1	382	214	4	211	588	102	476	1.29e-87	285
Bcin07p00940.2	MGG_03860-t26_1	41.1	382	214	4	296	673	102	476	4.81e-87	285
Bcin15p05080.1	MGG_07331-t26_1	50.0	362	176	5	40	399	31	389	2.72e-121	357
Bcin15p05080.1	MGG_11861-t26_1	41.1	365	196	8	26	376	13	372	1.29e-78	249
Bcin15p05080.1	MGG_08370-t26_1	38.6	363	205	8	26	373	12	371	2.56e-69	225
Bcin03p01980.1	FGRAMPH1_01T25269	51.1	45	21	1	16	60	15	58	3.90e-06	45.1
Bcin11p00800.1	FGRAMPH1_01T16511	27.9	229	142	5	28	247	6	220	1.31e-19	87.4
Bcin03p06440.1	Afu4g11280-T	38.9	457	245	10	12	449	29	470	6.30e-92	282
Bcin14p03200.1	FGRAMPH1_01T16511	30.0	223	144	5	26	241	10	227	1.83e-22	94.7
Bcin06p04100.1	GLRG_02446_t1	41.3	351	155	7	8	352	3	308	5.92e-82	248
Bcin06p04100.1	AFUB_024520-T	31.0	352	155	13	8	324	10	308	1.37e-36	131
Bcin02p00190.2	UMAG_02582_t1	34.4	1440	738	38	77	1431	211	1528	8.56e-218	699
Bcin02p00190.1	UMAG_02582_t1	34.1	1471	724	38	77	1455	211	1528	1.93e-216	696
Bcin16p01290.1	Afu2g08860-T	47.6	294	152	1	1	294	1	292	9.04e-93	272
Bcin07p01810.1	FGRAMPH1_01T02967	34.0	235	147	4	112	344	132	360	1.37e-37	136
Bcin07p01810.1	MGG_00529-t26_1	29.2	260	168	6	90	341	971	1222	2.10e-28	113
Bcin11p01760.1	Afu2g16040-T	24.4	250	164	10	298	537	1518	1752	4.35e-05	42.0
Bcin05p03120.1	FGRAMPH1_01T02345	78.6	215	45	1	12	225	6	220	9.58e-126	353
Bcin10p00780.1	Afu1g05830-T	63.3	1911	661	18	1	1885	1	1896	0.0	2274
Bcin08p04530.1	MGG_17909-t26_1	69.3	365	95	8	1	363	1	350	1.25e-151	427
Bcin05p00180.1	MGG_11513-t26_1	83.1	614	104	0	1	614	1	614	0.0	980
Bcin01p06260.6	MGG_11882-t26_1	43.5	248	134	2	715	960	1310	1553	1.18e-47	182
Bcin01p06260.6	MGG_07312-t26_1	23.9	657	320	18	694	1230	528	1124	8.19e-33	133
Bcin01p06260.6	MGG_01227-t26_1	23.9	644	309	15	718	1240	797	1380	8.41e-28	117
Bcin01p06260.2	MGG_11882-t26_1	43.5	248	134	2	715	960	1310	1553	1.17e-47	182
Bcin01p06260.2	MGG_07312-t26_1	23.9	657	320	18	694	1230	528	1124	8.14e-33	133
Bcin01p06260.2	MGG_01227-t26_1	23.9	644	309	15	718	1240	797	1380	8.37e-28	117
Bcin01p06260.3	MGG_11882-t26_1	43.5	248	134	2	715	960	1310	1553	1.18e-47	182
Bcin01p06260.3	MGG_07312-t26_1	23.9	657	320	18	694	1230	528	1124	8.19e-33	133
Bcin01p06260.3	MGG_01227-t26_1	23.9	644	309	15	718	1240	797	1380	8.41e-28	117
Bcin01p06260.4	MGG_11882-t26_1	43.5	248	134	2	715	960	1310	1553	1.17e-47	182
Bcin01p06260.4	MGG_07312-t26_1	23.9	657	320	18	694	1230	528	1124	8.14e-33	133
Bcin01p06260.4	MGG_01227-t26_1	23.9	644	309	15	718	1240	797	1380	8.37e-28	117
Bcin01p06260.1	MGG_11882-t26_1	43.5	248	134	2	715	960	1310	1553	1.17e-47	182
Bcin01p06260.1	MGG_07312-t26_1	23.9	657	320	18	694	1230	528	1124	8.14e-33	133
Bcin01p06260.1	MGG_01227-t26_1	23.9	644	309	15	718	1240	797	1380	8.37e-28	117
Bcin01p06260.5	MGG_11882-t26_1	43.5	248	134	2	715	960	1310	1553	1.18e-47	182
Bcin01p06260.5	MGG_07312-t26_1	23.9	657	320	18	694	1230	528	1124	8.19e-33	133
Bcin01p06260.5	MGG_01227-t26_1	23.9	644	309	15	718	1240	797	1380	8.41e-28	117
Bcin12p04510.1	MGG_01227-t26_1	35.5	1474	716	31	47	1461	67	1364	6.74e-254	766
Bcin12p04510.1	MGG_07312-t26_1	26.1	353	199	10	1133	1470	825	1130	1.42e-18	87.4
Bcin04p03060.1	DEG20080034	73.3	742	176	8	1	727	1	735	0.0	1084
Bcin07p01050.1	MGG_12958-t26_1	52.8	36	17	0	156	191	561	596	1.22e-05	43.9
Bcin15p00970.1	Afu1g13910-T	25.3	641	384	20	233	820	68	666	3.76e-29	120
Bcin01p01700.1	FGRAMPH1_01T01733	65.3	701	239	2	6	703	10	709	0.0	955
Bcin01p01700.1	FGRAMPH1_01T01733	65.3	701	239	2	6	703	10	709	0.0	955
Bcin16p03570.1	Afu4g11240-T	24.5	560	319	22	2559	3051	387	909	4.41e-16	81.3
Bcin01p03000.1	DEG20080028	86.0	285	40	0	5	289	111	395	4.38e-191	525
Bcin01p03000.1	Afu3g08380-T	86.0	285	40	0	5	289	111	395	4.38e-191	525
Bcin07p03640.1	Afu1g05830-T	27.1	668	288	18	144	790	1310	1799	3.15e-45	172
Bcin05p03490.1	FGRAMPH1_01T24783	71.6	384	101	4	23	399	30	412	4.79e-200	553
Bcin05p03490.1	FGRAMPH1_01T24783	71.6	384	101	4	23	399	30	412	4.79e-200	553
Bcin05p03490.1	FGRAMPH1_01T10041	40.8	309	159	5	60	349	4	307	1.06e-71	223
Bcin05p03490.1	FGRAMPH1_01T12137	41.5	313	151	8	60	349	4	307	5.71e-69	216
Bcin05p03490.1	FGRAMPH1_01T17801	42.4	295	157	8	58	349	8	292	5.34e-68	214
Bcin05p03490.1	FGRAMPH1_01T17801	42.4	295	157	8	58	349	8	292	5.34e-68	214
Bcin05p03490.1	FGRAMPH1_01T24753	35.2	318	179	7	65	362	42	352	1.84e-49	171
Bcin05p03490.1	FGRAMPH1_01T24753	35.2	318	179	7	65	362	42	352	1.84e-49	171
Bcin05p03490.1	ZTRI_6.302.mRNA	34.8	293	170	9	66	348	30	311	6.58e-42	146
Bcin05p03490.1	ZT3D1_G6735_t1	34.8	293	170	9	66	348	30	311	3.98e-41	146
Bcin05p03490.1	UMAG_03305_t1	33.7	294	173	9	66	348	27	309	4.61e-41	144
Bcin05p03490.1	FGRAMPH1_01T20181	34.1	293	172	9	66	348	29	310	2.46e-40	142
Bcin05p03490.1	ZTRI_10.412.mRNA	32.5	323	182	9	43	356	11	306	6.91e-40	141
Bcin05p03490.1	CPUR_03754_t1	34.5	293	171	9	66	348	29	310	4.80e-39	139
Bcin05p03490.1	UMAG_02331_t1	33.0	306	178	11	58	348	189	482	5.74e-35	130
Bcin05p03490.1	FGRAMPH1_01T24535	30.0	320	194	10	59	367	34	334	9.18e-35	128
Bcin05p03490.1	MGG_12122-t26_1	29.1	302	186	9	59	349	34	318	2.30e-33	124
Bcin05p03490.1	MGG_03696	27.8	313	176	11	60	349	35	320	2.81e-29	112
Bcin05p03490.1	FGRAMPH1_01T01705	28.7	310	177	12	60	349	32	317	1.87e-28	109
Bcin05p03490.1	FGRAMPH1_01T01705	28.7	310	177	12	60	349	32	317	1.87e-28	109
Bcin05p03490.1	FGRAMPH1_01T23607	27.4	292	164	11	63	348	124	373	1.88e-27	107
Bcin05p03490.1	MGG_00803-t26_1	27.3	297	174	8	58	352	128	384	3.36e-26	106
Bcin05p03490.1	UMAG_10145_t1	28.9	225	149	6	60	283	554	768	7.35e-22	93.2
Bcin05p03490.1	CPUR_04764_t1	26.2	237	154	6	60	282	551	780	1.82e-20	89.0
Bcin05p03490.1	UMAG_04456_t1	29.4	197	129	6	66	261	98	285	1.44e-19	85.1
Bcin03p05880.1	MGG_06476-t26_1	54.5	772	277	22	1	753	1	717	9.83e-221	632
Bcin06p06360.1	Afu1g05240-T	48.7	1455	625	27	70	1472	55	1439	0.0	1158
Bcin13p00960.1	MGG_11513-t26_1	54.2	592	265	3	43	629	4	594	1.75e-211	601
Bcin03p07530.1	FGRAMPH1_01T14347	33.5	281	178	7	11	285	49	326	4.20e-39	146
Bcin03p07530.1	FGRAMPH1_01T14347	33.5	281	178	7	11	285	49	326	4.20e-39	146
Bcin03p07530.1	FGRAMPH1_01T20307	29.1	268	155	5	24	269	245	499	3.61e-27	112
Bcin03p07530.1	FGRAMPH1_01T20307	29.1	268	155	5	24	269	245	499	3.61e-27	112
Bcin03p07530.1	MGG_12122-t26_1	31.5	248	135	11	2	232	16	245	1.39e-16	77.4
Bcin03p07530.1	FGRAMPH1_01T24535	31.5	251	131	12	2	232	16	245	5.87e-16	75.5
Bcin03p07530.1	MGG_03696	24.3	214	134	8	18	223	35	228	7.23e-11	59.3
Bcin08p06250.1	FGRAMPH1_01T18115	32.1	399	217	9	2104	2464	2552	2934	6.47e-47	182
Bcin08p06250.1	MGG_15156	32.3	282	178	5	2120	2392	2031	2308	7.87e-38	152
Bcin08p06250.1	FGRAMPH1_01T09193	32.3	282	178	5	2120	2392	2009	2286	1.34e-37	151
Bcin15p02240.2	FGRAMPH1_01T12029	30.4	335	216	7	7	333	243	568	3.27e-39	141
Bcin15p02240.2	MGG_07982	28.8	312	201	7	7	301	175	482	1.49e-29	114
Bcin15p02240.1	FGRAMPH1_01T12029	28.2	103	66	4	81	180	113	210	6.01e-05	38.1
Bcin01p10100.2	MGG_08063-t26_1	83.3	526	87	1	1	526	1	525	0.0	875
Bcin01p10100.1	MGG_08063-t26_1	83.3	526	87	1	1	526	1	525	0.0	875
Bcin12p04990.1	MGG_13435	46.0	50	25	2	345	392	334	383	5.95e-07	47.8
Bcin14p04100.1	Afu3g12300-T	60.7	122	46	2	2	121	3	124	6.13e-45	138
Bcin10p03340.2	Afu6g13410-T	78.6	908	191	1	1	908	297	1201	0.0	1450
Bcin10p03340.1	Afu6g13410-T	80.1	1204	237	1	1	1204	1	1201	0.0	1954
Bcin05p05740.1	Afu6g08900-T	29.1	461	226	17	4	401	193	615	9.63e-27	110
Bcin05p05740.1	DEG20080014	27.8	468	241	17	4	401	193	633	5.37e-26	108
Bcin15p01060.1	MGG_07312-t26_1	25.4	626	287	16	602	1102	548	1118	1.22e-35	142
Bcin15p01060.1	MGG_01227-t26_1	24.1	755	385	26	458	1092	661	1347	1.21e-25	110
Bcin15p01060.1	MGG_11882-t26_1	26.8	194	98	5	909	1102	1841	1990	5.15e-11	62.4
Bcin12p01380.1	FGRAMPH1_01T07327	42.1	769	371	18	296	1006	136	888	1.21e-181	548
Bcin12p01380.2	FGRAMPH1_01T07327	42.1	769	371	18	405	1115	136	888	2.21e-180	548
Bcin06p07500.1	GLRG_06189_t1	74.2	395	93	3	1	387	1	394	5.96e-210	578
Bcin05p00680.1	MGG_11882-t26_1	50.4	2035	844	40	129	2107	67	1991	0.0	1679
Bcin05p00680.1	MGG_01227-t26_1	28.0	175	78	3	1984	2110	1187	1361	5.52e-07	50.1
Bcin11p03370.1	FGRAMPH1_01T16511	28.7	216	132	5	62	263	10	217	7.88e-18	81.3
Bcin11p03370.1	FGRAMPH1_01T25209	51.4	37	18	0	71	107	5	41	3.38e-07	48.1
Bcin15p04750.1	FGRAMPH1_01T14131	22.7	458	318	14	80	523	136	571	7.26e-23	97.4
Bcin15p04750.1	FGRAMPH1_01T09325	27.5	178	109	6	316	479	290	461	3.13e-12	63.9
Bcin14p01730.2	FOC4_g10008628-t38_1	46.4	351	184	4	1	350	1	348	2.24e-108	317
Bcin14p01730.2	FOZG_07243-t36_2	39.7	350	206	5	2	350	5	350	1.95e-88	266
Bcin14p01730.2	FOIG_12931-t36_1	39.7	350	206	5	2	350	5	350	1.95e-88	266
Bcin14p01730.2	FOC1_g10011152-t38_1	39.7	350	206	5	2	350	5	350	1.95e-88	266
Bcin14p01730.2	FOMG_10529-t38_1	39.7	350	206	5	2	350	5	350	1.95e-88	266
Bcin14p01730.2	UMAG_04474_t1	40.0	350	204	6	3	350	4	349	1.21e-86	261
Bcin14p01730.2	FOZG_07243-t36_1	38.7	300	179	5	52	350	1	296	4.51e-73	224
Bcin14p01730.2	FOIG_12931-t36_4	38.7	300	179	5	52	350	1	296	4.51e-73	224
Bcin14p01730.2	FOMG_10529-t38_4	38.7	300	179	5	52	350	1	296	4.51e-73	224
Bcin14p01730.2	FOZG_07243-t36_5	40.6	249	146	2	2	249	5	252	3.55e-61	192
Bcin14p01730.2	FOIG_12931-t36_5	40.6	249	146	2	2	249	5	252	3.55e-61	192
Bcin14p01730.2	FOMG_10529-t38_5	40.6	249	146	2	2	249	5	252	3.55e-61	192
Bcin14p01730.2	FOZG_07243-t36_4	39.2	199	119	2	52	249	1	198	6.15e-46	151
Bcin14p01730.2	FOIG_12931-t36_3	39.2	199	119	2	52	249	1	198	6.15e-46	151
Bcin14p01730.2	FOMG_10529-t38_3	39.2	199	119	2	52	249	1	198	6.15e-46	151
Bcin14p01730.2	FOZG_07243-t36_3	35.6	194	123	2	2	194	5	197	2.05e-35	124
Bcin14p01730.2	FOIG_12931-t36_2	35.6	194	123	2	2	194	5	197	2.05e-35	124
Bcin14p01730.2	FOMG_10529-t38_2	35.6	194	123	2	2	194	5	197	2.05e-35	124
Bcin14p01730.2	FOXG_06321-t26_1	35.6	194	123	2	2	194	5	197	1.28e-34	124
Bcin14p01730.1	FOC4_g10008628-t38_1	46.4	351	184	4	1	350	1	348	2.24e-108	317
Bcin14p01730.1	FOZG_07243-t36_2	39.7	350	206	5	2	350	5	350	1.95e-88	266
Bcin14p01730.1	FOIG_12931-t36_1	39.7	350	206	5	2	350	5	350	1.95e-88	266
Bcin14p01730.1	FOC1_g10011152-t38_1	39.7	350	206	5	2	350	5	350	1.95e-88	266
Bcin14p01730.1	FOMG_10529-t38_1	39.7	350	206	5	2	350	5	350	1.95e-88	266
Bcin14p01730.1	UMAG_04474_t1	40.0	350	204	6	3	350	4	349	1.21e-86	261
Bcin14p01730.1	FOZG_07243-t36_1	38.7	300	179	5	52	350	1	296	4.51e-73	224
Bcin14p01730.1	FOIG_12931-t36_4	38.7	300	179	5	52	350	1	296	4.51e-73	224
Bcin14p01730.1	FOMG_10529-t38_4	38.7	300	179	5	52	350	1	296	4.51e-73	224
Bcin14p01730.1	FOZG_07243-t36_5	40.6	249	146	2	2	249	5	252	3.55e-61	192
Bcin14p01730.1	FOIG_12931-t36_5	40.6	249	146	2	2	249	5	252	3.55e-61	192
Bcin14p01730.1	FOMG_10529-t38_5	40.6	249	146	2	2	249	5	252	3.55e-61	192
Bcin14p01730.1	FOZG_07243-t36_4	39.2	199	119	2	52	249	1	198	6.15e-46	151
Bcin14p01730.1	FOIG_12931-t36_3	39.2	199	119	2	52	249	1	198	6.15e-46	151
Bcin14p01730.1	FOMG_10529-t38_3	39.2	199	119	2	52	249	1	198	6.15e-46	151
Bcin14p01730.1	FOZG_07243-t36_3	35.6	194	123	2	2	194	5	197	2.05e-35	124
Bcin14p01730.1	FOIG_12931-t36_2	35.6	194	123	2	2	194	5	197	2.05e-35	124
Bcin14p01730.1	FOMG_10529-t38_2	35.6	194	123	2	2	194	5	197	2.05e-35	124
Bcin14p01730.1	FOXG_06321-t26_1	35.6	194	123	2	2	194	5	197	1.28e-34	124
Bcin05p00960.1	Afu4g07570-T	54.3	490	179	12	1	454	1	481	2.77e-160	460
Bcin12p04130.1	FGRAMPH1_01T26211	55.3	313	127	3	10	322	29	328	7.63e-125	356
Bcin12p04130.1	FGRAMPH1_01T26211	55.3	313	127	3	10	322	29	328	7.63e-125	356
Bcin12p04130.1	FGRAMPH1_01T24303	42.4	283	154	2	8	282	7	288	4.74e-84	252
Bcin12p04130.1	FGRAMPH1_01T24303	42.4	283	154	2	8	282	7	288	4.74e-84	252
Bcin12p04130.1	Afu1g04950-T	42.4	283	154	2	8	282	6	287	6.51e-84	252
Bcin12p04130.1	FGRAMPH1_01T19491	41.2	277	149	3	15	278	89	364	1.85e-67	216
Bcin12p04130.1	FGRAMPH1_01T19491	41.2	277	149	3	15	278	89	364	1.85e-67	216
Bcin04p05510.1	Afu1g05830-T	32.2	603	332	16	179	726	1303	1883	5.10e-73	262
Bcin01p03010.1	FGRAMPH1_01T14839	29.2	202	122	7	354	540	289	484	3.11e-14	70.5
Bcin08p05590.1	Afu5g07390-T	53.3	527	188	13	1	482	1	514	1.17e-169	484
Bcin15p03600.1	MGG_07145	72.3	759	202	4	16	772	15	767	0.0	1058
Bcin15p03600.1	Afu5g12680-T	27.3	776	475	21	21	762	163	883	4.06e-64	226
Bcin11p04150.1	FGRAMPH1_01T17579	40.8	49	28	1	396	444	1084	1131	9.75e-04	37.7
Bcin11p04150.1	FGRAMPH1_01T17579	40.8	49	28	1	396	444	1084	1131	9.75e-04	37.7
Bcin06p06250.1	FGRAMPH1_01T02007	26.0	466	295	11	74	498	83	539	4.14e-36	142
Bcin01p06480.1	MGG_00803-t26_1	38.5	270	152	7	280	549	127	382	2.65e-45	169
Bcin01p06480.1	FGRAMPH1_01T23607	35.3	266	148	8	289	548	127	374	4.15e-42	153
Bcin01p06480.1	FGRAMPH1_01T24349	33.3	252	153	6	285	536	281	517	1.07e-39	150
Bcin01p06480.1	FGRAMPH1_01T10677	35.0	283	153	10	273	536	47	317	2.86e-39	145
Bcin01p06480.1	UMAG_04456_t1	35.7	249	146	7	289	537	98	332	3.67e-39	145
Bcin01p06480.1	MGG_01196-t26_1	29.7	317	172	7	274	550	299	604	1.66e-35	139
Bcin01p06480.1	FGRAMPH1_01T20307	29.7	296	173	7	273	547	229	510	1.79e-35	139
Bcin01p06480.1	FGRAMPH1_01T20307	29.7	296	173	7	273	547	229	510	1.79e-35	139
Bcin01p06480.1	FGRAMPH1_01T14347	35.3	272	159	11	285	548	58	320	1.40e-34	133
Bcin01p06480.1	FGRAMPH1_01T14347	35.3	272	159	11	285	548	58	320	1.40e-34	133
Bcin01p06480.1	FGRAMPH1_01T18903	32.5	268	166	6	270	536	273	526	1.95e-34	134
Bcin01p06480.1	FGRAMPH1_01T18903	32.5	268	166	6	270	536	273	526	1.95e-34	134
Bcin01p06480.1	Bcin07g00720.1:RNA	28.4	352	175	7	287	582	27	357	1.91e-31	126
Bcin01p06480.1	MGG_08689	33.2	262	154	10	280	536	854	1099	2.02e-29	120
Bcin01p06480.1	FGRAMPH1_01T26573	32.4	262	156	10	280	536	823	1068	1.85e-28	117
Bcin01p06480.1	UMAG_06363_t1	30.4	263	133	6	283	505	15	267	2.17e-28	117
Bcin01p06480.1	UMAG_04258_t1	29.6	297	173	9	289	561	1096	1380	2.01e-27	114
Bcin01p06480.1	MGG_06393-t26_1	28.0	314	166	7	282	545	18	321	3.50e-27	113
Bcin01p06480.1	MGG_14847-t26_1	27.5	342	214	8	227	552	592	915	9.98e-27	111
Bcin01p06480.1	MGG_04100-t26_1	30.7	270	172	6	280	548	56	311	3.14e-26	110
Bcin01p06480.1	MGG_00883-t26_1	31.1	267	165	8	289	544	1244	1502	4.19e-26	110
Bcin01p06480.1	UMAG_03305_t1	25.8	360	210	13	271	589	9	352	7.06e-26	105
Bcin01p06480.1	CPUR_03754_t1	26.1	299	182	9	281	548	21	311	9.66e-26	104
Bcin01p06480.1	FGRAMPH1_01T20181	26.1	299	182	10	281	548	21	311	1.30e-25	104
Bcin01p06480.1	ZTRI_10.412.mRNA	29.9	311	176	12	276	560	13	307	1.81e-25	103
Bcin15p03540.1	MGG_01720-t26_1	54.5	675	276	12	45	700	41	703	2.55e-234	664
Bcin15p03540.1	MGG_01720-t26_1	54.5	675	276	12	45	700	41	703	2.55e-234	664
Bcin04p00040.1	FGRAMPH1_01T04729	34.2	152	89	7	382	532	393	534	1.85e-08	52.0
Bcin04p00040.2	FGRAMPH1_01T04729	36.2	105	61	4	382	486	393	491	2.73e-07	48.1
Bcin01p07820.1	Afu4g04630-T	65.7	324	81	8	1	302	1	316	2.63e-127	361
Bcin12p01680.1	Afu2g16710-T	47.4	475	201	12	1	460	3	443	3.03e-56	188
Bcin13p02330.1	MGG_07331-t26_1	36.5	375	202	12	20	386	27	373	1.77e-70	227
Bcin13p02330.1	MGG_08370-t26_1	40.7	305	162	8	37	333	38	331	2.82e-58	197
Bcin13p05140.1	FGRAMPH1_01T14131	28.6	203	116	7	280	469	353	539	2.05e-15	73.9
Bcin13p05140.1	FGRAMPH1_01T08935	22.5	387	267	10	126	498	127	494	5.51e-15	72.4
Bcin13p05140.1	FGRAMPH1_01T09325	27.6	170	105	5	301	457	297	461	2.31e-09	54.7
Bcin10p03960.1	Afu1g05830-T	29.9	561	347	13	290	820	1295	1839	1.32e-58	215
Bcin15p03620.1	MGG_01819-t26_1	80.6	877	166	3	6	879	12	887	0.0	1431
Bcin13p05530.1	Afu6g04740-T	35.8	363	200	7	70	429	58	390	1.22e-73	232
Bcin12p05720.1	FGRAMPH1_01T14769	53.9	684	273	9	1	647	1	679	2.30e-243	685
Bcin02p02380.1	Afu4g11240-T	25.4	959	587	29	1735	2596	421	1348	4.22e-65	240
Bcin05p05450.1	MGG_02252-t26_1	36.3	256	148	4	3	244	26	280	4.50e-50	161
Bcin04p00140.1	Afu4g11240-T	64.4	1181	391	10	8	1162	245	1422	0.0	1504
Bcin01p09870.1	UMAG_10145_t1	42.6	272	152	3	10	278	549	819	1.25e-61	216
Bcin01p09870.1	MGG_04100-t26_1	39.3	280	160	3	15	284	59	338	1.00e-53	196
Bcin01p09870.1	CPUR_04764_t1	38.5	283	154	5	15	278	551	832	1.15e-50	185
Bcin01p09870.1	UMAG_04258_t1	34.3	271	152	4	21	265	1096	1366	2.98e-42	160
Bcin01p09870.1	FGRAMPH1_01T18031	34.3	271	158	5	15	265	631	901	2.30e-40	154
Bcin01p09870.1	MGG_14847-t26_1	33.5	281	167	5	5	265	631	911	9.86e-40	152
Bcin01p09870.1	UMAG_01514_t1	31.1	305	148	6	21	265	115	417	7.14e-38	142
Bcin01p09870.1	ZT3D1_G514_t1	33.8	284	162	10	21	286	72	347	3.94e-36	137
Bcin01p09870.1	ZTRI_1.496.mRNA	33.8	284	162	10	21	286	72	347	3.94e-36	137
Bcin01p09870.1	ZT3D1_G5024_t1	32.9	277	160	4	15	265	647	923	6.95e-36	140
Bcin01p09870.1	ZTRI_4.424.mRNA	32.9	277	160	4	15	265	647	923	6.95e-36	140
Bcin01p09870.1	MGG_00800-t26_1	33.8	278	164	9	11	271	58	332	7.54e-35	132
Bcin01p09870.1	FGRAMPH1_01T27169	30.7	303	172	7	12	277	4	305	2.33e-27	113
Bcin01p09870.1	FGRAMPH1_01T27169	30.7	303	172	7	12	277	4	305	2.33e-27	113
Bcin01p09870.1	FGRAMPH1_01T18735	27.6	315	168	16	21	283	819	1125	1.46e-14	72.8
Bcin01p09870.1	FGRAMPH1_01T18735	27.6	315	168	16	21	283	819	1125	1.46e-14	72.8
Bcin01p09870.1	FGRAMPH1_01T24753	26.4	212	132	6	21	208	43	254	9.86e-13	66.2
Bcin01p09870.1	FGRAMPH1_01T24753	26.4	212	132	6	21	208	43	254	9.86e-13	66.2
Bcin12p01300.1	Afu2g10300-T	87.1	139	17	1	1	139	60	197	6.47e-79	228
Bcin03p00440.1	FGRAMPH1_01T08935	25.4	473	310	13	128	590	34	473	1.85e-32	126
Bcin03p00440.1	MGG_07982	22.9	545	366	15	94	610	3	521	1.16e-20	90.9
Bcin08p02210.1	FGRAMPH1_01T09325	28.8	458	283	11	27	455	33	476	3.86e-51	177
Bcin07p05800.1	MGG_01196-t26_1	35.0	220	121	6	447	647	334	550	1.81e-29	120
Bcin07p05800.1	MGG_00803-t26_1	34.2	243	111	7	398	639	134	328	3.41e-28	116
Bcin07p05800.1	FGRAMPH1_01T18903	28.7	244	124	9	397	638	289	484	1.27e-19	88.6
Bcin07p05800.1	FGRAMPH1_01T18903	28.7	244	124	9	397	638	289	484	1.27e-19	88.6
Bcin07p05800.1	FGRAMPH1_01T24349	31.0	168	95	5	472	638	327	474	1.53e-19	88.2
Bcin07p05800.1	MGG_14847-t26_1	24.5	261	146	7	387	638	637	855	1.74e-16	79.0
Bcin07p05800.1	ZT3D1_G514_t1	30.0	180	106	7	461	638	101	262	2.30e-14	71.2
Bcin07p05800.1	ZTRI_1.496.mRNA	30.0	180	106	7	461	638	101	262	2.30e-14	71.2
Bcin07p05800.1	FGRAMPH1_01T20307	26.4	178	94	4	481	638	297	457	3.97e-14	71.2
Bcin07p05800.1	FGRAMPH1_01T20307	26.4	178	94	4	481	638	297	457	3.97e-14	71.2
Bcin07p05800.1	UMAG_04258_t1	26.5	189	104	4	468	638	1140	1311	5.00e-14	71.2
Bcin07p05800.1	MGG_00883-t26_1	23.3	258	139	9	393	638	1237	1447	2.56e-13	68.9
Bcin07p05800.1	FGRAMPH1_01T17801	26.2	183	106	5	461	635	45	206	4.40e-13	66.2
Bcin07p05800.1	FGRAMPH1_01T17801	26.2	183	106	5	461	635	45	206	4.40e-13	66.2
Bcin07p05800.1	UMAG_01514_t1	25.5	196	127	6	465	659	148	325	3.14e-11	61.2
Bcin07p05800.1	FGRAMPH1_01T10041	24.6	207	109	7	460	640	40	225	1.83e-08	52.0
Bcin07p05800.1	AO090005000934-T	26.9	186	81	9	499	641	776	949	2.95e-08	52.4
Bcin07p05800.1	FGRAMPH1_01T12137	23.4	205	110	6	462	640	42	225	1.29e-07	49.3
Bcin07p05800.1	FGRAMPH1_01T18735	25.0	192	116	7	475	639	858	1048	1.35e-06	47.0
Bcin07p05800.1	FGRAMPH1_01T18735	25.0	192	116	7	475	639	858	1048	1.35e-06	47.0
Bcin07p05800.1	FGRAMPH1_01T24753	23.0	209	119	7	446	632	62	250	7.30e-06	44.3
Bcin07p05800.1	FGRAMPH1_01T24753	23.0	209	119	7	446	632	62	250	7.30e-06	44.3
Bcin03p06920.1	Afu1g05830-T	33.0	570	302	12	427	949	1300	1836	1.18e-76	274
Bcin09p06180.1	MGG_04066-t26_1	26.9	1178	638	35	110	1207	180	1214	2.70e-80	286
Bcin09p06180.1	MGG_07971-t26_1	22.1	615	365	21	341	938	263	780	4.69e-05	43.1
Bcin09p06180.2	MGG_04066-t26_1	26.9	1178	638	35	110	1207	180	1214	2.50e-80	286
Bcin09p06180.2	MGG_07971-t26_1	22.1	615	365	21	341	938	263	780	4.62e-05	43.1
Bcin06p03110.1	MGG_05659-t26_1	41.6	262	126	9	53	294	58	312	2.44e-43	155
Bcin03p01530.1	FGRAMPH1_01T02007	21.7	129	99	2	316	442	385	513	5.51e-04	38.5
Bcin15p00650.1	MGG_09559-t26_1	43.9	947	472	20	2	925	1	911	9.80e-255	733
Bcin01p02180.1	Afu2g16600-T	28.7	760	477	20	938	1678	372	1085	2.38e-79	281
Bcin01p10380.1	FGRAMPH1_01T14131	25.4	224	156	5	232	454	352	565	1.61e-16	79.3
Bcin01p10380.2	FGRAMPH1_01T14131	25.4	224	156	5	232	454	352	565	1.61e-16	79.3
Bcin15p04180.1	FGRAMPH1_01T27169	35.1	57	33	2	261	314	176	231	1.64e-04	39.7
Bcin15p04180.1	FGRAMPH1_01T27169	35.1	57	33	2	261	314	176	231	1.64e-04	39.7
Bcin04p04160.1	MGG_14496	31.9	608	299	21	222	763	266	824	8.55e-52	194
Bcin16p01410.1	FGRAMPH1_01T08935	26.7	468	310	15	30	485	34	480	6.55e-40	146
Bcin07p06220.1	MGG_11513-t26_1	45.0	600	305	11	49	632	10	600	1.05e-160	472
Bcin05p06220.1	GLRG_04203_t1	30.3	2228	1389	36	1	2115	1	2176	0.0	1030
Bcin03p06240.1	MGG_06154	35.1	208	108	3	6	187	8	214	5.44e-39	128
Bcin03p06240.1	Bcin12g05760.1:RNA	38.0	166	102	1	6	171	7	171	6.47e-37	123
Bcin03p06240.1	UMAG_01643_t1	36.2	185	111	3	9	187	9	192	2.12e-33	113
Bcin07p02410.1	FGRAMPH1_01T01439	54.3	547	214	19	3	524	4	539	1.38e-183	524
Bcin07p02410.1	FGRAMPH1_01T01439	54.3	547	214	19	3	524	4	539	1.38e-183	524
Bcin05p00810.1	MGG_03198-t26_1	20.3	148	97	6	347	483	521	658	2.11e-04	39.3
Bcin10p04140.1	FGRAMPH1_01T22799	69.5	581	154	10	93	664	124	690	2.91e-264	739
Bcin10p04140.1	FGRAMPH1_01T22799	69.5	581	154	10	93	664	124	690	2.91e-264	739
Bcin10p04140.1	ZTRI_10.412.mRNA	27.4	361	192	9	302	657	16	311	3.01e-25	103
Bcin10p04140.1	UMAG_02331_t1	24.9	369	206	13	304	660	189	498	5.76e-19	85.9
Bcin10p04140.1	UMAG_11410_t1	25.3	269	168	8	384	646	193	434	1.17e-18	85.9
Bcin10p04140.1	MGG_06393-t26_1	26.7	303	175	11	276	551	1	283	6.00e-16	77.0
Bcin10p04140.1	MGG_03696	23.0	356	190	16	306	646	35	321	1.34e-15	73.9
Bcin10p04140.1	FGRAMPH1_01T18903	26.5	230	129	8	306	530	286	480	1.65e-11	62.4
Bcin10p04140.1	FGRAMPH1_01T18903	26.5	230	129	8	306	530	286	480	1.65e-11	62.4
Bcin10p04140.1	FGRAMPH1_01T12137	23.0	369	190	13	306	645	4	307	2.83e-11	60.5
Bcin10p04140.1	ZT3D1_G5024_t1	25.0	236	144	8	305	530	646	858	1.78e-10	59.3
Bcin10p04140.1	ZTRI_4.424.mRNA	25.0	236	144	8	305	530	646	858	1.78e-10	59.3
Bcin10p04140.1	FGRAMPH1_01T18735	21.5	349	198	13	312	645	819	1106	8.22e-04	37.7
Bcin10p04140.1	FGRAMPH1_01T18735	21.5	349	198	13	312	645	819	1106	8.22e-04	37.7
Bcin06p00650.1	FGRAMPH1_01T08935	40.4	485	281	6	7	487	20	500	2.47e-117	350
Bcin06p00650.1	MGG_07982	34.9	479	289	8	25	481	39	516	6.90e-85	266
Bcin06p00650.1	FGRAMPH1_01T12029	31.2	446	284	10	22	459	110	540	3.93e-53	184
Bcin06p00650.1	MGG_07626	27.0	471	295	14	22	458	30	485	2.90e-29	115
Bcin13p04400.1	Afu1g13910-T	81.8	798	139	3	1	797	1	793	0.0	1315
Bcin07p03160.1	Afu2g01570-T	47.9	144	74	1	1	144	1	143	3.73e-45	140
Bcin11p03310.1	Afu6g08900-T	32.3	405	208	11	553	895	200	600	2.32e-44	168
Bcin11p03310.1	DEG20080014	30.5	423	210	10	553	895	200	618	1.35e-41	160
Bcin11p03310.2	Afu6g08900-T	32.3	405	208	11	498	840	200	600	2.09e-44	168
Bcin11p03310.2	DEG20080014	30.5	423	210	10	498	840	200	618	1.22e-41	160
Bcin01p05930.2	MGG_07312-t26_1	29.6	297	149	12	630	880	828	1110	6.98e-17	80.9
Bcin01p05930.1	MGG_07312-t26_1	29.6	297	149	12	630	880	828	1110	6.98e-17	80.9
Bcin08p04030.1	MGG_09456	66.8	491	161	2	10	499	12	501	4.92e-247	680
Bcin08p05150.1	UMAG_03156_t1	28.4	342	196	6	10	312	4	335	1.33e-34	124
Bcin07p03030.1	MGG_01185	44.0	166	88	2	9	169	20	185	2.63e-42	137
Bcin07p03030.1	MGG_08144-t26_1	39.9	173	98	3	1	167	1	173	5.36e-38	126
Bcin07p03030.1	MGG_06241	36.6	186	94	1	10	171	13	198	1.10e-35	121
Bcin07p03030.1	UMAG_01643_t1	33.3	174	111	3	8	177	7	179	4.87e-29	102
Bcin07p03030.1	FGRAMPH1_01T00811	27.0	196	121	5	10	191	57	244	1.73e-18	76.6
Bcin04p06570.1	MGG_06712-t26_1	86.4	766	104	0	1	766	1	766	0.0	1327
Bcin06p05730.1	Afu2g06150-T	64.3	476	166	3	25	497	33	507	3.22e-219	612
Bcin05p04730.1	FGRAMPH1_01T23607	33.9	322	148	12	115	430	112	374	4.90e-41	149
Bcin05p04730.1	MGG_01196-t26_1	29.5	339	191	11	110	430	294	602	4.64e-36	140
Bcin05p04730.1	MGG_06393-t26_1	28.2	379	214	11	129	481	24	370	1.18e-32	129
Bcin05p04730.1	FGRAMPH1_01T18903	29.3	300	154	6	121	418	283	526	1.30e-29	119
Bcin05p04730.1	FGRAMPH1_01T18903	29.3	300	154	6	121	418	283	526	1.30e-29	119
Bcin05p04730.1	UMAG_06363_t1	24.8	395	191	11	126	463	17	362	2.07e-25	107
Bcin05p04730.1	FGRAMPH1_01T12137	22.4	361	173	14	121	429	1	306	6.38e-18	80.5
Bcin05p04730.1	ZTRI_10.412.mRNA	25.2	345	171	13	123	437	19	306	1.32e-17	80.1
Bcin05p04730.1	FGRAMPH1_01T10041	25.5	282	130	11	121	376	1	228	2.40e-16	75.9
Bcin05p04730.1	AO090005000934-T	26.3	274	134	10	198	429	757	1004	1.68e-15	75.5
Bcin05p04730.1	UMAG_01514_t1	24.4	193	113	1	184	376	149	308	3.62e-13	67.0
Bcin05p04730.1	MGG_00800-t26_1	24.6	349	198	11	142	471	65	367	4.28e-12	63.5
Bcin05p04730.1	ZT3D1_G514_t1	24.3	280	164	7	105	376	27	266	1.06e-10	59.3
Bcin05p04730.1	ZTRI_1.496.mRNA	24.7	194	112	3	184	376	106	266	2.45e-10	58.2
Bcin05p04730.1	FGRAMPH1_01T02825	25.6	215	92	10	188	372	585	761	8.16e-10	57.0
Bcin05p04730.1	FGRAMPH1_01T02825	25.6	215	92	10	188	372	585	761	8.16e-10	57.0
Bcin05p04730.2	FGRAMPH1_01T23607	34.8	305	150	11	115	412	112	374	3.23e-42	152
Bcin05p04730.2	MGG_01196-t26_1	30.3	323	191	10	110	412	294	602	1.60e-37	144
Bcin05p04730.2	MGG_06393-t26_1	29.6	361	214	10	129	463	24	370	5.78e-36	139
Bcin05p04730.2	FGRAMPH1_01T18903	30.4	283	155	6	121	400	283	526	3.66e-30	120
Bcin05p04730.2	FGRAMPH1_01T18903	30.4	283	155	6	121	400	283	526	3.66e-30	120
Bcin05p04730.2	UMAG_06363_t1	25.7	377	192	10	126	445	17	362	8.82e-28	114
Bcin05p04730.2	FGRAMPH1_01T12137	23.0	343	175	12	121	411	1	306	2.17e-20	87.8
Bcin05p04730.2	ZTRI_10.412.mRNA	26.0	327	173	11	123	419	19	306	6.43e-20	87.0
Bcin05p04730.2	FGRAMPH1_01T10041	26.5	264	132	9	121	358	1	228	8.48e-19	83.2
Bcin05p04730.2	AO090005000934-T	25.3	324	168	12	130	411	713	1004	3.03e-16	77.8
Bcin05p04730.2	UMAG_01514_t1	24.1	237	145	2	122	358	107	308	1.16e-14	71.6
Bcin05p04730.2	MGG_00800-t26_1	24.2	351	205	10	122	453	59	367	1.82e-13	67.8
Bcin05p04730.2	ZT3D1_G514_t1	23.9	238	145	5	122	358	64	266	1.89e-11	61.6
Bcin05p04730.2	ZTRI_1.496.mRNA	23.9	238	145	5	122	358	64	266	1.89e-11	61.6
Bcin05p04730.2	FGRAMPH1_01T02825	24.1	261	128	11	124	354	541	761	2.19e-11	62.0
Bcin05p04730.2	FGRAMPH1_01T02825	24.1	261	128	11	124	354	541	761	2.19e-11	62.0
Bcin03p00300.1	Afu6g08900-T	23.3	546	255	15	246	758	203	617	7.58e-19	86.7
Bcin03p00300.1	DEG20080014	23.3	546	273	15	246	758	203	635	7.72e-19	86.7
Bcin12p01520.1	UMAG_02411_t1	27.8	550	283	21	568	1017	99	634	1.74e-45	172
Bcin01p09650.1	Afu3g08470-T	86.5	511	69	0	1	511	1	511	0.0	931
Bcin14p00650.1	UMAG_04405_t1	23.0	322	206	9	160	445	277	592	1.85e-15	76.3
Bcin15p05550.1	MGG_05096-t26_1	64.5	324	111	2	8	331	12	331	1.91e-152	427
Bcin08p00680.1	MGG_12958-t26_1	40.4	89	44	4	5	90	509	591	2.23e-04	40.4
Bcin08p00680.2	MGG_12958-t26_1	40.4	89	44	4	5	90	509	591	2.29e-04	40.4
Bcin08p00680.4	MGG_12958-t26_1	40.4	89	44	4	5	90	509	591	2.25e-04	40.4
Bcin08p00680.3	MGG_12958-t26_1	40.4	89	44	4	5	90	509	591	2.19e-04	40.4
