Orthogroup	Blumeria_graminis.EF2.pep.all	Botrytis_cinerea.ASM83294v1.pep.all	Fusarium_mangiferae_gca_900044065.Genome_assembly_version_1.pep.all	Fusarium_oxysporum.FO2.pep.all	Golovinomyces_cichoracearum_gca_003611195.ASM361119v1.pep.all	Sclerotinia_sclerotiorum.ASM14694v1.pep.all
OG0000000		Bcin10p04510.1, Bcin16p02550.1	CVL08111, CVL09054, CVL09140, CVL09146, CVL09158, CVL09287	FOXG_06569P0, FOXG_06693P0, FOXG_07257P0, FOXG_16687P0, FOXG_16750P0	RKF56047, RKF57251, RKF71352, RKF74483	EDN90727, EDN90931, EDN90964, EDN91309, EDN91310, EDN91311, EDN91368, EDN91382, EDN91396, EDN91397, EDN91419, EDN91428, EDN91429, EDN91556, EDN91557, EDN91558, EDN91611, EDN91663, EDN92476, EDN92511, EDN92655, EDN93346, EDN93356, EDN93457, EDN93532, EDN93533, EDN93534, EDN93538, EDN93545, EDN93620, EDN93663, EDN94266, EDN94391, EDN94392, EDN94478, EDN95185, EDN95194, EDN95216, EDN95217, EDN95218, EDN95311, EDN95326, EDN95327, EDN95831, EDN95836, EDN95889, EDN95894, EDN95907, EDN95913, EDN95953, EDN96079, EDN96148, EDN96282, EDN96283, EDN96358, EDN96359, EDN96513, EDN96514, EDN96573, EDN96615, EDN96616, EDN96689, EDN96851, EDN96878, EDN97035, EDN97036, EDN97088, EDN97093, EDN97117, EDN97160, EDN97161, EDN97168, EDN97516, EDN97517, EDN97518, EDN97520, EDN97523, EDN97538, EDN97541, EDN97555, EDN97572, EDN97618, EDN97701, EDN97748, EDN98105, EDN98133, EDN98259, EDN98546, EDN98547, EDN98590, EDN98948, EDN98961, EDN98982, EDN98983, EDN99218, EDN99223, EDN99224, EDN99292, EDN99334, EDN99351, EDN99371, EDN99569, EDN99575, EDN99830, EDN99863, EDO00170, EDO00171, EDO00206, EDO00352, EDO00420, EDO00507, EDO00508, EDO00923, EDO00924, EDO00967, EDO01013, EDO01302, EDO01304, EDO01338, EDO01386, EDO01549, EDO01609, EDO01626, EDO01642, EDO01643, EDO01646, EDO02421, EDO02505, EDO02548, EDO02563, EDO02738, EDO02747, EDO02756, EDO02775, EDO02973, EDO02974, EDO02989, EDO03136, EDO03173, EDO03174, EDO03396, EDO03464, EDO03471, EDO03475, EDO03793, EDO03810, EDO03811, EDO04596, EDO04601, EDO04664, EDO04786, EDO04787, EDO04844, EDO04878, EDO04891, EDO04900, EDO04977, EDO04991
OG0000001	BLGH_00043-mRNA-1, BLGH_00047-mRNA-1, BLGH_00070-mRNA-1, BLGH_00106-mRNA-1, BLGH_00279-mRNA-1, BLGH_00280-mRNA-1, BLGH_00314-mRNA-1, BLGH_00316-mRNA-1, BLGH_00378-mRNA-1, BLGH_00379-mRNA-1, BLGH_00380-mRNA-1, BLGH_00384-mRNA-1, BLGH_00409-mRNA-1, BLGH_00421-mRNA-1, BLGH_00433-mRNA-1, BLGH_00485-mRNA-1, BLGH_00486-mRNA-1, BLGH_00487-mRNA-1, BLGH_00505-mRNA-1, BLGH_00506-mRNA-1, BLGH_00509-mRNA-1, BLGH_00510-mRNA-1, BLGH_00511-mRNA-1, BLGH_00512-mRNA-1, BLGH_00513-mRNA-1, BLGH_01240-mRNA-1, BLGH_01913-mRNA-1, BLGH_02700-mRNA-1, BLGH_02704-mRNA-1, BLGH_03101-mRNA-1, BLGH_03660-mRNA-1, BLGH_03663-mRNA-1, BLGH_03665-mRNA-1, BLGH_03666-mRNA-1, BLGH_03671-mRNA-1, BLGH_03672-mRNA-1, BLGH_03675-mRNA-1, BLGH_03676-mRNA-1, BLGH_03713-mRNA-1, BLGH_03856-mRNA-1, BLGH_03887-mRNA-1, BLGH_03899-mRNA-1, BLGH_04042-mRNA-1, BLGH_04048-mRNA-1, BLGH_04298-mRNA-1, BLGH_04304-mRNA-1, BLGH_04305-mRNA-1, BLGH_04360-mRNA-1, BLGH_04363-mRNA-1, BLGH_04369-mRNA-1, BLGH_04434-mRNA-1, BLGH_04435-mRNA-1, BLGH_04436-mRNA-1, BLGH_04590-mRNA-1, BLGH_04591-mRNA-1, BLGH_04602-mRNA-1, BLGH_04615-mRNA-1, BLGH_04630-mRNA-1, BLGH_04631-mRNA-1, BLGH_04632-mRNA-1, BLGH_04633-mRNA-1, BLGH_04634-mRNA-1, BLGH_04713-mRNA-1, BLGH_04714-mRNA-1, BLGH_04715-mRNA-1, BLGH_04716-mRNA-1, BLGH_04717-mRNA-1, BLGH_04718-mRNA-1, BLGH_04719-mRNA-1, BLGH_04720-mRNA-1, BLGH_04721-mRNA-1, BLGH_04722-mRNA-1, BLGH_04726-mRNA-1, BLGH_04727-mRNA-1, BLGH_04729-mRNA-1, BLGH_04730-mRNA-1, BLGH_05595-mRNA-1, BLGH_05612-mRNA-1, BLGH_05617-mRNA-1, BLGH_05620-mRNA-1, BLGH_05638-mRNA-1, BLGH_05639-mRNA-1, BLGH_05681-mRNA-1, BLGH_05702-mRNA-1, BLGH_05718-mRNA-1, BLGH_05781-mRNA-1, BLGH_06015-mRNA-1, BLGH_06043-mRNA-1, BLGH_06045-mRNA-1, BLGH_06050-mRNA-1, BLGH_06069-mRNA-1, BLGH_06082-mRNA-1, BLGH_06084-mRNA-1, BLGH_06105-mRNA-1, BLGH_06143-mRNA-1, BLGH_06144-mRNA-1, BLGH_06334-mRNA-1, BLGH_06344-mRNA-1, BLGH_06372-mRNA-1, BLGH_06373-mRNA-1, BLGH_06378-mRNA-1, BLGH_06379-mRNA-1, BLGH_06380-mRNA-1, BLGH_06381-mRNA-1, BLGH_06387-mRNA-1, BLGH_06388-mRNA-1, BLGH_06392-mRNA-1, BLGH_06412-mRNA-1, BLGH_06425-mRNA-1, BLGH_06524-mRNA-1, BLGH_06587-mRNA-1, BLGH_06591-mRNA-1, BLGH_06593-mRNA-1, BLGH_06599-mRNA-1, BLGH_06603-mRNA-1, BLGH_06721-mRNA-1, BLGH_06892-mRNA-1, BLGH_07063-mRNA-1, BLGH_07114-mRNA-1				RKF65747	
OG0000002			CVL09364	FOXG_04020P0, FOXG_04643P0, FOXG_06497P0, FOXG_06498P0, FOXG_06519P0, FOXG_06535P0, FOXG_06536P0, FOXG_06545P0, FOXG_06553P0, FOXG_06650P0, FOXG_06709P0, FOXG_06721P0, FOXG_06731P0, FOXG_06732P0, FOXG_06745P0, FOXG_06764P0, FOXG_06765P0, FOXG_06816P0, FOXG_06824P0, FOXG_06837P0, FOXG_06843P0, FOXG_06844P0, FOXG_06845P0, FOXG_06876P0, FOXG_06950P0, FOXG_06988P0, FOXG_07009P0, FOXG_07011P0, FOXG_07037P0, FOXG_07047P0, FOXG_07088P0, FOXG_07090P0, FOXG_07106P0, FOXG_07115P0, FOXG_07121P0, FOXG_07155P0, FOXG_07273P0, FOXG_07281P0, FOXG_07289P0, FOXG_07290P0, FOXG_07305P0, FOXG_07326P0, FOXG_07327P0, FOXG_07453P0, FOXG_07480P0, FOXG_08825P0, FOXG_09996P0, FOXG_11909P0, FOXG_12403P0, FOXG_12540P0, FOXG_12590P0, FOXG_12978P0, FOXG_14133P0, FOXG_14139P0, FOXG_14263P0, FOXG_14291P0, FOXG_14300P0, FOXG_14398P0, FOXG_14416P0, FOXG_14437P0, FOXG_14475P0, FOXG_14806P0, FOXG_14855P0, FOXG_14933P0, FOXG_14974P0, FOXG_15005P0, FOXG_15044P0, FOXG_15065P0, FOXG_15082P0, FOXG_15545P0, FOXG_15599P0, FOXG_15865P0, FOXG_15882P0, FOXG_16003P0, FOXG_16134P0, FOXG_16167P0, FOXG_16168P0, FOXG_16174P0, FOXG_16187P0, FOXG_16193P0, FOXG_16206P0, FOXG_16212P0, FOXG_16213P0, FOXG_16244P0, FOXG_16313P0, FOXG_16314P0, FOXG_16331P0, FOXG_16352P0, FOXG_16353P0, FOXG_16412P0, FOXG_16422P0, FOXG_16693P0, FOXG_16694P0, FOXG_16758P0, FOXG_16759P0, FOXG_17275P0, FOXG_17277P0, FOXG_17311P0, FOXG_17468P0, FOXG_17651P0	RKF79607	
OG0000003					RKF47194, RKF51436, RKF51437, RKF53768, RKF53786, RKF54314, RKF54364, RKF54421, RKF54438, RKF54511, RKF54663, RKF54664, RKF55086, RKF55166, RKF56952, RKF57316, RKF57320, RKF57333, RKF57353, RKF57589, RKF57595, RKF57890, RKF58052, RKF58406, RKF59102, RKF62108, RKF62322, RKF62515, RKF62720, RKF64201, RKF64337, RKF65529, RKF65794, RKF65796, RKF71305, RKF71501, RKF72000, RKF73131, RKF74119, RKF74121, RKF74122, RKF74554, RKF74555, RKF75277, RKF75419, RKF75485, RKF75490, RKF75491, RKF75494, RKF75855, RKF76571, RKF76572, RKF76573, RKF77018, RKF77621, RKF77649, RKF78025, RKF79045, RKF79601, RKF79612, RKF80180, RKF80421, RKF80423, RKF81035, RKF81483, RKF81708, RKF81997, RKF82172, RKF82173, RKF82753, RKF82754, RKF82924, RKF82925, RKF83057, RKF83236, RKF83241, RKF83292, RKF83508, RKF83769, RKF83775, RKF83829, RKF83830, RKF83902, RKF83903, RKF83914, RKF84059, RKF84084	
OG0000004	BLGH_00718-mRNA-1, BLGH_01055-mRNA-1, BLGH_01632-mRNA-1, BLGH_01633-mRNA-1, BLGH_01813-mRNA-1, BLGH_01841-mRNA-1, BLGH_01998-mRNA-1, BLGH_02550-mRNA-1, BLGH_02664-mRNA-1, BLGH_02696-mRNA-1, BLGH_02697-mRNA-1, BLGH_02701-mRNA-1, BLGH_02726-mRNA-1, BLGH_03130-mRNA-1, BLGH_03409-mRNA-1, BLGH_04337-mRNA-1, BLGH_04580-mRNA-1, BLGH_04581-mRNA-1, BLGH_04588-mRNA-1, BLGH_04766-mRNA-1, BLGH_04816-mRNA-1, BLGH_04823-mRNA-1, BLGH_05184-mRNA-1, BLGH_05233-mRNA-1, BLGH_05234-mRNA-1, BLGH_05244-mRNA-1, BLGH_05319-mRNA-1, BLGH_05320-mRNA-1, BLGH_05329-mRNA-1, BLGH_05330-mRNA-1, BLGH_05404-mRNA-1, BLGH_05510-mRNA-1, BLGH_05590-mRNA-1, BLGH_05593-mRNA-1, BLGH_05694-mRNA-1, BLGH_05711-mRNA-1, BLGH_05947-mRNA-1, BLGH_06083-mRNA-1, BLGH_06134-mRNA-1, BLGH_06426-mRNA-1, BLGH_06488-mRNA-1, BLGH_06493-mRNA-1, BLGH_06497-mRNA-1, BLGH_06500-mRNA-1, BLGH_06526-mRNA-1, BLGH_06565-mRNA-1, BLGH_06566-mRNA-1, BLGH_06567-mRNA-1, BLGH_06570-mRNA-1, BLGH_06571-mRNA-1, BLGH_06572-mRNA-1, BLGH_06573-mRNA-1, BLGH_06574-mRNA-1, BLGH_06575-mRNA-1, BLGH_06937-mRNA-1, BLGH_07054-mRNA-1, BLGH_07057-mRNA-1, BLGH_07058-mRNA-1, BLGH_07071-mRNA-1, BLGH_07074-mRNA-1, BLGH_07075-mRNA-1, BLGH_07090-mRNA-1, BLGH_07094-mRNA-1, BLGH_07095-mRNA-1, BLGH_07102-mRNA-1, BLGH_07104-mRNA-1, BLGH_07105-mRNA-1, BLGH_07106-mRNA-1, BLGH_07107-mRNA-1, BLGH_07111-mRNA-1, BLGH_07113-mRNA-1					
OG0000005	BLGH_00929-mRNA-1, BLGH_03437-mRNA-1, BLGH_03440-mRNA-1, BLGH_04012-mRNA-1, BLGH_05632-mRNA-1, BLGH_05835-mRNA-1, BLGH_05851-mRNA-1, BLGH_05855-mRNA-1, BLGH_06950-mRNA-1, BLGH_06954-mRNA-1	Bcin02p01650.1, Bcin04p06410.1, Bcin12p03830.1	CVK84979, CVK85113, CVK85853, CVK86464, CVK91180, CVK91991, CVK92119, CVK93797, CVK95817, CVK97933, CVK98610, CVK98620, CVK98919, CVL00473, CVL00738, CVL01817, CVL02244, CVL02481, CVL02506, CVL02507, CVL02591, CVL05841, CVL06990, CVL07479, CVL08081	FOXG_02770P0, FOXG_02997P0, FOXG_03859P0, FOXG_03875P0, FOXG_04866P0, FOXG_06040P0, FOXG_08943P0, FOXG_09915P0, FOXG_10467P0, FOXG_10778P0, FOXG_10938P0, FOXG_12672P0, FOXG_12965P0, FOXG_13215P0, FOXG_15690P0, FOXG_17374P0	RKF56976, RKF59554, RKF77006	EDN92535, EDN96874
OG0000006	BLGH_04297-mRNA-1	Bcin06p00160.1, Bcin06p07480.1, Bcin09p05490.1, Bcin14p05490.1	CVK86264, CVK86564, CVK91117, CVK91195, CVK93533, CVK95224, CVK95370, CVK95567, CVK95845, CVK96726, CVK97471, CVK97664, CVK98649, CVK98896, CVL00851, CVL02053, CVL03923, CVL05343, CVL05499, CVL06338, CVL06652, CVL06768, CVL06773, CVL08133, CVL08813, CVL08917, CVL09271	FOXG_03053P0, FOXG_03764P0, FOXG_04096P0, FOXG_07060P0, FOXG_09192P0, FOXG_09568P0, FOXG_09651P0, FOXG_09758P0, FOXG_09947P0, FOXG_10681P0, FOXG_10765P0, FOXG_12160P0, FOXG_12867P0, FOXG_13437P0, FOXG_13477P0, FOXG_13538P0, FOXG_14515P0, FOXG_14580P0, FOXG_14585P0, FOXG_15264P0, FOXG_15698P0, FOXG_15827P0, FOXG_16839P0	RKF60529	EDN93426, EDO00132, EDO03018
OG0000007	BLGH_00644-mRNA-1, BLGH_01578-mRNA-1, BLGH_01582-mRNA-1, BLGH_01586-mRNA-1, BLGH_01751-mRNA-1, BLGH_01880-mRNA-1, BLGH_01881-mRNA-1, BLGH_01882-mRNA-1, BLGH_01908-mRNA-1, BLGH_01911-mRNA-1, BLGH_01915-mRNA-1, BLGH_01916-mRNA-1, BLGH_01918-mRNA-1, BLGH_01919-mRNA-1, BLGH_01920-mRNA-1, BLGH_01924-mRNA-1, BLGH_01926-mRNA-1, BLGH_01942-mRNA-1, BLGH_01950-mRNA-1, BLGH_02001-mRNA-1, BLGH_02587-mRNA-1, BLGH_02589-mRNA-1, BLGH_02591-mRNA-1, BLGH_02593-mRNA-1, BLGH_02594-mRNA-1, BLGH_02596-mRNA-1, BLGH_02602-mRNA-1, BLGH_02609-mRNA-1, BLGH_02612-mRNA-1, BLGH_02614-mRNA-1, BLGH_02619-mRNA-1, BLGH_02620-mRNA-1, BLGH_02621-mRNA-1, BLGH_02623-mRNA-1, BLGH_02626-mRNA-1, BLGH_03161-mRNA-1, BLGH_03162-mRNA-1, BLGH_03163-mRNA-1, BLGH_03219-mRNA-1, BLGH_03248-mRNA-1, BLGH_06399-mRNA-1, BLGH_06400-mRNA-1, BLGH_06402-mRNA-1, BLGH_06403-mRNA-1, BLGH_06404-mRNA-1, BLGH_06407-mRNA-1, BLGH_06408-mRNA-1, BLGH_06480-mRNA-1, BLGH_06801-mRNA-1, BLGH_06886-mRNA-1, BLGH_06966-mRNA-1, BLGH_07031-mRNA-1, BLGH_07032-mRNA-1, BLGH_07093-mRNA-1, BLGH_07097-mRNA-1, BLGH_07108-mRNA-1, BLGH_07115-mRNA-1					
OG0000008	BLGH_00697-mRNA-1, BLGH_00698-mRNA-1, BLGH_00700-mRNA-1, BLGH_00708-mRNA-1, BLGH_00709-mRNA-1, BLGH_01226-mRNA-1, BLGH_03260-mRNA-1, BLGH_03262-mRNA-1, BLGH_03265-mRNA-1, BLGH_03269-mRNA-1, BLGH_04763-mRNA-1, BLGH_04764-mRNA-1, BLGH_04765-mRNA-1, BLGH_05394-mRNA-1, BLGH_05397-mRNA-1, BLGH_05403-mRNA-1, BLGH_05875-mRNA-1, BLGH_05876-mRNA-1, BLGH_05877-mRNA-1, BLGH_05881-mRNA-1, BLGH_05882-mRNA-1, BLGH_06351-mRNA-1, BLGH_06352-mRNA-1, BLGH_06353-mRNA-1, BLGH_06354-mRNA-1, BLGH_06475-mRNA-1, BLGH_06671-mRNA-1, BLGH_06672-mRNA-1, BLGH_06673-mRNA-1, BLGH_06689-mRNA-1, BLGH_06960-mRNA-1, BLGH_06961-mRNA-1, BLGH_06962-mRNA-1, BLGH_06963-mRNA-1, BLGH_06991-mRNA-1, BLGH_06996-mRNA-1, BLGH_06997-mRNA-1, BLGH_06998-mRNA-1, BLGH_07001-mRNA-1, BLGH_07004-mRNA-1, BLGH_07005-mRNA-1, BLGH_07006-mRNA-1, BLGH_07045-mRNA-1, BLGH_07046-mRNA-1, BLGH_07047-mRNA-1, BLGH_07048-mRNA-1, BLGH_07049-mRNA-1, BLGH_07066-mRNA-1, BLGH_07068-mRNA-1, BLGH_07084-mRNA-1, BLGH_07085-mRNA-1, BLGH_07086-mRNA-1, BLGH_07087-mRNA-1, BLGH_07091-mRNA-1, BLGH_07092-mRNA-1, BLGH_07110-mRNA-1					
OG0000009	BLGH_00165-mRNA-1, BLGH_00478-mRNA-1, BLGH_00479-mRNA-1, BLGH_00482-mRNA-1, BLGH_00499-mRNA-1, BLGH_00559-mRNA-1, BLGH_00560-mRNA-1, BLGH_01726-mRNA-1, BLGH_01780-mRNA-1, BLGH_01784-mRNA-1, BLGH_01786-mRNA-1, BLGH_01788-mRNA-1, BLGH_01793-mRNA-1, BLGH_01862-mRNA-1, BLGH_01863-mRNA-1, BLGH_01991-mRNA-1, BLGH_02420-mRNA-1, BLGH_02624-mRNA-1, BLGH_02625-mRNA-1, BLGH_02728-mRNA-1, BLGH_03439-mRNA-1, BLGH_04147-mRNA-1, BLGH_04252-mRNA-1, BLGH_04488-mRNA-1, BLGH_05023-mRNA-1, BLGH_05028-mRNA-1, BLGH_05642-mRNA-1, BLGH_05657-mRNA-1, BLGH_05658-mRNA-1, BLGH_05659-mRNA-1, BLGH_05660-mRNA-1, BLGH_05661-mRNA-1, BLGH_05683-mRNA-1, BLGH_05684-mRNA-1, BLGH_05688-mRNA-1, BLGH_05691-mRNA-1, BLGH_05695-mRNA-1, BLGH_06037-mRNA-1, BLGH_06103-mRNA-1, BLGH_06257-mRNA-1, BLGH_06259-mRNA-1, BLGH_06752-mRNA-1, BLGH_06753-mRNA-1, BLGH_06881-mRNA-1, BLGH_06882-mRNA-1, BLGH_06924-mRNA-1, BLGH_07016-mRNA-1, BLGH_07026-mRNA-1, BLGH_07027-mRNA-1, BLGH_07028-mRNA-1, BLGH_07029-mRNA-1, BLGH_07055-mRNA-1, BLGH_07056-mRNA-1, BLGH_07080-mRNA-1					
OG0000010		Bcin03p00580.1, Bcin08p01750.1		FOXG_17108P0		EDN91067, EDN91095, EDN91104, EDN93336, EDN93337, EDN93435, EDN93452, EDN93454, EDN93455, EDN93456, EDN93481, EDN93660, EDN93730, EDN94242, EDN94243, EDN95318, EDN95905, EDN95910, EDN95916, EDN95917, EDN96572, EDN97511, EDN97513, EDN97547, EDN97563, EDN97573, EDN98235, EDN99460, EDN99564, EDN99976, EDO00505, EDO00506, EDO01038, EDO01039, EDO01644, EDO01645, EDO02169, EDO02170, EDO02171, EDO02441, EDO03007, EDO03067, EDO03068, EDO03782, EDO04665, EDO04691, EDO04692, EDO04694
OG0000011	BLGH_01089-mRNA-1, BLGH_01984-mRNA-1, BLGH_02036-mRNA-1, BLGH_02037-mRNA-1, BLGH_02053-mRNA-1, BLGH_02054-mRNA-1, BLGH_02055-mRNA-1, BLGH_02056-mRNA-1, BLGH_02307-mRNA-1, BLGH_02628-mRNA-1, BLGH_02692-mRNA-1, BLGH_02693-mRNA-1, BLGH_02694-mRNA-1, BLGH_02695-mRNA-1, BLGH_02705-mRNA-1, BLGH_02706-mRNA-1, BLGH_02707-mRNA-1, BLGH_02708-mRNA-1, BLGH_02709-mRNA-1, BLGH_02710-mRNA-1, BLGH_02711-mRNA-1, BLGH_02714-mRNA-1, BLGH_02715-mRNA-1, BLGH_02716-mRNA-1, BLGH_02717-mRNA-1, BLGH_02718-mRNA-1, BLGH_02719-mRNA-1, BLGH_02720-mRNA-1, BLGH_02721-mRNA-1, BLGH_02722-mRNA-1, BLGH_02723-mRNA-1, BLGH_02724-mRNA-1, BLGH_02725-mRNA-1, BLGH_02727-mRNA-1, BLGH_02729-mRNA-1, BLGH_02730-mRNA-1, BLGH_02731-mRNA-1, BLGH_02732-mRNA-1, BLGH_02733-mRNA-1, BLGH_02736-mRNA-1, BLGH_02737-mRNA-1, BLGH_02738-mRNA-1, BLGH_02741-mRNA-1, BLGH_02742-mRNA-1, BLGH_02743-mRNA-1, BLGH_02744-mRNA-1, BLGH_02748-mRNA-1, BLGH_02750-mRNA-1, BLGH_06152-mRNA-1, BLGH_06734-mRNA-1					
OG0000012	BLGH_00183-mRNA-1, BLGH_00816-mRNA-1, BLGH_02520-mRNA-1, BLGH_02521-mRNA-1, BLGH_03714-mRNA-1, BLGH_03928-mRNA-1, BLGH_04280-mRNA-1, BLGH_04824-mRNA-1, BLGH_05029-mRNA-1, BLGH_05040-mRNA-1, BLGH_05150-mRNA-1, BLGH_05408-mRNA-1, BLGH_05410-mRNA-1, BLGH_05411-mRNA-1, BLGH_05429-mRNA-1, BLGH_05430-mRNA-1, BLGH_05431-mRNA-1, BLGH_05432-mRNA-1, BLGH_05547-mRNA-1, BLGH_05548-mRNA-1, BLGH_05568-mRNA-1, BLGH_05569-mRNA-1, BLGH_05571-mRNA-1, BLGH_05885-mRNA-1, BLGH_05886-mRNA-1, BLGH_05887-mRNA-1, BLGH_05888-mRNA-1, BLGH_05891-mRNA-1, BLGH_05895-mRNA-1, BLGH_05896-mRNA-1, BLGH_05898-mRNA-1, BLGH_05899-mRNA-1, BLGH_05900-mRNA-1, BLGH_05913-mRNA-1, BLGH_06004-mRNA-1, BLGH_06309-mRNA-1, BLGH_06317-mRNA-1, BLGH_06324-mRNA-1, BLGH_06325-mRNA-1, BLGH_06499-mRNA-1, BLGH_06512-mRNA-1, BLGH_06588-mRNA-1, BLGH_06589-mRNA-1, BLGH_06594-mRNA-1, BLGH_06595-mRNA-1, BLGH_06596-mRNA-1, BLGH_06597-mRNA-1, BLGH_06598-mRNA-1, BLGH_06614-mRNA-1					
OG0000013	BLGH_01843-mRNA-1, BLGH_01957-mRNA-1, BLGH_01961-mRNA-1, BLGH_01970-mRNA-1, BLGH_01974-mRNA-1, BLGH_01976-mRNA-1, BLGH_01979-mRNA-1, BLGH_01988-mRNA-1, BLGH_01989-mRNA-1, BLGH_01992-mRNA-1, BLGH_01996-mRNA-1, BLGH_01997-mRNA-1, BLGH_02963-mRNA-1, BLGH_03475-mRNA-1, BLGH_03489-mRNA-1, BLGH_04415-mRNA-1, BLGH_05764-mRNA-1, BLGH_05914-mRNA-1, BLGH_07051-mRNA-1, BLGH_07062-mRNA-1, BLGH_07069-mRNA-1	Bcin01p09530.1	CVK83236	FOXG_00233P0, FOXG_06464P0, FOXG_06800P0, FOXG_06850P0, FOXG_06864P0, FOXG_06878P0, FOXG_07109P0, FOXG_07359P0, FOXG_14685P0, FOXG_14921P0, FOXG_16132P0, FOXG_16146P0, FOXG_16162P0, FOXG_16218P0, FOXG_16233P0, FOXG_16246P0, FOXG_16383P0	RKF61625, RKF62289, RKF65270, RKF65272, RKF71236, RKF77999, RKF84042	
OG0000014			CVK85883, CVK86135, CVK86362, CVK92444, CVK93037, CVK94315, CVK95164, CVK97649, CVK97651, CVK98103, CVL00774, CVL02274, CVL02546, CVL02834, CVL04733, CVL05121, CVL05279, CVL05358, CVL06217, CVL06834, CVL07719, CVL08143, CVL08810, CVL09055	FOXG_03958P0, FOXG_05746P0, FOXG_09149P0, FOXG_10799P0, FOXG_10883P0, FOXG_11092P0, FOXG_11387P0, FOXG_11649P0, FOXG_11874P0, FOXG_12941P0, FOXG_13036P0, FOXG_13228P0, FOXG_13365P0, FOXG_13464P0, FOXG_13466P0, FOXG_14287P0, FOXG_14643P0, FOXG_15331P0, FOXG_16818P0, FOXG_16841P0		
OG0000015						EDN90888, EDN91073, EDN91074, EDN93310, EDN93357, EDN93358, EDN93367, EDN94230, EDN94280, EDN94559, EDN95080, EDN95829, EDN95830, EDN95986, EDN95987, EDN96249, EDN96647, EDN96649, EDN97085, EDN97116, EDN97512, EDN97552, EDN97658, EDN98637, EDN98971, EDN98972, EDN99229, EDN99230, EDN99470, EDN99471, EDN99970, EDO00198, EDO00349, EDO00380, EDO00500, EDO00636, EDO00854, EDO01246, EDO01303, EDO02442, EDO02774, EDO04592, EDO04990
OG0000016		Bcin02p00500.1, Bcin02p00500.2, Bcin04p00900.1	CVK85104, CVK85613, CVK85711, CVK92446, CVK92455, CVK94206, CVK94749, CVK94886, CVK96182, CVK97670, CVK98123, CVK98682, CVK99187, CVL00692, CVL02054, CVL02202, CVL03350, CVL03544, CVL04713, CVL06124, CVL06133, CVL06772, CVL06807, CVL06935, CVL07261, CVL07284	FOXG_08853P0, FOXG_09101P0, FOXG_10851P0, FOXG_14261P0, FOXG_14584P0, FOXG_14886P0, FOXG_14930P0, FOXG_15368P0, FOXG_15735P0, FOXG_16489P0		EDN96577
OG0000017			CVL09014, CVL09016	FOXG_03947P0, FOXG_03948P0, FOXG_04036P0, FOXG_05616P0, FOXG_05783P0, FOXG_05786P0, FOXG_07027P0, FOXG_10736P0, FOXG_12537P0, FOXG_12538P0, FOXG_12587P0, FOXG_12588P0, FOXG_14001P0, FOXG_14002P0, FOXG_14222P0, FOXG_14229P0, FOXG_14236P0, FOXG_14245P0, FOXG_15708P0, FOXG_15945P0, FOXG_16413P0, FOXG_16419P0, FOXG_16423P0, FOXG_16442P0, FOXG_17085P0, FOXG_17086P0, FOXG_17094P0, FOXG_17101P0, FOXG_17110P0, FOXG_17195P0, FOXG_17273P0, FOXG_17286P0, FOXG_17316P0, FOXG_17324P0, FOXG_17427P0, FOXG_17638P0, FOXG_17696P0, FOXG_17697P0		
OG0000018	BLGH_00956-mRNA-1, BLGH_00957-mRNA-1, BLGH_00958-mRNA-1, BLGH_01014-mRNA-1, BLGH_01015-mRNA-1, BLGH_02335-mRNA-1, BLGH_02518-mRNA-1, BLGH_02934-mRNA-1, BLGH_02944-mRNA-1, BLGH_03050-mRNA-1, BLGH_03105-mRNA-1, BLGH_03106-mRNA-1, BLGH_03107-mRNA-1, BLGH_03108-mRNA-1, BLGH_03109-mRNA-1, BLGH_03110-mRNA-1, BLGH_03111-mRNA-1, BLGH_03112-mRNA-1, BLGH_03113-mRNA-1, BLGH_03114-mRNA-1, BLGH_03115-mRNA-1, BLGH_03117-mRNA-1, BLGH_03123-mRNA-1, BLGH_03133-mRNA-1, BLGH_03135-mRNA-1, BLGH_03142-mRNA-1, BLGH_03144-mRNA-1, BLGH_04236-mRNA-1, BLGH_04767-mRNA-1, BLGH_05216-mRNA-1, BLGH_06245-mRNA-1, BLGH_06258-mRNA-1, BLGH_06260-mRNA-1, BLGH_06261-mRNA-1, BLGH_06262-mRNA-1, BLGH_06510-mRNA-1, BLGH_06679-mRNA-1, BLGH_07098-mRNA-1, BLGH_07118-mRNA-1					
OG0000019		Bcin04p01980.1, Bcin06p07040.1, Bcin10p03850.1, Bcin11g05720.1, Bcin11p02470.1, Bcin11p04980.1, Bcin13p00340.1, Bcin13p03180.1, Bcin13p03960.1	CVK86192, CVK87434, CVK87775, CVK91974, CVK91975, CVK95470, CVK95805, CVK96695, CVK96915, CVK97599, CVK98085, CVK98725, CVK98890, CVL02562, CVL03637, CVL04104, CVL04905, CVL04936, CVL05138, CVL06151, CVL06858, CVL08008, CVL08514	FOXG_04014P0, FOXG_04855P0, FOXG_07150P0, FOXG_09696P0, FOXG_12018P0, FOXG_16871P0		EDO00182
OG0000020	BLGH_01947-mRNA-1	Bcin04p06850.1, Bcin06p02570.1, Bcin08p02550.1, Bcin08p02550.2, Bcin08p02550.3, Bcin13p00130.1, Bcin14p00490.1, Bcin14p00490.2	CVK86459, CVK86593, CVK87627, CVK91216, CVK94293, CVK95015, CVK97517, CVK98316, CVK98740, CVK99200, CVL00393, CVL00394, CVL03742, CVL06841, CVL06845	FOXG_03738P0, FOXG_03879P0, FOXG_04070P0, FOXG_07529P0, FOXG_08847P0, FOXG_08986P0, FOXG_08989P0, FOXG_13767P0, FOXG_14648P0, FOXG_14653P0, FOXG_15765P0, FOXG_16571P0	RKF59971	EDN91616
OG0000021	BLGH_03904-mRNA-1			FOXG_06680P0	RKF56289, RKF75438, RKF78702	EDN91304, EDN91513, EDN91540, EDN91541, EDN93294, EDN93475, EDN94233, EDN94397, EDN94398, EDN95206, EDN95249, EDN95443, EDN95898, EDN95899, EDN95921, EDN96343, EDN96344, EDN96832, EDN97015, EDN97565, EDN98166, EDN99500, EDO00152, EDO00365, EDO00916, EDO00917, EDO02463, EDO02464, EDO03131, EDO03132, EDO03795, EDO04570, EDO04756
OG0000022	BLGH_00327-mRNA-1	Bcin16p03250.1			RKF53370, RKF54093, RKF54848, RKF55087, RKF55177, RKF56865, RKF58425, RKF58814, RKF61002, RKF61005, RKF61020, RKF61023, RKF61025, RKF61405, RKF61909, RKF62371, RKF64806, RKF65718, RKF71163, RKF72193, RKF72937, RKF74365, RKF75803, RKF77620, RKF78443, RKF80192, RKF80883, RKF81236, RKF81346, RKF82942, RKF83336, RKF83340, RKF83770, RKF83929, RKF83949	
OG0000023		Bcin01p00090.1, Bcin02p01680.1, Bcin05p08400.1, Bcin07p02920.1, Bcin11p02700.1, Bcin13p01510.1, Bcin14p00600.1, Bcin14p00600.2, Bcin14p01290.1	CVK85052, CVK91119, CVK94934, CVK95992, CVK99497, CVL00302, CVL02286, CVL02475, CVL03435, CVL03533, CVL06472	FOXG_02741P0, FOXG_03051P0, FOXG_10805P0, FOXG_11954P0, FOXG_15248P0		EDN93374, EDN93579, EDN96866, EDN96879, EDN97069, EDN99357, EDN99502, EDO01117, EDO04615
OG0000024	BLGH_01256-mRNA-1, BLGH_01257-mRNA-1, BLGH_01258-mRNA-1, BLGH_01259-mRNA-1, BLGH_01267-mRNA-1, BLGH_01268-mRNA-1, BLGH_01269-mRNA-1, BLGH_01270-mRNA-1, BLGH_01271-mRNA-1, BLGH_01273-mRNA-1, BLGH_01274-mRNA-1, BLGH_01275-mRNA-1, BLGH_01276-mRNA-1, BLGH_01277-mRNA-1, BLGH_01278-mRNA-1, BLGH_01286-mRNA-1, BLGH_02169-mRNA-1, BLGH_04746-mRNA-1, BLGH_06308-mRNA-1, BLGH_06528-mRNA-1, BLGH_06539-mRNA-1, BLGH_06540-mRNA-1, BLGH_06547-mRNA-1, BLGH_06548-mRNA-1, BLGH_06549-mRNA-1, BLGH_06550-mRNA-1, BLGH_06551-mRNA-1, BLGH_06552-mRNA-1, BLGH_06557-mRNA-1, BLGH_06558-mRNA-1, BLGH_06559-mRNA-1, BLGH_06898-mRNA-1, BLGH_06899-mRNA-1					
OG0000025	BLGH_00726-mRNA-1	Bcin07p05870.1, Bcin10p01750.1, Bcin12p05270.1, Bcin15p04310.1	CVK84940, CVK87913, CVK92002, CVK94881, CVK95376, CVK98231, CVL00306, CVL00426, CVL02955, CVL04079, CVL05446, CVL06160, CVL06669, CVL06852, CVL07143, CVL08349	FOXG_01329P0, FOXG_04873P0, FOXG_04886P0, FOXG_09655P0, FOXG_11152P0, FOXG_13048P0, FOXG_13712P0, FOXG_14520P0, FOXG_14659P0, FOXG_16493P0	RKF53652	EDO00031
OG0000026	BLGH_01080-mRNA-1, BLGH_01292-mRNA-1		CVL08845		RKF53557, RKF55095, RKF55270, RKF56371, RKF56372, RKF56727, RKF56729, RKF57730, RKF58065, RKF58072, RKF64220, RKF64222, RKF64416, RKF64871, RKF64974, RKF65465, RKF65967, RKF71144, RKF72133, RKF74105, RKF77762, RKF78680, RKF78723, RKF79018, RKF79030, RKF79679, RKF79680, RKF80017, RKF83086, RKF84146	
OG0000027				FOXG_06452P0, FOXG_06459P0, FOXG_06606P0, FOXG_06607P0, FOXG_06608P0, FOXG_06651P0, FOXG_06652P0, FOXG_06653P0, FOXG_06805P0, FOXG_06812P0, FOXG_06813P0, FOXG_06918P0, FOXG_07178P0, FOXG_07219P0, FOXG_07365P0, FOXG_07372P0, FOXG_07373P0, FOXG_12542P0, FOXG_12592P0, FOXG_13999P0, FOXG_14162P0, FOXG_14269P0, FOXG_14862P0, FOXG_14881P0, FOXG_14988P0, FOXG_15930P0, FOXG_15932P0, FOXG_16093P0, FOXG_16287P0, FOXG_16388P0, FOXG_16396P0, FOXG_16397P0, FOXG_17083P0		
OG0000028	BLGH_00432-mRNA-1, BLGH_01616-mRNA-1, BLGH_01624-mRNA-1, BLGH_01627-mRNA-1, BLGH_01637-mRNA-1, BLGH_01641-mRNA-1, BLGH_01650-mRNA-1, BLGH_01658-mRNA-1, BLGH_01670-mRNA-1, BLGH_02214-mRNA-1, BLGH_02215-mRNA-1, BLGH_02218-mRNA-1, BLGH_02219-mRNA-1, BLGH_02224-mRNA-1, BLGH_02227-mRNA-1, BLGH_02228-mRNA-1, BLGH_02231-mRNA-1, BLGH_02253-mRNA-1, BLGH_03408-mRNA-1, BLGH_03411-mRNA-1, BLGH_03417-mRNA-1, BLGH_03748-mRNA-1, BLGH_03782-mRNA-1, BLGH_03783-mRNA-1, BLGH_03784-mRNA-1, BLGH_03785-mRNA-1, BLGH_03786-mRNA-1, BLGH_03788-mRNA-1, BLGH_03789-mRNA-1, BLGH_03792-mRNA-1, BLGH_05626-mRNA-1, BLGH_06414-mRNA-1					
OG0000029			CVL08096, CVL09139, CVL09308	FOXG_04690P0, FOXG_05573P0, FOXG_10824P0, FOXG_12536P0, FOXG_12586P0, FOXG_14003P0, FOXG_14145P0, FOXG_14146P0, FOXG_14235P0, FOXG_14256P0, FOXG_14983P0, FOXG_15894P0, FOXG_16415P0, FOXG_16420P0, FOXG_16463P0, FOXG_17087P0, FOXG_17107P0, FOXG_17111P0, FOXG_17128P0, FOXG_17285P0, FOXG_17331P0, FOXG_17444P0, FOXG_17461P0, FOXG_17670P0, FOXG_17679P0, FOXG_17681P0, FOXG_17703P0, FOXG_17725P0		EDO04840
OG0000030	BLGH_02080-mRNA-1, BLGH_04583-mRNA-1	Bcin03p01130.1, Bcin13p05810.1	CVK83944, CVK84403, CVK84948, CVK86437, CVK87770, CVK95909, CVK97115, CVK98762, CVL00492, CVL04470, CVL06349, CVL06391	FOXG_00928P0, FOXG_01338P0, FOXG_03898P0, FOXG_04303P0, FOXG_10011P0, FOXG_11443P0, FOXG_15176P0, FOXG_15201P0, FOXG_16962P0, FOXG_16973P0, FOXG_17238P0	RKF45608	EDN91379, EDN98521
OG0000031	BLGH_00261-mRNA-1	Bcin05p07020.1, Bcin07p06980.1, Bcin11p00260.1, Bcin11p00260.2, Bcin15p01360.1	CVK85114, CVK87763, CVK88197, CVK90490, CVK94870, CVK97693, CVL00490, CVL01706, CVL02205, CVL08562	FOXG_02474P0, FOXG_02619P0, FOXG_03476P0, FOXG_05812P0, FOXG_06527P0, FOXG_07465P0, FOXG_08962P0, FOXG_10394P0, FOXG_13504P0, FOXG_16544P0, FOXG_16934P0		EDN96106, EDO00534
OG0000032				FOXG_06496P0, FOXG_06500P0, FOXG_06538P0, FOXG_06728P0, FOXG_06762P0, FOXG_06766P0, FOXG_06847P0, FOXG_06866P0, FOXG_06997P0, FOXG_07012P0, FOXG_07023P0, FOXG_07175P0, FOXG_07183P0, FOXG_07287P0, FOXG_07324P0, FOXG_07328P0, FOXG_10191P0, FOXG_14639P0, FOXG_15605P0, FOXG_16060P0, FOXG_16144P0, FOXG_16165P0, FOXG_16215P0, FOXG_16235P0, FOXG_16310P0, FOXG_16350P0, FOXG_16354P0, FOXG_17465P0, FOXG_17475P0		
OG0000033	BLGH_05634-mRNA-1, BLGH_06329-mRNA-1	Bcin01p04750.1, Bcin02p03920.1, Bcin03p09200.1, Bcin05p08310.1, Bcin06p03100.1, Bcin06p03100.2, Bcin09p00320.1, Bcin09p00320.2, Bcin09p00320.3, Bcin12p01910.1, Bcin13p01240.1	CVK89517, CVK93785, CVK97696, CVK98013, CVL08476	FOXG_01664P0, FOXG_02583P0, FOXG_06047P0, FOXG_07081P0, FOXG_13506P0	RKF58908, RKF71248	EDN95846, EDO01885, EDO02388
OG0000034		Bcin01p00180.1, Bcin02p06110.1, Bcin03p01690.1, Bcin03p02050.1, Bcin06p06020.1, Bcin16p02970.1, Bcin16p02970.2	CVK87043, CVK91196, CVK91918, CVK96796, CVK97390, CVK99498, CVK99886, CVL05297	FOXG_02981P0, FOXG_04142P0, FOXG_04493P0, FOXG_04825P0, FOXG_07857P0, FOXG_08360P0, FOXG_08621P0, FOXG_08622P0, FOXG_13025P0		EDN95157, EDN98225, EDN98254, EDO02859
OG0000035	BLGH_01077-mRNA-1, BLGH_05412-mRNA-1, BLGH_06888-mRNA-1	Bcin01p00170.1, Bcin01p06110.1, Bcin05p02810.1, Bcin14p04470.1	CVK83565, CVK98982, CVL00376, CVL01054, CVL02596, CVL04865, CVL07628, CVL07645	FOXG_00434P0, FOXG_08912P0, FOXG_09317P0, FOXG_16883P0, FOXG_16899P0, FOXG_17777P0	RKF55360, RKF71347	EDN94587, EDN98256, EDO02038, EDO03276
OG0000036	BLGH_04076-mRNA-1, BLGH_05055-mRNA-1	Bcin02p07900.1, Bcin06p03660.1, Bcin09p00190.1, Bcin09p02070.1, Bcin13p03630.1, Bcin15p05260.1	CVK89303, CVK92274, CVK93475, CVK98095, CVL03976	FOXG_01791P0, FOXG_04628P0, FOXG_05013P0, FOXG_06354P0, FOXG_12215P0, FOXG_13640P0	RKF56797, RKF71308, RKF82851	EDN99644, EDN99824, EDO02374, EDO02633
OG0000037	BLGH_00023-mRNA-1, BLGH_00024-mRNA-1, BLGH_00025-mRNA-1, BLGH_00026-mRNA-1, BLGH_00027-mRNA-1, BLGH_00028-mRNA-1, BLGH_00029-mRNA-1, BLGH_00030-mRNA-1, BLGH_00031-mRNA-1, BLGH_00032-mRNA-1, BLGH_00033-mRNA-1, BLGH_00034-mRNA-1, BLGH_03982-mRNA-1, BLGH_05331-mRNA-1, BLGH_05334-mRNA-1, BLGH_05338-mRNA-1, BLGH_05340-mRNA-1, BLGH_05348-mRNA-1, BLGH_06850-mRNA-1, BLGH_06862-mRNA-1, BLGH_06863-mRNA-1, BLGH_06864-mRNA-1, BLGH_06865-mRNA-1, BLGH_06867-mRNA-1, BLGH_06868-mRNA-1, BLGH_06976-mRNA-1					
OG0000038	BLGH_00358-mRNA-1, BLGH_02319-mRNA-1	Bcin01p00040.1, Bcin01p00070.1, Bcin01p04880.1, Bcin08p03570.1, Bcin08p03590.1, Bcin10p05870.1, Bcin13p00010.1, Bcin15p00730.1, Bcin16p01490.1	CVK84840, CVK97175, CVK98971, CVL02151, CVL09059	FOXG_01238P0, FOXG_04264P0, FOXG_10741P0	RKF53906, RKF53908, RKF74392, RKF78333, RKF78334	EDN93369, EDN93372
OG0000039	BLGH_01943-mRNA-1				RKF53971, RKF54860, RKF55295, RKF56206, RKF57678, RKF58613, RKF64514, RKF64515, RKF71084, RKF71197, RKF72744, RKF75725, RKF76319, RKF77516, RKF79147, RKF79798, RKF80455, RKF80498, RKF80500, RKF80578, RKF80861, RKF80938, RKF81711, RKF83808, RKF84078	
OG0000040	BLGH_06243-mRNA-1	Bcin02p08850.1, Bcin02p08850.2, Bcin03p02260.1, Bcin05p03540.1, Bcin05p05020.1, Bcin06p04540.1, Bcin07p00990.1, Bcin07p04100.1, Bcin07p06640.1	CVK87755, CVL07552	FOXG_02919P0, FOXG_07469P0, FOXG_10587P0, FOXG_15768P0, FOXG_16436P0, FOXG_17091P0, FOXG_17327P0, FOXG_17565P0	RKF57601	EDN91298, EDN91299, EDN92468, EDN97099, EDO03575
OG0000041	BLGH_06075-mRNA-1, BLGH_06085-mRNA-1, BLGH_06086-mRNA-1, BLGH_06087-mRNA-1	Bcin05p05630.1, Bcin06p00650.1, Bcin08p03840.1, Bcin12p00010.1, Bcin15p04350.1, Bcin15p04350.2, Bcin15p04350.3	CVK85590, CVK87740, CVK95977, CVL03444, CVL07854, CVL07965, CVL08727	FOXG_02668P0, FOXG_10066P0, FOXG_17343P0, FOXG_17420P0, FOXG_17730P0	RKF53782, RKF80355	EDN91617
OG0000042		Bcin01p01450.1, Bcin07p02220.1, Bcin11p04460.1, Bcin13p02720.1, Bcin13p04870.1	CVK86158, CVK89724, CVK91192, CVK94013, CVK98130, CVK98733, CVL02051, CVL03595, CVL07550	FOXG_01535P0, FOXG_04577P0, FOXG_05904P0, FOXG_10675P0, FOXG_11989P0, FOXG_13381P0, FOXG_13653P0, FOXG_15760P0, FOXG_16543P0		EDN97114, EDN98639, EDN99553
OG0000043				FOXG_04642P0, FOXG_06504P0, FOXG_06514P0, FOXG_06565P0, FOXG_06697P0, FOXG_06750P0, FOXG_06758P0, FOXG_06840P0, FOXG_07170P0, FOXG_07185P0, FOXG_07261P0, FOXG_07310P0, FOXG_07320P0, FOXG_08867P0, FOXG_14427P0, FOXG_14871P0, FOXG_15054P0, FOXG_15528P0, FOXG_15985P0, FOXG_16171P0, FOXG_16209P0, FOXG_16336P0, FOXG_16346P0, FOXG_16635P0, FOXG_16661P0, FOXG_16724P0		
OG0000044				FOXG_02929P0, FOXG_06530P0, FOXG_06533P0, FOXG_06720P0, FOXG_06734P0, FOXG_06825P0, FOXG_06863P0, FOXG_07292P0, FOXG_07296P0, FOXG_14180P0, FOXG_14439P0, FOXG_14852P0, FOXG_15042P0, FOXG_15112P0, FOXG_15538P0, FOXG_15917P0, FOXG_15995P0, FOXG_16147P0, FOXG_16186P0, FOXG_16194P0, FOXG_16232P0, FOXG_16317P0, FOXG_16321P0, FOXG_16679P0, FOXG_16742P0, FOXG_17652P0		
OG0000045		Bcin01p11280.1, Bcin02p05370.1, Bcin03p00040.1, Bcin06p02580.1, Bcin07p06630.1, Bcin14p01670.1, Bcin14p04020.1, Bcin16p00220.1	CVK85733, CVK86460, CVK91217, CVK91317, CVK92157, CVK95459, CVK95563, CVK98930, CVL02695, CVL05314	FOXG_02959P0, FOXG_03878P0, FOXG_09755P0, FOXG_11014P0, FOXG_13137P0		EDN96382, EDN99966
OG0000046						EDN90886, EDN91007, EDN91528, EDN91529, EDN93664, EDN99449, EDO00630, EDO00861, EDO01059, EDO01060, EDO01249, EDO01250, EDO01251, EDO01783, EDO01784, EDO02460, EDO02461, EDO02988, EDO03142, EDO03203, EDO03204, EDO03205, EDO03222, EDO04598, EDO04869
OG0000047		Bcin03p00030.1, Bcin03p00030.2, Bcin07p00030.1, Bcin11p02980.1, Bcin13p03970.1, Bcin14p01660.1, Bcin16p00240.1	CVK95457, CVK95564, CVK95952, CVL05315, CVL06755, CVL07666	FOXG_08731P0, FOXG_08957P0, FOXG_09690P0, FOXG_09756P0, FOXG_10042P0, FOXG_12999P0, FOXG_14571P0, FOXG_15822P0, FOXG_16908P0, FOXG_17650P0		EDN99961
OG0000048		Bcin06p02250.1, Bcin07p02420.1, Bcin07p05680.1, Bcin07p06450.1, Bcin15p04440.1	CVK88405, CVK94024, CVK98508, CVK98629, CVL02041, CVL06045, CVL06265, CVL07245, CVL07527	FOXG_02326P0, FOXG_05310P0, FOXG_10666P0, FOXG_10866P0, FOXG_11911P0, FOXG_13924P0, FOXG_15301P0, FOXG_15446P0, FOXG_15713P0		EDN90845
OG0000049	BLGH_01039-mRNA-1, BLGH_01047-mRNA-1, BLGH_01334-mRNA-1, BLGH_01335-mRNA-1, BLGH_01383-mRNA-1, BLGH_01384-mRNA-1, BLGH_01385-mRNA-1, BLGH_01386-mRNA-1, BLGH_01387-mRNA-1, BLGH_01398-mRNA-1, BLGH_01399-mRNA-1, BLGH_04126-mRNA-1, BLGH_06187-mRNA-1, BLGH_06188-mRNA-1, BLGH_06189-mRNA-1, BLGH_06190-mRNA-1, BLGH_06191-mRNA-1, BLGH_06192-mRNA-1, BLGH_06193-mRNA-1, BLGH_06194-mRNA-1, BLGH_06195-mRNA-1, BLGH_06206-mRNA-1					
OG0000050	BLGH_05828-mRNA-1, BLGH_05831-mRNA-1	Bcin09p04250.1, Bcin09p04250.10, Bcin09p04250.11, Bcin09p04250.12, Bcin09p04250.13, Bcin09p04250.14, Bcin09p04250.2, Bcin09p04250.3, Bcin09p04250.4, Bcin09p04250.5, Bcin09p04250.6, Bcin09p04250.7, Bcin09p04250.8, Bcin09p04250.9	CVK95897	FOXG_10001P0	RKF66736, RKF81142, RKF81143	EDO02842
OG0000051	BLGH_04010-mRNA-1	Bcin02p02460.1	CVK86410, CVK91401, CVK94821, CVK95336, CVK99838, CVL05788, CVL06222, CVL06719, CVL07251	FOXG_03922P0, FOXG_08391P0, FOXG_09631P0, FOXG_09882P0, FOXG_11864P0, FOXG_12703P0, FOXG_13579P0, FOXG_15327P0, FOXG_16704P0, FOXG_16771P0		EDN96665
OG0000052		Bcin02p04610.1, Bcin06p02740.1, Bcin07p02790.1, Bcin11p01420.1, Bcin12p00620.1, Bcin12p05180.1, Bcin15p00920.1, Bcin15p02940.1, Bcin17p00050.1	CVK84865, CVK85046, CVL06452	FOXG_01259P0, FOXG_15239P0, FOXG_17660P0		EDN93582, EDN96291, EDN97092, EDN98129, EDN99826, EDN99827, EDO00966
OG0000053		Bcin02p09400.1, Bcin05p02090.1	CVK86098, CVK87807, CVK87848, CVK91331, CVK91387, CVK93402, CVK96260, CVK96905, CVK98171, CVL03691, CVL06427, CVL08015, CVL08706	FOXG_04428P0, FOXG_12047P0, FOXG_12066P0, FOXG_13345P0, FOXG_13683P0, FOXG_15225P0		EDO03336
OG0000054		Bcin04p00870.1	CVK85009, CVK86440, CVK94239, CVK95810, CVK96031, CVK96573, CVK96581, CVK98830, CVK99387, CVL00470, CVL03699, CVL04163, CVL08300, CVL09264	FOXG_05785P0, FOXG_09909P0, FOXG_10092P0, FOXG_11838P0, FOXG_12051P0, FOXG_12185P0, FOXG_15376P0		
OG0000055			CVK85787, CVK85953, CVK98357, CVK99354, CVL02115, CVL03360, CVL03414, CVL04067, CVL06634, CVL08382, CVL08956	FOXG_02531P0, FOXG_08755P0, FOXG_10717P0, FOXG_11906P0, FOXG_11928P0, FOXG_12271P0, FOXG_13149P0, FOXG_13263P0, FOXG_13560P0, FOXG_13792P0, FOXG_14503P0		
OG0000056	BLGH_05199-mRNA-1	Bcin02p01270.1, Bcin02p01270.2, Bcin14p01090.1, Bcin14p02410.1, Bcin14p05360.1	CVK84155, CVK86354, CVK92144, CVL01788, CVL04883, CVL07900	FOXG_00786P0, FOXG_03962P0, FOXG_04943P0, FOXG_10444P0, FOXG_11727P0	RKF54862	EDN91583, EDN94252, EDN96833
OG0000057	BLGH_00064-mRNA-1, BLGH_03778-mRNA-1	Bcin01p00710.1, Bcin01p00950.1, Bcin04p06710.1, Bcin06p06680.1, Bcin08p00120.1	CVK84738, CVK95439, CVL05717	FOXG_01152P0, FOXG_06603P0, FOXG_06656P0, FOXG_07222P0, FOXG_09680P0, FOXG_12750P0	RKF64372, RKF83469	EDN97530, EDN98188, EDO00223
OG0000058	BLGH_01614-mRNA-1, BLGH_03174-mRNA-1	Bcin03p00460.1, Bcin03p00460.2, Bcin07p01060.1	CVK86907, CVK91854, CVK98313, CVL01724, CVL06018, CVL06346, CVL07683	FOXG_07944P0, FOXG_10407P0, FOXG_13765P0, FOXG_15472P0, FOXG_16932P0	RKF57626, RKF73542	EDN94218, EDN95324
OG0000059	BLGH_04942-mRNA-1			FOXG_06493P0, FOXG_06499P0, FOXG_06763P0, FOXG_06769P0, FOXG_06829P0, FOXG_07007P0, FOXG_07176P0, FOXG_07325P0, FOXG_07331P0, FOXG_10601P0, FOXG_14376P0, FOXG_15106P0, FOXG_15853P0, FOXG_16182P0, FOXG_16198P0, FOXG_16351P0, FOXG_16357P0, FOXG_16670P0, FOXG_16732P0	RKF59312	
OG0000060	BLGH_03866-mRNA-1	Bcin02p08810.1, Bcin14p01410.1	CVK86004, CVK88212, CVK93953, CVK95908, CVK96152, CVL03354, CVL04120, CVL05289	FOXG_02459P0, FOXG_05941P0, FOXG_09951P0, FOXG_10010P0, FOXG_12324P0, FOXG_13028P0, FOXG_13045P0, FOXG_13296P0	RKF58228	EDN91461
OG0000061	BLGH_04090-mRNA-1, BLGH_04296-mRNA-1	Bcin05p04620.1, Bcin09p05360.1, Bcin09p05360.2, Bcin10p00910.1, Bcin10p01990.1, Bcin15p03170.1	CVK91118, CVK91829, CVK94166, CVK98962	FOXG_03052P0, FOXG_04755P0, FOXG_05817P0	RKF60528, RKF66815	EDO01514, EDO03198, EDO04799
OG0000062	BLGH_06663-mRNA-1	Bcin01p11380.1, Bcin05p03450.1, Bcin08p06560.1, Bcin09p00730.1	CVK83696, CVK86145, CVK90339, CVK95587, CVK95610, CVK99876	FOXG_00517P0, FOXG_03557P0, FOXG_04816P0, FOXG_08367P0, FOXG_09769P0, FOXG_09782P0, FOXG_13371P0	RKF82446	EDO03564
OG0000063	BLGH_02351-mRNA-1	Bcin01p01790.1, Bcin05p07060.1, Bcin10p00890.1	CVK84556, CVK91089, CVK96038, CVK96093, CVL05256, CVL08369	FOXG_01032P0, FOXG_02524P0, FOXG_03082P0, FOXG_10145P0, FOXG_16713P0, FOXG_16781P0	RKF82972	EDN96102, EDN98300, EDO04982
OG0000064	BLGH_01131-mRNA-1	Bcin16p04590.1			RKF54915, RKF72289, RKF72295, RKF72299, RKF72300, RKF73289, RKF73290, RKF74559, RKF75706, RKF76931, RKF76932, RKF79327, RKF79328, RKF79733, RKF81387, RKF82138, RKF83176, RKF83666	
OG0000065	BLGH_03815-mRNA-1	Bcin05p02420.1, Bcin15p02580.1	CVK85960, CVK91950, CVK94782, CVK96814, CVK97538, CVL03587, CVL06837	FOXG_04048P0, FOXG_04477P0, FOXG_04850P0, FOXG_11987P0, FOXG_14645P0, FOXG_15891P0	RKF78926, RKF83696	EDN99507, EDO01309
OG0000066		Bcin01p07660.1, Bcin01p07665.1, Bcin07p02900.1	CVK86860, CVK89058, CVK90387, CVK95724, CVK96569, CVK98555, CVL04965, CVL08696	FOXG_01943P0, FOXG_03534P0, FOXG_04763P0, FOXG_07972P0, FOXG_09840P0, FOXG_11845P0, FOXG_15633P0		EDN97072, EDO02280
OG0000067		Bcin01p09910.1, Bcin01p09910.2, Bcin04p01990.1, Bcin09p06690.1, Bcin11p03590.1, Bcin11p04600.1	CVK85622, CVK86375, CVK86670, CVK93531, CVK98979, CVK99308, CVL07705	FOXG_03950P0, FOXG_06299P0, FOXG_08143P0, FOXG_08788P0, FOXG_09572P0, FOXG_13113P0		EDO01475
OG0000068	BLGH_05499-mRNA-1, BLGH_05753-mRNA-1, BLGH_05763-mRNA-1, BLGH_05765-mRNA-1, BLGH_07022-mRNA-1, BLGH_07025-mRNA-1, BLGH_07039-mRNA-1, BLGH_07041-mRNA-1, BLGH_07050-mRNA-1, BLGH_07052-mRNA-1, BLGH_07070-mRNA-1	Bcin07p04370.1, Bcin10p03730.1	CVK97022	FOXG_02726P0, FOXG_04355P0, FOXG_14544P0	RKF73980	EDO04536
OG0000069	BLGH_04573-mRNA-1	Bcin16p00490.1	CVK90830, CVL04109	FOXG_06534P0, FOXG_06733P0, FOXG_06842P0, FOXG_06877P0, FOXG_06983P0, FOXG_07291P0, FOXG_12313P0, FOXG_16133P0, FOXG_16169P0, FOXG_16211P0, FOXG_16245P0, FOXG_16315P0, FOXG_17471P0	RKF54641	EDN99442
OG0000070	BLGH_05405-mRNA-1, BLGH_05435-mRNA-1, BLGH_05445-mRNA-1, BLGH_05447-mRNA-1, BLGH_05449-mRNA-1, BLGH_05451-mRNA-1, BLGH_05452-mRNA-1, BLGH_05455-mRNA-1, BLGH_05456-mRNA-1, BLGH_05457-mRNA-1, BLGH_05464-mRNA-1, BLGH_05469-mRNA-1, BLGH_05470-mRNA-1, BLGH_05475-mRNA-1	Bcin14p04260.1	CVL07897	FOXG_02712P0	RKF73293	EDN94438
OG0000071	BLGH_05314-mRNA-1, BLGH_05318-mRNA-1	Bcin01p01380.1, Bcin07p00400.1, Bcin11p04230.1	CVK83128, CVK85120, CVK96595, CVK97888, CVK98946, CVL04784, CVL08377	FOXG_00168P0, FOXG_02530P0, FOXG_04635P0, FOXG_05642P0, FOXG_11671P0	RKF63154	EDN95392
OG0000072	BLGH_06416-mRNA-1	Bcin01p04430.1, Bcin04p02680.1, Bcin14p00580.1, Bcin14p00580.2, Bcin14p00580.3, Bcin15p05620.1, Bcin15p05620.2	CVK91120, CVK93086, CVK95824, CVL02468	FOXG_03050P0, FOXG_09924P0, FOXG_11359P0	RKF80384	EDN96242, EDN99504, EDO01118
OG0000073	BLGH_06074-mRNA-1	Bcin05p01320.1, Bcin13p02480.1, Bcin16p05000.1	CVK85060, CVK86282, CVK94800, CVK94855, CVL01029, CVL06125, CVL07120, CVL07663, CVL08738, CVL08806	FOXG_07147P0, FOXG_09302P0, FOXG_13715P0, FOXG_14916P0		EDN99530
OG0000074	BLGH_01152-mRNA-1, BLGH_02488-mRNA-1	Bcin02p05690.1	CVK83098, CVK87857, CVK91989, CVK92117, CVK95517, CVL00474, CVL05015	FOXG_00152P0, FOXG_04865P0, FOXG_08942P0, FOXG_09723P0, FOXG_11814P0, FOXG_17586P0	RKF62868, RKF82607	EDN95224
OG0000075	BLGH_01068-mRNA-1	Bcin11p00830.1, Bcin11p00830.2	CVK86434, CVK94568, CVK98767, CVL03470, CVL05247, CVL06161, CVL06387, CVL07941	FOXG_02690P0, FOXG_03901P0, FOXG_11944P0, FOXG_15199P0, FOXG_16475P0	RKF44713	EDO01119, EDO03200
OG0000076	BLGH_01243-mRNA-1	Bcin02p02170.1, Bcin02p06690.1, Bcin03p02110.1, Bcin05p01000.1, Bcin06p04420.1, Bcin07p04800.1, Bcin08p05200.1, Bcin13p05140.1, Bcin15p04750.1	CVK83010, CVK90441, CVL02464	FOXG_00101P0, FOXG_03506P0	RKF53380	EDN95095, EDN98611, EDO03499
OG0000077	BLGH_03834-mRNA-1	Bcin01p08080.1, Bcin01p08080.2	CVK93917, CVL08214, CVL08663	FOXG_02636P0, FOXG_05963P0, FOXG_07144P0, FOXG_12520P0, FOXG_14019P0, FOXG_14212P0, FOXG_14313P0, FOXG_15167P0, FOXG_15949P0, FOXG_16662P0, FOXG_16725P0	RKF79466	EDO02179
OG0000078		Bcin04p01000.1, Bcin11p03480.1, Bcin13p00720.1, Bcin16p05198.1, Bcin17p00010.1	CVK86914, CVK93677, CVK98966, CVL06302, CVL07111, CVL07589	FOXG_04817P0, FOXG_05620P0, FOXG_06143P0, FOXG_07938P0, FOXG_10201P0, FOXG_15274P0	RKF64217	EDN96870
OG0000079		Bcin09p03110.1	CVK84796, CVK84797, CVK84798, CVK84799, CVK84800, CVK98808, CVL03375, CVL04112, CVL06758, CVL08625	FOXG_01204P0, FOXG_01206P0, FOXG_01207P0, FOXG_04806P0, FOXG_12317P0, FOXG_14574P0, FOXG_16444P0		EDO02758
OG0000080		Bcin14p00510.1	CVK85799, CVK85920, CVK92153, CVK96567, CVL02494, CVL03372, CVL08649	FOXG_04665P0, FOXG_04792P0, FOXG_04947P0, FOXG_09752P0, FOXG_10845P0, FOXG_11916P0, FOXG_13192P0, FOXG_15252P0, FOXG_15491P0, FOXG_15493P0, FOXG_17228P0		
OG0000081			CVK87853	FOXG_06537P0, FOXG_06730P0, FOXG_06828P0, FOXG_07006P0, FOXG_07288P0, FOXG_07434P0, FOXG_12455P0, FOXG_14082P0, FOXG_14811P0, FOXG_14923P0, FOXG_14945P0, FOXG_14962P0, FOXG_15892P0, FOXG_16183P0, FOXG_16197P0, FOXG_16312P0, FOXG_16671P0, FOXG_16733P0		
OG0000082			CVL01533	FOXG_06518P0, FOXG_06612P0, FOXG_06646P0, FOXG_06746P0, FOXG_06996P0, FOXG_07214P0, FOXG_07306P0, FOXG_10295P0, FOXG_14312P0, FOXG_14462P0, FOXG_15018P0, FOXG_15168P0, FOXG_15606P0, FOXG_15880P0, FOXG_16061P0, FOXG_16332P0, FOXG_16672P0, FOXG_17566P0		
OG0000083					RKF54914, RKF56644, RKF57209, RKF57210, RKF57795, RKF71218, RKF71522, RKF72044, RKF74494, RKF80061, RKF82789, RKF83120, RKF83121, RKF83122, RKF83138, RKF83139, RKF83798, RKF83800	EDN97665
OG0000084	BLGH_04817-mRNA-1	Bcin06p00330.1, Bcin06p00620.1, Bcin09p01190.1, Bcin15p03150.1, Bcin15p04670.1, Bcin15p04670.2	CVK92343, CVL01752, CVL07691, CVL08466	FOXG_05060P0, FOXG_10424P0, FOXG_17187P0	RKF72316	EDN93359, EDN93402, EDO02482
OG0000085	BLGH_01568-mRNA-1	Bcin02p01700.1, Bcin02p06300.1, Bcin03p00370.1, Bcin03p04410.1, Bcin16p00020.1	CVK95820, CVK97725, CVL02180, CVL06463	FOXG_09918P0, FOXG_10751P0, FOXG_13535P0, FOXG_14143P0, FOXG_17122P0, FOXG_17459P0	RKF56706, RKF66829	
OG0000086	BLGH_05465-mRNA-1, BLGH_05477-mRNA-1, BLGH_05478-mRNA-1, BLGH_05479-mRNA-1, BLGH_05484-mRNA-1, BLGH_05485-mRNA-1, BLGH_05486-mRNA-1, BLGH_05488-mRNA-1, BLGH_05489-mRNA-1, BLGH_05903-mRNA-1, BLGH_06290-mRNA-1, BLGH_06486-mRNA-1, BLGH_06489-mRNA-1, BLGH_06490-mRNA-1, BLGH_06491-mRNA-1, BLGH_06495-mRNA-1, BLGH_06496-mRNA-1, BLGH_06498-mRNA-1					
OG0000087	BLGH_05415-mRNA-1	Bcin03g00140.1, Bcin12p04370.1		FOXG_17760P0, FOXG_17761P0	RKF54889, RKF83646	EDN94553, EDN94554, EDN96231, EDN97182, EDN99295, EDO00731, EDO00905, EDO00906, EDO01263, EDO02417, EDO04757
OG0000088	BLGH_02401-mRNA-1, BLGH_05858-mRNA-1	Bcin01p00280.1, Bcin05p04530.1, Bcin05p04530.2, Bcin12p01710.1, Bcin12p01710.2, Bcin12p04510.1, Bcin15p02150.1	CVK84353, CVK94972	FOXG_00816P0, FOXG_16535P0	RKF53650	EDN92439, EDN92772, EDN98243, EDO03700
OG0000089	BLGH_06728-mRNA-1	Bcin09p02560.1, Bcin09p02560.2	CVK92778, CVL08209, CVL08217, CVL08237	FOXG_05408P0, FOXG_06927P0, FOXG_12561P0, FOXG_12612P0, FOXG_13979P0, FOXG_14277P0, FOXG_16083P0, FOXG_16295P0, FOXG_17064P0	RKF57997	EDO02894
OG0000090	BLGH_00782-mRNA-1, BLGH_05002-mRNA-1	Bcin02p01570.1, Bcin07p00660.1, Bcin13p05130.1	CVK91491, CVK91906, CVK95937, CVK96799, CVK96823, CVL04165	FOXG_02784P0, FOXG_04485P0, FOXG_04496P0, FOXG_10018P0, FOXG_12183P0	RKF78048	EDN95356
OG0000091		Bcin07p02170.1, Bcin08p03850.1	CVK84668, CVL00709, CVL02052, CVL05322, CVL06363, CVL06655, CVL06883	FOXG_01097P0, FOXG_09111P0, FOXG_10682P0, FOXG_13007P0, FOXG_14514P0, FOXG_14868P0, FOXG_15185P0, FOXG_17443P0		EDN97121
OG0000092				FOXG_06501P0, FOXG_06761P0, FOXG_06860P0, FOXG_06870P0, FOXG_06957P0, FOXG_07013P0, FOXG_07022P0, FOXG_07158P0, FOXG_07174P0, FOXG_07323P0, FOXG_10336P0, FOXG_14638P0, FOXG_16140P0, FOXG_16150P0, FOXG_16229P0, FOXG_16239P0, FOXG_16349P0, FOXG_17466P0		
OG0000093	BLGH_06577-mRNA-1	Bcin13p05400.1	CVK93671, CVL08197	FOXG_06151P0, FOXG_06930P0, FOXG_12525P0, FOXG_12559P0, FOXG_12610P0, FOXG_13981P0, FOXG_14014P0, FOXG_14209P0, FOXG_16080P0, FOXG_16298P0, FOXG_17066P0	RKF83826	EDN98584
OG0000094	BLGH_01013-mRNA-1, BLGH_01043-mRNA-1, BLGH_01044-mRNA-1, BLGH_01048-mRNA-1, BLGH_01050-mRNA-1, BLGH_01051-mRNA-1, BLGH_01052-mRNA-1, BLGH_01054-mRNA-1, BLGH_01056-mRNA-1, BLGH_01057-mRNA-1, BLGH_01058-mRNA-1, BLGH_01062-mRNA-1, BLGH_01063-mRNA-1, BLGH_01118-mRNA-1, BLGH_01119-mRNA-1, BLGH_04620-mRNA-1, BLGH_06527-mRNA-1					
OG0000095	BLGH_01681-mRNA-1	Bcin05p01730.1, Bcin09p00370.1	CVK85067, CVK89745, CVK94922, CVL01970, CVL07330	FOXG_01515P0, FOXG_03861P0, FOXG_06949P0, FOXG_07064P0, FOXG_10595P0, FOXG_13282P0, FOXG_16504P0	RKF54116	EDO01080
OG0000096	BLGH_01740-mRNA-1, BLGH_06236-mRNA-1	Bcin06p06180.1, Bcin09p05570.1, Bcin14p03450.1	CVL02606, CVL03044, CVL03365, CVL08316	FOXG_02501P0, FOXG_11202P0, FOXG_11923P0, FOXG_13578P0	RKF73271, RKF74870	EDN94539, EDO00394
OG0000097	BLGH_04394-mRNA-1	Bcin13p05500.1	CVL05682, CVL08230, CVL09328	FOXG_06923P0, FOXG_12567P0, FOXG_12618P0, FOXG_12769P0, FOXG_13973P0, FOXG_14221P0, FOXG_14273P0, FOXG_16087P0, FOXG_16291P0, FOXG_17058P0	RKF55446	EDN98561
OG0000098	BLGH_06842-mRNA-1	Bcin02p01660.1, Bcin07p07110.1	CVK88247, CVK91490, CVK94098, CVK95780, CVK96717, CVL00413	FOXG_02424P0, FOXG_02785P0, FOXG_05857P0, FOXG_07078P0, FOXG_08979P0, FOXG_09879P0	RKF54105	EDN96876
OG0000099	BLGH_06076-mRNA-1	Bcin02p00470.1, Bcin13p04760.1, Bcin16p03380.1	CVK87109, CVK92738, CVK93054, CVK94491, CVL06484, CVL08976	FOXG_05383P0, FOXG_05657P0, FOXG_07815P0, FOXG_11379P0, FOXG_13570P0	RKF63893	EDN96574
OG0000100		Bcin02p01260.1	CVK85004, CVK85110, CVK87900, CVK95404, CVK95869, CVK96642, CVK97919, CVK97982, CVL01738, CVL08619	FOXG_01386P0, FOXG_07410P0, FOXG_09972P0, FOXG_10831P0, FOXG_17521P0		EDN96831
OG0000101		Bcin11p03050.1, Bcin14p04570.1, Bcin15p05670.1	CVK93045, CVK94396, CVL00592, CVL00817, CVL01674	FOXG_05702P0, FOXG_06575P0, FOXG_06687P0, FOXG_07251P0, FOXG_09046P0, FOXG_09169P0, FOXG_10377P0, FOXG_11383P0		EDN94603
OG0000102		Bcin03p09318.1, Bcin03p09318.2, Bcin03p09318.3, Bcin03p09318.4	CVK87698, CVK94430, CVK95492, CVL04078, CVL07704	FOXG_05682P0, FOXG_07393P0, FOXG_07490P0, FOXG_09707P0, FOXG_12283P0, FOXG_16807P0	RKF77457	EDO04613
OG0000103			CVL09149	FOXG_06470P0, FOXG_06791P0, FOXG_06838P0, FOXG_07034P0, FOXG_07353P0, FOXG_14413P0, FOXG_14461P0, FOXG_14474P0, FOXG_15006P0, FOXG_15019P0, FOXG_15068P0, FOXG_15564P0, FOXG_16022P0, FOXG_16173P0, FOXG_16207P0, FOXG_16377P0		
OG0000104	BLGH_01445-mRNA-1, BLGH_01448-mRNA-1, BLGH_01623-mRNA-1, BLGH_02085-mRNA-1, BLGH_03566-mRNA-1, BLGH_04690-mRNA-1, BLGH_04691-mRNA-1, BLGH_04692-mRNA-1, BLGH_04693-mRNA-1, BLGH_04694-mRNA-1, BLGH_04698-mRNA-1, BLGH_04699-mRNA-1, BLGH_05089-mRNA-1, BLGH_05395-mRNA-1, BLGH_06214-mRNA-1, BLGH_06814-mRNA-1					
OG0000105	BLGH_00189-mRNA-1	Bcin10p02530.1	CVK84731, CVK85029, CVK85150, CVK90838, CVK92061, CVK95645, CVK97648	FOXG_01145P0, FOXG_03262P0, FOXG_04896P0, FOXG_09801P0, FOXG_13463P0	RKF62730	EDN97751
OG0000106	BLGH_01487-mRNA-1	Bcin10p04060.1	CVL01153	FOXG_09390P0, FOXG_12539P0, FOXG_12589P0, FOXG_14000P0, FOXG_14257P0, FOXG_14422P0, FOXG_15059P0, FOXG_16414P0, FOXG_17084P0, FOXG_17123P0, FOXG_17458P0	RKF56267	EDN97678
OG0000107	BLGH_01685-mRNA-1	Bcin02p04090.1, Bcin07p03770.1, Bcin07p03770.2, Bcin09p04820.1, Bcin12p06510.1	CVK89073, CVK95568	FOXG_01932P0, FOXG_09759P0, FOXG_10764P0	RKF56198, RKF65248, RKF71255	EDN96496, EDN99012
OG0000108	BLGH_04534-mRNA-1	Bcin16p00380.1	CVK87821, CVK88338, CVK97579, CVL01689, CVL01798, CVL02122	FOXG_02359P0, FOXG_04029P0, FOXG_07447P0, FOXG_10385P0, FOXG_10452P0, FOXG_10720P0	RKF62512	EDN99297
OG0000109	BLGH_04866-mRNA-1, BLGH_07117-mRNA-1	Bcin01p10420.1, Bcin03p01650.1, Bcin09p04990.1, Bcin09p04990.2, Bcin10p03060.1, Bcin11p02370.1, Bcin12p01330.1, Bcin14p05260.1, Bcin14p05310.1, Bcin16p01900.1	CVL01218	FOXG_09458P0	RKF53821	EDO01400
OG0000110	BLGH_03064-mRNA-1	Bcin01p07670.1, Bcin01p07670.2	CVK91203, CVK98806, CVL09323	FOXG_06482P0, FOXG_06778P0, FOXG_07340P0, FOXG_14314P0, FOXG_14412P0, FOXG_15069P0, FOXG_15166P0, FOXG_16365P0	RKF54604	EDO02276
OG0000111	BLGH_05311-mRNA-1	Bcin06p03970.1	CVL00064	FOXG_06597P0, FOXG_06662P0, FOXG_06857P0, FOXG_06985P0, FOXG_07132P0, FOXG_07165P0, FOXG_07228P0, FOXG_08252P0, FOXG_16074P0, FOXG_16153P0, FOXG_16226P0	RKF83467	EDN99857
OG0000112	BLGH_03176-mRNA-1	Bcin03p04650.1	CVK94182, CVL00450, CVL02906, CVL08236, CVL09078	FOXG_11128P0, FOXG_12568P0, FOXG_12619P0, FOXG_13972P0, FOXG_14132P0, FOXG_15619P0, FOXG_17057P0, FOXG_17124P0		EDN90989
OG0000113	BLGH_03365-mRNA-1	Bcin01p06030.1	CVK83675	FOXG_00504P0, FOXG_07061P0, FOXG_14322P0, FOXG_14848P0, FOXG_15158P0, FOXG_15856P0, FOXG_15908P0, FOXG_15909P0, FOXG_17292P0, FOXG_17293P0	RKF61450	EDO02024, EDO02025
OG0000114	BLGH_02373-mRNA-1, BLGH_04040-mRNA-1, BLGH_04136-mRNA-1				RKF51344, RKF56380, RKF56384, RKF65322, RKF78602, RKF78704, RKF78706, RKF78911, RKF79980, RKF80023, RKF81070, RKF81337, RKF83208	
OG0000115	BLGH_02413-mRNA-1, BLGH_06780-mRNA-1	Bcin11p00020.1, Bcin11p00400.1, Bcin14p03440.1, Bcin15p05510.1, Bcin15p05510.2	CVK89412, CVK95268, CVL01458, CVL05264	FOXG_01725P0, FOXG_09590P0	RKF71448, RKF72622	EDO00571
OG0000116	BLGH_02118-mRNA-1	Bcin16p04800.1, Bcin16p04800.10, Bcin16p04800.11, Bcin16p04800.12, Bcin16p04800.2, Bcin16p04800.3, Bcin16p04800.4, Bcin16p04800.5, Bcin16p04800.6, Bcin16p04800.7, Bcin16p04800.8, Bcin16p04800.9	CVL01913	FOXG_10533P0	RKF55543	
OG0000117		Bcin02p07250.1, Bcin02p07250.2, Bcin02p07250.3, Bcin03p00990.1, Bcin03p00990.2, Bcin06p02330.1, Bcin06p02330.2, Bcin06p02330.3, Bcin08p00350.2, Bcin08p00350.3, Bcin10p04450.1, Bcin12g06810.1				EDN91068, EDN93478, EDN93479, EDN99763
OG0000118		Bcin05p01640.1, Bcin06p00460.1, Bcin08p00070.1, Bcin09p02710.1, Bcin16p00005.1	CVK85057, CVK90107, CVK96109, CVL03005	FOXG_10158P0, FOXG_11183P0, FOXG_14289P0, FOXG_17429P0		EDN93386, EDO02434, EDO03420
OG0000119		Bcin03p03680.1, Bcin03p06400.1, Bcin06p06910.1, Bcin08p00080.1, Bcin11p02480.1, Bcin12p05260.1, Bcin14p02500.1, Bcin16p04190.1	CVK91807	FOXG_04781P0, FOXG_13049P0, FOXG_13619P0, FOXG_14943P0, FOXG_17630P0		EDN98960, EDO03381
OG0000120		Bcin02p07830.1	CVK95723, CVK95854, CVK97949, CVK99302, CVL03809, CVL04211, CVL06304, CVL09169	FOXG_07024P0, FOXG_08793P0, FOXG_09958P0, FOXG_12370P0, FOXG_15275P0, FOXG_15848P0, FOXG_17779P0		
OG0000121		Bcin01p05300.1, Bcin06p07350.1, Bcin14p01860.1	CVK84711, CVK87689, CVK91406, CVK94902, CVK96154, CVK98447, CVL07421	FOXG_01126P0, FOXG_07494P0, FOXG_13859P0, FOXG_17242P0		EDN94390, EDO00146
OG0000122		Bcin11p04900.1	CVK84943, CVK86150, CVK88483, CVK94910, CVK97188, CVK98833, CVL02243, CVL07737	FOXG_01332P0, FOXG_02284P0, FOXG_04256P0, FOXG_10779P0, FOXG_13373P0, FOXG_16499P0, FOXG_16832P0		
OG0000123		Bcin04p00660.1	CVK94517, CVK95911, CVK96079, CVL06874, CVL07154, CVL07556	FOXG_04101P0, FOXG_10137P0, FOXG_14414P0, FOXG_14688P0, FOXG_15067P0, FOXG_17032P0		EDO00634, EDO00635, EDO03145
OG0000124		Bcin15p04180.1	CVK90337, CVK95263, CVK96131, CVK98207, CVK98584, CVL01794, CVL07545, CVL08322, CVL08949	FOXG_02505P0, FOXG_03559P0, FOXG_10165P0, FOXG_10448P0		EDN92294, EDN98170
OG0000125			CVK91883, CVK96147, CVK98846, CVL03664, CVL04141, CVL05022, CVL05129, CVL06146	FOXG_04713P0, FOXG_05811P0, FOXG_11809P0, FOXG_11858P0, FOXG_12031P0, FOXG_12343P0, FOXG_15804P0, FOXG_17577P0		
OG0000126			CVL01643, CVL06613, CVL06614, CVL06615, CVL06616, CVL07721, CVL07722, CVL07727, CVL07728, CVL07729, CVL07731	FOXG_14492P0, FOXG_14493P0, FOXG_16820P0, FOXG_16825P0, FOXG_16826P0		
OG0000127				FOXG_06520P0, FOXG_06554P0, FOXG_06628P0, FOXG_06631P0, FOXG_06708P0, FOXG_06744P0, FOXG_07068P0, FOXG_07199P0, FOXG_07272P0, FOXG_07304P0, FOXG_14931P0, FOXG_15530P0, FOXG_15600P0, FOXG_15987P0, FOXG_16330P0, FOXG_17299P0		
OG0000128					RKF53542, RKF53552, RKF53565, RKF53566, RKF61431, RKF63148, RKF63149, RKF65896, RKF66875, RKF76167, RKF77707, RKF78430, RKF81190, RKF81191, RKF83981, RKF84095	
OG0000129						EDN90639, EDN90735, EDN91538, EDN92489, EDN94290, EDN94564, EDN95927, EDN96713, EDN97752, EDN98966, EDN99971, EDO00550, EDO00740, EDO01095, EDO01230, EDO01782
OG0000130						EDN90848, EDN93333, EDN93334, EDN93379, EDN94234, EDN95364, EDN96091, EDN96147, EDN96465, EDN98242, EDO00632, EDO00712, EDO00974, EDO01165, EDO02237, EDO03011
OG0000131	BLGH_03653-mRNA-1, BLGH_05219-mRNA-1, BLGH_05220-mRNA-1, BLGH_05221-mRNA-1, BLGH_05857-mRNA-1, BLGH_06745-mRNA-1, BLGH_06746-mRNA-1, BLGH_06852-mRNA-1, BLGH_06957-mRNA-1, BLGH_06958-mRNA-1, BLGH_06959-mRNA-1, BLGH_06995-mRNA-1, BLGH_07030-mRNA-1, BLGH_07101-mRNA-1, BLGH_07103-mRNA-1					
OG0000132	BLGH_01447-mRNA-1	Bcin03p02340.1, Bcin10p01720.1, Bcin12p00760.1	CVK94976, CVK97164, CVK98543, CVL07548	FOXG_04271P0, FOXG_15621P0, FOXG_16538P0	RKF55566	EDN91169, EDN92283, EDO04774
OG0000133	BLGH_01647-mRNA-1	Bcin05p08050.1, Bcin12p00550.1	CVK87752, CVK94074, CVK94330, CVK98955, CVL03909	FOXG_05738P0, FOXG_05870P0, FOXG_07472P0, FOXG_12152P0	RKF55988	EDN95870, EDO01208
OG0000134	BLGH_03769-mRNA-1, BLGH_03774-mRNA-1, BLGH_04448-mRNA-1, BLGH_04449-mRNA-1, BLGH_04450-mRNA-1, BLGH_04837-mRNA-1	Bcin12p04280.1	CVK99793, CVL00712, CVL02082	FOXG_08417P0, FOXG_09112P0, FOXG_10698P0	RKF63272	EDN92671
OG0000135	BLGH_04338-mRNA-1, BLGH_04339-mRNA-1, BLGH_04340-mRNA-1, BLGH_04341-mRNA-1, BLGH_04342-mRNA-1, BLGH_04343-mRNA-1, BLGH_04344-mRNA-1, BLGH_04345-mRNA-1, BLGH_04346-mRNA-1, BLGH_04347-mRNA-1, BLGH_04350-mRNA-1, BLGH_04351-mRNA-1, BLGH_04352-mRNA-1, BLGH_04353-mRNA-1, BLGH_06804-mRNA-1					
OG0000136	BLGH_03643-mRNA-1	Bcin12p05790.1	CVK99762	FOXG_06849P0, FOXG_06879P0, FOXG_06977P0, FOXG_07160P0, FOXG_08432P0, FOXG_16131P0, FOXG_16163P0, FOXG_16217P0, FOXG_16247P0, FOXG_17478P0	RKF83901	EDN98938
OG0000137		Bcin03p05450.1, Bcin06p06520.1, Bcin06p07150.1, Bcin06p07340.1, Bcin10p00850.1	CVK85914, CVK87736, CVK91316, CVL04051, CVL08334	FOXG_13243P0, FOXG_14800P0, FOXG_16472P0		EDN96178, EDO00169
OG0000138		Bcin01p00060.1, Bcin01p11550.1, Bcin03p04360.1, Bcin10p00040.1	CVK86377, CVK98127, CVL06273, CVL06775	FOXG_02884P0, FOXG_03945P0, FOXG_14587P0, FOXG_15296P0		EDN93371, EDO01650, EDO01652
OG0000139		Bcin01p04850.1, Bcin03p09170.1, Bcin05p05680.1, Bcin08p04930.1, Bcin09p04520.1	CVK97571, CVL04597	FOXG_02628P0, FOXG_02883P0, FOXG_04026P0, FOXG_11533P0, FOXG_15205P0, FOXG_15609P0, FOXG_16064P0		EDO01898
OG0000140		Bcin06p00770.1	CVK97637, CVL08363, CVL08899, CVL08905, CVL08906, CVL09117, CVL09118, CVL09120, CVL09124, CVL09251	FOXG_02522P0, FOXG_13454P0, FOXG_17690P0		EDN93326
OG0000141		Bcin04p02520.1, Bcin06p03920.1, Bcin06p06410.1, Bcin08p00950.1	CVK86265, CVK95339, CVL02177, CVL02477, CVL06966	FOXG_09633P0, FOXG_10745P0, FOXG_13438P0		EDN99850, EDO00419, EDO01136
OG0000142		Bcin01p09700.1	CVK86526, CVK92139, CVK95660, CVK95662, CVK95664, CVK96727, CVK96780, CVK97556, CVK97588, CVK99367	FOXG_04034P0, FOXG_04035P0, FOXG_04537P0, FOXG_04941P0		
OG0000143		Bcin09p04790.1	CVK91330, CVK96003, CVK96124, CVK96758, CVK98619, CVK98925, CVL00740, CVL07252, CVL07483	FOXG_04514P0, FOXG_10087P0, FOXG_15689P0, FOXG_15831P0		EDO02550
OG0000144		Bcin16p00280.1, Bcin16p00280.2, Bcin16p00280.3, Bcin16p00280.4	CVL09286	FOXG_06432P0, FOXG_06926P0, FOXG_12564P0, FOXG_12615P0, FOXG_13976P0, FOXG_14217P0, FOXG_16084P0, FOXG_16294P0, FOXG_17061P0		EDN99281
OG0000145				FOXG_06517P0, FOXG_06747P0, FOXG_06848P0, FOXG_06976P0, FOXG_07087P0, FOXG_07097P0, FOXG_07130P0, FOXG_07307P0, FOXG_13064P0, FOXG_14311P0, FOXG_15169P0, FOXG_16164P0, FOXG_16216P0, FOXG_16333P0, FOXG_17477P0		
OG0000146	BLGH_05646-mRNA-1	Bcin14p01120.1	CVK89642, CVK92015, CVK95673, CVK98605, CVL08545	FOXG_01591P0, FOXG_04876P0, FOXG_09811P0, FOXG_15681P0	RKF58841	EDN94248, EDN99457
OG0000147	BLGH_01444-mRNA-1	Bcin02p09020.1, Bcin04p03050.1, Bcin06p04870.1	CVK94759, CVK97157, CVK98729	FOXG_04274P0, FOXG_10838P0, FOXG_15051P0, FOXG_15757P0	RKF55565	EDN92250, EDN93502
OG0000148	BLGH_01717-mRNA-1, BLGH_01720-mRNA-1, BLGH_01722-mRNA-1, BLGH_01723-mRNA-1, BLGH_01724-mRNA-1, BLGH_01725-mRNA-1, BLGH_01739-mRNA-1	Bcin08p05540.1, Bcin09p01060.1	CVK85121, CVK96155	FOXG_10173P0	RKF82748	EDO02458
OG0000149	BLGH_01928-mRNA-1, BLGH_06224-mRNA-1	Bcin02p05920.1, Bcin04p04360.1	CVK85943, CVK86618, CVK92533, CVL00289	FOXG_03713P0, FOXG_05207P0, FOXG_13258P0	RKF53734, RKF71402	EDN95172
OG0000150	BLGH_04575-mRNA-1				RKF53250, RKF53252, RKF57445, RKF57446, RKF62735, RKF63944, RKF71223, RKF75894, RKF75987, RKF82266, RKF82270, RKF82618, RKF82932	
OG0000151	BLGH_05498-mRNA-1	Bcin14p03060.1	CVK92595	FOXG_05266P0, FOXG_06541P0, FOXG_06725P0, FOXG_07112P0, FOXG_07285P0, FOXG_14161P0, FOXG_14184P0, FOXG_14917P0, FOXG_16307P0	RKF79858	EDN94414
OG0000152	BLGH_06297-mRNA-1, BLGH_06300-mRNA-1, BLGH_06301-mRNA-1, BLGH_06435-mRNA-1, BLGH_06636-mRNA-1, BLGH_06642-mRNA-1, BLGH_06643-mRNA-1, BLGH_06649-mRNA-1, BLGH_06654-mRNA-1, BLGH_06656-mRNA-1, BLGH_06657-mRNA-1, BLGH_06660-mRNA-1, BLGH_06666-mRNA-1, BLGH_07053-mRNA-1					
OG0000153	BLGH_05327-mRNA-1	Bcin06p05230.1	CVK87873, CVK90774, CVK98827	FOXG_03305P0, FOXG_06453P0, FOXG_06810P0, FOXG_07370P0, FOXG_08872P0, FOXG_15800P0, FOXG_16394P0	RKF65975	EDN99935
OG0000154	BLGH_03232-mRNA-1	Bcin03p05090.1, Bcin03p05090.2, Bcin03p05090.3, Bcin03p05090.4, Bcin03p05090.5, Bcin03p05090.6	CVK91158, CVL08169	FOXG_03015P0, FOXG_12423P0, FOXG_14114P0	RKF82236	EDN90928
OG0000155	BLGH_02051-mRNA-1	Bcin08p05600.1	CVK90341, CVK91213, CVK95009, CVK98633, CVK99269, CVK99300	FOXG_02964P0, FOXG_03556P0, FOXG_08794P0, FOXG_08814P0, FOXG_15709P0, FOXG_16568P0		
OG0000156	BLGH_02195-mRNA-1		CVL08139, CVL08158, CVL08167, CVL09069, CVL09150, CVL09334, CVL09335, CVL09344, CVL09545	FOXG_06679P0	RKF61801	EDN91303, EDO03066
OG0000157	BLGH_00898-mRNA-1	Bcin05p07200.1	CVK86946	FOXG_06858P0, FOXG_07131P0, FOXG_07164P0, FOXG_07916P0, FOXG_15915P0, FOXG_16152P0, FOXG_16227P0, FOXG_16658P0, FOXG_16721P0	RKF63850	EDO03838
OG0000158	BLGH_01180-mRNA-1	Bcin09p04390.1, Bcin13p04070.1	CVK85986, CVK95981, CVK95982, CVK96219, CVL00752	FOXG_01940P0, FOXG_05634P0, FOXG_09134P0, FOXG_13284P0	RKF83123	EDO02724
OG0000159	BLGH_01266-mRNA-1	Bcin02p08360.1	CVK87194	FOXG_07759P0, FOXG_14323P0, FOXG_14378P0, FOXG_14438P0, FOXG_14954P0, FOXG_15043P0, FOXG_15104P0, FOXG_15157P0, FOXG_16689P0, FOXG_16752P0	RKF71351	
OG0000160		Bcin08p01100.1		FOXG_06620P0, FOXG_12582P0, FOXG_12633P0, FOXG_13958P0, FOXG_14260P0, FOXG_14262P0, FOXG_14283P0, FOXG_14292P0, FOXG_14583P0, FOXG_14775P0, FOXG_14777P0, FOXG_17043P0, FOXG_17298P0		
OG0000161		Bcin13p01360.1	CVK84859, CVK85036, CVK96546, CVK96588, CVL02569, CVL06318, CVL07444, CVL07570	FOXG_01265P0, FOXG_15283P0, FOXG_17170P0, FOXG_17512P0		EDN99374
OG0000162		Bcin02p05130.1, Bcin03p02910.1, Bcin04p06220.1, Bcin06p00026.1, Bcin09p05710.1	CVK86600, CVK94035, CVK98129, CVL02035	FOXG_03732P0, FOXG_05893P0, FOXG_10649P0, FOXG_13651P0		EDN95266
OG0000163		Bcin12p04550.1	CVK93448, CVL08224	FOXG_06374P0, FOXG_06925P0, FOXG_12565P0, FOXG_12616P0, FOXG_13975P0, FOXG_14218P0, FOXG_14276P0, FOXG_16085P0, FOXG_16293P0, FOXG_17060P0		EDN92768
OG0000164		Bcin06p06010.1, Bcin13p00730.1	CVK86276, CVK95781, CVK96816, CVL01655, CVL08037	FOXG_02744P0, FOXG_04000P0, FOXG_04479P0, FOXG_09880P0, FOXG_10367P0	RKF84032	EDO00370
OG0000165		Bcin08p07110.1, Bcin13p03040.1	CVK85018, CVK85085, CVK85091, CVK94865, CVK97438, CVL02190, CVL02574	FOXG_04116P0, FOXG_05726P0, FOXG_11667P0, FOXG_17780P0		EDN93678
OG0000166		Bcin11p05430.1, Bcin11p05690.1	CVK83619, CVK87682, CVK87964, CVL02579, CVL05266, CVL08680	FOXG_00485P0, FOXG_04773P0, FOXG_07498P0, FOXG_10836P0, FOXG_10925P0		EDN96345
OG0000167		Bcin01p03310.1, Bcin05p01950.1, Bcin09p00840.1, Bcin16p01860.1	CVK84687, CVK87813, CVK96718, CVL06361, CVL06400, CVL06994	FOXG_01108P0, FOXG_15183P0, FOXG_15208P0		EDO03327
OG0000168		Bcin10p05370.1, Bcin14p01260.1	CVK86309, CVK86522, CVK92045, CVL01175, CVL06118, CVL07581	FOXG_03805P0, FOXG_04888P0, FOXG_09413P0, FOXG_15384P0, FOXG_17616P0		EDO04633
OG0000169		Bcin02p00520.1, Bcin10p00770.1	CVK89767, CVL05454, CVL05480	FOXG_01495P0, FOXG_12436P0, FOXG_12874P0, FOXG_12897P0, FOXG_14101P0, FOXG_14149P0, FOXG_16408P0		EDN96579, EDO04716
OG0000170		Bcin03p05820.1, Bcin14p01630.1	CVK85929, CVK93942, CVK97613, CVK98371, CVL04902	FOXG_04007P0, FOXG_05948P0, FOXG_11739P0, FOXG_13249P0, FOXG_13801P0	RKF60285	EDN90838
OG0000171		Bcin07p02880.1	CVK83644, CVK84849, CVK85015, CVK87876, CVK91476, CVK92023, CVL05799, CVL06170, CVL06924	FOXG_07421P0, FOXG_14744P0, FOXG_15352P0		EDN98116
OG0000172		Bcin09p02890.1, Bcin09p02890.2	CVK92372	FOXG_05089P0, FOXG_06912P0, FOXG_12416P0, FOXG_12472P0, FOXG_14066P0, FOXG_14121P0, FOXG_14250P0, FOXG_14818P0, FOXG_16099P0, FOXG_16281P0		EDO02860
OG0000173		Bcin06p04610.1, Bcin06p04610.2, Bcin06p04610.3, Bcin06p04610.4	CVK84486, CVK94068, CVL08635	FOXG_00991P0, FOXG_02607P0, FOXG_04799P0, FOXG_05874P0, FOXG_12947P0, FOXG_17517P0		EDN99187
OG0000174		Bcin02p05630.1	CVK94300, CVK94348, CVK94835	FOXG_05730P0, FOXG_05750P0, FOXG_11839P0, FOXG_14328P0, FOXG_15152P0, FOXG_16948P0, FOXG_17687P0		EDN91369, EDN97659, EDO02976
OG0000175		Bcin01p04120.1	CVK85148, CVK95235, CVK95708, CVL02743, CVL04975, CVL08325, CVL08772	FOXG_02507P0, FOXG_09574P0, FOXG_09830P0, FOXG_11045P0, FOXG_16794P0		EDO01819
OG0000176		Bcin06p06480.1	CVK86563, CVK87866, CVK93561, CVL00419, CVL00434, CVL08931	FOXG_03765P0, FOXG_05651P0, FOXG_06267P0, FOXG_07428P0, FOXG_08967P0, FOXG_13545P0		EDO00238
OG0000177			CVK87533, CVK87552, CVL00502, CVL00503, CVL00507, CVL00521, CVL00525, CVL00528, CVL00544	FOXG_07039P0, FOXG_07564P0, FOXG_07581P0, FOXG_09001P0		EDO03329
OG0000178			CVK87959, CVK94582, CVK94816, CVK98775, CVK99388, CVL08631, CVL08702	FOXG_02902P0, FOXG_04767P0, FOXG_04802P0, FOXG_09970P0, FOXG_13003P0, FOXG_13202P0, FOXG_17557P0		
OG0000179					RKF53425, RKF57027, RKF58629, RKF60072, RKF61426, RKF65015, RKF65120, RKF65956, RKF76622, RKF79007, RKF79084, RKF83761, RKF83964, RKF83978	
OG0000180					RKF53814, RKF54318, RKF56520, RKF58634, RKF58635, RKF58636, RKF58640, RKF58642, RKF58643, RKF58647, RKF58648, RKF59788, RKF71096, RKF78436	
OG0000181	BLGH_03102-mRNA-1, BLGH_03103-mRNA-1, BLGH_04769-mRNA-1, BLGH_04774-mRNA-1, BLGH_04777-mRNA-1, BLGH_04791-mRNA-1, BLGH_04796-mRNA-1, BLGH_05279-mRNA-1, BLGH_06341-mRNA-1, BLGH_06342-mRNA-1, BLGH_06343-mRNA-1, BLGH_06849-mRNA-1, BLGH_07065-mRNA-1					
OG0000182	BLGH_02437-mRNA-1, BLGH_02438-mRNA-1, BLGH_05751-mRNA-1, BLGH_05752-mRNA-1, BLGH_05754-mRNA-1, BLGH_05755-mRNA-1, BLGH_05756-mRNA-1, BLGH_05759-mRNA-1, BLGH_05760-mRNA-1, BLGH_05761-mRNA-1, BLGH_05762-mRNA-1, BLGH_07038-mRNA-1, BLGH_07040-mRNA-1					
OG0000183	BLGH_00036-mRNA-1	Bcin01p00140.1, Bcin05p01400.1, Bcin11p02990.1	CVK90144, CVK91913, CVK95013, CVL02259	FOXG_04822P0, FOXG_10794P0, FOXG_16570P0	RKF77219	EDO03450
OG0000184	BLGH_00125-mRNA-1	Bcin03p09314.1, Bcin10p06230.1	CVK92735, CVL06717, CVL06855	FOXG_05381P0, FOXG_11972P0, FOXG_14662P0	RKF77565	EDN93274, EDN97549, EDO03139
OG0000185	BLGH_05580-mRNA-1	Bcin06p01640.1	CVK84349, CVK84932, CVK88834, CVK91405, CVL04460	FOXG_00814P0, FOXG_01322P0, FOXG_02077P0, FOXG_11436P0	RKF59859	EDN99753
OG0000186	BLGH_01778-mRNA-1, BLGH_03995-mRNA-1	Bcin07p03160.1, Bcin14p01930.1, Bcin14p01930.2, Bcin14p01930.3	CVK92719, CVK99525	FOXG_05370P0, FOXG_08592P0	RKF54479	EDN94379, EDN97042
OG0000187	BLGH_01801-mRNA-1	Bcin04p01560.1, Bcin07p04230.1, Bcin07p04230.2, Bcin13p02110.1	CVK95658, CVK96572, CVK98561	FOXG_02731P0, FOXG_09807P0, FOXG_15642P0	RKF82393	EDN99482
OG0000188	BLGH_06846-mRNA-1	Bcin01p06250.1, Bcin13p03170.1	CVK96930, CVL07566	FOXG_04412P0, FOXG_06592P0, FOXG_06667P0, FOXG_07234P0, FOXG_17505P0, FOXG_17628P0	RKF56918	EDO02054
OG0000189	BLGH_02680-mRNA-1, BLGH_06920-mRNA-1	Bcin03p06600.1, Bcin13p00960.1	CVK84173, CVK93659	FOXG_00795P0, FOXG_06163P0	RKF56641, RKF65579, RKF83053	EDN90734, EDN99412
OG0000190	BLGH_03025-mRNA-1	Bcin11p04070.1	CVK83174, CVK91426, CVK93615, CVL02104, CVL06041	FOXG_00193P0, FOXG_02826P0, FOXG_06211P0, FOXG_10713P0, FOXG_15450P0	RKF76215	
OG0000191	BLGH_03143-mRNA-1, BLGH_06182-mRNA-1	Bcin02p08600.1, Bcin04p00550.1	CVK86772, CVK90084, CVK90498	FOXG_03471P0, FOXG_05554P0, FOXG_08042P0	RKF77718, RKF81789	EDO01255
OG0000192	BLGH_05014-mRNA-1, BLGH_05490-mRNA-1	Bcin11p04620.1, Bcin14p00160.1, Bcin14p00160.2, Bcin14p00160.3	CVK83475, CVK95301, CVK98257	FOXG_00379P0, FOXG_13731P0	RKF64709	EDN91661
OG0000193	BLGH_03360-mRNA-1	Bcin08p06840.1, Bcin16p00390.1, Bcin16p00390.2, Bcin16p02140.1, Bcin16p02140.2, Bcin16p02140.3, Bcin16p02140.4	CVK86452, CVK89823, CVL02272	FOXG_01439P0, FOXG_03886P0		
OG0000194	BLGH_06026-mRNA-1	Bcin01p09430.1, Bcin01p10830.1, Bcin13p05760.1, Bcin15p03080.1	CVL02928, CVL03914	FOXG_11136P0, FOXG_12155P0, FOXG_17558P0	RKF80804, RKF82395	EDN98527
OG0000195	BLGH_04039-mRNA-1	Bcin08p01980.1	CVK92212, CVK95910, CVK96070, CVL05258, CVL08040	FOXG_02743P0, FOXG_04977P0, FOXG_10012P0, FOXG_13056P0	RKF56623	EDO00930
OG0000196	BLGH_04299-mRNA-1	Bcin08p01270.1, Bcin08p01270.2, Bcin08p01270.3, Bcin08p01270.4, Bcin08p01270.5	CVK91109	FOXG_03063P0, FOXG_12505P0, FOXG_14034P0, FOXG_17258P0	RKF72848	EDO01026
OG0000197	BLGH_06652-mRNA-1	Bcin02p02940.1, Bcin03p01620.1, Bcin13p03100.1	CVK85140, CVK98879, CVL02239, CVL03100	FOXG_04682P0, FOXG_10789P0, FOXG_11235P0	RKF56996	EDN91112
OG0000198	BLGH_00802-mRNA-1	Bcin16p00730.1, Bcin16p00730.2, Bcin16p00730.3, Bcin16p00730.4, Bcin16p00730.5, Bcin16p00730.6, Bcin16p00730.7, Bcin16p00730.8	CVK90988	FOXG_03168P0	RKF55333	EDN99417
OG0000199	BLGH_01296-mRNA-1	Bcin02p08170.1, Bcin02p08170.2, Bcin02p08170.3, Bcin02p08170.4	CVK86673, CVL05270, CVL08114, CVL08136, CVL09064, CVL09365	FOXG_08140P0	RKF56352	
OG0000200	BLGH_03655-mRNA-1	Bcin04p00280.1, Bcin04p00280.2, Bcin04p00280.3, Bcin04p00280.4, Bcin04p00280.5, Bcin04p00280.6, Bcin04p00280.7, Bcin04p00280.8	CVK92607	FOXG_05278P0	RKF54873	EDN92293
OG0000201		Bcin05p00440.1	CVK87769, CVK91454, CVL04910	FOXG_02809P0, FOXG_06507P0, FOXG_06757P0, FOXG_06999P0, FOXG_07167P0, FOXG_07317P0, FOXG_11742P0, FOXG_16343P0		EDO03193
OG0000202		Bcin04p00950.1, Bcin05p04560.1, Bcin13p02870.1, Bcin13p05290.1, Bcin14p01310.1, Bcin15p00430.1	CVL05449, CVL07152, CVL07425, CVL09187	FOXG_12899P0, FOXG_17093P0, FOXG_17325P0		
OG0000203		Bcin06p04280.1, Bcin06p04280.2, Bcin15p03690.1, Bcin15p03690.2	CVK96552, CVK97293, CVK99255, CVL06345, CVL07574, CVL08368	FOXG_04196P0	RKF65564	EDN99900
OG0000204		Bcin02p01480.1, Bcin04p00740.1, Bcin04p00930.1, Bcin04p02980.1, Bcin05p07250.1, Bcin12p03230.1	CVK91382, CVK99392, CVL08087			EDO01414, EDO03826, EDO04689, EDO04690
OG0000205		Bcin02p00690.1, Bcin03p03760.1, Bcin06p06960.1, Bcin09p00690.1, Bcin16p00460.1	CVK86141, CVL01652	FOXG_06602P0, FOXG_06657P0, FOXG_07223P0, FOXG_13368P0		EDO00192, EDO00193
OG0000206		Bcin01p01340.1, Bcin06p00410.1	CVK86296, CVK86405, CVK97663, CVL02500, CVL06406	FOXG_03986P0, FOXG_10849P0, FOXG_13476P0, FOXG_17507P0, FOXG_17709P0		EDN93401
OG0000207		Bcin01p07000.1, Bcin06p05250.1, Bcin06p07530.1, Bcin07p05590.1, Bcin11p01270.1, Bcin12p02400.1, Bcin12p02400.2, Bcin12p02400.3	CVL04773			EDN92573, EDN96315, EDN99943, EDO01661
OG0000208		Bcin01p10840.1, Bcin03p06680.1	CVK92032, CVK95985, CVK96631, CVK96639, CVK97660, CVL07409, CVL08709	FOXG_04833P0, FOXG_04882P0, FOXG_13473P0		EDN90721
OG0000209		Bcin05p00890.1	CVK84784, CVK86324, CVK95438, CVK99326, CVL00427, CVL03678	FOXG_01194P0, FOXG_03976P0, FOXG_08779P0, FOXG_08972P0, FOXG_09679P0		EDO03511
OG0000210			CVK84967, CVK91279, CVK92027, CVL02651, CVL06299, CVL06911, CVL09198	FOXG_10977P0, FOXG_14417P0, FOXG_14723P0, FOXG_15064P0, FOXG_15272P0		EDO01724
OG0000211			CVK88471, CVL08228	FOXG_02290P0, FOXG_06924P0, FOXG_12566P0, FOXG_12617P0, FOXG_13974P0, FOXG_14137P0, FOXG_14220P0, FOXG_14274P0, FOXG_16086P0, FOXG_16292P0, FOXG_17059P0		
OG0000212			CVK90396, CVK95126, CVK99393, CVL04229	FOXG_03530P0, FOXG_06827P0, FOXG_14809P0, FOXG_14810P0, FOXG_16184P0, FOXG_16196P0, FOXG_16637P0, FOXG_17611P0, FOXG_17612P0		
OG0000213			CVK92672, CVK94179, CVK94513	FOXG_05342P0, FOXG_06474P0, FOXG_06787P0, FOXG_07348P0, FOXG_14899P0, FOXG_14975P0, FOXG_15540P0, FOXG_15854P0, FOXG_15997P0, FOXG_16373P0		
OG0000214			CVL08089, CVL08191, CVL09035, CVL09075, CVL09290, CVL09333, CVL09340, CVL09341	FOXG_14166P0, FOXG_14178P0, FOXG_14190P0, FOXG_15111P0, FOXG_17762P0		
OG0000215				FOXG_06502P0, FOXG_06558P0, FOXG_06704P0, FOXG_06760P0, FOXG_06830P0, FOXG_06958P0, FOXG_07173P0, FOXG_07268P0, FOXG_07322P0, FOXG_14637P0, FOXG_16181P0, FOXG_16199P0, FOXG_16348P0		
OG0000216					RKF53301, RKF53302, RKF53303, RKF53419, RKF53443, RKF53444, RKF58456, RKF74703, RKF74705, RKF75426, RKF79722, RKF82287, RKF82534	
OG0000217	BLGH_03892-mRNA-1, BLGH_04088-mRNA-1, BLGH_04101-mRNA-1, BLGH_04103-mRNA-1, BLGH_04109-mRNA-1, BLGH_04375-mRNA-1, BLGH_05165-mRNA-1, BLGH_05276-mRNA-1, BLGH_05277-mRNA-1, BLGH_05278-mRNA-1, BLGH_05280-mRNA-1, BLGH_05995-mRNA-1					
OG0000218	BLGH_06879-mRNA-1	Bcin01p06530.1, Bcin04p06390.1, Bcin07p05950.1	CVK86573, CVK91309, CVL05589	FOXG_02892P0, FOXG_03756P0, FOXG_12822P0	RKF83387	EDO01589
OG0000219	BLGH_00318-mRNA-1	Bcin12p02440.1, Bcin12p02440.2, Bcin14p04540.1	CVK91876, CVL00301, CVL00429	FOXG_04710P0, FOXG_08971P0	RKF56788	EDN92577, EDN94598
OG0000220	BLGH_00436-mRNA-1	Bcin01p00800.1, Bcin01p07950.1, Bcin14p02510.1	CVK86240, CVK93486	FOXG_06344P0, FOXG_13421P0	RKF54129, RKF54724	EDN91571, EDN98179
OG0000221	BLGH_00447-mRNA-1, BLGH_00589-mRNA-1	Bcin02p00900.1, Bcin02p01790.1	CVK83928, CVK84430	FOXG_00655P0, FOXG_00956P0	RKF54356, RKF84170	EDN96622, EDN96890
OG0000222	BLGH_00529-mRNA-1	Bcin02p03400.1	CVK83065	FOXG_00133P0, FOXG_06991P0, FOXG_14451P0, FOXG_15029P0, FOXG_15841P0, FOXG_16674P0, FOXG_16737P0	RKF77412	EDN96785
OG0000223	BLGH_01866-mRNA-1, BLGH_06564-mRNA-1	Bcin07p00160.1, Bcin08p07050.1, Bcin08p07050.2	CVK95254, CVL05477	FOXG_09583P0, FOXG_12882P0	RKF79167, RKF79631	EDN95426
OG0000224	BLGH_01884-mRNA-1	Bcin05p04910.1	CVK84348	FOXG_00817P0, FOXG_06468P0, FOXG_06795P0, FOXG_06975P0, FOXG_07094P0, FOXG_07355P0, FOXG_16379P0	RKF64550	EDO03746
OG0000225	BLGH_01949-mRNA-1	Bcin04p04990.1, Bcin07p01740.1	CVK87804, CVK97564, CVK99369, CVL05486, CVL09377	FOXG_07450P0, FOXG_08740P0	RKF82937	EDN99498
OG0000226	BLGH_03191-mRNA-1, BLGH_04372-mRNA-1				RKF60042, RKF60579, RKF60952, RKF64036, RKF65146, RKF65440, RKF77277, RKF78530, RKF80135, RKF81074	
OG0000227	BLGH_06328-mRNA-1	Bcin03p01830.1, Bcin08p02660.1	CVK95861, CVK98377, CVL06081	FOXG_09964P0, FOXG_13805P0, FOXG_14650P0, FOXG_15414P0	RKF83301	EDO00856
OG0000228	BLGH_03267-mRNA-1, BLGH_03345-mRNA-1	Bcin05p03460.1, Bcin05p04190.1, Bcin09p05170.1	CVK85647, CVK88203	FOXG_02468P0, FOXG_10245P0, FOXG_13105P0	RKF65630	EDO04610
OG0000229	BLGH_03492-mRNA-1, BLGH_03687-mRNA-1, BLGH_03688-mRNA-1, BLGH_03691-mRNA-1, BLGH_03696-mRNA-1, BLGH_03697-mRNA-1, BLGH_03698-mRNA-1, BLGH_03699-mRNA-1, BLGH_03700-mRNA-1, BLGH_03701-mRNA-1, BLGH_03702-mRNA-1, BLGH_03703-mRNA-1					
OG0000230	BLGH_06013-mRNA-1	Bcin12p00460.1, Bcin12p00460.2	CVL01763, CVL08243	FOXG_10430P0, FOXG_12573P0, FOXG_12624P0, FOXG_13967P0, FOXG_17052P0	RKF58170	EDO01191
OG0000231	BLGH_04166-mRNA-1	Bcin03p05980.1	CVK89772, CVL08219	FOXG_01490P0, FOXG_12562P0, FOXG_12613P0, FOXG_13978P0, FOXG_14215P0, FOXG_17063P0	RKF56629	EDN90817
OG0000232	BLGH_04175-mRNA-1	Bcin03p07550.1, Bcin03p07550.2	CVK89571, CVL08222	FOXG_01633P0, FOXG_12563P0, FOXG_12614P0, FOXG_13977P0, FOXG_14216P0, FOXG_17062P0		EDN90614
OG0000233	BLGH_04278-mRNA-1	Bcin08p01730.1, Bcin08p01730.2, Bcin08p01730.3, Bcin08p01730.4, Bcin08p01730.5, Bcin08p01730.6	CVK84815	FOXG_01218P0, FOXG_01219P0	RKF66743	EDO00957
OG0000234	BLGH_06777-mRNA-1	Bcin04p06610.1, Bcin05p02850.1	CVK84152, CVK92216, CVL00387, CVL02162, CVL07723	FOXG_00784P0, FOXG_08993P0, FOXG_16821P0		EDO03266
OG0000235	BLGH_06151-mRNA-1	Bcin01p07040.1, Bcin09p02410.1, Bcin09p02410.2, Bcin13p03130.1	CVL05663, CVL07614	FOXG_12780P0	RKF76305, RKF83845	EDO01703, EDO02965
OG0000236	BLGH_04836-mRNA-1	Bcin01p03300.1, Bcin01p03320.1, Bcin01p03340.1, Bcin02p07500.1, Bcin03p00020.1, Bcin05p01990.1, Bcin05p02000.1, Bcin05p02020.1, Bcin05p02040.1, Bcin15p01970.1			RKF53494	
OG0000237	BLGH_02315-mRNA-1	Bcin02p00290.1, Bcin04p03940.1	CVK88204, CVK98963, CVL06091	FOXG_02467P0, FOXG_03941P0, FOXG_15404P0, FOXG_17491P0	RKF75907, RKF80254	
OG0000238	BLGH_01064-mRNA-1	Bcin05p02840.1	CVK87476	FOXG_06598P0, FOXG_06661P0, FOXG_07102P0, FOXG_07227P0, FOXG_07611P0, FOXG_14448P0, FOXG_15032P0	RKF73892	EDO03273
OG0000239	BLGH_01285-mRNA-1	Bcin02p06840.1, Bcin10p00900.1	CVK86717, CVK91931, CVK96821, CVK97698	FOXG_04484P0, FOXG_04829P0, FOXG_08094P0, FOXG_13507P0		EDO04983
OG0000240	BLGH_01306-mRNA-1	Bcin02p08770.1, Bcin02p08770.2, Bcin03p08050.1, Bcin05p06220.1, Bcin16p01830.1	CVK91833, CVK94167	FOXG_04757P0, FOXG_05816P0	RKF83765	EDO03201
OG0000241	BLGH_03925-mRNA-1	Bcin06p04860.1, Bcin06p05290.1	CVK91898, CVK99700, CVL04081	FOXG_04720P0, FOXG_08467P0, FOXG_12286P0	RKF53989	EDN93501, EDO00047
OG0000242	BLGH_04011-mRNA-1	Bcin04p00030.1, Bcin04p04190.1, Bcin04p04190.2, Bcin12p03390.1	CVK86787, CVL08966	FOXG_08027P0, FOXG_13566P0	RKF63551	EDN92272, EDN98949
OG0000243		Bcin04p06510.1, Bcin05p04090.1, Bcin10p02930.1, Bcin11g02210.1	CVK85686, CVK99229, CVL00534, CVL02883	FOXG_08833P0, FOXG_11118P0, FOXG_16498P0		EDO03652
OG0000244		Bcin03p03530.1	CVK89853, CVK91297, CVK94091, CVK94318, CVK98064, CVK98860, CVL02217, CVL02631	FOXG_01406P0, FOXG_05745P0, FOXG_12940P0		
OG0000245		Bcin05p02960.1, Bcin16p00320.1, Bcin16p00320.2	CVK84722, CVK93377, CVK95152	FOXG_01137P0, FOXG_04578P0, FOXG_06423P0, FOXG_16650P0		EDN99286, EDO03517
OG0000246		Bcin03p06610.1	CVK86959, CVL06984, CVL08131	FOXG_07907P0, FOXG_12493P0, FOXG_12534P0, FOXG_14005P0, FOXG_14046P0, FOXG_14164P0, FOXG_16433P0		EDN90732
OG0000247		Bcin01p06840.1, Bcin03p02060.1, Bcin03p04480.1, Bcin14p01680.1	CVK94787, CVK95487, CVK96208	FOXG_09705P0, FOXG_10196P0, FOXG_16956P0		EDN99959, EDO01624
OG0000248		Bcin07p00560.1, Bcin07p02980.1	CVK85021, CVK95873, CVL05109, CVL06372, CVL08445, CVL08446	FOXG_09977P0, FOXG_11771P0, FOXG_15190P0		EDN97063
OG0000249		Bcin03p07220.1, Bcin05p03180.1, Bcin10p01150.1, Bcin10p01150.2, Bcin12p00860.1, Bcin15p04730.1, Bcin15p04730.2	CVK85769			EDN90656, EDN92339, EDO00872, EDO05020
OG0000250		Bcin02p03910.1	CVK94754, CVK97407, CVK97966, CVL02169, CVL04162	FOXG_02730P0, FOXG_02858P0, FOXG_04134P0, FOXG_10744P0, FOXG_12186P0, FOXG_17037P0		
OG0000251		Bcin10p05130.1	CVK99866	FOXG_06839P0, FOXG_06980P0, FOXG_07031P0, FOXG_07162P0, FOXG_08374P0, FOXG_16172P0, FOXG_16208P0, FOXG_17479P0	RKF84167	EDO04576
OG0000252		Bcin03p08010.1, Bcin03p08010.2, Bcin03p08010.3, Bcin13p02570.1, Bcin16p00980.1, Bcin16p00980.2	CVK87782, CVL02618, CVL04753	FOXG_10954P0, FOXG_11657P0		EDN99546
OG0000253		Bcin08p00320.1, Bcin08p00320.2, Bcin11p05550.1, Bcin13p01490.1, Bcin16p01410.1, Bcin16p01480.1	CVK87733, CVK90428, CVL06780	FOXG_03513P0, FOXG_14591P0		EDN96372
OG0000254		Bcin13p01500.1	CVK91212, CVK91848, CVK95921, CVK96617, CVL08425	FOXG_02557P0, FOXG_02963P0, FOXG_04742P0, FOXG_06967P0, FOXG_15263P0		EDN99356
OG0000255		Bcin01p01220.1, Bcin01p01220.2, Bcin04p06350.1	CVK91942, CVK92445, CVK98727, CVL07427, CVL08090, CVL09269	FOXG_05612P0, FOXG_17176P0		EDN98109
OG0000256		Bcin10p01630.1, Bcin12p02560.1, Bcin16p03830.1	CVL04198	FOXG_06557P0, FOXG_06705P0, FOXG_07269P0, FOXG_12358P0, FOXG_15603P0, FOXG_15868P0, FOXG_16058P0		EDN92594
OG0000257		Bcin10p01690.1	CVK97129, CVL08175, CVL08234	FOXG_04292P0, FOXG_12549P0, FOXG_12600P0, FOXG_13991P0, FOXG_14197P0, FOXG_14205P0, FOXG_17076P0		EDO04764
OG0000258		Bcin06p03880.1, Bcin07p06470.1, Bcin07p06470.2, Bcin14p05250.1	CVK98234, CVK99959, CVL02663, CVL06742	FOXG_10985P0, FOXG_13717P0, FOXG_14561P0, FOXG_14856P0		
OG0000259		Bcin02p08380.1	CVK95299, CVK98805, CVK98915, CVL03927, CVL05132, CVL07826	FOXG_09614P0, FOXG_12163P0, FOXG_12963P0, FOXG_15793P0, FOXG_17498P0		
OG0000260		Bcin04p00790.1, Bcin04p00790.2, Bcin04p00920.1, Bcin04p01020.1	CVK92126	FOXG_06625P0, FOXG_06634P0, FOXG_07126P0, FOXG_07202P0, FOXG_12356P0, FOXG_13604P0, FOXG_14188P0		
OG0000261		Bcin06p03310.1	CVK83117, CVL08164, CVL09130, CVL09360	FOXG_00163P0, FOXG_07017P0, FOXG_12426P0, FOXG_14111P0, FOXG_14165P0, FOXG_15866P0		EDO00039
OG0000262		Bcin11p04520.1	CVK86859, CVK94807, CVK95177, CVK96570, CVK98556, CVL08695	FOXG_07973P0, FOXG_13380P0, FOXG_15635P0, FOXG_16541P0, FOXG_16994P0		
OG0000263		Bcin10p05840.1	CVK88880, CVK95571, CVL02479, CVL04018, CVL06446, CVL09342	FOXG_02047P0, FOXG_09760P0, FOXG_12240P0, FOXG_15236P0		EDO04881
OG0000264		Bcin06p01370.1	CVK94792, CVK98062, CVK98793, CVK98821, CVL02617, CVL02630, CVL06872, CVL09021	FOXG_09594P0, FOXG_12879P0, FOXG_16982P0		
OG0000265			CVK86472, CVK94103, CVK95931, CVK98585, CVK98618	FOXG_03853P0, FOXG_08997P0, FOXG_10022P0		EDN93428, EDN96385, EDN97521, EDO03637
OG0000266				FOXG_06466P0, FOXG_06503P0, FOXG_06759P0, FOXG_06797P0, FOXG_06959P0, FOXG_07095P0, FOXG_07172P0, FOXG_07321P0, FOXG_07357P0, FOXG_14636P0, FOXG_16347P0, FOXG_16381P0		
OG0000267				FOXG_06581P0, FOXG_06678P0, FOXG_06874P0, FOXG_07245P0, FOXG_12449P0, FOXG_14088P0, FOXG_14301P0, FOXG_15924P0, FOXG_16136P0, FOXG_16243P0, FOXG_16676P0, FOXG_16739P0		
OG0000268				FOXG_06934P0, FOXG_07127P0, FOXG_11392P0, FOXG_11393P0, FOXG_12556P0, FOXG_12607P0, FOXG_13984P0, FOXG_14200P0, FOXG_14206P0, FOXG_16075P0, FOXG_16303P0, FOXG_17069P0		
OG0000269					RKF56141, RKF56144, RKF58789, RKF65444, RKF71150, RKF71475, RKF73477, RKF79390, RKF79392, RKF79394, RKF83436, RKF83915	
OG0000270					RKF56075, RKF56085, RKF56087, RKF56791, RKF56886, RKF56887, RKF63112, RKF64430, RKF72881, RKF72882, RKF80345, RKF80346	
OG0000271					RKF53806, RKF54341, RKF63911, RKF65553, RKF65557, RKF65558, RKF65559, RKF65625, RKF65626, RKF65627, RKF66866, RKF66867	
OG0000272	BLGH_05243-mRNA-1, BLGH_05258-mRNA-1, BLGH_06896-mRNA-1	Bcin08p04320.1, Bcin16p03990.1	CVK89293, CVL00761	FOXG_01797P0, FOXG_09139P0	RKF65923	EDO00637
OG0000273	BLGH_04061-mRNA-1, BLGH_04481-mRNA-1, BLGH_04482-mRNA-1, BLGH_04483-mRNA-1, BLGH_04487-mRNA-1, BLGH_04489-mRNA-1, BLGH_04788-mRNA-1, BLGH_04792-mRNA-1, BLGH_04795-mRNA-1, BLGH_06537-mRNA-1, BLGH_06759-mRNA-1					
OG0000274	BLGH_01132-mRNA-1, BLGH_01140-mRNA-1, BLGH_01169-mRNA-1, BLGH_01172-mRNA-1, BLGH_01183-mRNA-1, BLGH_01184-mRNA-1, BLGH_01186-mRNA-1, BLGH_01188-mRNA-1, BLGH_01190-mRNA-1, BLGH_05144-mRNA-1, BLGH_05849-mRNA-1					
OG0000275	BLGH_03870-mRNA-1, BLGH_03873-mRNA-1, BLGH_03911-mRNA-1, BLGH_03916-mRNA-1, BLGH_04981-mRNA-1, BLGH_06503-mRNA-1, BLGH_06504-mRNA-1, BLGH_06513-mRNA-1, BLGH_06522-mRNA-1, BLGH_06525-mRNA-1, BLGH_07096-mRNA-1					
OG0000276	BLGH_00206-mRNA-1	Bcin01p00970.1, Bcin02p07140.1, Bcin04p05210.1, Bcin08p05430.1, Bcin15p02830.1	CVK89589, CVL07541	FOXG_01622P0	RKF50293	EDN98144
OG0000277	BLGH_00309-mRNA-1	Bcin16p01780.1, Bcin16p01780.2, Bcin16p01780.3, Bcin16p01780.4, Bcin16p01780.5, Bcin16p01780.6	CVK88858, CVL09293	FOXG_02063P0	RKF82647	
OG0000278	BLGH_00325-mRNA-1, BLGH_03390-mRNA-1	Bcin01p09360.1, Bcin07p05810.1, Bcin07p05810.2	CVK83082, CVK86266	FOXG_00142P0, FOXG_13439P0	RKF80166, RKF82356	
OG0000279	BLGH_00332-mRNA-1, BLGH_06807-mRNA-1	Bcin13p00890.1, Bcin13p04420.1	CVK98539, CVL01164	FOXG_09402P0, FOXG_13953P0	RKF75180, RKF80959	EDN93742
OG0000280	BLGH_00592-mRNA-1	Bcin02p02790.1, Bcin02p02790.2	CVK86948, CVK91358, CVK96826	FOXG_02845P0, FOXG_04487P0, FOXG_07914P0	RKF80880	EDN96702
OG0000281	BLGH_01708-mRNA-1, BLGH_01709-mRNA-1, BLGH_01710-mRNA-1	Bcin09p02160.1	CVL05339	FOXG_12958P0	RKF61759, RKF61760, RKF71481, RKF81866	EDO02625
OG0000282	BLGH_04409-mRNA-1	Bcin16p02260.1, Bcin16p03900.1, Bcin16p03900.2, Bcin16p03900.3, Bcin16p03900.4	CVL01093, CVL07292	FOXG_07379P0, FOXG_09341P0	RKF53796	
OG0000283	BLGH_03477-mRNA-1, BLGH_03478-mRNA-1, BLGH_03479-mRNA-1, BLGH_03482-mRNA-1, BLGH_03483-mRNA-1, BLGH_03484-mRNA-1, BLGH_03488-mRNA-1, BLGH_04013-mRNA-1, BLGH_04430-mRNA-1, BLGH_06044-mRNA-1, BLGH_07100-mRNA-1					
OG0000284	BLGH_06815-mRNA-1	Bcin01p00260.1, Bcin01p00270.1, Bcin01p00270.2	CVK91860, CVK93716	FOXG_06098P0, FOXG_16976P0	RKF66028, RKF66029	EDN98244
OG0000285	BLGH_02881-mRNA-1	Bcin08p00680.1, Bcin08p00680.2, Bcin08p00680.3, Bcin08p00680.4	CVL01541	FOXG_10299P0, FOXG_17309P0	RKF64240	EDO01093, EDO01094
OG0000286	BLGH_03030-mRNA-1	Bcin11p06270.1	CVK83260, CVK87749, CVK94072, CVL03902	FOXG_00249P0, FOXG_05871P0, FOXG_12149P0	RKF53591	EDN96175
OG0000287	BLGH_00724-mRNA-1, BLGH_03118-mRNA-1, BLGH_03125-mRNA-1, BLGH_03146-mRNA-1, BLGH_05226-mRNA-1	Bcin01p11220.1, Bcin08p00910.1	CVK94848	FOXG_16943P0	RKF58268	EDO01132
OG0000288	BLGH_06319-mRNA-1	Bcin16p02220.1	CVK86880, CVK88184, CVL02128, CVL06667	FOXG_01239P0, FOXG_07961P0, FOXG_10723P0, FOXG_14519P0	RKF83413	
OG0000289	BLGH_06462-mRNA-1	Bcin06p04560.1, Bcin07p05530.1, Bcin07p05530.2	CVK84465, CVK92915, CVK97214	FOXG_00977P0, FOXG_04242P0, FOXG_05493P0		EDN93472
OG0000290	BLGH_03280-mRNA-1	Bcin01p06260.1, Bcin01p06260.2, Bcin01p06260.3, Bcin01p06260.4, Bcin01p06260.5, Bcin01p06260.6, Bcin06p07610.1	CVK89485	FOXG_01684P0	RKF58952	
OG0000291	BLGH_03395-mRNA-1, BLGH_06120-mRNA-1	Bcin01p05590.1, Bcin02p03880.1	CVK87607, CVK88985	FOXG_01985P0, FOXG_07544P0	RKF65183, RKF83368	EDO01983
OG0000292	BLGH_03431-mRNA-1	Bcin06p03420.1, Bcin06p03420.2	CVK83858, CVK95601, CVL08755	FOXG_00610P0, FOXG_09777P0, FOXG_13075P0	RKF76169	EDO00027
OG0000293	BLGH_03487-mRNA-1	Bcin01p10880.1	CVK89387, CVL08134, CVL08135, CVL08137	FOXG_01740P0, FOXG_01820P0, FOXG_08893P0, FOXG_14293P0	RKF57449	
OG0000294	BLGH_03521-mRNA-1	Bcin01p05120.1, Bcin01p10750.1, Bcin02p06310.1	CVK86535, CVK99219	FOXG_03793P0, FOXG_08835P0	RKF57960	EDO00964, EDO01928
OG0000295	BLGH_03615-mRNA-1	Bcin07p02610.1, Bcin07p02610.2	CVK83308, CVK99233, CVL03583	FOXG_00279P0, FOXG_08832P0, FOXG_11985P0	RKF79860	EDN92319
OG0000296	BLGH_04200-mRNA-1	Bcin05p08110.1, Bcin07p03830.1, Bcin07p03830.2, Bcin16p03120.1	CVK84728, CVK89607	FOXG_01142P0, FOXG_01611P0	RKF55155	EDN95874
OG0000297	BLGH_04290-mRNA-1	Bcin08p03120.1	CVK93733, CVL08099	FOXG_06080P0, FOXG_12433P0, FOXG_12502P0, FOXG_14037P0, FOXG_14104P0	RKF78237	EDO00788
OG0000298	BLGH_06723-mRNA-1	Bcin05p02370.1, Bcin13p01950.1	CVK98280, CVL06438	FOXG_05837P0, FOXG_13746P0	RKF55411, RKF81716	EDN98543, EDO03361
OG0000299	BLGH_06108-mRNA-1	Bcin02p00310.1, Bcin02p05650.1, Bcin12p05690.1	CVK87696, CVK96694	FOXG_04566P0, FOXG_07491P0	RKF83010	EDN96553, EDN99217
OG0000300	BLGH_04855-mRNA-1	Bcin08p03760.1, Bcin12p00180.1	CVK86284, CVK95128, CVL07511	FOXG_03994P0, FOXG_16638P0	RKF81690	EDO00708, EDO01155
OG0000301	BLGH_05732-mRNA-1	Bcin10p01530.1	CVK86542, CVK97011, CVK98748, CVK99171	FOXG_03787P0, FOXG_04362P0, FOXG_04676P0	RKF83055	EDO05039
OG0000302	BLGH_02020-mRNA-1	Bcin03p07660.1, Bcin03p07660.2, Bcin12p01070.1	CVK94486, CVL04569	FOXG_05660P0, FOXG_11506P0	RKF75242	EDN90601, EDN92360
OG0000303	BLGH_02083-mRNA-1	Bcin02p09030.1, Bcin03p08970.1, Bcin06p03380.1	CVK87526, CVK93897, CVK95024	FOXG_05977P0, FOXG_07585P0	RKF54186	EDO00032
OG0000304	BLGH_02200-mRNA-1	Bcin10p06080.1	CVK88552, CVK91124, CVK94793, CVL07579	FOXG_02246P0, FOXG_03046P0, FOXG_16985P0	RKF81749	EDO01074
OG0000305	BLGH_02201-mRNA-1, BLGH_02202-mRNA-1, BLGH_02203-mRNA-1, BLGH_02204-mRNA-1, BLGH_02205-mRNA-1, BLGH_02206-mRNA-1, BLGH_02207-mRNA-1, BLGH_02347-mRNA-1	Bcin12p03040.1			RKF75981	EDN99181
OG0000306	BLGH_02337-mRNA-1	Bcin01p04600.1, Bcin03p05160.1, Bcin13p04980.1	CVK87149, CVK87797, CVK93775	FOXG_07791P0, FOXG_17487P0, FOXG_17549P0		EDO01869
OG0000307	BLGH_00792-mRNA-1	Bcin16p00640.1, Bcin16p00640.2, Bcin16p00640.3, Bcin16p00640.4, Bcin16p00640.5, Bcin16p00640.6	CVK93969	FOXG_05930P0	RKF84101	EDN99425
OG0000308	BLGH_00831-mRNA-1	Bcin12p03180.1	CVK87773, CVK91939, CVK96637, CVL00030	FOXG_04834P0, FOXG_07461P0, FOXG_08274P0	RKF54486	EDN92739
OG0000309	BLGH_03838-mRNA-1	Bcin06p04010.1, Bcin06p04010.2	CVK92227, CVL00906, CVL06465	FOXG_04981P0, FOXG_09225P0, FOXG_15243P0	RKF81292	EDN99866
OG0000310		Bcin05p04980.1, Bcin08p01190.1, Bcin09p03060.1, Bcin10p01670.1, Bcin10p01680.1, Bcin14p03560.1, Bcin14p03560.2, Bcin14p03560.3, Bcin15p02230.1				EDO03760, EDO03761
OG0000311		Bcin09p04570.1, Bcin10p01080.1, Bcin12p03130.1	CVK95594, CVL00916	FOXG_09232P0, FOXG_09774P0, FOXG_14258P0		EDN92745, EDN96883, EDO05013
OG0000312		Bcin02p02390.1, Bcin04p01360.1, Bcin13p00510.1, Bcin14p02750.1, Bcin15p00040.1	CVK85041, CVL01212	FOXG_09452P0	RKF55651	EDN91543, EDN96338
OG0000313		Bcin08p01690.1, Bcin08p01690.2, Bcin08p01690.3, Bcin15p05000.1, Bcin15p05000.2, Bcin15p05000.3, Bcin15p05000.4, Bcin15p05000.5, Bcin15p05000.6, Bcin15p05000.7, Bcin15p05000.8				
OG0000314		Bcin05p01530.1, Bcin09p01300.1, Bcin09p01980.1	CVK90719, CVL06939	FOXG_03337P0, FOXG_14738P0	RKF79851	EDO02493, EDO02644, EDO03432
OG0000315		Bcin12p04330.1	CVK86050, CVK95584, CVK97988, CVL03721, CVL07104	FOXG_09767P0, FOXG_10079P0, FOXG_12062P0, FOXG_13601P0		EDN99965
OG0000316		Bcin03p00280.1	CVK85088, CVK94562, CVK94936, CVL02842, CVL08337	FOXG_02513P0, FOXG_05617P0, FOXG_11096P0, FOXG_16516P0		EDN94198
OG0000317		Bcin01p10940.1, Bcin04p02000.1, Bcin08p06510.1, Bcin09p02340.1, Bcin09p06710.1	CVK96857	FOXG_04460P0		EDN91220, EDO01474, EDO02607, EDO02608
OG0000318		Bcin02p06580.1	CVK86667, CVL06628	FOXG_08146P0, FOXG_09906P0, FOXG_09907P0, FOXG_10788P0, FOXG_14498P0, FOXG_15206P0, FOXG_17605P0		EDN95110
OG0000319		Bcin10p05680.1, Bcin15p02240.2	CVK87950, CVK88185, CVK94755, CVL03811, CVL03813	FOXG_12115P0, FOXG_17036P0, FOXG_17440P0		EDO04697
OG0000320		Bcin02p00100.1, Bcin15p05690.1, Bcin15p05690.2	CVK93060, CVL02258, CVL07617	FOXG_10793P0, FOXG_11375P0, FOXG_14547P0, FOXG_16874P0		EDO01989
OG0000321		Bcin01p00900.1, Bcin01p00900.2, Bcin01p00900.3, Bcin16p02490.1	CVK86477, CVK94158, CVK97675	FOXG_03848P0, FOXG_05822P0, FOXG_13489P0		EDN98160
OG0000322		Bcin12p00040.1	CVK83936, CVK94031, CVK97901, CVL06239, CVL06746	FOXG_05895P0, FOXG_14563P0, FOXG_15313P0, FOXG_17217P0, FOXG_17385P0		
OG0000323		Bcin03p00520.1, Bcin03p00520.2	CVK84887, CVL03964	FOXG_01279P0, FOXG_12208P0, FOXG_14426P0, FOXG_15055P0, FOXG_15595P0, FOXG_15596P0		EDN94226
OG0000324		Bcin01p09420.1	CVK90933, CVK95065, CVK97004, CVL00459, CVL06014	FOXG_03203P0, FOXG_04366P0, FOXG_08949P0, FOXG_14208P0, FOXG_15477P0		
OG0000325		Bcin11p06420.1	CVK85102, CVK85103, CVK86471, CVK95058, CVK95617, CVL05382, CVL06786, CVL07632	FOXG_09787P0, FOXG_16595P0		
OG0000326		Bcin13p05640.1	CVK92155, CVK94795, CVK97069, CVL05107	FOXG_04325P0, FOXG_04948P0, FOXG_11772P0, FOXG_16986P0	RKF74010	EDN98538
OG0000327			CVK85153, CVK90922, CVK91501, CVK96584, CVK97929, CVL06164, CVL07392	FOXG_02781P0, FOXG_03210P0, FOXG_04654P0, FOXG_17376P0		
OG0000328			CVK87947, CVK91215, CVK91845, CVK94752, CVL06384, CVL07555, CVL07975	FOXG_02960P0, FOXG_04743P0, FOXG_17039P0, FOXG_17599P0		
OG0000329			CVK85691, CVK85888, CVK88378, CVK94110, CVL09249	FOXG_02341P0, FOXG_05852P0, FOXG_08792P0, FOXG_14992P0		EDN90805, EDN90806
OG0000330			CVK85586, CVK94856, CVK98717, CVL01691, CVL02157, CVL02159, CVL02161, CVL03989	FOXG_10386P0, FOXG_12221P0, FOXG_16939P0		
OG0000331			CVK91234, CVK92105, CVK95964, CVK98668, CVK98669, CVK99243, CVL08765	FOXG_02941P0, FOXG_08828P0, FOXG_15724P0, FOXG_15725P0		
OG0000332			CVK95875, CVK95876, CVK95877, CVK95916, CVK95917, CVK95918, CVK95919, CVK95920, CVK97709, CVK98339	FOXG_09980P0		
OG0000333			CVK97722	FOXG_06953P0, FOXG_07045P0, FOXG_12430P0, FOXG_13532P0, FOXG_14107P0, FOXG_14316P0, FOXG_14924P0, FOXG_15164P0, FOXG_15858P0, FOXG_15893P0		
OG0000334			CVL08659	FOXG_06892P0, FOXG_06904P0, FOXG_12406P0, FOXG_14131P0, FOXG_14822P0, FOXG_14831P0, FOXG_16106P0, FOXG_16118P0, FOXG_16260P0, FOXG_16272P0		
OG0000335			CVL09255	FOXG_05571P0, FOXG_14985P0, FOXG_15566P0, FOXG_16024P0, FOXG_16025P0, FOXG_16465P0, FOXG_17283P0, FOXG_17446P0, FOXG_17683P0, FOXG_17720P0		
OG0000336				FOXG_02692P0, FOXG_06469P0, FOXG_06604P0, FOXG_06655P0, FOXG_06794P0, FOXG_06974P0, FOXG_07093P0, FOXG_07221P0, FOXG_07354P0, FOXG_12386P0, FOXG_16378P0		
OG0000337				FOXG_06737P0, FOXG_06955P0, FOXG_07295P0, FOXG_14944P0, FOXG_14989P0, FOXG_15559P0, FOXG_16017P0, FOXG_16320P0, FOXG_16669P0, FOXG_17287P0, FOXG_17680P0		
OG0000338				FOXG_06719P0, FOXG_06873P0, FOXG_07195P0, FOXG_07197P0, FOXG_14955P0, FOXG_15494P0, FOXG_15906P0, FOXG_15907P0, FOXG_16137P0, FOXG_16242P0, FOXG_16400P0		
OG0000339				FOXG_04691P0, FOXG_05570P0, FOXG_14986P0, FOXG_15616P0, FOXG_16447P0, FOXG_16461P0, FOXG_16466P0, FOXG_16653P0, FOXG_17282P0, FOXG_17721P0, FOXG_17735P0		
OG0000340				FOXG_06913P0, FOXG_06914P0, FOXG_12411P0, FOXG_14126P0, FOXG_14251P0, FOXG_14819P0, FOXG_16097P0, FOXG_16098P0, FOXG_16282P0, FOXG_16283P0, FOXG_17671P0		
OG0000341						EDN90885, EDN91008, EDN94540, EDN95363, EDN99967, EDO00629, EDO00860, EDO01785, EDO02462, EDO02987, EDO03137
OG0000342	BLGH_04723-mRNA-1, BLGH_04731-mRNA-1	Bcin03p07730.1, Bcin11p02170.1, Bcin15p05090.1	CVL00957	FOXG_09259P0	RKF81259, RKF81260	EDN96650
OG0000343	BLGH_05048-mRNA-1	Bcin14p03530.1	CVL05871	FOXG_12656P0	RKF57039, RKF64365	EDN93411, EDN94531, EDO00059, EDO03049
OG0000344	BLGH_04437-mRNA-1, BLGH_05065-mRNA-1	Bcin01p09230.1, Bcin06p01290.1, Bcin13p04690.1	CVK90575	FOXG_03424P0	RKF76787	EDN98653, EDN99792
OG0000345	BLGH_00123-mRNA-1	Bcin09p00920.1	CVK92594	FOXG_05265P0, FOXG_07028P0, FOXG_07083P0, FOXG_07100P0, FOXG_17639P0	RKF65955	EDO02437
OG0000346	BLGH_00223-mRNA-1, BLGH_00224-mRNA-1	Bcin08p00280.1, Bcin10p04330.1	CVK96678, CVL04604	FOXG_04601P0, FOXG_11538P0		EDN97562, EDN97645
OG0000347	BLGH_00364-mRNA-1	Bcin01p11020.1, Bcin07p05750.1	CVK89176, CVK94797, CVK96798	FOXG_04495P0, FOXG_16988P0	RKF80958	EDO02064
OG0000348	BLGH_00460-mRNA-1, BLGH_01332-mRNA-1	Bcin02p06530.1	CVK86693, CVK93791	FOXG_06044P0, FOXG_08118P0	RKF77297, RKF81615	EDN95117
OG0000349	BLGH_00491-mRNA-1	Bcin04p00770.1	CVK92213, CVK92222, CVL03209, CVL06455	FOXG_11296P0, FOXG_15240P0	RKF66816	EDO01260
OG0000350	BLGH_00593-mRNA-1	Bcin02p02780.1	CVK86947, CVK91356, CVK96828	FOXG_02846P0, FOXG_04488P0, FOXG_07915P0	RKF80881	EDN96701
OG0000351	BLGH_00599-mRNA-1, BLGH_00767-mRNA-1	Bcin02p02820.1, Bcin03p00900.1	CVK82840	FOXG_00001P0	RKF79891, RKF83185	EDN91407, EDN96705
OG0000352	BLGH_05596-mRNA-1	Bcin15p04840.1	CVK97972, CVL02913, CVL04020, CVL04992	FOXG_11131P0, FOXG_11828P0, FOXG_12242P0	RKF71454	
OG0000353	BLGH_01675-mRNA-1, BLGH_05378-mRNA-1	Bcin01p00730.1	CVK99273, CVL04119	FOXG_12323P0	RKF75862, RKF75984, RKF77572	EDN98190
OG0000354	BLGH_01810-mRNA-1	Bcin07p03520.1, Bcin07p03520.2	CVK84856, CVK99592, CVL02089	FOXG_01266P0, FOXG_08530P0	RKF82306	EDN96983
OG0000355	BLGH_01824-mRNA-1	Bcin07p03500.1, Bcin07p03500.2, Bcin07p03500.3, Bcin07p03500.4, Bcin07p03500.5	CVK99595	FOXG_08528P0	RKF82308	EDN96986
OG0000356	BLGH_01827-mRNA-1	Bcin07p01410.1, Bcin07p01410.2, Bcin07p01410.3, Bcin07p01410.4, Bcin07p01410.5	CVK99607	FOXG_08520P0	RKF53789	EDN96403
OG0000357	BLGH_01848-mRNA-1, BLGH_01849-mRNA-1	Bcin15p05250.1, Bcin15p05250.2, Bcin15p05250.5, Bcin15p05250.6	CVK99901	FOXG_08351P0, FOXG_08352P0	RKF63398	
OG0000358	BLGH_01900-mRNA-1	Bcin02p01470.1, Bcin02p01470.2, Bcin02p01470.3, Bcin10p02010.1	CVK85056, CVK96751, CVL08288, CVL08615			EDN94604
OG0000359	BLGH_01972-mRNA-1, BLGH_01999-mRNA-1, BLGH_04414-mRNA-1, BLGH_06796-mRNA-1, BLGH_07060-mRNA-1	Bcin01p11290.1, Bcin04p06150.1	CVK99971	FOXG_08305P0	RKF81915	
OG0000360	BLGH_02484-mRNA-1, BLGH_04445-mRNA-1	Bcin05p04410.1, Bcin15p01410.1, Bcin15p01410.2	CVK99676	FOXG_08480P0	RKF51432, RKF82199	EDO03690
OG0000361	BLGH_02649-mRNA-1	Bcin03p04090.1, Bcin09p04240.1, Bcin09p04240.2	CVK90683, CVK95896	FOXG_10000P0	RKF56730	EDN91049, EDO02841
OG0000362	BLGH_02806-mRNA-1	Bcin08p02270.1	CVK87772, CVK95753, CVL01867	FOXG_07462P0, FOXG_09862P0, FOXG_10500P0	RKF71311	EDO00896
OG0000363	BLGH_02817-mRNA-1, BLGH_06130-mRNA-1	Bcin03p05040.1	CVK91498	FOXG_12456P0, FOXG_14081P0, FOXG_16455P0	RKF71355, RKF72459	EDN90934
OG0000364	BLGH_02986-mRNA-1, BLGH_03924-mRNA-1	Bcin01p08780.1, Bcin01p10330.1	CVK83798, CVK90471	FOXG_00577P0, FOXG_03487P0	RKF71130	EDO02263
OG0000365	BLGH_03088-mRNA-1	Bcin07p03490.1, Bcin12p04290.1	CVK91335	FOXG_02861P0, FOXG_12422P0, FOXG_14115P0	RKF61186	EDN92670, EDN96987
OG0000366	BLGH_03121-mRNA-1	Bcin09p01580.1	CVK90169, CVL08163	FOXG_03656P0, FOXG_12523P0, FOXG_14016P0, FOXG_14182P0	RKF62606	EDO02698
OG0000367	BLGH_03150-mRNA-1	Bcin09p06400.1, Bcin10p03650.1	CVK90732, CVL01280, CVL09317	FOXG_03329P0, FOXG_09522P0	RKF83790	EDO04505
OG0000368	BLGH_05513-mRNA-1, BLGH_05514-mRNA-1, BLGH_05515-mRNA-1, BLGH_05516-mRNA-1, BLGH_05521-mRNA-1, BLGH_05522-mRNA-1	Bcin14p04200.1			RKF57558, RKF57559	EDN94446
OG0000369	BLGH_05384-mRNA-1	Bcin01p04390.1, Bcin01p04390.2, Bcin01p04390.3, Bcin01p04390.4, Bcin01p04390.5	CVK91084	FOXG_03088P0	RKF83066	EDO01848
OG0000370	BLGH_06923-mRNA-1, BLGH_06925-mRNA-1, BLGH_06935-mRNA-1, BLGH_06936-mRNA-1, BLGH_07008-mRNA-1, BLGH_07009-mRNA-1, BLGH_07017-mRNA-1, BLGH_07079-mRNA-1, BLGH_07081-mRNA-1, BLGH_07082-mRNA-1					
OG0000371	BLGH_06458-mRNA-1	Bcin05p01470.1, Bcin08p05640.1, Bcin12g06700.1, Bcin13p03230.1, Bcin16p01740.1	CVK94100	FOXG_17490P0	RKF64760	EDO03440
OG0000372	BLGH_03205-mRNA-1	Bcin03p06520.1, Bcin03p06520.2	CVK98163	FOXG_06550P0, FOXG_06712P0, FOXG_07276P0, FOXG_13677P0	RKF81050	EDN90746
OG0000373	BLGH_03285-mRNA-1, BLGH_03422-mRNA-1	Bcin01p02580.1, Bcin01p02580.2, Bcin01p09310.1	CVK83088, CVK88996	FOXG_00146P0	RKF59026, RKF83683	
OG0000374	BLGH_02254-mRNA-1, BLGH_02270-mRNA-1, BLGH_02273-mRNA-1, BLGH_03496-mRNA-1		CVL02171, CVL09178, CVL09314	FOXG_10748P0	RKF65161, RKF76195	
OG0000375	BLGH_03506-mRNA-1	Bcin01p02780.1	CVK83500, CVK85735, CVL04612	FOXG_00394P0, FOXG_11545P0, FOXG_13138P0	RKF57889	EDO02329
OG0000376	BLGH_04079-mRNA-1			FOXG_06793P0, FOXG_12541P0, FOXG_14377P0, FOXG_14418P0, FOXG_15063P0, FOXG_15105P0, FOXG_15943P0, FOXG_15998P0, FOXG_16421P0		
OG0000377	BLGH_04204-mRNA-1	Bcin07p06730.1, Bcin13p01140.1	CVL02736	FOXG_06833P0, FOXG_11034P0, FOXG_16178P0, FOXG_16202P0	RKF80698	EDN99397
OG0000378	BLGH_04287-mRNA-1	Bcin02p08230.1, Bcin09p07070.1, Bcin15p05680.1	CVK86082	FOXG_07044P0, FOXG_13132P0, FOXG_13336P0, FOXG_15254P0	RKF84011	
OG0000379	BLGH_04326-mRNA-1	Bcin08p02990.1, Bcin08p02990.2, Bcin08p02990.3, Bcin08p02990.4, Bcin08p02990.5	CVK84892	FOXG_01284P0	RKF61345	EDO00808
OG0000380	BLGH_06722-mRNA-1	Bcin09p02260.1, Bcin09p02260.2, Bcin16p01050.1	CVK88838, CVK92551	FOXG_02075P0, FOXG_05223P0	RKF83735	EDO02596
OG0000381	BLGH_06164-mRNA-1	Bcin04p03390.1, Bcin04p03390.2	CVK92885	FOXG_05477P0, FOXG_06593P0, FOXG_06666P0, FOXG_07232P0	RKF53437	EDO01339
OG0000382	BLGH_06184-mRNA-1	Bcin04p01840.1	CVK92074, CVK92442	FOXG_04904P0, FOXG_06936P0, FOXG_12463P0, FOXG_14075P0, FOXG_14201P0		EDO01494
OG0000383	BLGH_05738-mRNA-1	Bcin10p03130.1, Bcin10p03130.2	CVK89089, CVK89090	FOXG_01920P0, FOXG_01921P0	RKF65992, RKF81656	EDO04460
OG0000384	BLGH_05800-mRNA-1	Bcin02p08700.1	CVL05802	FOXG_06506P0, FOXG_07029P0, FOXG_07168P0, FOXG_07318P0, FOXG_12697P0, FOXG_16344P0	RKF63695	
OG0000385	BLGH_02153-mRNA-1	Bcin04p01200.1, Bcin04p01200.2, Bcin08p01540.1	CVK98551, CVK99344	FOXG_08765P0, FOXG_15629P0	RKF74081	EDO00993
OG0000386	BLGH_02190-mRNA-1	Bcin08p01640.1, Bcin08p01640.2, Bcin08p01640.3, Bcin08p01640.4, Bcin08p01640.5, Bcin08p01640.6	CVK90210	FOXG_03632P0		EDO00981
OG0000387	BLGH_02363-mRNA-1	Bcin13p00070.1, Bcin13p05260.1	CVK87849, CVK93404	FOXG_07018P0, FOXG_07436P0, FOXG_14900P0, FOXG_14964P0	RKF71199	
OG0000388	BLGH_02370-mRNA-1	Bcin12p01390.1	CVK90494, CVK98343, CVL00830, CVL08554	FOXG_03473P0, FOXG_09180P0	RKF82021	EDN92394
OG0000389	BLGH_06964-mRNA-1	Bcin05p03370.1, Bcin07p02970.1, Bcin07p02970.2, Bcin07p02970.3, Bcin16p01560.1	CVK83575	FOXG_00441P0	RKF61971	EDN97064
OG0000390	BLGH_00734-mRNA-1, BLGH_03962-mRNA-1	Bcin05p00390.1, Bcin09p05940.1	CVK89335	FOXG_01772P0	RKF55132, RKF66010	EDO03077, EDO03186
OG0000391	BLGH_00863-mRNA-1	Bcin01p06040.1, Bcin11p03580.1	CVK83553, CVK83713, CVK96890	FOXG_00527P0, FOXG_04437P0	RKF79563	EDO02026
OG0000392	BLGH_01117-mRNA-1	Bcin05p05860.1, Bcin06p02830.1, Bcin08p01800.1, Bcin08p01800.2	CVK87491	FOXG_07603P0	RKF78635	EDN93570, EDN96001
OG0000393	BLGH_01161-mRNA-1	Bcin03p00190.1, Bcin03p07830.1, Bcin07p00510.1, Bcin07p00510.2	CVK89800	FOXG_01461P0	RKF81859	EDN94191, EDN95376
OG0000394	BLGH_01208-mRNA-1	Bcin10p05280.1, Bcin10p05280.2, Bcin10p05280.3	CVK88360, CVL02192	FOXG_02348P0, FOXG_10757P0	RKF54180	EDO04616
OG0000395	BLGH_01249-mRNA-1	Bcin02p06470.1	CVK86370, CVK86645, CVK90201	FOXG_03640P0, FOXG_03953P0, FOXG_08167P0	RKF58142	EDN95125
OG0000396	BLGH_03684-mRNA-1	Bcin04p03510.1	CVK92481	FOXG_05151P0, FOXG_12469P0, FOXG_14069P0, FOXG_16439P0, FOXG_17546P0	RKF64986	EDO01329
OG0000397	BLGH_03723-mRNA-1	Bcin12p03570.1	CVK85126, CVK96559, CVK96628, CVK96635, CVK99783	FOXG_08423P0, FOXG_13122P0		EDN92504
OG0000398	BLGH_03907-mRNA-1	Bcin06p05320.1, Bcin06p05320.2, Bcin06p05320.3, Bcin06p05320.4, Bcin06p05320.5	CVK89467	FOXG_01693P0	RKF55640	EDO00050
OG0000399		Bcin02p07930.1, Bcin04p04100.1, Bcin06p04160.1	CVK92390, CVK92737	FOXG_05107P0, FOXG_05382P0	RKF75362, RKF83211	EDN99883
OG0000400		Bcin07p04940.1, Bcin09p03860.1, Bcin09p05330.1	CVK91824, CVK96753, CVL03582, CVL09066	FOXG_04752P0, FOXG_11984P0		EDO02836
OG0000401		Bcin10p05610.1	CVK89117	FOXG_01903P0, FOXG_06919P0, FOXG_12519P0, FOXG_14020P0, FOXG_16092P0, FOXG_16288P0	RKF60795	EDO04675
OG0000402		Bcin13p02750.1	CVK84889, CVK93805, CVK95063, CVL04421	FOXG_01281P0, FOXG_06035P0, FOXG_11414P0, FOXG_16597P0		EDN99557
OG0000403		Bcin01p10770.1, Bcin10p00830.1	CVK93908, CVL09361	FOXG_05969P0, FOXG_07116P0, FOXG_12421P0, FOXG_14116P0, FOXG_14148P0		EDO00962
OG0000404		Bcin12p01410.1	CVK96592, CVK98111, CVK98953, CVL07446, CVL07572	FOXG_13644P0, FOXG_17169P0, FOXG_17511P0		EDN92390
OG0000405		Bcin01p00080.1, Bcin01p09920.1	CVK87792, CVK95545, CVL00348	FOXG_07457P0, FOXG_08927P0, FOXG_09740P0, FOXG_09741P0		EDN93373
OG0000406		Bcin01p04420.1, Bcin02p06290.1, Bcin13p02260.1, Bcin15p00540.1	CVK95588, CVL03990, CVL06949	FOXG_09770P0, FOXG_12222P0, FOXG_14728P0		
OG0000407		Bcin12p02320.1	CVK83778, CVK85991, CVK96712, CVK97899	FOXG_00567P0, FOXG_04525P0, FOXG_13286P0, FOXG_17384P0		EDN92566
OG0000408		Bcin15p02840.1	CVL07630, CVL07631, CVL07633, CVL08901, CVL09122	FOXG_14297P0, FOXG_16895P0, FOXG_16896P0, FOXG_16897P0		
OG0000409		Bcin03p08430.1, Bcin08p02210.1, Bcin08p02410.1, Bcin08p02410.2	CVK94953, CVK96860	FOXG_04458P0, FOXG_16528P0		EDO00884, EDO01613
OG0000410		Bcin03p02160.1, Bcin13p00670.1	CVK88935, CVK91871, CVL03592, CVL05055, CVL06366	FOXG_02014P0, FOXG_17306P0		EDN91149
OG0000411		Bcin02p07490.1, Bcin02p08890.1, Bcin11p05800.1, Bcin11p05800.2, Bcin15p03970.1, Bcin15p03990.1, Bcin16p00190.1, Bcin16p02940.1				EDN96240, EDN99275
OG0000412		Bcin09p04410.1, Bcin09p04410.2, Bcin13p05710.1	CVK84801, CVK95228, CVK95852	FOXG_01208P0, FOXG_09570P0, FOXG_09956P0		EDN98533
OG0000413		Bcin02p00013.1, Bcin12p04900.1, Bcin12p04900.2	CVK91393	FOXG_02832P0, FOXG_04617P0, FOXG_15729P0, FOXG_15730P0, FOXG_17243P0		EDN92694
OG0000414		Bcin03p02960.1	CVK91413, CVK95676, CVK98001, CVL00339, CVL06715, CVL06847	FOXG_08909P0, FOXG_13593P0		EDN91238
OG0000415		Bcin09p03790.1, Bcin14p03750.1, Bcin15p02760.1, Bcin15p02850.1	CVK91263, CVK94995, CVK94996	FOXG_02915P0, FOXG_16558P0		EDO02829
OG0000416		Bcin09p00680.1, Bcin12p05500.1, Bcin13p01010.1, Bcin13p01480.1, Bcin13p02220.1, Bcin13p02220.2	CVK85142, CVL00535	FOXG_15212P0		EDN99243
OG0000417		Bcin01p01320.1, Bcin02p00080.1	CVK98054, CVL04235, CVL07410	FOXG_12390P0, FOXG_13625P0, FOXG_17607P0		EDN98097, EDN98237
OG0000418		Bcin03p04040.1, Bcin03p04040.2, Bcin03p04040.3, Bcin03p04040.4	CVK90112, CVK96135, CVL08294	FOXG_03696P0, FOXG_10167P0		EDO01213
OG0000419		Bcin01p03150.1, Bcin01p03150.2, Bcin01p03150.3	CVK99515, CVL01636, CVL03522	FOXG_08602P0, FOXG_10358P0, FOXG_11962P0		EDO02290
OG0000420		Bcin08p00270.1, Bcin08p00270.2, Bcin08p00270.3, Bcin08p00270.4, Bcin08p00270.5	CVK87653, CVL06287	FOXG_07516P0, FOXG_15291P0		EDN97561
OG0000421		Bcin09p05240.1	CVL01991, CVL04929	FOXG_04627P0, FOXG_10620P0, FOXG_11753P0, FOXG_14382P0, FOXG_15100P0	RKF64032	EDO02979
OG0000422		Bcin15p04430.1		FOXG_06508P0, FOXG_06756P0, FOXG_06856P0, FOXG_07166P0, FOXG_07188P0, FOXG_07316P0, FOXG_16154P0, FOXG_16225P0, FOXG_16342P0		
OG0000423		Bcin05p05290.1, Bcin05p05290.2, Bcin13p03110.1	CVK98034	FOXG_04706P0, FOXG_04764P0, FOXG_13581P0, FOXG_13612P0, FOXG_16546P0		EDN96059
OG0000424		Bcin09p00850.1, Bcin12p02050.1	CVK88346, CVK91814, CVK98929, CVL07956	FOXG_02354P0, FOXG_02654P0, FOXG_15835P0		EDN92485
OG0000425		Bcin01p07030.1	CVK84837, CVK84841, CVK91386, CVL02503, CVL05569, CVL08707	FOXG_01235P0, FOXG_12831P0, FOXG_15270P0		
OG0000426		Bcin04p04850.1	CVK98528, CVL08711	FOXG_04775P0, FOXG_11879P0, FOXG_13942P0, FOXG_14374P0, FOXG_14435P0, FOXG_15046P0	RKF57902	
OG0000427		Bcin10p01450.1, Bcin12p05570.1, Bcin14p01330.1	CVK99939, CVL01737, CVL08448, CVL08656	FOXG_10415P0, FOXG_14752P0		EDN99235
OG0000428		Bcin02p02100.1	CVK85131, CVK91511, CVK92164, CVL08748	FOXG_02776P0, FOXG_04952P0, FOXG_13065P0	RKF78802	EDN96915
OG0000429		Bcin04p00940.1	CVK92128	FOXG_01346P0, FOXG_06900P0, FOXG_06903P0, FOXG_15699P0, FOXG_16107P0, FOXG_16110P0, FOXG_16268P0, FOXG_16271P0		
OG0000430		Bcin02p00320.1	CVK86010, CVK86448, CVL00642, CVL02098	FOXG_03890P0, FOXG_09071P0, FOXG_10709P0, FOXG_13300P0		EDN96554
OG0000431		Bcin11p01030.1	CVK87700, CVK87760, CVK90549, CVK96688, CVL02235	FOXG_03442P0, FOXG_07466P0, FOXG_07488P0, FOXG_10780P0		
OG0000432		Bcin02p02040.1	CVK87100, CVK95455, CVK97433	FOXG_04120P0, FOXG_07821P0, FOXG_09688P0, FOXG_14951P0, FOXG_15947P0		EDN96910
OG0000433		Bcin11p02630.1	CVK97583, CVK97680, CVK98801, CVL02207	FOXG_04031P0, FOXG_05723P0, FOXG_12284P0, FOXG_13492P0, FOXG_17781P0		
OG0000434		Bcin14p00480.1	CVK84984, CVK85955, CVL01977, CVL07525	FOXG_01365P0, FOXG_10604P0, FOXG_13264P0, FOXG_17136P0		EDN91618
OG0000435		Bcin13p04740.1	CVK87655, CVK98346, CVL07916	FOXG_02703P0, FOXG_02704P0, FOXG_07512P0, FOXG_12083P0, FOXG_13784P0, FOXG_14873P0		
OG0000436		Bcin03p08090.1	CVK88262, CVK94604, CVK94899, CVK95906, CVK96740, CVK97077, CVL00495	FOXG_04320P0, FOXG_05585P0		
OG0000437		Bcin03p03270.1	CVK96663, CVL00802, CVL08529, CVL08564	FOXG_02598P0, FOXG_02620P0, FOXG_04588P0, FOXG_09163P0		EDN91283
OG0000438			CVK85032, CVK94065, CVK95321, CVK96098, CVL07523, CVL07937	FOXG_02693P0, FOXG_05876P0, FOXG_09625P0, FOXG_10149P0		
OG0000439			CVK90362, CVK95304, CVK95671, CVK95761, CVK97534, CVL04705, CVL08705	FOXG_04052P0, FOXG_09868P0, FOXG_11636P0		
OG0000440			CVK92046, CVK97655, CVL01647, CVL08820	FOXG_04889P0, FOXG_06973P0, FOXG_09612P0, FOXG_10363P0, FOXG_13469P0, FOXG_16835P0		
OG0000441			CVK94436, CVK94939, CVK97081, CVL04022, CVL07910	FOXG_04318P0, FOXG_05679P0, FOXG_10240P0, FOXG_12243P0, FOXG_16518P0		
OG0000442			CVK96262, CVL00270, CVL00274	FOXG_15582P0, FOXG_16041P0		EDN91320, EDN93286, EDN94544, EDN98236, EDO03048
OG0000443			CVK94955	FOXG_12507P0, FOXG_14032P0, FOXG_16529P0		EDN93488, EDN94548, EDN97571, EDN98260, EDN98261, EDO00342
OG0000444			CVK96825	FOXG_04486P0, FOXG_06543P0, FOXG_06723P0, FOXG_07108P0, FOXG_07283P0, FOXG_12434P0, FOXG_14103P0, FOXG_14186P0, FOXG_16305P0		
OG0000445			CVK96660	FOXG_14370P0, FOXG_17104P0, FOXG_17313P0		EDN94244, EDN99566, EDO03009, EDO03054, EDO04667, EDO04686
OG0000446			CVL06368	FOXG_06478P0, FOXG_06782P0, FOXG_07344P0, FOXG_12038P0, FOXG_13021P0, FOXG_15186P0, FOXG_15861P0, FOXG_16369P0, FOXG_17172P0		
OG0000447			CVL08463	FOXG_02575P0, FOXG_04729P0, FOXG_06584P0, FOXG_06591P0, FOXG_06668P0, FOXG_06675P0, FOXG_07235P0, FOXG_07242P0, FOXG_17629P0		
OG0000448			CVL08896	FOXG_05569P0, FOXG_07074P0, FOXG_14987P0, FOXG_15617P0, FOXG_16448P0, FOXG_16462P0, FOXG_16652P0, FOXG_17278P0, FOXG_17281P0		
OG0000449				FOXG_06484P0, FOXG_06776P0, FOXG_07003P0, FOXG_07049P0, FOXG_07091P0, FOXG_07338P0, FOXG_14158P0, FOXG_14411P0, FOXG_15070P0, FOXG_16364P0		
OG0000450				FOXG_06613P0, FOXG_06645P0, FOXG_06908P0, FOXG_07213P0, FOXG_14252P0, FOXG_14264P0, FOXG_14265P0, FOXG_14813P0, FOXG_16104P0, FOXG_16276P0		
OG0000451				FOXG_12429P0, FOXG_12569P0, FOXG_12620P0, FOXG_13971P0, FOXG_14108P0, FOXG_14134P0, FOXG_14135P0, FOXG_14783P0, FOXG_17056P0, FOXG_17259P0		
OG0000452				FOXG_06488P0, FOXG_06773P0, FOXG_06868P0, FOXG_07059P0, FOXG_07335P0, FOXG_14373P0, FOXG_15108P0, FOXG_16142P0, FOXG_16237P0, FOXG_16361P0		
OG0000453				FOXG_06492P0, FOXG_06681P0, FOXG_06770P0, FOXG_06799P0, FOXG_06814P0, FOXG_06972P0, FOXG_06992P0, FOXG_07180P0, FOXG_07332P0, FOXG_16358P0		
OG0000454					RKF57443, RKF64810, RKF64902, RKF65586, RKF71270, RKF78474, RKF79999, RKF82482, RKF82634, RKF82640	
OG0000455					RKF54677, RKF58153, RKF59721, RKF60967, RKF61751, RKF65561, RKF65760, RKF81009, RKF81013, RKF82528	
OG0000456					RKF58572, RKF63249, RKF65305, RKF71194, RKF75617, RKF75619, RKF75621, RKF78610, RKF80607, RKF80608	
OG0000457	BLGH_01281-mRNA-1, BLGH_06887-mRNA-1	Bcin02p08370.1, Bcin10p01030.1	CVK84027	FOXG_00706P0	RKF58076, RKF73009	EDO05008
OG0000458	BLGH_06901-mRNA-1, BLGH_06905-mRNA-1, BLGH_06906-mRNA-1, BLGH_06909-mRNA-1	Bcin09p01950.1	CVK91000	FOXG_03159P0	RKF54933	EDO02648
OG0000459	BLGH_04652-mRNA-1	Bcin01p05260.1, Bcin01p05260.2, Bcin01p05260.3, Bcin01p05260.4	CVK89423	FOXG_01718P0	RKF53343	EDO01945
OG0000460	BLGH_04697-mRNA-1	Bcin06p05800.1, Bcin06p05800.2, Bcin06p05800.3, Bcin06p05800.4	CVK89364	FOXG_01756P0	RKF81053	EDO00114
OG0000461	BLGH_04705-mRNA-1	Bcin09p01740.1, Bcin09p02230.1	CVK98087, CVK98770	FOXG_13636P0	RKF78804	EDO02618, EDO02668
OG0000462	BLGH_04760-mRNA-1	Bcin13p02620.1	CVK90870, CVK95175	FOXG_03245P0, FOXG_03246P0, FOXG_09540P0	RKF79970	EDN99541
OG0000463	BLGH_05081-mRNA-1	Bcin14p02590.1, Bcin14p02590.2, Bcin14p02590.3, Bcin14p02590.4	CVL02000	FOXG_10626P0	RKF83482	EDN91563
OG0000464	BLGH_05143-mRNA-1	Bcin14p01020.1, Bcin14p01020.2, Bcin14p01020.3, Bcin14p01020.4	CVL02971	FOXG_11162P0	RKF55168	EDN94267
OG0000465	BLGH_05146-mRNA-1	Bcin14p01010.1, Bcin14p01010.2, Bcin14p01010.3, Bcin14p01010.4	CVK92596	FOXG_05267P0	RKF54298	EDN94271
OG0000466	BLGH_05187-mRNA-1	Bcin14p02120.1, Bcin14p02120.2, Bcin14p02120.3, Bcin14p02120.4	CVL02976	FOXG_11167P0	RKF57912	EDN94343
OG0000467	BLGH_05212-mRNA-1, BLGH_06003-mRNA-1	Bcin09p05960.1	CVL01670, CVL07097	FOXG_10374P0	RKF75697, RKF83795	EDO03079
OG0000468	BLGH_06878-mRNA-1	Bcin05p02050.1, Bcin07p06110.1	CVK86271, CVK99909	FOXG_04003P0, FOXG_08346P0	RKF77604	EDO03331
OG0000469	BLGH_00205-mRNA-1	Bcin05p07620.1, Bcin06p06420.1, Bcin12p05830.1	CVK84569, CVK96917	FOXG_01039P0		EDN95903, EDN95923
OG0000470	BLGH_00225-mRNA-1	Bcin05p02710.1, Bcin05p02720.1, Bcin05p02720.2, Bcin12p06040.1	CVK94009	FOXG_05906P0	RKF64114	EDO03291
OG0000471	BLGH_00243-mRNA-1	Bcin04p01040.1	CVK92528, CVK94367, CVK96063, CVK96544	FOXG_05202P0, FOXG_05720P0, FOXG_10118P0		
OG0000472	BLGH_00253-mRNA-1	Bcin11p04850.1, Bcin16p01770.1	CVK82994, CVK85013, CVK99836	FOXG_00092P0, FOXG_08392P0	RKF71198	
OG0000473	BLGH_00258-mRNA-1	Bcin03p07320.1, Bcin16p01470.1	CVL01685, CVL04213	FOXG_10383P0, FOXG_12372P0	RKF76415	EDN90644
OG0000474	BLGH_00268-mRNA-1	Bcin16p01510.1, Bcin16p01510.2	CVL01186, CVL08172, CVL08211	FOXG_08975P0, FOXG_09424P0	RKF82747	
OG0000475	BLGH_00334-mRNA-1	Bcin11p05580.1, Bcin11p05580.2	CVK87864, CVK89806	FOXG_01456P0, FOXG_07429P0	RKF65567	EDN96368
OG0000476	BLGH_00335-mRNA-1	Bcin03p05280.1, Bcin08p01070.1, Bcin08p03220.1, Bcin15p00270.1	CVL02589	FOXG_10935P0	RKF53453	EDO00773
OG0000477	BLGH_00437-mRNA-1, BLGH_04852-mRNA-1, BLGH_04888-mRNA-1, BLGH_04889-mRNA-1, BLGH_04892-mRNA-1, BLGH_04895-mRNA-1, BLGH_04896-mRNA-1, BLGH_04903-mRNA-1, BLGH_04976-mRNA-1					
OG0000478	BLGH_00536-mRNA-1	Bcin02p02300.1	CVK84094	FOXG_00749P0, FOXG_06929P0, FOXG_16081P0, FOXG_16297P0	RKF53095	EDN96931
OG0000479	BLGH_00568-mRNA-1, BLGH_01141-mRNA-1	Bcin02p01280.1	CVK83543	FOXG_00420P0	RKF82582, RKF82583, RKF82586	EDN96834
OG0000480	BLGH_00605-mRNA-1, BLGH_05962-mRNA-1	Bcin02p00700.1, Bcin02p00700.2, Bcin02p02410.1	CVK84101	FOXG_00754P0	RKF55891	EDN96336
OG0000481	BLGH_00617-mRNA-1	Bcin02p02960.1, Bcin02p02960.2, Bcin02p02960.3, Bcin02p02960.4	CVL05623	FOXG_12803P0	RKF58477	EDN96720
OG0000482	BLGH_00620-mRNA-1	Bcin02p01290.1, Bcin02p01290.2, Bcin02p01290.3, Bcin02p01290.4	CVK86843	FOXG_07983P0	RKF82462	EDN96835
OG0000483	BLGH_05604-mRNA-1	Bcin04p03680.1, Bcin04p03680.2	CVK97714, CVK99547	FOXG_08568P0, FOXG_13522P0	RKF54590	EDO01315
OG0000484	BLGH_05608-mRNA-1	Bcin02p02670.1	CVL06089	FOXG_15406P0, FOXG_15870P0	RKF54005, RKF59655, RKF71382	EDN96688
OG0000485	BLGH_05655-mRNA-1	Bcin02p03310.1, Bcin02p03310.2, Bcin02p03310.3, Bcin02p03310.4	CVK92224		RKF71470, RKF83233	EDN96800
OG0000486	BLGH_05703-mRNA-1, BLGH_06953-mRNA-1	Bcin02p04240.1, Bcin15p04790.1	CVK89706	FOXG_01555P0	RKF55337, RKF74339	EDN96471
OG0000487	BLGH_01430-mRNA-1	Bcin10p05970.1, Bcin10p05970.2, Bcin10p05970.3	CVK88618	FOXG_02206P0	RKF77266	EDO04863, EDO04864
OG0000488	BLGH_01495-mRNA-1	Bcin10p05750.1	CVK97120	FOXG_04299P0, FOXG_07105P0, FOXG_14445P0, FOXG_15036P0	RKF55951	EDO04893
OG0000489	BLGH_01510-mRNA-1	Bcin08p00510.1, Bcin08p00510.2, Bcin08p00510.3, Bcin08p00510.4	CVK96983	FOXG_04379P0	RKF82566	EDN97744
OG0000490	BLGH_01548-mRNA-1	Bcin01p04640.1	CVK84367	FOXG_14156P0, FOXG_14175P0, FOXG_14176P0, FOXG_17538P0	RKF71957	EDO01872
OG0000491	BLGH_01639-mRNA-1	Bcin01p08480.1	CVK84758, CVK98948, CVL06237	FOXG_01171P0, FOXG_15314P0	RKF53835	EDO02232
OG0000492	BLGH_01671-mRNA-1, BLGH_06708-mRNA-1	Bcin03p02030.1, Bcin06p02510.1, Bcin09p02350.1	CVK87708	FOXG_07474P0		EDN93608, EDO02972
OG0000493	BLGH_01782-mRNA-1	Bcin15p04330.1, Bcin15p04330.2	CVK97095, CVK98362, CVL02636	FOXG_04313P0, FOXG_13796P0	RKF83523	
OG0000494	BLGH_01851-mRNA-1, BLGH_06754-mRNA-1	Bcin05p07000.1, Bcin07p04170.1	CVK90691, CVL08764		RKF62585, RKF80480	EDN96109
OG0000495	BLGH_01946-mRNA-1, BLGH_01958-mRNA-1	Bcin01p07120.1, Bcin04p06680.1	CVK99440	FOXG_08683P0	RKF63593, RKF79479	EDO01711
OG0000496	BLGH_04400-mRNA-1, BLGH_04401-mRNA-1, BLGH_04405-mRNA-1, BLGH_04406-mRNA-1, BLGH_04407-mRNA-1, BLGH_04408-mRNA-1, BLGH_04412-mRNA-1, BLGH_05757-mRNA-1, BLGH_05758-mRNA-1					
OG0000497	BLGH_04433-mRNA-1	Bcin15p03640.1	CVK84276, CVL01972	FOXG_00866P0, FOXG_04697P0, FOXG_10597P0	RKF57438	EDN91083
OG0000498	BLGH_04441-mRNA-1	Bcin13p01340.1, Bcin13p01340.2, Bcin13p01340.3, Bcin13p01340.4	CVK93853	FOXG_06007P0	RKF54331	EDN99377
OG0000499	BLGH_04548-mRNA-1, BLGH_04556-mRNA-1	Bcin09p00600.1	CVK84910, CVL02567	FOXG_01302P0, FOXG_10904P0	RKF64930	EDO02420
OG0000500	BLGH_04559-mRNA-1	Bcin09p03390.1, Bcin09p03390.2, Bcin09p03390.3, Bcin09p03390.4	CVK91037	FOXG_03135P0	RKF56535	EDO02790
OG0000501	BLGH_00952-mRNA-1, BLGH_06536-mRNA-1	Bcin06p04520.1, Bcin11p06450.1	CVK88269	FOXG_02405P0	RKF74347	EDN96157, EDN99926
OG0000502	BLGH_02637-mRNA-1	Bcin08p05270.1, Bcin09p06120.1	CVK86303, CVL01801	FOXG_03983P0, FOXG_10454P0	RKF60187	EDO03103
OG0000503	BLGH_02684-mRNA-1	Bcin03p04060.1	CVK94241, CVL03629	FOXG_04747P0, FOXG_12012P0	RKF80897, RKF84038	EDN91052
OG0000504	BLGH_02800-mRNA-1	Bcin08p02620.1, Bcin08p02620.2, Bcin08p02620.3, Bcin08p02620.4	CVL01243	FOXG_09482P0	RKF57145	EDO00865
OG0000505	BLGH_02807-mRNA-1	Bcin08p02290.1, Bcin08p02290.2, Bcin08p02290.3, Bcin08p02290.4	CVL04582	FOXG_11518P0	RKF56619	EDO00895
OG0000506	BLGH_02864-mRNA-1	Bcin08p03620.1, Bcin08p03620.2	CVL01129, CVL07635	FOXG_09366P0, FOXG_16894P0	RKF82858	EDO00728
OG0000507	BLGH_02903-mRNA-1				RKF53442, RKF55994, RKF58595, RKF58596, RKF73111, RKF73742, RKF77281, RKF83513	
OG0000508	BLGH_02923-mRNA-1	Bcin08p00830.1, Bcin08p00830.2, Bcin08p00830.3, Bcin08p00830.4	CVK87106	FOXG_07820P0	RKF53887	EDO01116
OG0000509	BLGH_02974-mRNA-1	Bcin01p06010.1	CVK93938, CVK99295	FOXG_05950P0, FOXG_08810P0, FOXG_17575P0	RKF83192	EDO02021
OG0000510	BLGH_02994-mRNA-1	Bcin01p08050.1, Bcin01p08050.2	CVK87119, CVK98363	FOXG_07808P0, FOXG_13797P0	RKF84151	EDO02177
OG0000511	BLGH_03068-mRNA-1	Bcin01p08920.1, Bcin01p08920.2, Bcin01p08920.3, Bcin01p08920.4	CVK91228	FOXG_02948P0	RKF54465	EDO02119
OG0000512	BLGH_06331-mRNA-1	Bcin03p01800.1, Bcin03p01800.2, Bcin03p01800.3, Bcin03p01800.4	CVK89818, CVL05506	FOXG_01444P0		EDN91129
OG0000513	BLGH_05343-mRNA-1, BLGH_05352-mRNA-1, BLGH_05353-mRNA-1, BLGH_05371-mRNA-1, BLGH_05376-mRNA-1, BLGH_05380-mRNA-1, BLGH_06374-mRNA-1, BLGH_06375-mRNA-1, BLGH_06477-mRNA-1					
OG0000514	BLGH_03257-mRNA-1, BLGH_05274-mRNA-1	Bcin03p02970.1, Bcin11p04800.1	CVK87634	FOXG_07524P0	RKF53544, RKF83844	EDN91239
OG0000515	BLGH_05289-mRNA-1	Bcin08p06330.1	CVL01987	FOXG_06513P0, FOXG_06751P0, FOXG_07311P0, FOXG_15568P0, FOXG_16027P0, FOXG_16337P0		
OG0000516	BLGH_05332-mRNA-1	Bcin01p00450.1, Bcin01p00450.2	CVK93423	FOXG_06392P0, FOXG_14342P0, FOXG_15138P0	RKF77663	EDN98216
OG0000517	BLGH_05864-mRNA-1	Bcin12p05190.1	CVK93075, CVK95394	FOXG_09664P0, FOXG_11366P0, FOXG_11763P0	RKF76468	EDN98946
OG0000518	BLGH_05865-mRNA-1	Bcin12p06460.1	CVK86503, CVK97565	FOXG_03826P0, FOXG_04022P0	RKF76518, RKF77410	EDN99017
OG0000519	BLGH_01088-mRNA-1, BLGH_05923-mRNA-1	Bcin01p06950.1	CVL02081, CVL05355	FOXG_10697P0, FOXG_12943P0	RKF83332	EDO01741
OG0000520	BLGH_05945-mRNA-1	Bcin01p01810.1, Bcin01p01810.2, Bcin01p01810.3, Bcin01p01810.4	CVK91090	FOXG_03081P0	RKF84169	EDN98303
OG0000521	BLGH_05983-mRNA-1	Bcin09p02870.1	CVK86970, CVK90234	FOXG_07900P0, FOXG_17746P0	RKF62774	EDO01531, EDO02863
OG0000522	BLGH_03244-mRNA-1, BLGH_03245-mRNA-1	Bcin03p04990.1, Bcin03p04990.2	CVK90802	FOXG_03287P0, FOXG_03288P0	RKF84080	EDN90941
OG0000523	BLGH_03266-mRNA-1	Bcin11p05770.1	CVK83491	FOXG_00387P0, FOXG_14460P0, FOXG_15020P0, FOXG_15879P0	RKF64446	EDN96234
OG0000524	BLGH_03271-mRNA-1	Bcin01p03790.1, Bcin01p03790.2	CVK83030	FOXG_00113P0	RKF55126	EDN91672, EDN91673, EDO01788
OG0000525	BLGH_03346-mRNA-1	Bcin01p08980.1	CVK83684	FOXG_00509P0, FOXG_07104P0, FOXG_14446P0, FOXG_15035P0	RKF80570	EDO02129
OG0000526	BLGH_03471-mRNA-1	Bcin01p03470.1, Bcin01p03470.2, Bcin01p03470.3, Bcin01p03470.4	CVK89019	FOXG_01965P0	RKF83667	EDO01755
OG0000527	BLGH_03485-mRNA-1	Bcin01p03810.1, Bcin01p03810.2	CVK87101, CVK89386	FOXG_01741P0, FOXG_07817P0	RKF57448	EDO01791
OG0000528	BLGH_03515-mRNA-1	Bcin01p07650.1, Bcin01p07650.2, Bcin01p07650.3	CVK83407, CVK91384	FOXG_00340P0	RKF60314	EDO02282
OG0000529	BLGH_03601-mRNA-1	Bcin01p03010.1	CVK83410, CVK99398, CVL08661	FOXG_00341P0, FOXG_08717P0	RKF55520	EDO02304
OG0000530	BLGH_03612-mRNA-1	Bcin03p00500.1, Bcin12p03550.1	CVK85822, CVK92459	FOXG_05128P0, FOXG_13198P0	RKF59939	EDN94223
OG0000531	BLGH_05991-mRNA-1	Bcin12p03690.1, Bcin13p04750.1, Bcin13p04750.2	CVK98935, CVK99493	FOXG_08628P0	RKF78272	EDN92520
OG0000532	BLGH_06054-mRNA-1	Bcin07p06370.1, Bcin07p06370.2	CVK99572	FOXG_08541P0, FOXG_08542P0, FOXG_12500P0, FOXG_14039P0	RKF51418	
OG0000533	BLGH_04045-mRNA-1	Bcin07p00680.1, Bcin15p05110.1	CVK87522, CVK99894	FOXG_07588P0, FOXG_08356P0	RKF57123	EDN95358
OG0000534	BLGH_04072-mRNA-1	Bcin08p00160.1	CVK96907, CVL05012	FOXG_04427P0, FOXG_04688P0, FOXG_11816P0	RKF82869	EDN97537
OG0000535	BLGH_04234-mRNA-1	Bcin06p02870.1, Bcin06p02870.2, Bcin06p02870.3, Bcin06p02870.4	CVK91106	FOXG_03065P0	RKF61150	EDN93562
OG0000536	BLGH_04317-mRNA-1	Bcin03p07390.1, Bcin10p01210.1	CVK89546, CVK91165	FOXG_03009P0	RKF81145	EDN90636, EDO04754
OG0000537	BLGH_06714-mRNA-1	Bcin04p06000.1, Bcin07p04440.1	CVK88888, CVK92610	FOXG_02043P0, FOXG_05281P0	RKF73715, RKF79627	
OG0000538	BLGH_06718-mRNA-1	Bcin01p02520.1, Bcin04p03120.1	CVK85048, CVK92619, CVL04143	FOXG_12345P0	RKF57110	EDO01383
OG0000539	BLGH_06720-mRNA-1	Bcin03p06460.1, Bcin09p05280.1	CVK92409, CVL03512	FOXG_05125P0, FOXG_11968P0	RKF77869	EDO02984
OG0000540	BLGH_06761-mRNA-1	Bcin06p07100.1	CVK99540	FOXG_06505P0, FOXG_07319P0, FOXG_08575P0, FOXG_08576P0	RKF59380	EDO00176
OG0000541	BLGH_06186-mRNA-1	Bcin04p02190.1, Bcin04p02190.2	CVK86785	FOXG_08029P0, FOXG_08030P0	RKF57188	EDO01452, EDO01453
OG0000542	BLGH_05797-mRNA-1	Bcin02p08460.1, Bcin03p05760.1	CVK97478, CVL05092	FOXG_04093P0, FOXG_11779P0	RKF60150	EDN90856
OG0000543	BLGH_06634-mRNA-1	Bcin10p00650.1, Bcin10p00650.2	CVL01059, CVL07585	FOXG_05625P0, FOXG_09320P0	RKF55948	EDO04969
OG0000544	BLGH_02014-mRNA-1	Bcin03p07020.1, Bcin03p07020.2, Bcin03p07020.3, Bcin03p07020.4	CVL04565	FOXG_11503P0	RKF57079	EDN90680
OG0000545	BLGH_02062-mRNA-1	Bcin16p03110.1, Bcin16p03110.2, Bcin16p03110.3, Bcin16p03110.4, Bcin16p03110.5	CVK89703	FOXG_01558P0	RKF56557	
OG0000546	BLGH_02086-mRNA-1	Bcin03p03060.1, Bcin03p03060.2	CVL01193, CVL06877	FOXG_09433P0, FOXG_14691P0	RKF83753	EDN91243
OG0000547	BLGH_02208-mRNA-1	Bcin05p00240.1	CVK97968, CVL03064, CVL03999	FOXG_11217P0, FOXG_12226P0	RKF60035	EDO03175
OG0000548	BLGH_02310-mRNA-1	Bcin05p01870.1	CVK84768, CVK96050	FOXG_01180P0, FOXG_14847P0, FOXG_14895P0	RKF61969	EDO03320
OG0000549	BLGH_02339-mRNA-1	Bcin11p02050.1	CVK85082, CVK86223, CVK91211, CVK97610	FOXG_02962P0, FOXG_13412P0	RKF82828	
OG0000550	BLGH_02399-mRNA-1	Bcin05p06320.1, Bcin05p06320.2	CVK84694	FOXG_01111P0	RKF53134, RKF54207, RKF81322	EDO03803
OG0000551	BLGH_02503-mRNA-1	Bcin07p01280.1, Bcin07p01280.2, Bcin07p01280.3, Bcin07p01280.4	CVK97322	FOXG_04180P0	RKF66017	EDN96959
OG0000552	BLGH_02528-mRNA-1	Bcin07p03580.1	CVK97370	FOXG_06998P0, FOXG_12509P0, FOXG_14030P0, FOXG_17474P0	RKF60843	EDN96976
OG0000553	BLGH_02570-mRNA-1	Bcin06p07410.1, Bcin06p07410.2, Bcin06p07410.3, Bcin06p07410.4	CVK93491	FOXG_06339P0	RKF55276	EDO00134
OG0000554	BLGH_02574-mRNA-1	Bcin07p03270.1, Bcin07p03270.2, Bcin07p03270.3, Bcin07p03270.4	CVK93477	FOXG_06352P0	RKF64920	EDN97026
OG0000555	BLGH_00904-mRNA-1	Bcin05p03800.1	CVL03103, CVL08161	FOXG_07135P0, FOXG_11237P0, FOXG_14192P0	RKF79572	EDO03607
OG0000556	BLGH_01102-mRNA-1	Bcin05p00580.1, Bcin05p00580.2	CVK87288, CVK98214	FOXG_07702P0, FOXG_13703P0	RKF82003	EDO03235
OG0000557	BLGH_01149-mRNA-1	Bcin05p00980.1, Bcin05p00980.2, Bcin05p00980.3, Bcin05p00980.4	CVL01143	FOXG_09381P0	RKF58309	EDO03501
OG0000558	BLGH_03781-mRNA-1	Bcin07p06440.1, Bcin07p06440.2, Bcin07p06440.3	CVK95554, CVL00061	FOXG_08254P0, FOXG_09747P0	RKF77243	
OG0000559	BLGH_03817-mRNA-1	Bcin02p01630.1, Bcin09p07030.1	CVK86465, CVK90130	FOXG_03678P0, FOXG_03874P0	RKF54406	EDN96872
OG0000560	BLGH_03868-mRNA-1	Bcin06p01520.1, Bcin15p01070.1, Bcin15p01070.2, Bcin15p01070.3	CVL05756	FOXG_12725P0	RKF56065	EDN99771
OG0000561	BLGH_03883-mRNA-1	Bcin01p05170.1, Bcin03p00910.1, Bcin11p01800.1, Bcin11p02790.1	CVL04665	FOXG_11596P0	RKF80992	EDN91410
OG0000562	BLGH_03894-mRNA-1	Bcin01p08460.1, Bcin03p02000.1	CVL02685, CVL03429	FOXG_11005P0	RKF53491	EDO02234, EDO03308
OG0000563	BLGH_03927-mRNA-1	Bcin01p03280.1, Bcin02p04920.1, Bcin02p04920.2, Bcin02p04920.3	CVL05734	FOXG_12737P0	RKF74038	EDN95296
OG0000564	BLGH_03930-mRNA-1				RKF56749, RKF56953, RKF64368, RKF65632, RKF80584, RKF81922, RKF83553, RKF84060	
OG0000565	BLGH_03936-mRNA-1	Bcin02p05030.1, Bcin02p05030.2, Bcin02p05030.3, Bcin02p05030.4	CVL05751	FOXG_12728P0	RKF79083	EDN95280
OG0000566	BLGH_03947-mRNA-1	Bcin04p02460.1, Bcin04p04590.1, Bcin15p03320.1	CVL07650	FOXG_11878P0, FOXG_16878P0	RKF58384	EDO01425
OG0000567	BLGH_03951-mRNA-1	Bcin04p02540.1	CVK88297, CVL04873	FOXG_02385P0, FOXG_11719P0, FOXG_16688P0, FOXG_16751P0		EDN92269
OG0000568	BLGH_03985-mRNA-1	Bcin09p02790.1	CVK84071, CVL02547	FOXG_00734P0, FOXG_10884P0	RKF83645	EDO02873, EDO02874
OG0000569	BLGH_03989-mRNA-1	Bcin09p02760.1	CVK85948, CVK96818, CVL03150	FOXG_04481P0, FOXG_11264P0	RKF77671	EDO02878
OG0000570	BLGH_04028-mRNA-1	Bcin02p06820.1	CVK86636, CVL05463, CVL06099	FOXG_12890P0, FOXG_12971P0	RKF53179	EDN95082
OG0000571		Bcin03g02870.1	CVK92211, CVK98945, CVL06255, CVL06258, CVL06946	FOXG_04976P0, FOXG_14731P0		EDN90776
OG0000572		Bcin05p05690.1	CVK92068, CVK93017, CVK95986, CVK95989, CVL06691	FOXG_04900P0, FOXG_11401P0, FOXG_14535P0		
OG0000573		Bcin05p01580.1, Bcin11p06290.1	CVL03029, CVL04765	FOXG_11193P0, FOXG_11661P0	RKF63761	EDN96173, EDO03426
OG0000574		Bcin10p00840.1	CVK86468, CVK87788, CVK94879, CVL06854	FOXG_07455P0, FOXG_14661P0, FOXG_16471P0		EDO04727
OG0000575		Bcin16p05030.1	CVK86177, CVK96608, CVK98910	FOXG_11945P0, FOXG_13391P0, FOXG_15328P0, FOXG_17200P0		EDN93277
OG0000576		Bcin02p08830.1, Bcin03p02010.1, Bcin04p00640.1, Bcin08p00290.1, Bcin16p05040.1, Bcin16p05040.2	CVL03420			EDO03306, EDO03307
OG0000577		Bcin02p08840.1, Bcin05p03530.1, Bcin05p05010.1, Bcin05p05640.1	CVK97086	FOXG_04316P0, FOXG_07137P0, FOXG_15611P0, FOXG_16067P0		
OG0000578		Bcin13p00570.1	CVK86310, CVK95272, CVK98520, CVL01649, CVL02095	FOXG_09592P0, FOXG_10364P0, FOXG_10708P0		
OG0000579		Bcin01p01010.1, Bcin14p01240.1	CVK98632	FOXG_12544P0, FOXG_12594P0, FOXG_13997P0, FOXG_15710P0, FOXG_17081P0		EDN98140
OG0000580		Bcin01p10200.1, Bcin02p04650.1, Bcin02p05640.1, Bcin03p08870.1, Bcin03p08880.1, Bcin07p01860.1, Bcin07p02340.1		FOXG_07159P0		EDN93304
OG0000581		Bcin02p01690.1, Bcin07p01020.1	CVK83943, CVL01634, CVL05288, CVL06437	FOXG_10357P0, FOXG_13012P0, FOXG_15231P0		
OG0000582		Bcin07p02240.1, Bcin07p02540.1, Bcin08p05940.1, Bcin08p06010.1, Bcin08p06080.1, Bcin10p01790.1, Bcin10p01800.1, Bcin10p01810.1				EDO04780
OG0000583		Bcin01p09450.1, Bcin01p09450.2, Bcin01p09450.3	CVK93885, CVL06423, CVL08718	FOXG_05984P0, FOXG_15221P0, FOXG_17432P0		
OG0000584		Bcin02p04840.1, Bcin04p03990.1	CVK86539, CVL00904	FOXG_03789P0, FOXG_09224P0, FOXG_17519P0		EDN95307, EDO01273
OG0000585		Bcin01p07560.1, Bcin01p07560.2, Bcin01p07560.3	CVL01586, CVL01675, CVL07335	FOXG_10323P0, FOXG_10378P0		EDO01709
OG0000586		Bcin01p10170.1, Bcin02p03500.1, Bcin06p04550.1, Bcin09p02700.1	CVK83207, CVL08017	FOXG_00215P0	RKF66800	EDN96775
OG0000587		Bcin01p10250.1, Bcin01p10250.2, Bcin06p04960.1	CVK98758, CVL07554, CVL07992	FOXG_15195P0, FOXG_17355P0, FOXG_17600P0		
OG0000588		Bcin02p00620.1, Bcin02p08950.1, Bcin06p03640.1	CVK95846, CVL06607	FOXG_09948P0, FOXG_14490P0, FOXG_17563P0		EDN96597
OG0000589		Bcin01p11140.1, Bcin02p07810.1, Bcin06p05350.1	CVK95329, CVL02595	FOXG_09627P0		EDO00054, EDO00055, EDO04614
OG0000590		Bcin06p00820.1, Bcin13p00200.1	CVK95544, CVK99404, CVL08026	FOXG_02732P0, FOXG_08712P0, FOXG_09739P0		EDN93321
OG0000591		Bcin03p01560.1, Bcin04p06450.1, Bcin04p06450.2, Bcin05p00010.1	CVK92093, CVL01528	FOXG_04913P0, FOXG_10292P0		EDN91324
OG0000592		Bcin08p05450.1	CVK94834, CVL03939, CVL03941	FOXG_04687P0, FOXG_12168P0, FOXG_12169P0, FOXG_16949P0		EDN97655
OG0000593		Bcin05p04220.1	CVK85105, CVK86097, CVL05302, CVL07536	FOXG_12966P0, FOXG_12994P0, FOXG_13344P0		EDO03670
OG0000594		Bcin05p00620.1, Bcin05p00620.2	CVK87290	FOXG_07700P0, FOXG_14371P0, FOXG_15034P0, FOXG_15110P0	RKF84182	EDO03226
OG0000595		Bcin07p01030.1, Bcin11p05480.1	CVK90673, CVL01702	FOXG_03364P0, FOXG_10391P0		EDN95315, EDN95316, EDN96379
OG0000596		Bcin02p06830.1	CVK98276, CVL04842	FOXG_11702P0, FOXG_13743P0, FOXG_16435P0, FOXG_17090P0, FOXG_17328P0		EDN95081
OG0000597		Bcin02p04280.1, Bcin04p00980.1		FOXG_06547P0, FOXG_06715P0, FOXG_06947P0, FOXG_06952P0, FOXG_07194P0, FOXG_07279P0, FOXG_14903P0		
OG0000598		Bcin08p01210.1	CVK88481, CVK91237, CVK94766, CVL05508	FOXG_02285P0, FOXG_02938P0, FOXG_12858P0, FOXG_17026P0		
OG0000599		Bcin03p08950.1, Bcin03p08950.2, Bcin08p01990.1, Bcin08p01990.2	CVL04661, CVL05259	FOXG_11592P0, FOXG_13055P0		EDO00929
OG0000600		Bcin01p03180.1	CVK90925, CVK95649, CVK97930, CVK99291, CVL07887	FOXG_03208P0, FOXG_14968P0		EDO02287
OG0000601		Bcin09p03940.1, Bcin09p03940.2, Bcin09p03940.3	CVK96865	FOXG_04454P0, FOXG_06549P0, FOXG_06713P0, FOXG_14893P0		EDO02943
OG0000602		Bcin03p04390.1	CVK86301, CVK97991, CVL04123, CVL06597	FOXG_03984P0, FOXG_04776P0, FOXG_12327P0, FOXG_14486P0		
OG0000603		Bcin01p10910.1	CVK85781, CVK97717, CVL02814	FOXG_02631P0, FOXG_11085P0, FOXG_13154P0, FOXG_13525P0	RKF59846	
OG0000604		Bcin09p05140.1, Bcin09p05140.2, Bcin15p03940.1	CVK91497, CVK98032, CVL08873, CVL09245	FOXG_13609P0		EDO02828
OG0000605		Bcin14p03240.1	CVK87779	FOXG_06475P0, FOXG_06786P0, FOXG_07347P0, FOXG_07459P0, FOXG_11765P0, FOXG_16372P0, FOXG_17609P0		
OG0000606		Bcin03p09320.1, Bcin13p02270.1	CVK94427, CVK99465	FOXG_05684P0, FOXG_08656P0, FOXG_15140P0	RKF74500	EDO04612
OG0000607		Bcin14p02740.1	CVK92701, CVL08232	FOXG_05359P0, FOXG_06922P0, FOXG_14272P0, FOXG_16088P0, FOXG_16290P0		EDN91542
OG0000608		Bcin05p07080.1, Bcin13p03340.1	CVK86499, CVK98248	FOXG_03829P0, FOXG_13725P0, FOXG_14531P0		EDN93636, EDN96101
OG0000609		Bcin02p03140.1, Bcin13p01110.1	CVK99362, CVK99734, CVL03978	FOXG_08448P0, FOXG_08748P0, FOXG_12216P0		EDN96822
OG0000610		Bcin03p03170.1, Bcin03p03170.2	CVK86493, CVK96541	FOXG_03833P0, FOXG_03996P0, FOXG_04671P0, FOXG_14995P0, FOXG_17289P0		
OG0000611		Bcin09p00790.1	CVK87805, CVK91332, CVK91389, CVK94461, CVL06442, CVL07248	FOXG_05671P0, FOXG_15234P0		
OG0000612		Bcin11p02380.1	CVK84207, CVK88187, CVL05346, CVL06324, CVL07686	FOXG_00904P0, FOXG_15287P0, FOXG_17190P0		
OG0000613		Bcin01p08860.1	CVK83941, CVK94605, CVK95907	FOXG_02729P0, FOXG_05584P0, FOXG_17216P0, FOXG_17219P0, FOXG_17776P0		
OG0000614		Bcin13p03430.1	CVK96244, CVL05044, CVL08492	FOXG_10082P0, FOXG_10213P0, FOXG_11796P0, FOXG_17338P0		EDN93626
OG0000615		Bcin08p00130.1, Bcin12p04880.1	CVK91915, CVK99489, CVL08500	FOXG_04823P0, FOXG_08632P0, FOXG_17341P0		EDN97531
OG0000616		Bcin04p02290.1	CVK88815, CVK94478, CVL08475	FOXG_02088P0, FOXG_02582P0, FOXG_05665P0, FOXG_17613P0		EDO01445
OG0000617			CVK84956, CVK85069, CVL03497, CVL03570, CVL03571, CVL03799	FOXG_01349P0, FOXG_01350P0, FOXG_12109P0		
OG0000618			CVK85031, CVK91410, CVK96739, CVK99757, CVL00467	FOXG_04546P0, FOXG_05615P0, FOXG_08435P0, FOXG_08947P0		
OG0000619			CVK84862, CVK93036, CVL06291	FOXG_01261P0, FOXG_06570P0, FOXG_06692P0, FOXG_07256P0, FOXG_11388P0, FOXG_15289P0		
OG0000620			CVK87952, CVK95932, CVK98761, CVL09305	FOXG_07005P0, FOXG_10021P0, FOXG_14213P0, FOXG_17232P0, FOXG_17439P0		
OG0000621			CVK86047, CVK86086, CVK95273, CVK95913, CVK98330, CVL00506, CVL03584, CVL03982	FOXG_13777P0		
OG0000622			CVK97624, CVL02261, CVL02263, CVL02265, CVL07454, CVL07963	FOXG_02715P0, FOXG_13445P0, FOXG_16514P0		
OG0000623			CVK99745	FOXG_08442P0	RKF58625, RKF59056, RKF71975, RKF76489, RKF77351, RKF80325, RKF80734	
OG0000624			CVL07622	FOXG_06578P0, FOXG_06684P0, FOXG_07248P0, FOXG_14390P0, FOXG_15092P0, FOXG_16717P0, FOXG_16786P0, FOXG_16921P0		
OG0000625			CVL08462	FOXG_02574P0, FOXG_04673P0, FOXG_06784P0, FOXG_06823P0, FOXG_07157P0, FOXG_07233P0, FOXG_16189P0, FOXG_16192P0		
OG0000626			CVL09025	FOXG_02542P0, FOXG_06522P0, FOXG_06742P0, FOXG_07302P0, FOXG_09593P0, FOXG_12878P0, FOXG_13605P0, FOXG_16328P0		
OG0000627			CVL09307	FOXG_12575P0, FOXG_12584P0, FOXG_12626P0, FOXG_13957P0, FOXG_13965P0, FOXG_14774P0, FOXG_17042P0, FOXG_17050P0		
OG0000628			CVL09339	FOXG_14138P0, FOXG_14334P0, FOXG_15551P0, FOXG_15912P0, FOXG_15923P0, FOXG_16009P0, FOXG_16656P0, FOXG_17320P0		
OG0000629				FOXG_01398P0, FOXG_14467P0, FOXG_15013P0, FOXG_15508P0, FOXG_15509P0, FOXG_15587P0, FOXG_15965P0, FOXG_15966P0, FOXG_16046P0		
OG0000630				FOXG_07015P0, FOXG_07129P0, FOXG_07352P0, FOXG_14425P0, FOXG_14471P0, FOXG_14902P0, FOXG_15009P0, FOXG_15056P0, FOXG_15091P0		
OG0000631				FOXG_06881P0, FOXG_07057P0, FOXG_12475P0, FOXG_14063P0, FOXG_14842P0, FOXG_15618P0, FOXG_16129P0, FOXG_16249P0, FOXG_16589P0		
OG0000632				FOXG_06462P0, FOXG_06560P0, FOXG_06702P0, FOXG_06802P0, FOXG_07086P0, FOXG_07266P0, FOXG_07361P0, FOXG_16385P0, FOXG_17481P0		
OG0000633					RKF53081, RKF54517, RKF58498, RKF62686, RKF77203, RKF81541, RKF81599, RKF81938, RKF82644	
OG0000634					RKF54071, RKF54130, RKF56738, RKF58044, RKF79588, RKF80817, RKF81722, RKF81727, RKF82595	
OG0000635					RKF55674, RKF55675, RKF55700, RKF55701, RKF61854, RKF64488, RKF79740, RKF79742, RKF81762	
OG0000636					RKF53361, RKF53362, RKF57158, RKF63132, RKF71149, RKF75009, RKF79257, RKF79570, RKF80995	
OG0000637						EDN91642, EDN93453, EDN93509, EDN94281, EDN95891, EDN99459, EDO00504, EDO02015, EDO02597
OG0000638	BLGH_06582-mRNA-1	Bcin09p01530.1	CVK90612, CVL04155, CVL07987	FOXG_03400P0	RKF78383	EDO02704
OG0000639	BLGH_06618-mRNA-1	Bcin13p02440.1, Bcin13p02440.2, Bcin13p02440.3	CVK87217	FOXG_07744P0	RKF53603	EDN99525
OG0000640	BLGH_06626-mRNA-1	Bcin03p03820.1, Bcin13p01070.1	CVL02931, CVL07685	FOXG_11139P0	RKF72980	EDN99401
OG0000641	BLGH_06890-mRNA-1	Bcin03p04240.1	CVL01625, CVL01882	FOXG_10351P0, FOXG_10511P0	RKF55125	EDN91030
OG0000642	BLGH_03594-mRNA-1, BLGH_03595-mRNA-1, BLGH_03616-mRNA-1, BLGH_04589-mRNA-1, BLGH_07072-mRNA-1, BLGH_07073-mRNA-1, BLGH_07076-mRNA-1, BLGH_07077-mRNA-1					
OG0000643	BLGH_04601-mRNA-1	Bcin11p05700.1	CVK83759, CVL03626	FOXG_00556P0, FOXG_12010P0	RKF79294	EDN96347
OG0000644	BLGH_04677-mRNA-1	Bcin07p04640.1, Bcin07p04640.2, Bcin07p06620.1	CVK83119	FOXG_00164P0	RKF83948	EDN96383
OG0000645	BLGH_04688-mRNA-1	Bcin01p05450.1	CVK83326	FOXG_00289P0, FOXG_00290P0	RKF80764	EDO01967, EDO01968
OG0000646	BLGH_00295-mRNA-1, BLGH_02772-mRNA-1, BLGH_03352-mRNA-1, BLGH_04750-mRNA-1, BLGH_06502-mRNA-1, BLGH_06703-mRNA-1				RKF56566, RKF58479	
OG0000647	BLGH_04755-mRNA-1	Bcin14p00280.1	CVK92280	FOXG_05016P0	RKF51400, RKF81510, RKF81511	EDN91649
OG0000648	BLGH_04771-mRNA-1	Bcin04p01870.1	CVK93574, CVL03074	FOXG_01957P0, FOXG_06253P0	RKF61970	EDO01487
OG0000649	BLGH_05030-mRNA-1	Bcin14p01710.1	CVK92406, CVL06301	FOXG_05122P0, FOXG_15273P0	RKF56115	EDN91491
OG0000650	BLGH_05037-mRNA-1	Bcin14p03490.1	CVK92571, CVL05301	FOXG_05243P0, FOXG_12996P0	RKF80184	EDN94535
OG0000651	BLGH_05041-mRNA-1	Bcin14p00340.1	CVK93870, CVK99461	FOXG_05995P0, FOXG_08660P0	RKF58158	EDN91641
OG0000652	BLGH_05057-mRNA-1	Bcin14p01170.1	CVK87738, CVK92636, CVL02155	FOXG_05311P0	RKF81452	EDN94240
OG0000653	BLGH_05064-mRNA-1	Bcin03p09300.1, Bcin12p00140.1, Bcin12p00140.2	CVK89624, CVL09191	FOXG_01601P0	RKF78348	
OG0000654	BLGH_05101-mRNA-1	Bcin12p02310.1, Bcin14p05060.1	CVL02943, CVL06159	FOXG_11147P0, FOXG_15354P0		EDN92565
OG0000655	BLGH_05142-mRNA-1	Bcin14p00740.1	CVK86911	FOXG_07032P0, FOXG_14973P0, FOXG_15863P0	RKF78358	EDN94312
OG0000656	BLGH_06917-mRNA-1, BLGH_07083-mRNA-1	Bcin01p08540.1, Bcin01p08540.2	CVL06030	FOXG_15459P0	RKF75182	EDO02226
OG0000657	BLGH_00044-mRNA-1	Bcin04p05300.1, Bcin05p01430.1	CVK86915, CVL07543	FOXG_07937P0	RKF76618	EDO03446
OG0000658	BLGH_00075-mRNA-1	Bcin04p00320.1	CVK92523, CVK94038	FOXG_05196P0, FOXG_05891P0	RKF54283	EDN92302
OG0000659	BLGH_00076-mRNA-1	Bcin04p00460.1	CVK92873, CVK95692, CVL04653	FOXG_05468P0	RKF54282	EDO01235
OG0000660	BLGH_00117-mRNA-1	Bcin09p03040.1, Bcin09p03040.2, Bcin09p03040.3	CVK92521	FOXG_05194P0	RKF57742	EDO02741
OG0000661	BLGH_00120-mRNA-1	Bcin09p03010.1	CVK91374, CVK92966	FOXG_02837P0, FOXG_05525P0	RKF57745	EDO02737
OG0000662	BLGH_00213-mRNA-1	Bcin05p02400.1	CVK84472, CVK95046	FOXG_00982P0, FOXG_16588P0	RKF54074	EDO03362
OG0000663	BLGH_00233-mRNA-1	Bcin04p03230.1, Bcin10p04070.1	CVK97151	FOXG_04278P0	RKF62690	EDN97680, EDO01372
OG0000664	BLGH_00254-mRNA-1	Bcin09p00720.1	CVK95590, CVK96711, CVL04001	FOXG_04524P0, FOXG_09771P0, FOXG_12227P0		
OG0000665	BLGH_00287-mRNA-1, BLGH_05409-mRNA-1	Bcin14p03550.1	CVK98452, CVL02232	FOXG_13863P0	RKF64642	EDN94529
OG0000666	BLGH_00291-mRNA-1	Bcin07p05720.1, Bcin07p05720.2, Bcin07p05720.3, Bcin07p05720.4	CVK89110	FOXG_01907P0	RKF63456	
OG0000667	BLGH_00329-mRNA-1	Bcin02p01800.1, Bcin02p01800.2, Bcin02p01800.3	CVK83317	FOXG_00284P0	RKF84156	EDN96891
OG0000668	BLGH_00374-mRNA-1	Bcin12p00150.1, Bcin16p01390.1	CVK89201, CVL07486	FOXG_01856P0	RKF74636	EDO01148
OG0000669	BLGH_00462-mRNA-1	Bcin02p03990.1, Bcin11p05750.1	CVK83546	FOXG_00422P0	RKF63131	EDN96351, EDN96508
OG0000670	BLGH_00587-mRNA-1	Bcin02p00880.1, Bcin02p00880.2, Bcin02p00880.3	CVK84434	FOXG_00958P0	RKF54354	EDN96620
OG0000671	BLGH_00632-mRNA-1	Bcin15p01140.1, Bcin15p01140.2, Bcin15p01140.3	CVK83561	FOXG_00430P0, FOXG_00431P0	RKF77272	
OG0000672	BLGH_05607-mRNA-1	Bcin04p03960.1	CVL00595	FOXG_09048P0	RKF75433, RKF80024, RKF83641	EDO01282
OG0000673	BLGH_05611-mRNA-1	Bcin02p03240.1	CVK89741	FOXG_01519P0, FOXG_16654P0, FOXG_16719P0	RKF59238	EDN96807
OG0000674	BLGH_05635-mRNA-1	Bcin07p03990.1	CVK87312, CVK89284	FOXG_01803P0, FOXG_07691P0	RKF72483	EDN97084
OG0000675	BLGH_05685-mRNA-1	Bcin07p04960.1, Bcin07p04960.2, Bcin07p04960.3	CVK85096, CVK87093	FOXG_07825P0	RKF58698	
OG0000676	BLGH_05697-mRNA-1	Bcin02p04250.1, Bcin02p04250.2, Bcin02p04250.3	CVK89705	FOXG_01556P0	RKF57088	EDN96470
OG0000677	BLGH_05698-mRNA-1	Bcin02p04260.1, Bcin02p04260.2	CVK88922	FOXG_02022P0	RKF83136	EDN96468, EDN96469
OG0000678	BLGH_01373-mRNA-1	Bcin10p04400.1	CVK97251	FOXG_04220P0, FOXG_14431P0, FOXG_15050P0	RKF77961	EDN97634
OG0000679	BLGH_01400-mRNA-1	Bcin10p00310.1, Bcin10p00310.2	CVK88392	FOXG_16409P0, FOXG_17741P0	RKF83534	EDO04910
OG0000680	BLGH_01407-mRNA-1, BLGH_01600-mRNA-1, BLGH_02297-mRNA-1, BLGH_02712-mRNA-1, BLGH_02713-mRNA-1, BLGH_05546-mRNA-1, BLGH_06492-mRNA-1, BLGH_06494-mRNA-1					
OG0000681	BLGH_01427-mRNA-1	Bcin10p05950.1, Bcin10p05950.2	CVK88590, CVK96684	FOXG_02222P0	RKF65289	EDO04872
OG0000682	BLGH_01471-mRNA-1, BLGH_06921-mRNA-1, BLGH_06926-mRNA-1	Bcin10p02330.1	CVK88534	FOXG_02257P0	RKF57831	EDO04824
OG0000683	BLGH_01492-mRNA-1, BLGH_01504-mRNA-1, BLGH_02966-mRNA-1	Bcin10p05770.1	CVK97215	FOXG_04241P0	RKF53602	EDO04889
OG0000684	BLGH_01503-mRNA-1	Bcin08p00460.1, Bcin08p00460.2, Bcin08p00460.3	CVK97122	FOXG_04298P0	RKF79431	EDN97734
OG0000685	BLGH_01580-mRNA-1	Bcin02p06320.1, Bcin08p00340.1, Bcin14p04480.1	CVK92233, CVL07856	FOXG_04987P0	RKF65979	
OG0000686	BLGH_01587-mRNA-1	Bcin06p02540.1, Bcin11p00780.1	CVK93889, CVL03225	FOXG_11306P0	RKF83378	EDN93603
OG0000687	BLGH_01590-mRNA-1	Bcin01p06900.1, Bcin04p02310.1	CVL06042	FOXG_15449P0	RKF63939	EDO01442, EDO01641
OG0000688	BLGH_01651-mRNA-1, BLGH_01657-mRNA-1, BLGH_01662-mRNA-1	Bcin13p04720.1	CVK93845	FOXG_06012P0	RKF83822	EDN98656
OG0000689	BLGH_01660-mRNA-1	Bcin01p10930.1, Bcin01p10930.2, Bcin01p10930.3	CVL03048	FOXG_11206P0	RKF76889	EDO02055
OG0000690	BLGH_01705-mRNA-1	Bcin05p00940.1	CVL01018, CVL04819	FOXG_09295P0, FOXG_11716P0	RKF64307	EDO03505
OG0000691	BLGH_01765-mRNA-1	Bcin07p01600.1	CVK97098, CVK99567	FOXG_04312P0, FOXG_08547P0	RKF54097	EDN96423
OG0000692	BLGH_01853-mRNA-1	Bcin01p05730.1	CVK85896, CVK92991	FOXG_05540P0, FOXG_13234P0	RKF71123	EDO01999
OG0000693	BLGH_01861-mRNA-1, BLGH_05265-mRNA-1	Bcin03p06290.1, Bcin03p06290.2	CVL01955	FOXG_10579P0	RKF53316	EDN90783
OG0000694	BLGH_01868-mRNA-1	Bcin02p01550.1, Bcin04p06790.1	CVK86934	FOXG_07924P0, FOXG_07925P0	RKF59972	EDN96864
OG0000695	BLGH_01894-mRNA-1	Bcin05p05400.1	CVK84493, CVK95831	FOXG_00997P0, FOXG_09930P0	RKF55315	EDN96035
OG0000696	BLGH_01944-mRNA-1	Bcin04p05980.1, Bcin04p05980.2, Bcin04p05980.3, Bcin04p05980.4	CVK92498	FOXG_05169P0	RKF63591	
OG0000697	BLGH_04381-mRNA-1	Bcin09p02100.1	CVK90710, CVK98158	FOXG_03342P0, FOXG_13671P0	RKF44594	EDO02630
OG0000698	BLGH_04403-mRNA-1	Bcin13p01390.1, Bcin13p01390.2, Bcin13p01390.3	CVK93863	FOXG_05999P0	RKF54726	EDN99370
OG0000699	BLGH_04480-mRNA-1	Bcin13p02130.1	CVK90547	FOXG_03444P0	RKF65172, RKF65173, RKF76337	EDN99484
OG0000700	BLGH_04484-mRNA-1	Bcin01p02970.1	CVK84435, CVL08815	FOXG_00959P0, FOXG_16838P0	RKF58906	EDO02310
OG0000701	BLGH_04536-mRNA-1	Bcin08p04060.1, Bcin11p03840.1	CVK88285, CVK91247	FOXG_02395P0, FOXG_02927P0		EDO00674
OG0000702	BLGH_04539-mRNA-1	Bcin09p06180.1, Bcin09p06180.2, Bcin14p01230.1	CVK90596	FOXG_03410P0	RKF56830	EDO03113
OG0000703	BLGH_04543-mRNA-1	Bcin09p06140.1, Bcin09p06140.2, Bcin09p06140.3	CVK91070	FOXG_03102P0	RKF56826	EDO03109
OG0000704	BLGH_04547-mRNA-1	Bcin09p00590.1	CVK84909, CVL02565	FOXG_01301P0, FOXG_10902P0	RKF80730	EDO02419
OG0000705	BLGH_04549-mRNA-1	Bcin06p01300.1, Bcin09p03540.1	CVL06066	FOXG_15427P0	RKF71489	EDN99791, EDO02804
OG0000706	BLGH_06501-mRNA-1	Bcin13p01710.1	CVK94029, CVL00138	FOXG_05896P0, FOXG_08212P0	RKF65961	EDN99340
OG0000707	BLGH_06529-mRNA-1, BLGH_06543-mRNA-1	Bcin01p11100.1, Bcin09p06020.1, Bcin15p03010.1	CVK88887		RKF55616	EDO03090
OG0000708	BLGH_06530-mRNA-1	Bcin08p04140.1, Bcin08p04140.3, Bcin08p04140.4	CVL01845	FOXG_10486P0	RKF55262	EDO00648
OG0000709	BLGH_06990-mRNA-1	Bcin01p02050.1, Bcin04p00310.1	CVK90253	FOXG_03605P0	RKF65665	EDN92285, EDO01519
OG0000710	BLGH_06097-mRNA-1, BLGH_06808-mRNA-1	Bcin13p04410.1	CVK98538	FOXG_13952P0	RKF71370, RKF75181	EDN93741
OG0000711	BLGH_06810-mRNA-1	Bcin01p10110.1, Bcin01p10110.2, Bcin01p10110.3, Bcin01p10110.4	CVL06047	FOXG_15444P0		EDO02091
OG0000712	BLGH_06826-mRNA-1	Bcin03p00200.1, Bcin09p05180.1	CVK86163	FOXG_13377P0	RKF65836	EDN94192, EDO02613
OG0000713	BLGH_02698-mRNA-1	Bcin03p04110.1, Bcin03p04110.2, Bcin03p04110.3	CVK86954	FOXG_07910P0	RKF57218	EDN91043
OG0000714	BLGH_02776-mRNA-1	Bcin08p02520.1, Bcin08p02520.2, Bcin08p02520.3	CVL01808	FOXG_10459P0	RKF79355	EDO00874
OG0000715	BLGH_02784-mRNA-1	Bcin08p02630.1, Bcin08p02630.2, Bcin08p02630.3	CVL01244	FOXG_09483P0	RKF57144	EDO00859
OG0000716	BLGH_02789-mRNA-1	Bcin08p03260.1	CVL00629	FOXG_09066P0, FOXG_15543P0, FOXG_16001P0	RKF80491	EDO00762
OG0000717	BLGH_02822-mRNA-1	Bcin03p07290.1	CVK90500, CVL00561	FOXG_03470P0, FOXG_09031P0	RKF81455	EDN90648
OG0000718	BLGH_03000-mRNA-1	Bcin11p00280.1, Bcin11p00280.2, Bcin11p00280.3	CVK90899	FOXG_03228P0	RKF71209	EDO00536
OG0000719	BLGH_03034-mRNA-1	Bcin11p02190.1, Bcin11p02190.2	CVK89445, CVK91477	FOXG_01706P0	RKF79458	EDN96641
OG0000720	BLGH_03049-mRNA-1	Bcin01p05680.1	CVL04898, CVL05113	FOXG_11737P0, FOXG_11769P0	RKF53511	EDO01992
OG0000721	BLGH_03062-mRNA-1, BLGH_03362-mRNA-1, BLGH_03368-mRNA-1	Bcin01p06070.1	CVK89475	FOXG_01689P0	RKF80869	EDO02042
OG0000722	BLGH_03076-mRNA-1	Bcin01p11340.1, Bcin01p11340.2, Bcin01p11340.3, Bcin01p11340.4	CVK90449	FOXG_03500P0	RKF71212	
OG0000723	BLGH_03120-mRNA-1	Bcin09p03820.1, Bcin09p03820.2	CVK90321, CVL06953	FOXG_03568P0	RKF81021	EDO02833
OG0000724	BLGH_01001-mRNA-1, BLGH_03139-mRNA-1	Bcin13p00300.1, Bcin15p00100.1	CVK97442	FOXG_04114P0	RKF78490	EDN97510
OG0000725	BLGH_03147-mRNA-1	Bcin09p06370.1, Bcin09p06370.2, Bcin09p06370.3, Bcin09p06370.4	CVK88370, CVK90181	FOXG_03649P0		
OG0000726	BLGH_06313-mRNA-1	Bcin08p01820.1, Bcin08p01820.2, Bcin08p01820.3, Bcin08p01820.4, Bcin08p01820.5			RKF81052	EDO00954
OG0000727	BLGH_06362-mRNA-1	Bcin08p03960.1, Bcin08p03960.2, Bcin08p03960.3, Bcin08p03960.4	CVK90189		RKF57165	EDO00689
OG0000728	BLGH_06363-mRNA-1	Bcin08p03950.1, Bcin08p03950.2, Bcin08p03950.3	CVK90188	FOXG_03645P0	RKF58035	EDO00691
OG0000729	BLGH_05407-mRNA-1	Bcin07p02180.1, Bcin14p00870.1	CVK98453	FOXG_13864P0	RKF83944	EDN94282, EDN97120
OG0000730	BLGH_05442-mRNA-1	Bcin09p06880.1, Bcin14p01520.1	CVK86404, CVL02856	FOXG_11103P0	RKF77854	EDN91474
OG0000731	BLGH_05507-mRNA-1	Bcin14p02660.1, Bcin14p02660.2, Bcin14p02660.3	CVK98265	FOXG_13736P0	RKF83630	EDN91553
OG0000732	BLGH_05535-mRNA-1	Bcin05g00510.1, Bcin05g00510.2, Bcin12p02960.1	CVL04463	FOXG_11438P0		EDN99193, EDO03238
OG0000733	BLGH_05231-mRNA-1	Bcin03p05300.1, Bcin03p05300.2, Bcin03p05300.3	CVL01892	FOXG_10516P0	RKF81645	EDN90910
OG0000734	BLGH_05235-mRNA-1	Bcin03p00150.1, Bcin03p00150.2, Bcin03p00150.3	CVL05718	FOXG_12749P0	RKF71313	EDN94186
OG0000735	BLGH_05257-mRNA-1	Bcin16p04000.1, Bcin16p04000.2, Bcin16p04000.3, Bcin16p04000.4	CVK89291	FOXG_01798P0	RKF65922	
OG0000736	BLGH_05263-mRNA-1	Bcin03p03460.1	CVK85047, CVK87015, CVL06259	FOXG_03943P0, FOXG_07873P0		EDN91315
OG0000737	BLGH_05301-mRNA-1	Bcin01p00400.1	CVK93412, CVK95504	FOXG_06399P0, FOXG_09716P0	RKF62778	EDN98239
OG0000738	BLGH_05323-mRNA-1	Bcin06p04070.1, Bcin06p04070.2, Bcin06p05240.1	CVL03916	FOXG_12156P0	RKF82366	EDN99941
OG0000739	BLGH_05368-mRNA-1	Bcin01p00780.1, Bcin01p00780.2	CVK99434, CVL09030	FOXG_08689P0	RKF72024	EDN98177
OG0000740	BLGH_05399-mRNA-1	Bcin06p03910.1, Bcin10p06070.1	CVK95184	FOXG_09544P0	RKF54483	EDN99847, EDO01070
OG0000741	BLGH_06922-mRNA-1	Bcin01p08530.1, Bcin01p08530.2, Bcin01p08530.3	CVL06065	FOXG_15428P0	RKF82616	EDO02227
OG0000742	BLGH_07042-mRNA-1	Bcin01p02030.1	CVK90995	FOXG_17744P0, FOXG_17745P0	RKF82136	EDO01516, EDO01517
OG0000743	BLGH_06430-mRNA-1	Bcin16p03400.1, Bcin16p03400.2, Bcin16p03400.4, Bcin16p03400.6	CVK88295	FOXG_02387P0	RKF82271	
OG0000744	BLGH_06455-mRNA-1	Bcin03p03200.1, Bcin05p06560.1, Bcin07p06240.1, Bcin12p01180.1	CVL04521	FOXG_11475P0	RKF56993	
OG0000745	BLGH_05873-mRNA-1		CVK90924, CVK96583, CVL07889	FOXG_02680P0, FOXG_03209P0, FOXG_04655P0	RKF78083	
OG0000746	BLGH_05874-mRNA-1, BLGH_05878-mRNA-1, BLGH_05879-mRNA-1	Bcin12p00350.1	CVL06835	FOXG_14644P0	RKF76908	EDO01179
OG0000747	BLGH_05915-mRNA-1		CVL02560, CVL02878	FOXG_10899P0, FOXG_11116P0, FOXG_12408P0, FOXG_14129P0	RKF51375	
OG0000748	BLGH_05969-mRNA-1	Bcin01p10010.1, Bcin05p08180.1	CVK91863, CVK97659, CVL08452		RKF57008	EDN95858
OG0000749	BLGH_03180-mRNA-1	Bcin03p00290.1, Bcin03p04310.1, Bcin07p04350.1	CVK89278	FOXG_01806P0		EDN91023, EDN94201
OG0000750	BLGH_03235-mRNA-1	Bcin03p01040.1, Bcin03p01040.2, Bcin03p01040.3	CVL02919	FOXG_11134P0	RKF54403	EDN91392
OG0000751	BLGH_03236-mRNA-1	Bcin03p01030.1	CVL02873, CVL08480	FOXG_02587P0, FOXG_11113P0	RKF56842	EDN91393
OG0000752	BLGH_03253-mRNA-1	Bcin11p05010.1	CVK83003	FOXG_00096P0, FOXG_12417P0, FOXG_14120P0	RKF59204	EDN96284
OG0000753	BLGH_03292-mRNA-1	Bcin01p06450.1, Bcin01p06450.2, Bcin01p06450.3	CVK82897	FOXG_00035P0	RKF76510	EDO01597
OG0000754	BLGH_03306-mRNA-1	Bcin01p09550.1, Bcin14p02310.1	CVK89494, CVK94599	FOXG_01677P0	RKF81226	EDN94319
OG0000755	BLGH_03319-mRNA-1	Bcin01p07520.1, Bcin01p07520.2	CVK89014	FOXG_01968P0, FOXG_01969P0	RKF73802	EDO01678
OG0000756	BLGH_03371-mRNA-1	Bcin06p05890.1	CVK83374, CVK97386	FOXG_00323P0, FOXG_04144P0	RKF56118	EDO00353
OG0000757	BLGH_03379-mRNA-1	Bcin01p03440.1, Bcin01p07540.1, Bcin01p07540.2	CVK89002	FOXG_01975P0	RKF63953	EDO01752
OG0000758	BLGH_03447-mRNA-1	Bcin01p05390.1, Bcin01p05390.2, Bcin01p05390.3	CVK83146	FOXG_00177P0	RKF81744	EDO01960
OG0000759	BLGH_03480-mRNA-1	Bcin01p08250.1, Bcin01p08250.2, Bcin01p08250.3	CVK83228	FOXG_00228P0	RKF83750	EDO02202
OG0000760	BLGH_05998-mRNA-1	Bcin12p01230.1	CVL00927, CVL05433	FOXG_09240P0, FOXG_12906P0	RKF55356	EDN92406
OG0000761	BLGH_06059-mRNA-1	Bcin02p00350.1	CVK88496, CVL06825	FOXG_02278P0, FOXG_14633P0	RKF73657	EDN96559
OG0000762	BLGH_04044-mRNA-1	Bcin01p03020.1, Bcin01p03020.2	CVK83776, CVK96729	FOXG_00566P0, FOXG_04540P0		EDO02306
OG0000763	BLGH_04054-mRNA-1	Bcin11p03060.1, Bcin11p03060.2, Bcin16p02810.1	CVK83112	FOXG_00160P0, FOXG_11946P0	RKF83277	
OG0000764	BLGH_04080-mRNA-1	Bcin14p00140.1, Bcin14p00140.2, Bcin14p00140.3	CVK98256	FOXG_13730P0	RKF76006	EDN91664
OG0000765	BLGH_04081-mRNA-1	Bcin03p04220.1	CVL07578, CVL07636	FOXG_16891P0, FOXG_16893P0	RKF55176	EDN91032
OG0000766	BLGH_04150-mRNA-1	Bcin03p06060.1	CVK89840, CVL06646	FOXG_01422P0, FOXG_14510P0	RKF80597	EDN90808
OG0000767	BLGH_04170-mRNA-1	Bcin03p02980.1, Bcin03p02980.2	CVL02055	FOXG_10679P0, FOXG_10680P0	RKF81600	EDN91240
OG0000768	BLGH_01017-mRNA-1, BLGH_03791-mRNA-1, BLGH_04247-mRNA-1	Bcin03p04510.1	CVK89598	FOXG_01617P0	RKF80671	EDN91004
OG0000769	BLGH_04276-mRNA-1	Bcin08p01880.1, Bcin10p05930.1	CVL01274	FOXG_09515P0	RKF62676	EDO00947, EDO04874
OG0000770	BLGH_04277-mRNA-1	Bcin08p01710.1, Bcin08p01710.2, Bcin08p01710.3	CVK84805	FOXG_01211P0	RKF66742	EDO00971
OG0000771	BLGH_04318-mRNA-1	Bcin08p04220.1	CVK91098	FOXG_03073P0, FOXG_07001P0, FOXG_07010P0	RKF74721	EDO00657
OG0000772	BLGH_04320-mRNA-1	Bcin03p07140.1, Bcin07p00260.1	CVL00095	FOXG_08236P0	RKF65730	EDN90664, EDN95408
OG0000773	BLGH_04325-mRNA-1	Bcin08p02980.1	CVK84893	FOXG_01285P0, FOXG_01286P0	RKF53093	EDO00810, EDO00811
OG0000774	BLGH_06727-mRNA-1	Bcin09p02570.1, Bcin09p02570.2, Bcin09p02570.3	CVK92781	FOXG_05410P0	RKF82823	EDO02899
OG0000775	BLGH_06948-mRNA-1	Bcin08p01400.1, Bcin08p01400.2, Bcin08p01400.3, Bcin16p02450.1	CVL07238	FOXG_13169P0	RKF55416	
OG0000776	BLGH_06749-mRNA-1	Bcin07p02120.1	CVK84366	FOXG_00913P0, FOXG_14453P0, FOXG_15027P0	RKF71374	EDN97127
OG0000777	BLGH_06769-mRNA-1	Bcin07p03310.1, Bcin07p03310.2	CVK99531	FOXG_08586P0	RKF57177, RKF57178	EDN97021
OG0000778	BLGH_06781-mRNA-1	Bcin07p03340.1	CVK94950, CVK99528	FOXG_08589P0, FOXG_16527P0	RKF77921	EDN97016
OG0000779	BLGH_06122-mRNA-1	Bcin02p00680.1, Bcin02p00680.2, Bcin02p00680.3	CVK87410	FOXG_07650P0	RKF57914	EDN96603
OG0000780	BLGH_06131-mRNA-1	Bcin02p03870.1, Bcin14p02470.1	CVK87327, CVK87970	FOXG_07684P0	RKF75927	EDN91575
OG0000781	BLGH_06135-mRNA-1	Bcin02p01510.1, Bcin02p01510.2	CVK88495	FOXG_02279P0	RKF76065	EDN96858, EDO01051
OG0000782	BLGH_06149-mRNA-1	Bcin07p04130.1, Bcin07p04130.2	CVK93483, CVL07971	FOXG_06347P0, FOXG_17367P0	RKF56494	
OG0000783	BLGH_06173-mRNA-1	Bcin04p03430.1	CVK92810	FOXG_05428P0	RKF65153, RKF71128, RKF79985	EDO01344
OG0000784	BLGH_04832-mRNA-1	Bcin14p03410.1, Bcin14p03410.2, Bcin14p03410.3	CVK92599	FOXG_05270P0	RKF57040	EDN94545
OG0000785	BLGH_04848-mRNA-1	Bcin14p05540.1	CVK86518, CVK86728	FOXG_03809P0, FOXG_08083P0	RKF65498	EDN92666
OG0000786	BLGH_04890-mRNA-1	Bcin12p01400.1	CVK90629, CVL00069	FOXG_03389P0, FOXG_08249P0	RKF55129	EDN92392
OG0000787	BLGH_04905-mRNA-1	Bcin11p01950.1	CVK83257	FOXG_00248P0, FOXG_06583P0, FOXG_06676P0, FOXG_07243P0	RKF73380	
OG0000788	BLGH_04973-mRNA-1	Bcin06p02240.1	CVK84194, CVL04050	FOXG_00808P0, FOXG_12258P0	RKF66754	EDN99686
OG0000789	BLGH_05012-mRNA-1	Bcin11p00370.1, Bcin11p00370.2, Bcin11p00370.3	CVK93925	FOXG_05959P0	RKF78389	EDO00567
OG0000790	BLGH_05774-mRNA-1	Bcin02p06270.1, Bcin02p06270.2, Bcin02p06270.3	CVK87193	FOXG_07760P0	RKF60153	EDN95140
OG0000791	BLGH_05815-mRNA-1	Bcin15p01020.1, Bcin15p01020.2, Bcin15p01020.3, Bcin15p01020.4	CVK86601	FOXG_03731P0	RKF64579	
OG0000792	BLGH_05827-mRNA-1, BLGH_05836-mRNA-1	Bcin07p04810.1, Bcin07p04810.2	CVK83012, CVK98913	FOXG_00102P0	RKF66758	
OG0000793	BLGH_06659-mRNA-1, BLGH_06669-mRNA-1	Bcin01p04170.1	CVK84511, CVL08202	FOXG_01008P0	RKF71512	EDO01824
OG0000794	BLGH_02025-mRNA-1	Bcin16p02090.1, Bcin16p02090.2	CVK89695, CVL08213	FOXG_01564P0, FOXG_14211P0	RKF51373	
OG0000795	BLGH_02032-mRNA-1	Bcin16p04740.1, Bcin16p04740.2, Bcin16p04740.3, Bcin16p04740.4	CVL01916	FOXG_10536P0	RKF56457	
OG0000796	BLGH_02060-mRNA-1	Bcin16p03090.1, Bcin16p03090.2, Bcin16p03090.3, Bcin16p03090.4	CVK89655	FOXG_01585P0	RKF81038	
OG0000797	BLGH_02122-mRNA-1	Bcin16p05070.1, Bcin16p05070.2, Bcin16p05070.3, Bcin16p05070.4	CVK86973	FOXG_07898P0	RKF65236	
OG0000798	BLGH_02152-mRNA-1	Bcin08p01160.1, Bcin08p01160.2, Bcin08p01160.3	CVK90754	FOXG_03316P0	RKF82339	EDO01055
OG0000799	BLGH_02239-mRNA-1	Bcin02p01970.1, Bcin05p04720.1	CVK83573	FOXG_00439P0	RKF71294	EDN96902, EDO03721
OG0000800	BLGH_02248-mRNA-1	Bcin05p07430.1	CVK93984	FOXG_05921P0, FOXG_16673P0, FOXG_16735P0	RKF54755	EDN95946
OG0000801	BLGH_02285-mRNA-1	Bcin05p01860.1, Bcin05p01860.2, Bcin05p01860.3	CVK84769	FOXG_01181P0	RKF84061	EDO03319
OG0000802	BLGH_02304-mRNA-1	Bcin01p05820.1, Bcin03p07160.1, Bcin03p07160.2, Bcin05p01540.1	CVK88768	FOXG_02119P0		EDN90662
OG0000803	BLGH_02368-mRNA-1	Bcin02p07220.1, Bcin06p04120.1	CVL05761	FOXG_12721P0, FOXG_17520P0	RKF58292	EDN99876
OG0000804	BLGH_02380-mRNA-1	Bcin04p03130.1	CVK92620	FOXG_05292P0, FOXG_15546P0, FOXG_16004P0	RKF58291	EDO01384
OG0000805	BLGH_02395-mRNA-1	Bcin05p02470.1, Bcin05p02470.2, Bcin05p02470.3	CVK84744	FOXG_01158P0	RKF76187	EDO03357
OG0000806	BLGH_02449-mRNA-1	Bcin02p07720.1, Bcin02p07720.2, Bcin02p07720.3	CVK86704	FOXG_08107P0	RKF75688	EDN95832
OG0000807	BLGH_02532-mRNA-1	Bcin07p03620.1	CVK93442, CVL04893	FOXG_06380P0, FOXG_11733P0	RKF53482	EDN96972
OG0000808	BLGH_07037-mRNA-1	Bcin03p02350.1	CVK89791, CVL06468	FOXG_01470P0, FOXG_15247P0	RKF56337	EDN91171
OG0000809	BLGH_00728-mRNA-1	Bcin05p00760.1, Bcin05p00760.2, Bcin05p00760.3	CVK92087	FOXG_04910P0	RKF63852	EDO03241
OG0000810	BLGH_00745-mRNA-1	Bcin09p03980.1, Bcin09p03980.2, Bcin09p03980.3, Bcin09p03980.4	CVK91047		RKF73224	EDO02948
OG0000811	BLGH_00884-mRNA-1	Bcin09p05760.1, Bcin09p05760.2	CVK90423	FOXG_03515P0	RKF55200, RKF79706	EDO03042
OG0000812	BLGH_00896-mRNA-1	Bcin05p01360.1	CVK98518, CVL06100	FOXG_12972P0, FOXG_13932P0	RKF81176	EDO03453
OG0000813	BLGH_00910-mRNA-1	Bcin10p05040.1	CVK96724, CVK97013	FOXG_04361P0, FOXG_04536P0	RKF63409	EDO04565
OG0000814	BLGH_00931-mRNA-1	Bcin07p00530.1	CVK84446	FOXG_00964P0	RKF74115, RKF78711	EDN95372, EDN95373
OG0000815	BLGH_00990-mRNA-1	Bcin11p06110.1, Bcin11p06110.2, Bcin11p06110.3	CVK83809	FOXG_00582P0	RKF58523	EDN96200
OG0000816	BLGH_00994-mRNA-1	Bcin11p02300.1, Bcin11p02300.2, Bcin11p02300.3, Bcin11p02300.4	CVL01466	FOXG_10254P0		EDN96630
OG0000817	BLGH_00999-mRNA-1	Bcin07p02640.1, Bcin07p02640.2, Bcin11p02340.1	CVL01492	FOXG_10270P0	RKF55030	EDN96626
OG0000818	BLGH_01012-mRNA-1	Bcin07p00540.1	CVK87758, CVK98436	FOXG_07467P0, FOXG_13851P0	RKF58482	EDN95371
OG0000819	BLGH_01121-mRNA-1	Bcin11p03080.1, Bcin14p03600.1, Bcin14p03600.2	CVL01499	FOXG_10274P0	RKF56295	EDN94526
OG0000820	BLGH_01164-mRNA-1	Bcin09p04710.1, Bcin09p04710.2, Bcin09p04710.3	CVK92271	FOXG_05011P0	RKF59826	EDO02543
OG0000821	BLGH_01168-mRNA-1	Bcin06p01590.1	CVK86422, CVK95383	FOXG_03912P0, FOXG_09658P0	RKF58870	EDN99761
OG0000822	BLGH_01176-mRNA-1	Bcin01p02920.1, Bcin11p00090.1, Bcin16p00330.1	CVK87871, CVL06995	FOXG_01370P0		EDN99289
OG0000823	BLGH_01178-mRNA-1	Bcin09p05640.1	CVK92546	FOXG_05218P0, FOXG_14434P0, FOXG_15047P0	RKF77787	EDO03033
OG0000824	BLGH_01182-mRNA-1	Bcin09p00280.1, Bcin09p00280.2	CVK92402, CVL08886	FOXG_05117P0	RKF53784	EDO02385
OG0000825	BLGH_01218-mRNA-1	Bcin10p03340.1, Bcin10p03340.2	CVK84968, CVK88684	FOXG_02171P0	RKF75856	EDO04487
OG0000826	BLGH_01320-mRNA-1	Bcin10p01170.1	CVL01946, CVL04964	FOXG_10568P0, FOXG_11846P0	RKF75145	EDO05022
OG0000827	BLGH_03662-mRNA-1	Bcin04p03490.1, Bcin04p03490.2, Bcin04p03490.3	CVK92817	FOXG_05432P0	RKF80432	EDO01331
OG0000828	BLGH_03767-mRNA-1	Bcin07p03460.1, Bcin12p03960.1	CVK99503	FOXG_08615P0	RKF63865	EDN92633, EDN96991
OG0000829	BLGH_03861-mRNA-1	Bcin07p00940.1, Bcin07p00940.2, Bcin07p00940.3	CVK86586	FOXG_03746P0	RKF71173	EDN95328
OG0000830	BLGH_03872-mRNA-1	Bcin02p05600.1, Bcin09p04220.1	CVK90785	FOXG_03298P0	RKF78455	EDN95232, EDO02840
OG0000831	BLGH_04036-mRNA-1	Bcin02p06750.1, Bcin02p06750.2, Bcin02p06750.3	CVK86644	FOXG_08168P0	RKF60960	EDN95089
OG0000832		Bcin02p04850.1, Bcin02p04850.2, Bcin02p04850.3, Bcin02p04850.4, Bcin02p04850.5, Bcin11g01150.1, Bcin16p02060.1, Bcin16p02060.2				
OG0000833		Bcin12g06800.1	CVL09155	FOXG_06601P0, FOXG_06658P0, FOXG_07224P0, FOXG_17204P0, FOXG_17269P0, FOXG_17729P0		
OG0000834		Bcin03p04690.1, Bcin09p02130.1	CVK92787	FOXG_05414P0	RKF74843, RKF80879	EDN90994, EDO02628
OG0000835		Bcin01p08170.1, Bcin01p08170.2	CVK86421, CVK96746	FOXG_03914P0, FOXG_04552P0, FOXG_10739P0		EDO02192
OG0000836		Bcin12p00740.1	CVK96756	FOXG_04516P0, FOXG_06884P0, FOXG_14839P0, FOXG_16127P0, FOXG_16252P0		EDN92281
OG0000837		Bcin01p08610.1, Bcin12p05670.1	CVL00369, CVL08558	FOXG_02618P0, FOXG_08917P0		EDN99220, EDO02253
OG0000838		Bcin07p06840.1, Bcin07p06850.1, Bcin07p06860.1, Bcin07p06890.1, Bcin07p06900.1, Bcin07p06920.1, Bcin07p06930.1, Bcin07p06940.1				
OG0000839		Bcin15p05150.1	CVK86187	FOXG_02622P0, FOXG_04719P0, FOXG_13395P0, FOXG_14356P0, FOXG_15126P0		EDO00051
OG0000840		Bcin01p03270.1, Bcin03p00700.1, Bcin08p04910.1, Bcin11p00030.1	CVK91381, CVK92196	FOXG_04966P0		EDO01670
OG0000841		Bcin05p04960.1, Bcin14p00790.1	CVK86389, CVL00542, CVL08508	FOXG_02590P0, FOXG_03931P0		EDN94301
OG0000842		Bcin06p06070.1	CVK86501, CVK94016, CVL04481	FOXG_03828P0, FOXG_05903P0, FOXG_11450P0		EDO00407
OG0000843		Bcin09p05210.1, Bcin09p05210.2, Bcin09p05210.3	CVL01976, CVL06393	FOXG_10602P0	RKF56247	EDO02610
OG0000844		Bcin09p02730.1, Bcin13p04060.1	CVK94537, CVL00755	FOXG_05631P0, FOXG_09136P0		EDN99805, EDO02886
OG0000845		Bcin01p02950.1, Bcin06p00140.1	CVK92476, CVK95238, CVL04196	FOXG_05146P0, FOXG_09575P0		EDN93429
OG0000846		Bcin03p07060.1, Bcin11p06430.1	CVK83812, CVK97718, CVL06959	FOXG_00584P0, FOXG_02638P0		EDN90674
OG0000847		Bcin02p00004.1, Bcin02p00006.1, Bcin02p00007.1, Bcin02p00007.2, Bcin02p00009.1, Bcin02p00010.1, Bcin10p06260.1, Bcin10p06270.1				
OG0000848		Bcin10p05010.1, Bcin12p01100.1, Bcin13p02640.1	CVL08698	FOXG_04765P0		EDN92366, EDN99545, EDO04556
OG0000849		Bcin02p04620.1	CVK89439, CVL01233	FOXG_06512P0, FOXG_06752P0, FOXG_07192P0, FOXG_07312P0, FOXG_16338P0		
OG0000850		Bcin14p00930.1	CVK87880, CVK96085, CVK99432, CVL06630	FOXG_08670P0, FOXG_10141P0, FOXG_14501P0		
OG0000851		Bcin04p02930.1, Bcin13p00710.1	CVK90373, CVK98630, CVL07500	FOXG_03541P0, FOXG_15712P0, FOXG_17147P0		
OG0000852		Bcin01p08300.1, Bcin01p08300.2, Bcin01p08300.3, Bcin15p01730.1	CVL00997	FOXG_09281P0, FOXG_10230P0		EDO02207
OG0000853		Bcin08p03460.1	CVK91293, CVK94161, CVL03430	FOXG_02879P0, FOXG_05820P0, FOXG_07140P0		EDO00747
OG0000854		Bcin05p05930.1, Bcin06p00890.1	CVK98310, CVL05327	FOXG_13010P0, FOXG_13763P0	RKF71477	EDN95994
OG0000855		Bcin01p04900.1, Bcin07p03470.1, Bcin09p00820.1	CVK95997	FOXG_10072P0		EDN94235, EDN96042, EDN96990
OG0000856		Bcin01p04210.1, Bcin07p03780.1, Bcin07p03780.2, Bcin09p04610.1, Bcin09p04610.2	CVK95699	FOXG_09825P0		EDO02530
OG0000857		Bcin09p03660.1, Bcin09p03660.2, Bcin09p03660.3, Bcin09p03660.4, Bcin11p02000.1	CVK91291	FOXG_02877P0		EDO02817
OG0000858		Bcin01p00300.1, Bcin06p03810.1, Bcin14p04010.1	CVK96090, CVL04727	FOXG_11647P0, FOXG_14937P0		EDN99838
OG0000859		Bcin02p08960.1	CVK85074, CVK91953, CVK95850, CVL05282, CVL08541	FOXG_02604P0, FOXG_09954P0		
OG0000860		Bcin14p04900.1, Bcin14p04900.2, Bcin16p01940.1	CVK86391, CVL05120, CVL08655	FOXG_03930P0		EDN94650
OG0000861		Bcin13p02000.1	CVK95074, CVK96220, CVL02538	FOXG_10225P0, FOXG_10880P0, FOXG_16603P0		EDN99305
OG0000862		Bcin03p03990.1, Bcin06p07000.1, Bcin09p05740.1, Bcin15p04890.1	CVL02522, CVL03973	FOXG_10855P0, FOXG_12213P0		
OG0000863		Bcin03p06500.1, Bcin16p00250.1	CVK92161, CVK96666, CVL07558	FOXG_04591P0, FOXG_04950P0		EDN90748
OG0000864		Bcin16p03450.1	CVK89465, CVL07233	FOXG_06826P0, FOXG_14922P0, FOXG_16185P0, FOXG_16195P0, FOXG_17235P0		
OG0000865		Bcin01p06760.1, Bcin01p06760.2, Bcin01p06760.3, Bcin01p06760.4	CVK91981, CVL08884	FOXG_04862P0		EDO01617
OG0000866		Bcin07p01990.1	CVK86832, CVK91319, CVL03437	FOXG_02873P0, FOXG_07990P0	RKF77797	EDN97144
OG0000867		Bcin16p00080.1	CVK85901, CVK86327, CVK97537	FOXG_03974P0, FOXG_04049P0, FOXG_13237P0		EDN99267
OG0000868		Bcin09p01910.1	CVK94080, CVK94093, CVK99375, CVK99379, CVL06797, CVL07319	FOXG_05866P0		
OG0000869		Bcin01p03620.1, Bcin07p05760.1	CVK83720, CVL01160	FOXG_00535P0, FOXG_09397P0	RKF55935	EDO01764
OG0000870		Bcin05p04580.1	CVK86419, CVL06279, CVL08818	FOXG_03915P0, FOXG_15294P0, FOXG_16836P0		EDO03705
OG0000871		Bcin10p04340.1	CVK86531, CVK95270, CVL04070	FOXG_03797P0, FOXG_09591P0, FOXG_12275P0		EDN97644
OG0000872		Bcin11p02040.1	CVL05080, CVL08035, CVL08641	FOXG_02745P0, FOXG_04796P0, FOXG_10914P0, FOXG_11786P0		
OG0000873		Bcin01p11410.1	CVK95835, CVL02652, CVL03620	FOXG_08929P0, FOXG_10979P0, FOXG_12003P0, FOXG_17569P0		
OG0000874		Bcin07p00970.1	CVK86057, CVK86123, CVK91284, CVK92000	FOXG_02898P0, FOXG_13324P0, FOXG_13357P0		
OG0000875		Bcin16p01790.1	CVK85891, CVK91313, CVK95706, CVL07164	FOXG_02896P0, FOXG_12074P0, FOXG_13231P0		
OG0000876		Bcin15p05660.1, Bcin15p05660.2	CVK86305	FOXG_03982P0, FOXG_06869P0, FOXG_07186P0, FOXG_16141P0, FOXG_16238P0		
OG0000877		Bcin05p03170.1, Bcin15p04710.1	CVK84882	FOXG_01274P0, FOXG_06563P0, FOXG_06699P0, FOXG_07263P0, FOXG_17634P0		
OG0000878		Bcin01p00010.1	CVK88343, CVK96702, CVL06876	FOXG_01251P0, FOXG_02356P0, FOXG_17171P0		EDN96095
OG0000879		Bcin15p05570.1, Bcin16p02840.1, Bcin16p02840.2	CVK95622, CVK95993	FOXG_04018P0, FOXG_09789P0, FOXG_17561P0		
OG0000880		Bcin05p04840.1	CVL04014, CVL04085, CVL08629	FOXG_04803P0, FOXG_12237P0, FOXG_12291P0		EDO03735
OG0000881		Bcin01p06980.1, Bcin13p03410.1	CVK87907, CVK98194	FOXG_07406P0, FOXG_13693P0, FOXG_16806P0		EDN93628
OG0000882		Bcin10p01600.1	CVK89269, CVK91810, CVL02639	FOXG_01812P0, FOXG_04760P0, FOXG_10965P0		EDO05031
OG0000883		Bcin03p04550.1	CVK89608, CVL07977	FOXG_01610P0, FOXG_17202P0, FOXG_17203P0, FOXG_17365P0		EDN90998
OG0000884		Bcin06p01160.1	CVK85854, CVK98616, CVL03679	FOXG_14361P0, FOXG_15121P0	RKF53340	EDN93278
OG0000885		Bcin01p09930.1	CVK86072, CVK94788, CVK95246, CVK95976, CVL07459	FOXG_09580P0, FOXG_17162P0		
OG0000886		Bcin01p01100.1, Bcin01p01100.2	CVK88712	FOXG_02154P0, FOXG_15549P0, FOXG_16007P0, FOXG_17236P0		EDN98131
OG0000887		Bcin04p06020.1, Bcin06p04500.1, Bcin06p04500.2	CVK94520, CVK95686	FOXG_09819P0, FOXG_17411P0		EDN99923
OG0000888		Bcin15p04010.1, Bcin15p04010.2, Bcin15p04010.3, Bcin15p04010.4, Bcin15p04010.5, Bcin15p04010.6, Bcin15p04010.7, Bcin15p04010.8				
OG0000889		Bcin04p04680.1	CVK86030, CVK86347, CVL03377, CVL06678	FOXG_11914P0, FOXG_13310P0, FOXG_14526P0		
OG0000890		Bcin06p05670.1	CVK94813, CVK95493, CVL03421	FOXG_09708P0, FOXG_16417P0, FOXG_16999P0		EDO00103
OG0000891		Bcin13p03420.1	CVK89652, CVL05045, CVL08493	FOXG_01586P0, FOXG_11795P0, FOXG_17339P0		EDN93627
OG0000892		Bcin10p01840.1, Bcin15p00230.1	CVK86055, CVK96035, CVL02662	FOXG_08935P0, FOXG_10109P0, FOXG_13323P0		
OG0000893		Bcin02p04770.1, Bcin14p00310.1	CVK91193, CVK97469	FOXG_02984P0, FOXG_04099P0		EDN91646, EDN95314
OG0000894		Bcin01p08640.1	CVK92251, CVL02070, CVL02867	FOXG_04997P0, FOXG_10687P0, FOXG_11110P0		EDO02210
OG0000895		Bcin16p02520.1	CVL04817, CVL08879, CVL08880, CVL08881, CVL09278	FOXG_11717P0, FOXG_14153P0		
OG0000896		Bcin05p07400.1, Bcin05p07400.2, Bcin05p07400.3, Bcin05p07400.4	CVK93990	FOXG_05918P0	RKF56502	EDN95952
OG0000897		Bcin14p00350.1	CVK96701, CVK97623, CVL08188	FOXG_04560P0, FOXG_13444P0, FOXG_17097P0, FOXG_17321P0		
OG0000898		Bcin06p04320.1, Bcin06p04320.2, Bcin06p04320.3, Bcin06p04320.4	CVK91065	FOXG_03106P0	RKF76117	EDN99905
OG0000899		Bcin01p04500.1, Bcin02p01500.1	CVK89322, CVL00421	FOXG_01780P0, FOXG_08974P0	RKF83935	EDO01861
OG0000900		Bcin13p03210.1	CVK93649, CVK96198, CVL04030	FOXG_06174P0, FOXG_12246P0	RKF53893	EDN93648
OG0000901		Bcin15p00210.1	CVK85810, CVK86077, CVK87962, CVK95925	FOXG_04772P0, FOXG_13186P0, FOXG_13334P0		
OG0000902		Bcin11p00100.1	CVK96095, CVK96609, CVL03472	FOXG_04731P0, FOXG_10147P0, FOXG_11942P0		EDO00513
OG0000903		Bcin09p06990.1, Bcin09p06990.2, Bcin09p06990.3, Bcin09p06990.4	CVL06721, CVL07449	FOXG_14550P0, FOXG_17167P0		
OG0000904		Bcin14p02810.1	CVL06069, CVL07823, CVL08757	FOXG_13072P0, FOXG_14784P0, FOXG_15423P0		EDN91525
OG0000905		Bcin11p06460.1	CVK94763, CVK94789, CVK96554, CVL01285	FOXG_16979P0, FOXG_17029P0		EDN96156
OG0000906		Bcin01p08900.1	CVL02100, CVL04032	FOXG_10711P0, FOXG_12247P0, FOXG_14339P0, FOXG_15141P0		EDO02115
OG0000907		Bcin11p00760.1, Bcin11p00760.2	CVK93811, CVL08882	FOXG_06032P0, FOXG_17689P0	RKF60856	EDO00572
OG0000908			CVK84832	FOXG_01231P0, FOXG_06540P0, FOXG_06589P0, FOXG_06670P0, FOXG_06726P0, FOXG_07237P0, FOXG_16308P0		
OG0000909			CVK85155, CVK88180, CVK92452, CVK92456, CVL00286, CVL07329, CVL09408	FOXG_15955P0		
OG0000910			CVK84052, CVK85124, CVK87920, CVL01718, CVL04041	FOXG_00721P0, FOXG_10403P0, FOXG_12250P0		
OG0000911			CVK84954, CVK98285, CVL00484, CVL03974	FOXG_01344P0, FOXG_08937P0, FOXG_12214P0, FOXG_13748P0		
OG0000912			CVK84197, CVK89710, CVK97592, CVK98752	FOXG_00638P0, FOXG_01548P0, FOXG_01549P0		EDN95934
OG0000913			CVK85921, CVK95947, CVL03575, CVL04057, CVL06882, CVL08861	FOXG_10037P0, FOXG_15898P0		
OG0000914			CVK86332, CVK86454, CVK91372, CVL01538	FOXG_02838P0, FOXG_03884P0, FOXG_03972P0, FOXG_10297P0		
OG0000915			CVK85811, CVK98588, CVK98612, CVL04788, CVL05435, CVL06906, CVL09157	FOXG_03992P0		
OG0000916			CVK85817, CVK86523, CVL03680, CVL06426	FOXG_03804P0, FOXG_12039P0, FOXG_13181P0, FOXG_15223P0		
OG0000917			CVK85753, CVK95726, CVL04989, CVL06869	FOXG_09842P0, FOXG_11831P0, FOXG_13172P0, FOXG_14682P0		
OG0000918			CVK85751, CVK95523, CVK98322, CVL04913	FOXG_09726P0, FOXG_11744P0, FOXG_13173P0, FOXG_13772P0		
OG0000919			CVK85967, CVK97581, CVL00702, CVL07491	FOXG_04030P0, FOXG_09106P0, FOXG_13269P0, FOXG_17153P0		
OG0000920			CVK86041, CVK94354, CVK96009, CVL05729	FOXG_05725P0, FOXG_10106P0, FOXG_12741P0, FOXG_13315P0		
OG0000921			CVK88265, CVK95971, CVL04548, CVL06826	FOXG_02408P0, FOXG_10060P0, FOXG_11491P0, FOXG_14634P0		
OG0000922			CVK91536, CVL08112, CVL09072, CVL09345	FOXG_12581P0, FOXG_12632P0, FOXG_13959P0, FOXG_17044P0		
OG0000923			CVK94209	FOXG_05801P0, FOXG_06476P0, FOXG_06785P0, FOXG_07098P0, FOXG_07346P0, FOXG_16220P0, FOXG_16371P0		
OG0000924			CVK94829, CVK94836, CVK94838, CVK94839	FOXG_14330P0, FOXG_15150P0, FOXG_16946P0, FOXG_16952P0		
OG0000925			CVK95933	FOXG_05653P0, FOXG_06885P0, FOXG_10020P0, FOXG_14070P0, FOXG_14838P0, FOXG_16126P0, FOXG_16253P0		
OG0000926			CVK98068, CVL00715, CVL04136, CVL05583	FOXG_09114P0, FOXG_12338P0, FOXG_12825P0, FOXG_13629P0		
OG0000927			CVL07592	FOXG_14397P0, FOXG_14401P0, FOXG_14404P0, FOXG_15077P0, FOXG_15080P0, FOXG_15083P0, FOXG_17621P0		
OG0000928			CVL09110	FOXG_06471P0, FOXG_06790P0, FOXG_07351P0, FOXG_14242P0, FOXG_14321P0, FOXG_15159P0, FOXG_16376P0		
OG0000929			CVL09254, CVL09289	FOXG_14876P0, FOXG_14997P0, FOXG_15552P0, FOXG_16010P0, FOXG_17250P0, FOXG_17251P0		
OG0000930				FOXG_05572P0, FOXG_10825P0, FOXG_14984P0, FOXG_16464P0, FOXG_17284P0, FOXG_17445P0, FOXG_17682P0, FOXG_17726P0		
OG0000931				FOXG_06487P0, FOXG_06539P0, FOXG_06727P0, FOXG_06774P0, FOXG_07286P0, FOXG_07336P0, FOXG_16309P0, FOXG_16362P0		
OG0000932				FOXG_04860P0, FOXG_14791P0, FOXG_15565P0, FOXG_15576P0, FOXG_16023P0, FOXG_16035P0, FOXG_16686P0, FOXG_16749P0		
OG0000933				FOXG_06834P0, FOXG_07111P0, FOXG_08210P0, FOXG_15175P0, FOXG_15531P0, FOXG_15988P0, FOXG_16177P0, FOXG_16203P0		
OG0000934				FOXG_06491P0, FOXG_06771P0, FOXG_07134P0, FOXG_07333P0, FOXG_13526P0, FOXG_14781P0, FOXG_16072P0, FOXG_16359P0		
OG0000935					RKF51357, RKF53429, RKF54481, RKF57588, RKF78101, RKF78498, RKF80193, RKF83890	
OG0000936					RKF58027, RKF71273, RKF76267, RKF76287, RKF78051, RKF81360, RKF82488, RKF82499	
OG0000937					RKF54339, RKF58360, RKF65555, RKF78253, RKF78254, RKF78255, RKF78256, RKF80694	
OG0000938					RKF55573, RKF57399, RKF62758, RKF78149, RKF78150, RKF78159, RKF79734, RKF79736	
OG0000939					RKF51350, RKF51362, RKF53519, RKF53936, RKF54161, RKF56281, RKF58023, RKF58733	
OG0000940						EDN93342, EDN93661, EDN95233, EDN96877, EDN97519, EDN98295, EDO03141, EDO03332
OG0000941						EDN91305, EDN91539, EDN94399, EDN99184, EDO02272, EDO02787, EDO03794, EDO04568
OG0000942	BLGH_05778-mRNA-1, BLGH_06875-mRNA-1, BLGH_06876-mRNA-1, BLGH_06880-mRNA-1, BLGH_06938-mRNA-1, BLGH_06955-mRNA-1, BLGH_07059-mRNA-1					
OG0000943	BLGH_06581-mRNA-1	Bcin06p00580.1, Bcin07p04000.1			RKF73775, RKF83568	EDN93363, EDN97094
OG0000944	BLGH_06583-mRNA-1	Bcin09p01520.1, Bcin09p01520.2	CVK90404	FOXG_03525P0	RKF54427	EDO02706
OG0000945	BLGH_04595-mRNA-1	Bcin07p02470.1	CVK83747, CVK91198	FOXG_00549P0, FOXG_02978P0	RKF56291	
OG0000946	BLGH_04606-mRNA-1	Bcin11p05730.1, Bcin11p05730.2	CVK83756	FOXG_00554P0	RKF83544	EDN96349
OG0000947	BLGH_04619-mRNA-1	Bcin06p06280.1, Bcin06p06280.2	CVK88959	FOXG_02000P0	RKF78941	EDO00408
OG0000948	BLGH_04625-mRNA-1, BLGH_04626-mRNA-1	Bcin03p08490.1, Bcin03p08490.2	CVK82896	FOXG_00034P0	RKF56694	
OG0000949	BLGH_04641-mRNA-1	Bcin07p01220.1	CVK83653	FOXG_00490P0	RKF64685	EDN96952, EDN96953
OG0000950	BLGH_04645-mRNA-1	Bcin06p06370.1	CVK88973	FOXG_01991P0, FOXG_01992P0	RKF55117	EDO00417
OG0000951	BLGH_04660-mRNA-1	Bcin06p05600.1, Bcin06p05600.2	CVK84009	FOXG_00695P0	RKF82398	EDO00094
OG0000952	BLGH_04664-mRNA-1	Bcin01p08840.1, Bcin01p08840.2	CVK89481	FOXG_01686P0	RKF65142	EDO02108
OG0000953	BLGH_04667-mRNA-1	Bcin06p05700.1, Bcin06p05700.2	CVK89437	FOXG_01710P0	RKF61449	EDO00105
OG0000954	BLGH_04673-mRNA-1	Bcin07p04660.1, Bcin07p04660.2, Bcin07p04660.3	CVK83106	FOXG_00157P0	RKF54389	
OG0000955	BLGH_04733-mRNA-1	Bcin11p05390.1, Bcin11p05390.2, Bcin11p05390.3	CVK83763	FOXG_00559P0	RKF58888	
OG0000956	BLGH_04740-mRNA-1, BLGH_06820-mRNA-1, BLGH_06830-mRNA-1, BLGH_06831-mRNA-1				RKF73410, RKF78796, RKF82336	
OG0000957	BLGH_04742-mRNA-1	Bcin15p03430.1	CVK87271, CVL07296	FOXG_07709P0, FOXG_07710P0	RKF81512	
OG0000958	BLGH_04747-mRNA-1	Bcin05p01210.1	CVK84462	FOXG_00975P0, FOXG_14773P0	RKF78861	EDO03468
OG0000959	BLGH_04751-mRNA-1	Bcin13p02740.1	CVK93923, CVL07646	FOXG_05960P0	RKF72648	EDN99555
OG0000960	BLGH_04757-mRNA-1	Bcin11p06370.1, Bcin11p06370.2	CVL04769	FOXG_11664P0	RKF59903	EDN96165
OG0000961	BLGH_04781-mRNA-1, BLGH_04782-mRNA-1, BLGH_04783-mRNA-1, BLGH_04784-mRNA-1, BLGH_04785-mRNA-1, BLGH_06851-mRNA-1, BLGH_06939-mRNA-1					
OG0000962	BLGH_04798-mRNA-1	Bcin01p11170.1, Bcin01p11170.2	CVK93719	FOXG_06094P0	RKF53897	EDO02077
OG0000963	BLGH_04821-mRNA-1	Bcin16p00150.1, Bcin16p00150.2, Bcin16p00150.3, Bcin16p00150.4			RKF57513	EDN99271
OG0000964	BLGH_05046-mRNA-1	Bcin14p03500.1, Bcin14p03500.2	CVK92852	FOXG_05455P0	RKF80185	EDN94534
OG0000965	BLGH_05079-mRNA-1	Bcin14p02780.1, Bcin14p02780.2	CVK98272	FOXG_13741P0	RKF83481	EDN91530
OG0000966	BLGH_05084-mRNA-1	Bcin14p02340.1, Bcin14p02340.2, Bcin14p02340.3, Bcin14p02340.4			RKF56428	EDN91591
OG0000967	BLGH_05113-mRNA-1	Bcin14p04940.1	CVK96042, CVL02945	FOXG_11148P0	RKF53346	EDN94263
OG0000968	BLGH_05131-mRNA-1, BLGH_05871-mRNA-1	Bcin09p01550.1	CVK90179	FOXG_03650P0	RKF54026	EDO02701
OG0000969	BLGH_05136-mRNA-1	Bcin14p00360.1, Bcin14p00360.2	CVL02972	FOXG_11163P0	RKF76024	EDN91632
OG0000970	BLGH_05141-mRNA-1	Bcin14p00700.1, Bcin14p00700.2	CVL02964	FOXG_11158P0	RKF82733	EDN91596
OG0000971	BLGH_05145-mRNA-1	Bcin14p00950.1	CVK92568, CVK95162	FOXG_05239P0	RKF66054	EDN94278
OG0000972	BLGH_05148-mRNA-1	Bcin14p01730.1, Bcin14p01730.2	CVK92666	FOXG_05338P0	RKF74518	EDN94413
OG0000973	BLGH_05156-mRNA-1	Bcin14p04810.1, Bcin14p04810.2	CVK86792	FOXG_08022P0	RKF84005	EDN94641
OG0000974	BLGH_05164-mRNA-1	Bcin14p05400.1	CVK84735, CVL05408	FOXG_01149P0, FOXG_01159P0	RKF65379	
OG0000975	BLGH_05170-mRNA-1	Bcin14p02250.1	CVL02960	FOXG_11155P0, FOXG_11156P0	RKF80756	EDN94328
OG0000976	BLGH_05186-mRNA-1	Bcin14p02130.1, Bcin14p02130.2	CVL02977	FOXG_11168P0	RKF57911	EDN94342
OG0000977	BLGH_05189-mRNA-1	Bcin14p02100.1	CVK92629	FOXG_05302P0, FOXG_05303P0	RKF79027	EDN94347
OG0000978	BLGH_05205-mRNA-1	Bcin14p01890.1	CVK92686, CVL08642	FOXG_05351P0	RKF54861	EDN94385
OG0000979	BLGH_05207-mRNA-1	Bcin14p01790.1, Bcin14p01790.2	CVK92314	FOXG_05039P0	RKF80073	EDN94403
OG0000980	BLGH_05211-mRNA-1	Bcin05p03610.1	CVK89665, CVK92229	FOXG_01579P0	RKF83794	EDO03581
OG0000981	BLGH_03749-mRNA-1, BLGH_07112-mRNA-1	Bcin12p04110.1	CVK99780	FOXG_08424P0	RKF66819	EDN92648
OG0000982	BLGH_06866-mRNA-1, BLGH_06869-mRNA-1	Bcin01p08520.1	CVL06063	FOXG_15430P0	RKF83427	EDO02228
OG0000983	BLGH_00054-mRNA-1	Bcin04p00630.1, Bcin04p00630.2	CVK92284	FOXG_05020P0	RKF78756	EDO01239
OG0000984	BLGH_00058-mRNA-1	Bcin04p02790.1, Bcin04p02790.2	CVK92562	FOXG_05234P0	RKF56004	EDO01396
OG0000985	BLGH_00074-mRNA-1	Bcin04p00340.1, Bcin04p00340.2	CVK92484	FOXG_05154P0	RKF78075	EDN92304
OG0000986	BLGH_00095-mRNA-1, BLGH_00099-mRNA-1	Bcin04p05440.1	CVL05869	FOXG_12657P0	RKF81323, RKF83177	
OG0000987	BLGH_00104-mRNA-1	Bcin04p05910.1	CVK87399, CVK94170	FOXG_05814P0, FOXG_07657P0	RKF71167	
OG0000988	BLGH_00128-mRNA-1	Bcin09p03190.1	CVK92798	FOXG_05422P0	RKF61205, RKF80444	EDO02748
OG0000989	BLGH_00136-mRNA-1	Bcin09p01400.1, Bcin09p01400.2	CVK92324	FOXG_05048P0	RKF63783	EDO02512
OG0000990	BLGH_00146-mRNA-1	Bcin04p02060.1, Bcin04p02060.2	CVK98423	FOXG_13837P0	RKF81672	EDO01466
OG0000991	BLGH_00153-mRNA-1, BLGH_00154-mRNA-1	Bcin04p02720.1	CVK98460	FOXG_13874P0	RKF75365	EDO01389
OG0000992	BLGH_00160-mRNA-1	Bcin04p04300.1, Bcin08p01670.1	CVK92305, CVL06471	FOXG_05034P0	RKF77757	
OG0000993	BLGH_00167-mRNA-1	Bcin05p03110.1	CVK84205	FOXG_00905P0	RKF71466, RKF72609	EDO03533
OG0000994	BLGH_00191-mRNA-1, BLGH_00362-mRNA-1	Bcin03p01730.1	CVL04588	FOXG_11524P0	RKF55690	EDN91124
OG0000995	BLGH_00214-mRNA-1, BLGH_00390-mRNA-1	Bcin05p02320.1	CVK84282	FOXG_00863P0	RKF84161	EDO03374
OG0000996	BLGH_00215-mRNA-1	Bcin05p03300.1, Bcin05p03300.2	CVK84761	FOXG_01175P0	RKF55256	EDO03544
OG0000997	BLGH_00218-mRNA-1	Bcin05p08070.1	CVK84720	FOXG_01135P0	RKF73251, RKF73470	EDN95872
OG0000998	BLGH_00221-mRNA-1	Bcin05p07840.1, Bcin05p07840.2	CVK84215	FOXG_00899P0	RKF77025	EDN95895
OG0000999	BLGH_00227-mRNA-1	Bcin05p07180.1, Bcin05p07180.2	CVK84573	FOXG_01043P0	RKF65112	EDO03836
OG0001000	BLGH_00267-mRNA-1	Bcin04p06400.1	CVK95898, CVK98527	FOXG_10002P0, FOXG_13941P0	RKF81427	
OG0001001	BLGH_00302-mRNA-1	Bcin13p00950.1	CVK89218, CVK94184	FOXG_01847P0, FOXG_12419P0, FOXG_14118P0		
OG0001002	BLGH_00304-mRNA-1, BLGH_00315-mRNA-1	Bcin08p06920.1, Bcin08p06920.2	CVK89530	FOXG_01657P0	RKF54753	
OG0001003	BLGH_00311-mRNA-1	Bcin13p00770.1	CVK88827	FOXG_02081P0, FOXG_14841P0	RKF64719	EDO01057
OG0001004	BLGH_00371-mRNA-1	Bcin16p02680.1	CVK89108, CVL08127, CVL08241	FOXG_01908P0	RKF58569	
OG0001005	BLGH_00402-mRNA-1		CVK93340	FOXG_06446P0, FOXG_06855P0, FOXG_07179P0, FOXG_16155P0, FOXG_16224P0		
OG0001006	BLGH_00411-mRNA-1	Bcin02p03530.1	CVL00998	FOXG_09282P0	RKF78567, RKF83579	EDN96773
OG0001007	BLGH_00413-mRNA-1, BLGH_00420-mRNA-1	Bcin02p04190.1	CVK83268	FOXG_00254P0	RKF57459	EDN96479
OG0001008	BLGH_00425-mRNA-1	Bcin02p02200.1, Bcin02p02200.2	CVK83876	FOXG_00619P0	RKF59849	EDN96922
OG0001009	BLGH_00452-mRNA-1, BLGH_02942-mRNA-1	Bcin06p06940.1	CVK89810	FOXG_01452P0	RKF65413	EDO00197
OG0001010	BLGH_00459-mRNA-1	Bcin05p00860.1	CVK85078	FOXG_14420P0, FOXG_15061P0	RKF83213	EDO03515
OG0001011	BLGH_00484-mRNA-1	Bcin02p02210.1, Bcin02p02210.2	CVK83724	FOXG_00537P0	RKF83928	EDN96923
OG0001012	BLGH_00488-mRNA-1	Bcin02p03970.1, Bcin02p03970.2	CVK83564	FOXG_00433P0	RKF72610	EDN96510
OG0001013	BLGH_00500-mRNA-1	Bcin15p00310.1, Bcin15p03950.1	CVK83161	FOXG_00186P0	RKF66032	EDN91590
OG0001014	BLGH_00540-mRNA-1	Bcin02p02480.1	CVK97347, CVL05866	FOXG_04165P0, FOXG_12659P0		EDN96667
OG0001015	BLGH_00545-mRNA-1	Bcin02p02580.1, Bcin02p02580.2	CVL05856	FOXG_12664P0	RKF66039	EDN96677
OG0001016	BLGH_00562-mRNA-1	Bcin02p03780.1, Bcin02p03780.2	CVL01012	FOXG_09292P0	RKF56042	EDN96515
OG0001017	BLGH_00564-mRNA-1	Bcin15p02460.1, Bcin15p02460.2, Bcin15p02460.3	CVL03180	FOXG_11281P0	RKF57528	
OG0001018	BLGH_00575-mRNA-1	Bcin02p02650.1, Bcin02p02650.2	CVL05620	FOXG_12805P0	RKF81210	EDN96685
OG0001019	BLGH_00597-mRNA-1	Bcin02p00850.1, Bcin02p00850.2	CVK82842	FOXG_00002P0	RKF56911	EDN96618
OG0001020	BLGH_00602-mRNA-1	Bcin07p03000.1, Bcin07p03000.2	CVK84113	FOXG_00760P0	RKF56461	EDN97060
OG0001021	BLGH_00606-mRNA-1	Bcin09p02210.1	CVK93352, CVK99363	FOXG_08747P0	RKF79755	EDO02620
OG0001022	BLGH_00659-mRNA-1	Bcin02p02740.1	CVL00287, CVL03202	FOXG_11292P0	RKF59209	EDN96698
OG0001023	BLGH_00661-mRNA-1	Bcin12p02680.1	CVK87439, CVL04444	FOXG_07631P0, FOXG_11427P0		EDN92604
OG0001024	BLGH_00673-mRNA-1	Bcin07p05130.1, Bcin07p05130.2	CVK86825	FOXG_07995P0	RKF78108	EDN97162
OG0001025	BLGH_00693-mRNA-1	Bcin07p05100.1, Bcin07p05100.2	CVK98495	FOXG_13910P0	RKF82426	EDN97167
OG0001026	BLGH_00694-mRNA-1	Bcin07p05090.1, Bcin07p05090.2	CVK98496	FOXG_13911P0	RKF82425	EDN97169
OG0001027	BLGH_00695-mRNA-1, BLGH_00701-mRNA-1	Bcin12p02810.1	CVK93107	FOXG_11346P0	RKF83815	EDN92617
OG0001028	BLGH_00715-mRNA-1	Bcin12p01580.1, Bcin12p01580.2	CVK93111	FOXG_11344P0	RKF82294	EDN92424
OG0001029	BLGH_05574-mRNA-1, BLGH_06123-mRNA-1	Bcin01p08750.1	CVK86502	FOXG_03827P0	RKF57915	EDO02260
OG0001030	BLGH_05575-mRNA-1	Bcin04p02210.1, Bcin04p02210.2	CVK86782	FOXG_08033P0	RKF65113	EDO01450
OG0001031	BLGH_05606-mRNA-1	Bcin15p02930.1, Bcin15p02930.2, Bcin15p02930.3	CVK89708	FOXG_01553P0	RKF55371	
OG0001032	BLGH_05613-mRNA-1	Bcin02p00710.1	CVK87049	FOXG_07852P0, FOXG_17657P0	RKF54593	EDN96604
OG0001033	BLGH_05615-mRNA-1	Bcin04p03770.1	CVL00583	FOXG_09041P0	RKF59834, RKF82431	EDO01306
OG0001034	BLGH_05625-mRNA-1	Bcin15p03470.1	CVK93541	FOXG_06288P0	RKF71469, RKF78698, RKF82712	
OG0001035	BLGH_05628-mRNA-1	Bcin07p02780.1, Bcin07p02780.2	CVK89756	FOXG_01505P0	RKF77092	EDN97090
OG0001036	BLGH_05651-mRNA-1	Bcin15p01220.1, Bcin15p01220.2, Bcin15p01220.3	CVK87468	FOXG_07616P0	RKF61420	
OG0001037	BLGH_05674-mRNA-1	Bcin15p02700.1	CVK85725, CVK88742	FOXG_02136P0, FOXG_13133P0	RKF75886	
OG0001038	BLGH_05707-mRNA-1	Bcin02p04230.1, Bcin02p04230.2	CVK89709	FOXG_01550P0	RKF51421	EDN96473
OG0001039	BLGH_01368-mRNA-1	Bcin10p04320.1	CVK89084	FOXG_01924P0, FOXG_01925P0	RKF83008	EDN97646
OG0001040	BLGH_01370-mRNA-1	Bcin10p04300.1	CVK89081	FOXG_01927P0	RKF54488, RKF83006	EDN97648
OG0001041	BLGH_01378-mRNA-1	Bcin10p04590.1	CVK97255	FOXG_04217P0	RKF64761, RKF65020	EDN97625
OG0001042	BLGH_01393-mRNA-1	Bcin10p05660.1, Bcin10p05660.2	CVK88416	FOXG_02320P0	RKF53596	EDO04683
OG0001043	BLGH_01402-mRNA-1	Bcin10p03870.1, Bcin10p03870.2	CVL04045	FOXG_12253P0	RKF53311	EDN97709
OG0001044	BLGH_01406-mRNA-1	Bcin10p06020.1, Bcin10p06020.2	CVK88497	FOXG_02277P0	RKF80795	EDO04861
OG0001045	BLGH_01418-mRNA-1	Bcin10p02300.1	CVK87812, CVK88476	FOXG_02288P0	RKF72387	EDO04827
OG0001046	BLGH_01421-mRNA-1	Bcin10p05330.1	CVK88513	FOXG_02269P0, FOXG_06939P0	RKF81395	EDO04623
OG0001047	BLGH_01434-mRNA-1	Bcin10p01320.1	CVK92448, CVL01272	FOXG_09513P0	RKF66790	EDO04743
OG0001048	BLGH_01436-mRNA-1	Bcin04p00610.1, Bcin04p00610.2	CVK92288	FOXG_05023P0	RKF60490	EDO01241
OG0001049	BLGH_01449-mRNA-1	Bcin10p03930.1, Bcin10p03930.2	CVK88664	FOXG_02183P0	RKF79947	EDN97699
OG0001050	BLGH_01452-mRNA-1	Bcin10p05100.1	CVK88462	FOXG_02296P0, FOXG_02297P0	RKF55568	EDO04575
OG0001051	BLGH_01460-mRNA-1	Bcin10p04110.1, Bcin10p04110.2	CVL01276	FOXG_09517P0	RKF54058	EDN97684
OG0001052	BLGH_01464-mRNA-1, BLGH_03349-mRNA-1	Bcin01p08280.1	CVK90904	FOXG_03225P0	RKF49711	EDO02205
OG0001053	BLGH_01486-mRNA-1	Bcin01p02090.1, Bcin01p02090.2	CVK93676	FOXG_06144P0	RKF55190	EDO01523
OG0001054	BLGH_01498-mRNA-1	Bcin10p04920.1, Bcin10p04920.2	CVK96956	FOXG_04397P0	RKF80512	EDN97579
OG0001055	BLGH_01520-mRNA-1	Bcin10p00200.1, Bcin10p00200.2	CVK97062	FOXG_04330P0	RKF82567	EDO04897
OG0001056	BLGH_01523-mRNA-1	Bcin10p01050.1, Bcin10p01050.2	CVK97243	FOXG_04224P0	RKF76203	EDO05010
OG0001057	BLGH_01531-mRNA-1	Bcin08p00540.1	CVK96922	FOXG_04417P0, FOXG_04418P0	RKF71529	EDN97742
OG0001058	BLGH_01535-mRNA-1		CVK92095, CVL05068	FOXG_04914P0, FOXG_11791P0	RKF80410	EDN98618
OG0001059	BLGH_01562-mRNA-1, BLGH_03742-mRNA-1	Bcin05p07460.1	CVK84673	FOXG_01099P0	RKF76968	EDN95943
OG0001060	BLGH_01563-mRNA-1	Bcin01p01150.1, Bcin01p01150.2	CVK84536	FOXG_01021P0	RKF75430	EDN98118
OG0001061	BLGH_01565-mRNA-1	Bcin01p07830.1, Bcin01p07830.2	CVK90464	FOXG_03492P0	RKF61187	EDO02146
OG0001062	BLGH_01604-mRNA-1	Bcin10p03640.1	CVL01279	FOXG_09520P0, FOXG_09521P0	RKF53870	EDO04508
OG0001063	BLGH_01609-mRNA-1	Bcin10p05900.1, Bcin10p05900.2	CVL01277	FOXG_09518P0	RKF65726	EDO04877
OG0001064	BLGH_01610-mRNA-1	Bcin10p00580.1, Bcin10p00580.2	CVK88719	FOXG_02150P0	RKF83819	EDO04955
OG0001065	BLGH_01611-mRNA-1	Bcin10p03550.1	CVL01283	FOXG_08870P0, FOXG_09525P0	RKF53867	EDO04518
OG0001066	BLGH_01615-mRNA-1	Bcin10p00610.1	CVK88725	FOXG_02146P0	RKF76307	EDO04962, EDO04963
OG0001067	BLGH_01622-mRNA-1	Bcin10p05190.1	CVK88864	FOXG_02058P0, FOXG_02059P0	RKF76980	EDO04589
OG0001068	BLGH_01634-mRNA-1, BLGH_06829-mRNA-1	Bcin09p02490.1	CVK92555	FOXG_05227P0	RKF74786	EDO02906
OG0001069	BLGH_01659-mRNA-1	Bcin04p02640.1, Bcin11p01290.1	CVK85814	FOXG_13179P0	RKF55602	EDN96313
OG0001070	BLGH_01673-mRNA-1	Bcin09p02450.1, Bcin09p02450.2	CVK92576	FOXG_05248P0	RKF71112	EDO02910
OG0001071	BLGH_01678-mRNA-1	Bcin11p06340.1, Bcin11p06340.2	CVL04691	FOXG_11622P0	RKF80708	EDN96169
OG0001072	BLGH_01696-mRNA-1	Bcin09p05610.1	CVK92490	FOXG_05160P0	RKF65527	EDO03020, EDO03021
OG0001073	BLGH_01697-mRNA-1	Bcin09p03880.1, Bcin09p03880.2	CVK92664	FOXG_05337P0	RKF59453	EDO02838
OG0001074	BLGH_01712-mRNA-1	Bcin05p03710.1, Bcin05p03710.2	CVK89646	FOXG_01589P0	RKF53329	EDO03593
OG0001075	BLGH_01728-mRNA-1	Bcin07p00520.1	CVK87283	FOXG_07704P0	RKF54067, RKF65416	EDN95374
OG0001076	BLGH_01731-mRNA-1	Bcin05p06770.1	CVL01122, CVL07950	FOXG_09359P0	RKF65590	EDN96137
OG0001077	BLGH_01732-mRNA-1	Bcin07p00740.1	CVL01104	FOXG_09347P0	RKF81827	EDN95350, EDN95351
OG0001078	BLGH_01736-mRNA-1	Bcin07p00730.1	CVK98951, CVL01102	FOXG_09346P0	RKF75631	EDN95353
OG0001079	BLGH_01759-mRNA-1	Bcin06p07290.1, Bcin06p07290.2	CVK99963	FOXG_08311P0	RKF57836	EDO00154
OG0001080	BLGH_01763-mRNA-1	Bcin07p01480.1, Bcin07p01480.2	CVK99561	FOXG_08553P0	RKF83593	EDN96411
OG0001081	BLGH_01767-mRNA-1	Bcin07p01540.1	CVK93553	FOXG_06275P0, FOXG_06276P0	RKF65957	EDN96415
OG0001082	BLGH_01770-mRNA-1	Bcin07p01560.1, Bcin07p01560.2	CVK93551	FOXG_06278P0	RKF54731	EDN96417
OG0001083	BLGH_01779-mRNA-1	Bcin07p03130.1	CVK93476, CVL04716	FOXG_06353P0	RKF55646	EDN97045
OG0001084	BLGH_01794-mRNA-1	Bcin15p04970.1, Bcin15p04970.2, Bcin15p04970.3	CVK87643	FOXG_07520P0	RKF55318	
OG0001085	BLGH_01809-mRNA-1	Bcin07p03530.1, Bcin07p03530.2	CVK99590	FOXG_08531P0	RKF60862	EDN96982
OG0001086	BLGH_01864-mRNA-1	Bcin05p08120.1, Bcin05p08120.2	CVK94335	FOXG_05735P0	RKF65562	EDN95876
OG0001087	BLGH_01870-mRNA-1	Bcin07p01200.1	CVK97330	FOXG_04175P0, FOXG_04176P0	RKF73165	EDN96949
OG0001088	BLGH_01910-mRNA-1	Bcin05p02580.1	CVK84725	FOXG_01139P0	RKF61838, RKF73538	EDO03343
OG0001089	BLGH_01925-mRNA-1	Bcin05p04680.1	CVK84291	FOXG_00854P0, FOXG_00855P0	RKF79870	EDO03715
OG0001090	BLGH_01951-mRNA-1	Bcin05p02660.1	CVK84377	FOXG_00921P0, FOXG_17257P0	RKF76163	EDO03416
OG0001091	BLGH_01994-mRNA-1, BLGH_02537-mRNA-1	Bcin15p03530.1	CVK97273, CVL06101	FOXG_04207P0	RKF76209	
OG0001092	BLGH_02000-mRNA-1		CVK92352, CVL08418	FOXG_05067P0, FOXG_15790P0	RKF55224, RKF71479	
OG0001093	BLGH_04383-mRNA-1	Bcin16p00040.1, Bcin16p00040.2	CVK86515	FOXG_03812P0	RKF78128	EDN99259
OG0001094	BLGH_04398-mRNA-1	Bcin13p05340.1	CVK91153, CVL09093	FOXG_03020P0	RKF71094	EDN98589
OG0001095	BLGH_04453-mRNA-1	Bcin13p02910.1	CVK90570, CVL00465	FOXG_03428P0	RKF78035	EDN93687
OG0001096	BLGH_04460-mRNA-1	Bcin16p00610.1	CVK90551	FOXG_03441P0	RKF77188	EDN99429, EDN99430
OG0001097	BLGH_04466-mRNA-1	Bcin16p00600.1, Bcin16p00600.2	CVK90553	FOXG_03440P0	RKF82073	EDN99431
OG0001098	BLGH_04477-mRNA-1	Bcin13p04150.1	CVK90542, CVL06097, CVL08000	FOXG_03447P0		EDN99579
OG0001099	BLGH_04491-mRNA-1	Bcin03p06150.1, Bcin03p06150.2	CVK89849	FOXG_01412P0	RKF65919	EDN90797
OG0001100	BLGH_04502-mRNA-1	Bcin13p04470.1, Bcin13p04470.2	CVK98540	FOXG_13954P0	RKF60650	EDN98690
OG0001101	BLGH_04505-mRNA-1	Bcin13p01670.1	CVL03096, CVL08159	FOXG_14144P0, FOXG_14183P0	RKF83500	
OG0001102	BLGH_04509-mRNA-1	Bcin13p03770.1	CVL02698, CVL03465	FOXG_11017P0	RKF64680	EDN99622
OG0001103	BLGH_01165-mRNA-1, BLGH_04523-mRNA-1	Bcin09p06250.1	CVK91023	FOXG_03145P0	RKF53923	EDO03122
OG0001104	BLGH_04532-mRNA-1	Bcin09p06100.1, Bcin13p04200.1	CVK84715	FOXG_01130P0	RKF62511	EDN93711
OG0001105	BLGH_04545-mRNA-1	Bcin09p05040.1, Bcin09p05040.2	CVK91130	FOXG_03040P0	RKF60569	EDO02575
OG0001106	BLGH_04563-mRNA-1	Bcin09p03420.1, Bcin09p03420.2	CVK91034	FOXG_03137P0	RKF76927	EDO02794
OG0001107	BLGH_04572-mRNA-1	Bcin08p01200.1, Bcin16p00480.1	CVL00186	FOXG_08177P0	RKF54640	EDO01037
OG0001108	BLGH_04587-mRNA-1	Bcin13p05460.1, Bcin13p05460.2	CVK90965	FOXG_03184P0	RKF59305	EDN98569
OG0001109	BLGH_06532-mRNA-1	Bcin08p04160.1, Bcin08p04160.2	CVL01823	FOXG_10471P0	RKF55264	EDO00650
OG0001110	BLGH_06563-mRNA-1	Bcin13p05240.1	CVL05693	FOXG_12763P0, FOXG_12764P0	RKF79787	EDN98605
OG0001111	BLGH_06980-mRNA-1	Bcin01p07290.1, Bcin01p07290.2	CVK93082	FOXG_11362P0	RKF84149	EDO01736
OG0001112	BLGH_06985-mRNA-1	Bcin01p02130.1, Bcin01p02130.2	CVK90236	FOXG_03614P0	RKF83555	EDO01527
OG0001113	BLGH_06802-mRNA-1, BLGH_06803-mRNA-1, BLGH_06912-mRNA-1, BLGH_06913-mRNA-1, BLGH_06915-mRNA-1, BLGH_06918-mRNA-1, BLGH_06927-mRNA-1					
OG0001114	BLGH_06811-mRNA-1	Bcin01p10100.1, Bcin01p10100.2	CVL06046	FOXG_15445P0	RKF83856	EDO02092
OG0001115	BLGH_06819-mRNA-1	Bcin01p01530.1	CVL03244	FOXG_11316P0	RKF59868	EDN91537, EDN98265
OG0001116	BLGH_06823-mRNA-1	Bcin09p02390.1, Bcin09p02390.2	CVK92375	FOXG_05092P0	RKF83106	EDO02968
OG0001117	BLGH_06841-mRNA-1	Bcin01p01510.1, Bcin01p01510.2	CVL03246	FOXG_11318P0	RKF65266	EDN98263
OG0001118	BLGH_02629-mRNA-1	Bcin08p02420.1	CVL00737, CVL04527	FOXG_11478P0	RKF44298	EDO00882
OG0001119	BLGH_02645-mRNA-1	Bcin08p01390.1, Bcin08p01390.2, Bcin08p01390.3, Bcin08p01390.4			RKF66796	EDO01012
OG0001120	BLGH_02647-mRNA-1	Bcin03p06590.1, Bcin03p06590.2	CVK93643	FOXG_06182P0	RKF83650	EDN90737
OG0001121	BLGH_02656-mRNA-1	Bcin08p04270.1	CVK89829	FOXG_01433P0	RKF60087	EDO00644, EDO00645
OG0001122	BLGH_02658-mRNA-1	Bcin08p04290.1	CVL01264	FOXG_09505P0, FOXG_12983P0	RKF81054	EDO00642
OG0001123	BLGH_02682-mRNA-1	Bcin03p03640.1	CVL02901	FOXG_11125P0	RKF81622	EDN91093, EDN91094
OG0001124	BLGH_02761-mRNA-1	Bcin08p06630.1	CVK83595, CVL00668	FOXG_00454P0, FOXG_09087P0	RKF81628	
OG0001125	BLGH_02774-mRNA-1	Bcin08p02490.1	CVL04560	FOXG_11500P0	RKF65826, RKF83627	EDO00877
OG0001126	BLGH_02792-mRNA-1	Bcin08p03200.1, Bcin08p03200.2	CVL00620	FOXG_09061P0	RKF55149	EDO00775
OG0001127	BLGH_02798-mRNA-1	Bcin08p02610.1	CVL01133	FOXG_09370P0	RKF57146, RKF78524	EDO00866
OG0001128	BLGH_02831-mRNA-1	Bcin08p03650.1, Bcin08p03650.2	CVL04583	FOXG_11519P0	RKF82895	EDO00722
OG0001129	BLGH_02835-mRNA-1	Bcin08p01340.1	CVL01254	FOXG_09494P0, FOXG_09495P0	RKF83726	EDO01018
OG0001130	BLGH_02841-mRNA-1	Bcin03p01720.1, Bcin03p01720.2	CVL04589	FOXG_11525P0	RKF55691	EDN91125
OG0001131	BLGH_02845-mRNA-1	Bcin03p01750.1	CVL04608	FOXG_11541P0	RKF74377, RKF83801	EDN91122
OG0001132	BLGH_02846-mRNA-1	Bcin08p03730.1, Bcin08p03730.2	CVL04572	FOXG_11508P0	RKF59886	EDO00719
OG0001133	BLGH_02858-mRNA-1	Bcin08p03530.1	CVL04539	FOXG_11485P0	RKF55046, RKF57885	EDO00736
OG0001134	BLGH_02860-mRNA-1	Bcin08p03550.1	CVL01945	FOXG_10566P0, FOXG_14191P0	RKF82755	EDO00732
OG0001135	BLGH_02863-mRNA-1	Bcin08p03630.1	CVK94803, CVL01130	FOXG_09367P0	RKF82857	EDO00725
OG0001136	BLGH_02884-mRNA-1	Bcin08p00710.1, Bcin08p00710.2	CVK89549	FOXG_01647P0	RKF81473	EDO01101
OG0001137	BLGH_02887-mRNA-1	Bcin08p00600.1, Bcin08p00600.2	CVL01596	FOXG_10329P0	RKF82153	EDO01084
OG0001138	BLGH_02892-mRNA-1	Bcin03p05490.1	CVK89537, CVL04037	FOXG_01652P0	RKF77123	EDN90890
OG0001139	BLGH_02898-mRNA-1	Bcin08p04020.1	CVK93333, CVL00493	FOXG_06451P0	RKF80111	EDO00678
OG0001140	BLGH_02909-mRNA-1	Bcin08p01420.1, Bcin08p01420.2	CVL04596	FOXG_11532P0	RKF80621	EDO01008
OG0001141	BLGH_02969-mRNA-1	Bcin11p05890.1, Bcin11p05890.2	CVK83485	FOXG_00384P0	RKF57408	EDN96228
OG0001142	BLGH_02970-mRNA-1	Bcin01p06580.1, Bcin01p06580.2	CVK90943	FOXG_03196P0	RKF80442	EDO01584
OG0001143	BLGH_02993-mRNA-1	Bcin01p08040.1	CVK88382, CVK93599	FOXG_02339P0, FOXG_06228P0		EDO02176
OG0001144	BLGH_02998-mRNA-1	Bcin11p00270.1, Bcin11p00270.2	CVK90827	FOXG_03269P0	RKF71097	EDO00535
OG0001145	BLGH_02999-mRNA-1, BLGH_03003-mRNA-1	Bcin12p02760.1	CVK93099	FOXG_11352P0	RKF80014	EDN92612
OG0001146	BLGH_03013-mRNA-1	Bcin11p03990.1, Bcin11p03990.2, Bcin11p03990.3, Bcin11p03990.4	CVK93623	FOXG_06203P0		
OG0001147	BLGH_03020-mRNA-1	Bcin11p04050.1, Bcin11p04050.2, Bcin11p04050.3	CVK93614	FOXG_06212P0	RKF84178	
OG0001148	BLGH_03028-mRNA-1	Bcin11p05130.1	CVK83186	FOXG_00200P0, FOXG_00201P0	RKF81247	EDN96269
OG0001149	BLGH_03031-mRNA-1	Bcin11p05240.1, Bcin11p05240.2, Bcin11p05240.3	CVK83968	FOXG_00672P0	RKF62731	
OG0001150	BLGH_03036-mRNA-1	Bcin11p05050.1, Bcin11p05050.2	CVK83806	FOXG_00581P0	RKF79070	EDN96277
OG0001151	BLGH_03053-mRNA-1	Bcin11p03650.1, Bcin11p03650.2, Bcin11p03650.3	CVK83634	FOXG_00477P0	RKF74373	
OG0001152	BLGH_03059-mRNA-1	Bcin11p06320.1, Bcin11p06320.2	CVL04771	FOXG_11665P0	RKF50446	EDN96171
OG0001153	BLGH_03082-mRNA-1	Bcin01p07810.1, Bcin01p07810.2	CVK90505	FOXG_03467P0	RKF83701	EDO02144
OG0001154	BLGH_03085-mRNA-1	Bcin01p07880.1, Bcin01p07880.2	CVK90524	FOXG_03456P0	RKF79384	EDO02151
OG0001155	BLGH_03100-mRNA-1	Bcin09p06480.1	CVK91048	FOXG_03124P0	RKF54608, RKF66854, RKF81020	
OG0001156	BLGH_03141-mRNA-1	Bcin01p00890.1, Bcin14p01130.1	CVL03081	FOXG_11225P0	RKF79343	EDN98161
OG0001157	BLGH_03155-mRNA-1	Bcin09p01820.1, Bcin09p01820.2	CVL00151	FOXG_08202P0	RKF74966	EDO02661
OG0001158	BLGH_06303-mRNA-1	Bcin08p02770.1, Bcin08p02770.2	CVK93748	FOXG_06069P0	RKF53963	EDO00841
OG0001159	BLGH_06307-mRNA-1	Bcin08p02950.1	CVK90757, CVK95138	FOXG_03314P0, FOXG_16643P0		EDO00816
OG0001160	BLGH_06323-mRNA-1	Bcin08p03130.1, Bcin12p02090.1	CVK91039	FOXG_03133P0	RKF76503	EDN92492
OG0001161	BLGH_06340-mRNA-1	Bcin03p06910.1, Bcin03p06910.2	CVL01242	FOXG_09480P0	RKF57375	EDN90698
OG0001162	BLGH_06358-mRNA-1	Bcin08p03740.1, Bcin08p03740.2	CVK90736	FOXG_03326P0	RKF54464	EDO00711
OG0001163	BLGH_06360-mRNA-1	Bcin03p03380.1, Bcin03p03380.2	CVK91096	FOXG_03075P0	RKF76441	EDN91297
OG0001164	BLGH_06386-mRNA-1	Bcin03p02500.1, Bcin03p02500.2	CVK89150	FOXG_01886P0	RKF64691	EDN91192
OG0001165	BLGH_05417-mRNA-1	Bcin14p04240.1	CVK92763	FOXG_05399P0, FOXG_05400P0	RKF58512	EDN94441
OG0001166	BLGH_05422-mRNA-1	Bcin05p04510.1, Bcin05p04510.2	CVK94378	FOXG_05713P0	RKF80467	EDO03698
OG0001167	BLGH_05433-mRNA-1, BLGH_05434-mRNA-1, BLGH_05436-mRNA-1, BLGH_05437-mRNA-1, BLGH_05438-mRNA-1, BLGH_05439-mRNA-1, BLGH_05440-mRNA-1					
OG0001168	BLGH_05454-mRNA-1	Bcin14p01500.1, Bcin14p01500.2	CVK92638	FOXG_05313P0	RKF80955	EDN91471
OG0001169	BLGH_05491-mRNA-1	Bcin14p00170.1, Bcin14p00170.2	CVK98259	FOXG_13732P0	RKF80302	EDN91660
OG0001170	BLGH_05518-mRNA-1	Bcin14p04330.1, Bcin14p04330.2	CVL02006	FOXG_10632P0	RKF64492	EDN94435
OG0001171	BLGH_05523-mRNA-1, BLGH_05528-mRNA-1	Bcin14p02930.1	CVK84078	FOXG_00737P0	RKF56602	EDN91508
OG0001172	BLGH_05524-mRNA-1	Bcin14p02950.1	CVK92593	FOXG_05264P0, FOXG_15942P0	RKF74886	EDN91506
OG0001173	BLGH_05542-mRNA-1	Bcin14p04100.1	CVK92651	FOXG_05325P0	RKF53662, RKF83453	EDN94463
OG0001174	BLGH_05544-mRNA-1	Bcin14p00520.1, Bcin14p00520.2	CVL01968	FOXG_10592P0	RKF80726	EDN91614
OG0001175	BLGH_05558-mRNA-1	Bcin01p06700.1, Bcin01p06700.2	CVK89404	FOXG_01728P0	RKF58500	EDO01570
OG0001176	BLGH_05570-mRNA-1	Bcin14p01720.1	CVK92652, CVL07232	FOXG_05326P0	RKF53309	EDN91492
OG0001177	BLGH_06223-mRNA-1	Bcin09p02660.1, Bcin09p02660.2	CVK84124	FOXG_00767P0	RKF81244	EDO02889
OG0001178	BLGH_06229-mRNA-1	Bcin06p06600.1	CVK88898	FOXG_02036P0	RKF56910	EDO00230, EDO00231
OG0001179	BLGH_06230-mRNA-1	Bcin05p00970.1, Bcin05p00970.2	CVL01037	FOXG_09305P0	RKF73310	EDO03502
OG0001180	BLGH_06231-mRNA-1	Bcin07p00840.1, Bcin07p00840.2	CVK89809	FOXG_01453P0	RKF78369	EDN95339
OG0001181	BLGH_06248-mRNA-1	Bcin06p01490.1, Bcin06p01490.2	CVL06096	FOXG_15398P0	RKF83239	EDN99765
OG0001182	BLGH_05253-mRNA-1	Bcin03p06260.1	CVL01954	FOXG_10576P0	RKF62218, RKF62219	EDN90787
OG0001183	BLGH_05259-mRNA-1	Bcin06p04000.1, Bcin06p04000.2	CVL00907	FOXG_09226P0	RKF83932	EDN99865
OG0001184	BLGH_05262-mRNA-1	Bcin03p06310.1	CVL01960, CVL05540	FOXG_10581P0	RKF58583	EDN90780
OG0001185	BLGH_05275-mRNA-1, BLGH_06406-mRNA-1	Bcin08p01550.1	CVK88227	FOXG_02442P0	RKF62578	EDO00991
OG0001186	BLGH_05282-mRNA-1	Bcin03p02940.1, Bcin03p02940.2	CVK89199	FOXG_01857P0	RKF82919	EDN91235
OG0001187	BLGH_05288-mRNA-1	Bcin06p02850.1, Bcin06p02850.2	CVK91077	FOXG_03095P0	RKF57425	EDN93567
OG0001188	BLGH_05291-mRNA-1	Bcin06p04680.1, Bcin06p04680.2	CVK90606	FOXG_03404P0	RKF71426	EDN93458
OG0001189	BLGH_05294-mRNA-1, BLGH_05299-mRNA-1	Bcin06p00260.1	CVK91008	FOXG_03156P0	RKF59610	EDN93414
OG0001190	BLGH_05295-mRNA-1, BLGH_05298-mRNA-1	Bcin06p00270.1	CVK91009	FOXG_03155P0	RKF47553	EDN93413
OG0001191	BLGH_05297-mRNA-1	Bcin06p00910.1	CVK93696	FOXG_06119P0	RKF44590, RKF71913	EDN93312
OG0001192	BLGH_05305-mRNA-1	Bcin01p01940.1, Bcin01p01940.2	CVK90296	FOXG_03582P0	RKF71156	EDN98318
OG0001193	BLGH_05313-mRNA-1, BLGH_05973-mRNA-1	Bcin06p01930.1	CVL08084		RKF53200, RKF80029	EDN99724
OG0001194	BLGH_05315-mRNA-1	Bcin06p04660.1	CVK90136, CVL07398	FOXG_03675P0	RKF61546	EDN93463
OG0001195	BLGH_05317-mRNA-1	Bcin06p05030.1, Bcin06p05030.2	CVK99510	FOXG_08607P0	RKF54883	EDN93522
OG0001196	BLGH_05335-mRNA-1, BLGH_05337-mRNA-1	Bcin01p04480.1	CVK93564	FOXG_06264P0	RKF80167	EDO01859
OG0001197	BLGH_05339-mRNA-1	Bcin01p04440.1, Bcin01p04440.2	CVK99576	FOXG_08538P0	RKF83400	EDO01855
OG0001198	BLGH_05373-mRNA-1	Bcin01p00770.1, Bcin01p00770.2	CVK91040	FOXG_03132P0	RKF64939	EDN98176
OG0001199	BLGH_05385-mRNA-1	Bcin01p04280.1, Bcin01p04280.2	CVK90266	FOXG_03599P0	RKF66751	EDO01844
OG0001200	BLGH_05392-mRNA-1	Bcin01p04360.1	CVK84788	FOXG_01198P0, FOXG_01199P0	RKF71447	EDO01838
OG0001201	BLGH_06919-mRNA-1	Bcin13p00980.1, Bcin13p00980.2	CVK93662	FOXG_06160P0	RKF56640	EDN99411
OG0001202	BLGH_07013-mRNA-1	Bcin13p00990.1	CVK90688	FOXG_03356P0	RKF59006	EDN99409, EDN99410
OG0001203	BLGH_06461-mRNA-1	Bcin07p05520.1, Bcin11p01280.1	CVK97212	FOXG_04243P0	RKF51368	EDN96314
OG0001204	BLGH_06992-mRNA-1, BLGH_06993-mRNA-1, BLGH_06994-mRNA-1, BLGH_06999-mRNA-1, BLGH_07000-mRNA-1, BLGH_07002-mRNA-1, BLGH_07003-mRNA-1					
OG0001205	BLGH_05893-mRNA-1	Bcin05p01780.1, Bcin05p07610.1, Bcin05p07610.2			RKF71349, RKF79694	EDO03304
OG0001206	BLGH_05910-mRNA-1	Bcin16p04200.1, Bcin16p04200.2	CVK90300	FOXG_03580P0	RKF53978, RKF75511	
OG0001207	BLGH_05911-mRNA-1	Bcin06p01980.1, Bcin06p01980.2	CVK93520	FOXG_06310P0	RKF83946	EDN99718
OG0001208	BLGH_05934-mRNA-1	Bcin01p01910.1, Bcin01p01910.2	CVK90268	FOXG_03597P0	RKF78135	EDN98315
OG0001209	BLGH_05936-mRNA-1	Bcin01p01850.1	CVK90290	FOXG_03586P0, FOXG_10768P0	RKF79674	EDN98308
OG0001210	BLGH_05937-mRNA-1	Bcin01p01860.1, Bcin01p01860.2	CVK90288	FOXG_03587P0	RKF79675	EDN98309
OG0001211	BLGH_05953-mRNA-1	Bcin06p02090.1, Bcin06p02090.2	CVL00160	FOXG_08196P0	RKF83381	EDN99700
OG0001212	BLGH_05959-mRNA-1	Bcin06p02760.1, Bcin06p02760.2	CVK93700	FOXG_06115P0	RKF77523	EDN93576
OG0001213	BLGH_05977-mRNA-1	Bcin01p02220.1, Bcin01p02220.2	CVK90148	FOXG_03669P0	RKF79052	EDO01540
OG0001214	BLGH_03184-mRNA-1	Bcin03p04730.1, Bcin12p05460.1	CVL06660	FOXG_14512P0	RKF72381	EDN90976
OG0001215	BLGH_03207-mRNA-1	Bcin03p04910.1, Bcin03p04910.2	CVK93866	FOXG_05997P0	RKF63220	EDN90950
OG0001216	BLGH_03231-mRNA-1	Bcin03p05200.1	CVK85090, CVK91159	FOXG_03014P0	RKF54852	EDN90921
OG0001217	BLGH_03238-mRNA-1	Bcin03p05120.1	CVK90832, CVK94174	FOXG_03266P0	RKF82513	EDN90923
OG0001218	BLGH_03246-mRNA-1	Bcin03p00870.1, Bcin03p00870.2	CVL02936	FOXG_11142P0	RKF71362	EDN91413
OG0001219	BLGH_03274-mRNA-1	Bcin06p03110.1	CVK83608, CVK94181	FOXG_00465P0	RKF82317	EDN99992
OG0001220	BLGH_03277-mRNA-1	Bcin01p06300.1	CVK83414, CVK85118, CVL03516	FOXG_11966P0	RKF57195	
OG0001221	BLGH_03289-mRNA-1	Bcin01p02910.1, Bcin01p02910.2	CVK83710	FOXG_00526P0	RKF75776	EDO02314
OG0001222	BLGH_03305-mRNA-1	Bcin06p02950.1, Bcin06p02950.2	CVK89008	FOXG_01972P0	RKF57755	EDO00015
OG0001223	BLGH_03311-mRNA-1	Bcin01p04080.1, Bcin01p04080.2	CVK99178	FOXG_08858P0	RKF54369	EDO01813
OG0001224	BLGH_03316-mRNA-1	Bcin01p09950.1, Bcin02p01460.1	CVK89399	FOXG_01733P0	RKF84143	EDN96855
OG0001225	BLGH_03358-mRNA-1	Bcin01p09590.1, Bcin01p09590.2, Bcin01p09590.3	CVK88986	FOXG_01984P0	RKF57099	
OG0001226	BLGH_03366-mRNA-1	Bcin01p05310.1, Bcin01p05310.2	CVK83903	FOXG_00636P0	RKF56595	EDO01950
OG0001227	BLGH_03374-mRNA-1	Bcin01g03600.1, Bcin01g03600.2	CVK82884	FOXG_00026P0	RKF55933	EDO01762
OG0001228	BLGH_03384-mRNA-1	Bcin01p03390.1, Bcin01p03390.2	CVK88967	FOXG_01995P0	RKF64191	EDO01673
OG0001229	BLGH_03388-mRNA-1	Bcin01p05490.1, Bcin01p05490.2	CVK83139	FOXG_00173P0	RKF65296	EDO01971
OG0001230	BLGH_03392-mRNA-1	Bcin01p05560.1, Bcin01p05560.2	CVK83334	FOXG_00294P0	RKF65180	EDO01980
OG0001231	BLGH_03407-mRNA-1	Bcin01p07910.1, Bcin01p07910.2	CVK83917	FOXG_00648P0, FOXG_00649P0		EDO02155
OG0001232	BLGH_03415-mRNA-1	Bcin01p04040.1	CVK99185	FOXG_08854P0, FOXG_08855P0	RKF82671	EDO01809
OG0001233	BLGH_03426-mRNA-1	Bcin01p05510.1, Bcin01p05510.2	CVK89376	FOXG_01748P0	RKF54046	EDO01974
OG0001234	BLGH_03456-mRNA-1	Bcin01p09780.1, Bcin01p09780.2, Bcin01p09780.3	CVK83874	FOXG_00618P0	RKF77986	
OG0001235	BLGH_03467-mRNA-1	Bcin01p02800.1	CVK82891	FOXG_00031P0	RKF76660	EDO02326, EDO02327
OG0001236	BLGH_03476-mRNA-1	Bcin01p03480.1	CVK83224, CVK99390	FOXG_00225P0	RKF83805	EDO01756
OG0001237	BLGH_03495-mRNA-1	Bcin01p08690.1, Bcin01p08690.2	CVK83035	FOXG_00117P0	RKF81871	EDO02215
OG0001238	BLGH_03508-mRNA-1	Bcin01p05060.1, Bcin01p05060.2	CVK90476	FOXG_03484P0	RKF78584	EDO01913
OG0001239	BLGH_03513-mRNA-1	Bcin01p06240.1	CVK83039	FOXG_00119P0, FOXG_00121P0	RKF60055	EDO02051
OG0001240	BLGH_03520-mRNA-1	Bcin01p06220.1, Bcin01p06220.2	CVK83337	FOXG_00296P0	RKF60054	EDO02048
OG0001241	BLGH_03523-mRNA-1	Bcin01p05140.1, Bcin01p05140.2	CVK89001	FOXG_01976P0	RKF57962	EDO01930
OG0001242	BLGH_03529-mRNA-1	Bcin06p03200.1	CVK83342	FOXG_00299P0	RKF82116	EDN99980, EDN99981
OG0001243	BLGH_03533-mRNA-1	Bcin06p05920.1	CVK83395, CVL07167	FOXG_00333P0	RKF81264	EDO00363
OG0001244	BLGH_03537-mRNA-1	Bcin15p03800.1, Bcin15p03800.2, Bcin15p03800.3	CVK83404	FOXG_00338P0	RKF80006	
OG0001245	BLGH_03558-mRNA-1	Bcin07p04500.1, Bcin07p04500.2, Bcin07p04500.3	CVK83389	FOXG_00329P0	RKF71230	
OG0001246	BLGH_03588-mRNA-1	Bcin06p06460.1	CVK84021, CVL06381	FOXG_00702P0	RKF75239	EDO00246
OG0001247	BLGH_03592-mRNA-1	Bcin05p04360.1, Bcin16p01700.1	CVK98309	FOXG_13762P0	RKF75789	EDO03663
OG0001248	BLGH_03602-mRNA-1	Bcin06p03210.1, Bcin06p03210.2	CVK83341	FOXG_00298P0	RKF78592	EDN99978
OG0001249	BLGH_06014-mRNA-1	Bcin04p01380.1, Bcin12p00560.1	CVK88699	FOXG_02162P0	RKF65253	EDO01207
OG0001250	BLGH_06016-mRNA-1	Bcin12p00320.1	CVK99809, CVL05312	FOXG_08407P0	RKF56331	EDO01176
OG0001251	BLGH_06017-mRNA-1	Bcin12p00330.1, Bcin12p00330.2	CVK99810	FOXG_08406P0	RKF81377	EDO01177
OG0001252	BLGH_06018-mRNA-1	Bcin12p04430.1	CVL00835	FOXG_09183P0	RKF57508, RKF83818	EDN92759
OG0001253	BLGH_06021-mRNA-1	Bcin12p01830.1, Bcin12p01830.2	CVK92244	FOXG_04993P0	RKF56643	EDN92461
OG0001254	BLGH_06023-mRNA-1	Bcin12p00490.1, Bcin12p00490.2	CVK99932	FOXG_08331P0	RKF83174	EDO01201
OG0001255	BLGH_06034-mRNA-1	Bcin12p04670.1	CVK87744, CVK99718	FOXG_08457P0	RKF56808	EDN92784
OG0001256	BLGH_06065-mRNA-1	Bcin01p00810.1, Bcin01p00810.2	CVK89749	FOXG_01512P0	RKF81303	EDN98185
OG0001257	BLGH_04056-mRNA-1	Bcin07p02320.1	CVL02723, CVL03426	FOXG_11040P0	RKF77977	EDN97106
OG0001258	BLGH_04083-mRNA-1	Bcin06p05570.1	CVK87395, CVL03037	FOXG_11198P0	RKF84029	EDO00086
OG0001259	BLGH_01024-mRNA-1, BLGH_04107-mRNA-1	Bcin12p01150.1	CVK93024	FOXG_11396P0	RKF77305	EDN92372
OG0001260	BLGH_04117-mRNA-1	Bcin14p01740.1, Bcin14p01740.2	CVK92495	FOXG_05165P0	RKF83772	EDN94409
OG0001261	BLGH_04138-mRNA-1	Bcin03p07410.1, Bcin03p07410.2	CVL01869	FOXG_10509P0	RKF54351	EDN90633
OG0001262	BLGH_04153-mRNA-1	Bcin03p02230.1, Bcin03p02230.2	CVL01258	FOXG_09499P0	RKF78296	EDN91156
OG0001263	BLGH_04189-mRNA-1	Bcin03p07440.1	CVL01907	FOXG_10526P0, FOXG_10527P0	RKF84183	EDN90620
OG0001264	BLGH_04195-mRNA-1	Bcin03p02650.1, Bcin03p02650.2	CVK89174	FOXG_17738P0	RKF83980	EDN91206
OG0001265	BLGH_04197-mRNA-1	Bcin03p02300.1, Bcin03p02300.2	CVK89572	FOXG_01632P0	RKF55094	EDN91165
OG0001266	BLGH_04203-mRNA-1	Bcin03p02810.1, Bcin03p02810.2	CVL00658	FOXG_09080P0	RKF59555	EDN91226
OG0001267	BLGH_04215-mRNA-1	Bcin03p02850.1, Bcin03p02850.2	CVK87005	FOXG_07879P0	RKF58402	EDN91231
OG0001268	BLGH_04218-mRNA-1	Bcin03p02750.1, Bcin03p02750.2	CVK87001	FOXG_07881P0	RKF80051	EDN91219
OG0001269	BLGH_04219-mRNA-1	Bcin01p07170.1, Bcin01p07170.2	CVK93831	FOXG_06020P0	RKF65745	EDO01717
OG0001270	BLGH_04261-mRNA-1	Bcin08p01570.1, Bcin08p01570.2	CVK90116	FOXG_03688P0	RKF84132	EDO00989
OG0001271	BLGH_04263-mRNA-1	Bcin08p01740.1, Bcin08p01740.2	CVK90124	FOXG_03682P0	RKF80971	EDO00955
OG0001272	BLGH_04265-mRNA-1	Bcin08p01110.1, Bcin08p01110.2	CVK91113	FOXG_03057P0	RKF80968	EDO01053
OG0001273	BLGH_04283-mRNA-1	Bcin08p01910.1, Bcin08p01910.2	CVK84901	FOXG_01294P0	RKF64773	EDO00944
OG0001274	BLGH_04293-mRNA-1	Bcin08p02850.1, Bcin08p02850.2	CVK84899	FOXG_01292P0	RKF81479	EDO00833
OG0001275	BLGH_04307-mRNA-1	Bcin03p03330.1, Bcin03p03330.2	CVK87069	FOXG_07840P0	RKF54168	EDN91292
OG0001276	BLGH_04312-mRNA-1	Bcin03p03310.1, Bcin03p03310.2	CVK89555	FOXG_01644P0	RKF64160	EDN91289
OG0001277	BLGH_04315-mRNA-1	Bcin03p03290.1, Bcin03p03290.2	CVK88947	FOXG_02007P0	RKF65592	EDN91285
OG0001278	BLGH_04319-mRNA-1	Bcin08p01040.1	CVK91110	FOXG_03060P0, FOXG_03061P0	RKF80984	EDO01046
OG0001279	BLGH_04329-mRNA-1	Bcin14p00430.1	CVK92091, CVL05461	FOXG_12892P0	RKF58896	EDN91623
OG0001280	BLGH_04336-mRNA-1	Bcin03p03420.1, Bcin03p03420.2	CVK90644	FOXG_03382P0	RKF79768	EDN91294
OG0001281	BLGH_04361-mRNA-1	Bcin03p02280.1, Bcin03p02280.2	CVK89754	FOXG_01508P0	RKF61654	EDN91163
OG0001282	BLGH_04367-mRNA-1	Bcin03p02390.1, Bcin03p02390.2	CVK89169	FOXG_01874P0	RKF62084	EDN91177
OG0001283	BLGH_06696-mRNA-1	Bcin09p01160.1, Bcin09p01160.2	CVK92890	FOXG_05480P0	RKF83860	EDO02471
OG0001284	BLGH_06713-mRNA-1	Bcin09p04550.1, Bcin09p04550.2	CVK92474	FOXG_05144P0	RKF79626	EDO02520
OG0001285	BLGH_06940-mRNA-1	Bcin04p04970.1, Bcin04p04970.2	CVK84404, CVL08624	FOXG_00939P0	RKF84154	
OG0001286	BLGH_06747-mRNA-1	Bcin07p02100.1, Bcin07p02100.2	CVL02793	FOXG_11073P0	RKF57292	EDN97129
OG0001287	BLGH_06765-mRNA-1	Bcin07p03380.1	CVL00049	FOXG_08262P0, FOXG_08263P0	RKF71260	EDN97004
OG0001288	BLGH_06787-mRNA-1	Bcin02p02910.1, Bcin02p02910.2	CVL03185	FOXG_11284P0	RKF83937	EDN96714
OG0001289	BLGH_06790-mRNA-1	Bcin06p05470.1	CVK99548	FOXG_08566P0, FOXG_08567P0	RKF78660	EDO00079
OG0001290	BLGH_06109-mRNA-1	Bcin02p03060.1, Bcin04p05000.1	CVL05427	FOXG_12909P0	RKF83011	EDN96731
OG0001291	BLGH_06118-mRNA-1	Bcin02p00190.1, Bcin02p00190.2	CVK87612	FOXG_07541P0	RKF83082	EDN96551
OG0001292	BLGH_06119-mRNA-1	Bcin02p00200.1	CVK87610	FOXG_07542P0	RKF65342	EDN96548, EDN96549
OG0001293	BLGH_06125-mRNA-1	Bcin02p00120.1	CVK87385	FOXG_07665P0	RKF62567	EDN96757, EDO03287
OG0001294	BLGH_06153-mRNA-1	Bcin01p07070.1, Bcin01p07070.2	CVL03045	FOXG_11203P0	RKF83662	EDO01705
OG0001295	BLGH_06161-mRNA-1	Bcin05p03580.1, Bcin07p02280.1, Bcin15p02380.1	CVK96080	FOXG_10138P0		EDN97110
OG0001296	BLGH_06166-mRNA-1	Bcin10p05230.1	CVK88833, CVL01086	FOXG_02078P0, FOXG_09337P0		EDO04600
OG0001297	BLGH_06174-mRNA-1	Bcin04p02090.1, Bcin04p02090.2	CVL02933	FOXG_11140P0	RKF79986	EDO01465
OG0001298	BLGH_06183-mRNA-1	Bcin04p00540.1	CVK90086	FOXG_05553P0	RKF80356, RKF81319	EDO01256
OG0001299	BLGH_04825-mRNA-1	Bcin12p02240.1	CVL00913, CVL09397	FOXG_09230P0	RKF56922	EDN92555
OG0001300	BLGH_04830-mRNA-1	Bcin12p03940.1, Bcin12p03940.2	CVK99635	FOXG_08504P0	RKF57057	EDN92631
OG0001301	BLGH_04838-mRNA-1	Bcin08p02000.1	CVK86556, CVL05260	FOXG_03772P0, FOXG_13054P0		EDO00928
OG0001302	BLGH_04847-mRNA-1	Bcin12p05510.1	CVK86429, CVK96745	FOXG_03906P0, FOXG_04551P0		EDN99242
OG0001303	BLGH_04854-mRNA-1	Bcin12p00220.1, Bcin12p00220.2	CVL01733	FOXG_10413P0	RKF83677	EDO01159
OG0001304	BLGH_04859-mRNA-1	Bcin12p03280.1, Bcin12p03280.2	CVK99727	FOXG_08452P0	RKF80034	EDN92755
OG0001305	BLGH_04879-mRNA-1	Bcin12p02850.1	CVL00849	FOXG_09191P0	RKF58233	EDN99208, EDN99209
OG0001306	BLGH_04880-mRNA-1	Bcin04p03640.1, Bcin12p05470.1	CVL00000	FOXG_08289P0	RKF63617	EDN99248
OG0001307	BLGH_04885-mRNA-1	Bcin12p03190.1, Bcin12p03190.2	CVL00032	FOXG_08273P0	RKF71527	EDN92736
OG0001308	BLGH_04897-mRNA-1	Bcin11p04240.1	CVK83468, CVL07739	FOXG_00375P0, FOXG_16833P0	RKF60943	
OG0001309	BLGH_04924-mRNA-1	Bcin11p04960.1, Bcin11p04960.2	CVK82852	FOXG_00008P0	RKF79586	EDN96286
OG0001310	BLGH_04939-mRNA-1	Bcin11p06060.1	CVK83960, CVK86466	FOXG_00668P0, FOXG_03873P0		EDN96205
OG0001311	BLGH_04941-mRNA-1	Bcin07p02150.1, Bcin07p02150.2	CVL02796	FOXG_11076P0	RKF58916	EDN97124
OG0001312	BLGH_04961-mRNA-1	Bcin01p02400.1	CVK93713	FOXG_17755P0, FOXG_17756P0	RKF56024	EDO01563
OG0001313	BLGH_04964-mRNA-1	Bcin01p04490.1, Bcin01p04490.2	CVL06079	FOXG_15416P0	RKF76753	EDO01860
OG0001314	BLGH_04968-mRNA-1	Bcin11p00610.1	CVK82914	FOXG_00046P0, FOXG_09993P0	RKF54838	EDN92786
OG0001315	BLGH_04975-mRNA-1	Bcin06p01200.1, Bcin06p01200.2	CVL06035	FOXG_15454P0	RKF79747	EDN99800
OG0001316	BLGH_04996-mRNA-1	Bcin01p09110.1, Bcin01p09110.2, Bcin01p09110.3	CVK83656	FOXG_00492P0	RKF76344	
OG0001317	BLGH_05019-mRNA-1	Bcin01p07410.1, Bcin01p07410.2	CVK83363	FOXG_00316P0	RKF83952	EDO01690
OG0001318	BLGH_05022-mRNA-1	Bcin01p10300.1	CVK83795, CVK85975	FOXG_00575P0, FOXG_13274P0	RKF64544	
OG0001319	BLGH_05024-mRNA-1	Bcin01p10240.1, Bcin01p10240.2, Bcin01p10240.3	CVL01010	FOXG_09290P0	RKF83991	
OG0001320	BLGH_05743-mRNA-1	Bcin09p03950.1, Bcin14p02050.1	CVK91051	FOXG_03121P0		EDN94361, EDO02944
OG0001321	BLGH_01349-mRNA-1, BLGH_03943-mRNA-1, BLGH_03953-mRNA-1, BLGH_03954-mRNA-1, BLGH_05780-mRNA-1, BLGH_05806-mRNA-1, BLGH_05807-mRNA-1					
OG0001322	BLGH_05802-mRNA-1	Bcin07p00110.1, Bcin07p00110.2	CVL05806	FOXG_12695P0	RKF63693	EDN95433
OG0001323	BLGH_05814-mRNA-1	Bcin15p00810.1	CVK95244, CVL05766	FOXG_09578P0, FOXG_12718P0	RKF75396	
OG0001324	BLGH_05817-mRNA-1	Bcin09p03640.1, Bcin09p03640.2	CVK91016	FOXG_03150P0	RKF56074	EDO02815
OG0001325	BLGH_05820-mRNA-1	Bcin02p05210.1, Bcin02p05210.2	CVK86683	FOXG_08128P0	RKF81076	EDN95260
OG0001326	BLGH_05850-mRNA-1	Bcin03p01280.1, Bcin04p05280.1	CVL02700	FOXG_11019P0	RKF73381	EDN91363
OG0001327	BLGH_05856-mRNA-1	Bcin07p00250.1	CVL00405	FOXG_08984P0	RKF72185, RKF72186	EDN95413
OG0001328	BLGH_06644-mRNA-1	Bcin10p00660.1, Bcin10p00660.2	CVL01061	FOXG_09322P0	RKF57683	EDO04972
OG0001329	BLGH_06645-mRNA-1	Bcin10p05560.1, Bcin10p05560.2	CVK88794	FOXG_02103P0	RKF65703	EDO04653
OG0001330	BLGH_00723-mRNA-1, BLGH_06662-mRNA-1	Bcin07p01590.1	CVK99568	FOXG_08546P0	RKF77036	EDN96422
OG0001331	BLGH_06685-mRNA-1	Bcin06p04980.1, Bcin06p04980.2	CVK91186	FOXG_02990P0	RKF74688	EDN93527
OG0001332	BLGH_02006-mRNA-1	Bcin08p02750.1	CVK93706	FOXG_06109P0	RKF58236	EDN96255, EDO00843
OG0001333	BLGH_02011-mRNA-1	Bcin03p06990.1	CVL04562	FOXG_11501P0	RKF65148, RKF73692	EDN90688
OG0001334	BLGH_02015-mRNA-1	Bcin03p07080.1, Bcin03p07080.2	CVL04567	FOXG_11505P0	RKF59024	EDN90671
OG0001335	BLGH_02076-mRNA-1	Bcin03p07130.1, Bcin03p07130.2	CVK88767	FOXG_02120P0	RKF76049	EDN90665
OG0001336	BLGH_02078-mRNA-1	Bcin03p07110.1	CVK88764, CVK92059	FOXG_02122P0	RKF76046	EDN90667
OG0001337	BLGH_02123-mRNA-1	Bcin16p05080.1, Bcin16p05080.2	CVK86862	FOXG_07971P0	RKF65237	EDN97550
OG0001338	BLGH_02156-mRNA-1	Bcin03p03720.1	CVK91094	FOXG_03077P0, FOXG_03078P0	RKF81437	EDN91088
OG0001339	BLGH_02171-mRNA-1	Bcin08p04450.1, Bcin08p04450.2, Bcin08p04450.3	CVL00158	FOXG_08197P0	RKF80901	
OG0001340	BLGH_02193-mRNA-1	Bcin08p03420.1, Bcin08p03420.2	CVK93735	FOXG_06078P0	RKF84166	EDO00742
OG0001341	BLGH_02197-mRNA-1	Bcin08p02730.1, Bcin08p02730.2	CVK90638	FOXG_03385P0	RKF76902	EDO00845
OG0001342	BLGH_02220-mRNA-1	Bcin05p06120.1, Bcin05p06120.2	CVL03073	FOXG_11221P0	RKF53184	EDN95972
OG0001343	BLGH_02232-mRNA-1	Bcin05p00360.1, Bcin05p00360.2	CVL03224	FOXG_11305P0	RKF54858	EDO03182
OG0001344	BLGH_02234-mRNA-1	Bcin08p03300.1	CVK90117	FOXG_03686P0, FOXG_03687P0	RKF71202	EDO00765
OG0001345	BLGH_02272-mRNA-1	Bcin05p04850.1, Bcin05p04850.2	CVK93981	FOXG_05922P0	RKF60759	EDO03736
OG0001346	BLGH_02303-mRNA-1	Bcin05p01600.1	CVL03033	FOXG_11195P0	RKF72250, RKF72567	EDO03424
OG0001347	BLGH_02327-mRNA-1	Bcin08p03150.1	CVK89305, CVL03357	FOXG_01790P0, FOXG_13047P0		EDO00781
OG0001348	BLGH_02330-mRNA-1	Bcin05p06880.1, Bcin05p06880.2	CVK84545	FOXG_01025P0	RKF82532	EDN96127
OG0001349	BLGH_02345-mRNA-1	Bcin10p02460.1	CVL01149, CVL07098	FOXG_09387P0	RKF82112	EDO04857
OG0001350	BLGH_02361-mRNA-1	Bcin05p06810.1, Bcin05p06810.2	CVK84734	FOXG_01148P0	RKF63446	EDN96132
OG0001351	BLGH_02369-mRNA-1	Bcin15p03730.1	CVL08958, CVL09115	FOXG_13561P0, FOXG_16456P0	RKF80567	
OG0001352	BLGH_02379-mRNA-1	Bcin03p03440.1	CVK86313, CVK87009	FOXG_07877P0	RKF83261	EDN91318
OG0001353	BLGH_02388-mRNA-1	Bcin04p00140.1	CVK89181	FOXG_01867P0, FOXG_11115P0	RKF54662	EDN92322
OG0001354	BLGH_02389-mRNA-1	Bcin05p06160.1, Bcin05p07340.1	CVK93720	FOXG_06093P0	RKF72850	EDN95968
OG0001355	BLGH_02397-mRNA-1	Bcin05p02510.1, Bcin05p02510.2	CVK84717	FOXG_01132P0, FOXG_17260P0		EDO03353
OG0001356	BLGH_02405-mRNA-1	Bcin05p04730.1, Bcin05p04730.2	CVK84706	FOXG_01121P0	RKF66749	EDO03722
OG0001357	BLGH_02425-mRNA-1	Bcin03p01260.2, Bcin11p04630.1	CVK87723, CVL00979	FOXG_07482P0, FOXG_09272P0		
OG0001358	BLGH_02444-mRNA-1	Bcin07p00390.1	CVL05418	FOXG_12914P0	RKF58944, RKF71441	EDN95395
OG0001359	BLGH_02497-mRNA-1	Bcin07p01380.1, Bcin07p01380.2	CVK99612	FOXG_08517P0	RKF83598	EDN96397
OG0001360	BLGH_02508-mRNA-1	Bcin07p06290.1	CVK97460, CVK99537	FOXG_04106P0, FOXG_08579P0	RKF65628	
OG0001361	BLGH_02526-mRNA-1	Bcin07p06360.1, Bcin07p06360.2, Bcin07p06360.3	CVK93555	FOXG_06273P0	RKF57867	
OG0001362	BLGH_02527-mRNA-1	Bcin07p01290.1, Bcin07p01290.2	CVK97327	FOXG_04178P0	RKF57113	EDN96960
OG0001363	BLGH_02533-mRNA-1	Bcin07p03560.1, Bcin07p03560.2	CVK93414	FOXG_06398P0	RKF73995	EDN96978
OG0001364	BLGH_02542-mRNA-1	Bcin15p03580.1, Bcin15p03580.2, Bcin15p03580.3	CVK93511	FOXG_06318P0	RKF75204	
OG0001365	BLGH_02592-mRNA-1	Bcin03p09000.1, Bcin03p09000.2, Bcin03p09000.3	CVK93436	FOXG_06384P0	RKF61453	
OG0001366	BLGH_00736-mRNA-1, BLGH_00749-mRNA-1	Bcin09p06630.1, Bcin09p06630.2	CVK91140	FOXG_03032P0	RKF83835	
OG0001367	BLGH_00744-mRNA-1	Bcin09p03900.1, Bcin09p03900.2	CVK91044	FOXG_03128P0	RKF58721	EDO02960
OG0001368	BLGH_00759-mRNA-1	Bcin09p04890.1, Bcin09p04890.2	CVK90590	FOXG_03414P0	RKF63655	EDO02555
OG0001369	BLGH_00763-mRNA-1	Bcin08p05650.1, Bcin09p01780.1	CVK99305	FOXG_08791P0	RKF75282	EDO02665
OG0001370	BLGH_00764-mRNA-1	Bcin09p01730.1	CVK90662	FOXG_03370P0	RKF75281	EDO01671, EDO02670
OG0001371	BLGH_00768-mRNA-1	Bcin09p04130.1	CVK90678	FOXG_03361P0	RKF53720, RKF56540	EDO02923
OG0001372	BLGH_00769-mRNA-1	Bcin09p04120.1	CVK90676	FOXG_03363P0	RKF53721, RKF56539	EDO02922
OG0001373	BLGH_00770-mRNA-1	Bcin09p04110.1	CVK90674	FOXG_03362P0	RKF53722, RKF56538	EDO02921
OG0001374	BLGH_00775-mRNA-1	Bcin09p04170.1	CVK91141, CVL08533	FOXG_02600P0	RKF58099	EDO02930
OG0001375	BLGH_00798-mRNA-1	Bcin13p02970.1, Bcin13p02970.2	CVK91168	FOXG_03006P0	RKF80319	EDN93690
OG0001376	BLGH_00801-mRNA-1	Bcin16p00690.1, Bcin16p00690.2	CVK93976	FOXG_05925P0	RKF84102	EDN99422
OG0001377	BLGH_00808-mRNA-1	Bcin02p08990.1, Bcin11p00550.1	CVL08406	FOXG_02544P0	RKF54375	EDO00540
OG0001378	BLGH_00815-mRNA-1	Bcin11p00350.1, Bcin11p00350.2	CVK93893	FOXG_05979P0	RKF58501	EDO00565
OG0001379	BLGH_00825-mRNA-1	Bcin08p00840.2, Bcin11p00340.1	CVK93895	FOXG_05978P0		EDO00564, EDO01123
OG0001380	BLGH_00839-mRNA-1	Bcin12p03170.1, Bcin12p03170.2	CVL00028	FOXG_08275P0	RKF81200	EDN92741
OG0001381	BLGH_00841-mRNA-1	Bcin12p03220.1, Bcin12p03220.2	CVK99920	FOXG_08339P0	RKF82915	EDN92733
OG0001382	BLGH_00868-mRNA-1	Bcin07p06190.1, Bcin11p01400.1	CVK83201	FOXG_00212P0	RKF59387	EDN96300
OG0001383	BLGH_00881-mRNA-1	Bcin01p10130.1, Bcin04p01660.1	CVK92978	FOXG_05532P0	RKF82614	EDO02089
OG0001384	BLGH_00914-mRNA-1	Bcin03p04750.1	CVK84157	FOXG_00788P0	RKF58455, RKF76880	EDN90973
OG0001385	BLGH_00922-mRNA-1	Bcin16p00290.1, Bcin16p00290.2	CVK93360	FOXG_06433P0	RKF65822	EDN99284
OG0001386	BLGH_00923-mRNA-1	Bcin10p04990.1, Bcin10p04990.2	CVK96893	FOXG_04435P0	RKF56126	EDO04558
OG0001387	BLGH_00930-mRNA-1	Bcin05p02190.1, Bcin05p02190.2	CVK89330	FOXG_01775P0	RKF56585	EDO03401
OG0001388	BLGH_00932-mRNA-1	Bcin05p01120.1, Bcin05p01120.2	CVK84159	FOXG_00789P0	RKF54793	EDO03481
OG0001389	BLGH_00955-mRNA-1	Bcin11p06000.1, Bcin11p06000.2	CVL02126	FOXG_10722P0	RKF73480	EDN96213
OG0001390	BLGH_00966-mRNA-1	Bcin01p06550.1, Bcin01p06550.2	CVK93386	FOXG_06416P0	RKF58365	EDO01586
OG0001391	BLGH_00977-mRNA-1	Bcin11p02610.1	CVL01513, CVL06799	FOXG_10282P0, FOXG_14604P0	RKF64640	
OG0001392	BLGH_01006-mRNA-1	Bcin05p05180.1, Bcin05p05180.2	CVK98305	FOXG_13760P0	RKF75148	EDN96077
OG0001393	BLGH_01053-mRNA-1	Bcin05p02930.1, Bcin05p02930.2	CVK87301	FOXG_07694P0	RKF53422	EDO03254
OG0001394	BLGH_01092-mRNA-1	Bcin05p06720.1	CVL01109	FOXG_09350P0, FOXG_09351P0	RKF60684	EDN96142
OG0001395	BLGH_01094-mRNA-1	Bcin05p06700.1, Bcin05p06700.2	CVL01106	FOXG_09348P0	RKF58762	EDN96144
OG0001396	BLGH_01100-mRNA-1	Bcin05p03440.1, Bcin05p03440.2	CVK88571	FOXG_02234P0	RKF53413	EDO03563
OG0001397	BLGH_01112-mRNA-1	Bcin07p00480.1, Bcin07p00480.2, Bcin07p00480.3	CVK89785	FOXG_01476P0		EDN95380
OG0001398	BLGH_01138-mRNA-1	Bcin05p05880.1, Bcin05p05880.2	CVK87487	FOXG_07605P0	RKF60769	EDN95998
OG0001399	BLGH_01158-mRNA-1	Bcin05p03770.1, Bcin05p03770.2	CVK87512	FOXG_07592P0	RKF82126	EDO03600
OG0001400	BLGH_01162-mRNA-1	Bcin09p04630.1, Bcin09p04630.2	CVK92488	FOXG_05158P0	RKF82001	EDO02532
OG0001401	BLGH_01207-mRNA-1	Bcin10p06030.1, Bcin10p06030.2	CVK88362	FOXG_02347P0	RKF80627	EDO04860
OG0001402	BLGH_01214-mRNA-1	Bcin10p03370.1	CVK88676	FOXG_02176P0	RKF60949, RKF66785	EDO04489
OG0001403	BLGH_01229-mRNA-1	Bcin10p03280.1, Bcin10p03280.2	CVK89225	FOXG_01842P0	RKF71445	EDO04478
OG0001404	BLGH_01233-mRNA-1	Bcin10p04240.1	CVL01928	FOXG_10549P0	RKF53614	EDN97663, EDN97664
OG0001405	BLGH_01238-mRNA-1	Bcin02p06720.1, Bcin02p06720.2	CVK86697	FOXG_08114P0	RKF53378	EDN95092
OG0001406	BLGH_01253-mRNA-1	Bcin02p06590.1	CVK86734	FOXG_08078P0, FOXG_17716P0	RKF58147	EDN95108
OG0001407	BLGH_01287-mRNA-1, BLGH_01288-mRNA-1	Bcin02p08300.1	CVK86679	FOXG_08132P0, FOXG_08133P0	RKF79886	
OG0001408	BLGH_01305-mRNA-1	Bcin02p08130.1, Bcin13p02520.1	CVK84057	FOXG_00724P0	RKF78604	EDN99534
OG0001409	BLGH_01329-mRNA-1	Bcin08p00850.1, Bcin15p00750.1	CVK86765	FOXG_08048P0	RKF83825	EDO01124
OG0001410	BLGH_03623-mRNA-1	Bcin12p05880.1	CVK99759	FOXG_08434P0	RKF54081	EDN98921, EDN98922
OG0001411	BLGH_03634-mRNA-1	Bcin12p06000.1, Bcin12p06000.2	CVK99763	FOXG_08431P0	RKF80846	EDN98927
OG0001412	BLGH_03647-mRNA-1	Bcin12p05060.1, Bcin12p05060.2	CVK93453	FOXG_06371P0	RKF75187	EDN92713
OG0001413	BLGH_03657-mRNA-1	Bcin09p01320.1	CVK92973, CVK96549	FOXG_05529P0	RKF83748	EDO02499
OG0001414	BLGH_03717-mRNA-1	Bcin12p03630.1, Bcin12p03630.2	CVL00814	FOXG_09172P0	RKF64714	EDN92510
OG0001415	BLGH_03746-mRNA-1	Bcin12p04570.1, Bcin12p04570.2	CVK99951	FOXG_08320P0	RKF64745	EDN92773
OG0001416	BLGH_03753-mRNA-1	Bcin12p04150.1, Bcin12p04150.2	CVK99787	FOXG_08421P0	RKF79912	EDN92652
OG0001417	BLGH_03762-mRNA-1	Bcin12p04180.1	CVL00925, CVL04149	FOXG_09238P0	RKF58593	EDN92656
OG0001418	BLGH_03772-mRNA-1	Bcin12p01280.1, Bcin12p01280.2	CVL00936	FOXG_09244P0	RKF50443	EDN92410
OG0001419	BLGH_03776-mRNA-1	Bcin12p01380.1, Bcin12p01380.2	CVL01786	FOXG_10443P0	RKF83779	EDN92402
OG0001420	BLGH_03779-mRNA-1	Bcin12p01510.1, Bcin12p01510.2	CVK99998	FOXG_08290P0	RKF83470	EDN92381
OG0001421	BLGH_03780-mRNA-1	Bcin12p01500.1, Bcin12p01500.2	CVK97354	FOXG_04161P0	RKF83471	EDN92382
OG0001422	BLGH_03820-mRNA-1	Bcin01p08430.1, Bcin01p08430.2	CVK94274	FOXG_05764P0	RKF83709	EDO02240
OG0001423	BLGH_03824-mRNA-1	Bcin06p00640.1	CVK86226	FOXG_13414P0, FOXG_16476P0	RKF65629	EDN93355
OG0001424	BLGH_03829-mRNA-1	Bcin01p00930.1, Bcin01p00930.2	CVL03228	FOXG_11307P0	RKF58882	EDN98155
OG0001425	BLGH_03837-mRNA-1	Bcin01p01210.1, Bcin01p01210.2	CVK84374	FOXG_00919P0	RKF81896	EDN98110
OG0001426	BLGH_03839-mRNA-1	Bcin01p06710.1	CVK83421, CVK91877	FOXG_00348P0	RKF53472	EDO01569
OG0001427	BLGH_03848-mRNA-1	Bcin01p02660.1	CVK99205, CVK99307	FOXG_08844P0	RKF54961	EDO02347
OG0001428	BLGH_03869-mRNA-1	Bcin16p00650.1, Bcin16p00650.2	CVK93971	FOXG_05929P0	RKF81853	EDN99424
OG0001429	BLGH_03888-mRNA-1	Bcin01p06620.1	CVK89402	FOXG_01731P0	RKF58416	EDO01575, EDO01576
OG0001430	BLGH_03902-mRNA-1, BLGH_03906-mRNA-1	Bcin01p10920.1	CVK83426	FOXG_00350P0	RKF58892, RKF71172	
OG0001431	BLGH_03908-mRNA-1	Bcin06p05310.1, Bcin06p05310.2	CVK89468	FOXG_01692P0	RKF55638	EDO00049
OG0001432	BLGH_03912-mRNA-1	Bcin01p10600.1	CVK89458, CVK91264, CVK91265	FOXG_01698P0	RKF54317	
OG0001433	BLGH_03918-mRNA-1	Bcin01p10470.1, Bcin01p10470.2, Bcin01p10470.3	CVK89464	FOXG_01694P0	RKF71176	
OG0001434	BLGH_03946-mRNA-1, BLGH_03955-mRNA-1, BLGH_03957-mRNA-1, BLGH_03959-mRNA-1, BLGH_03960-mRNA-1, BLGH_03961-mRNA-1, BLGH_03964-mRNA-1					
OG0001435	BLGH_03963-mRNA-1	Bcin04p05050.1, Bcin04p05050.2, Bcin04p05050.3	CVK84420	FOXG_00950P0	RKF62698	
OG0001436	BLGH_03967-mRNA-1	Bcin04p00120.1, Bcin04p00120.2	CVK98483	FOXG_13898P0	RKF59599	EDN92328
OG0001437	BLGH_03975-mRNA-1	Bcin04p00150.1, Bcin04p00150.2	CVL05670	FOXG_12775P0	RKF80564	EDN92323
OG0001438	BLGH_03976-mRNA-1	Bcin04p03320.1, Bcin04p03320.2	CVK98407	FOXG_13827P0	RKF80721	EDO01354
OG0001439	BLGH_03979-mRNA-1	Bcin14p02290.1, Bcin14p02290.2	CVK92703	FOXG_05360P0	RKF55940	EDN94324
OG0001440	BLGH_03983-mRNA-1	Bcin09p02800.1, Bcin09p02800.2	CVK84070	FOXG_00733P0	RKF58293	EDO02872
OG0001441	BLGH_03986-mRNA-1, BLGH_04016-mRNA-1	Bcin14p01950.1	CVK92716	FOXG_05368P0	RKF64623	EDN94377
OG0001442	BLGH_03993-mRNA-1	Bcin09p02850.1, Bcin09p02850.2	CVK84397	FOXG_00933P0	RKF62912	EDO02865
OG0001443	BLGH_04021-mRNA-1	Bcin02p06440.1, Bcin02p06440.2	CVK86661	FOXG_08151P0	RKF57489	EDN95129
OG0001444		Bcin03p04660.1, Bcin13p00030.1	CVL04430, CVL06152	FOXG_11420P0, FOXG_15359P0		EDN90988
OG0001445		Bcin02p09140.1, Bcin02p09140.2, Bcin04p00720.1, Bcin04p06420.1	CVK89251	FOXG_01824P0, FOXG_09128P0		
OG0001446		Bcin01p07270.1, Bcin11p03710.1	CVK83629, CVK91959	FOXG_00479P0, FOXG_04844P0		EDO01733
OG0001447		Bcin10p04630.1, Bcin13p00190.1	CVK88394, CVL04168	FOXG_02331P0, FOXG_12180P0		EDN97621
OG0001448		Bcin03p01330.1, Bcin07p05170.1, Bcin07p05170.2	CVK86819	FOXG_07998P0		EDN91356, EDN97157
OG0001449		Bcin11p00840.1, Bcin11p00850.1, Bcin11p00860.1, Bcin11p00870.1, Bcin11p00880.1, Bcin11p00890.1, Bcin11p00900.1				
OG0001450		Bcin10p04180.1	CVK95287, CVK96196, CVL08307	FOXG_02497P0, FOXG_09607P0, FOXG_10195P0		
OG0001451		Bcin02p06000.1	CVK86627	FOXG_03705P0, FOXG_06588P0, FOXG_06671P0, FOXG_07238P0		EDN95180
OG0001452		Bcin03p01520.1, Bcin03p01520.2, Bcin04p05700.1	CVK97388, CVL06840	FOXG_04143P0		EDN91330
OG0001453		Bcin01p05960.1, Bcin07p04020.1	CVK94930, CVL03651	FOXG_12023P0, FOXG_16509P0		EDN96250
OG0001454		Bcin02p04100.1, Bcin06p01510.1	CVL00705, CVL00961	FOXG_09262P0		EDN96492, EDN99767
OG0001455		Bcin03p06700.1, Bcin06p02670.1	CVL06777	FOXG_14589P0		EDN90719, EDO02539, EDO04718
OG0001456		Bcin07p04780.1	CVK83009, CVK95813, CVK97892	FOXG_00100P0, FOXG_05640P0, FOXG_09911P0		
OG0001457		Bcin02p00870.1, Bcin11p03830.1	CVK82991, CVL04426	FOXG_00091P0, FOXG_11417P0		EDN96619
OG0001458		Bcin04p05200.1, Bcin05p07930.1, Bcin05p07940.1, Bcin05p07950.1, Bcin05p07950.2, Bcin12p03070.1, Bcin12p03080.1				
OG0001459		Bcin04p03000.1	CVL05369, CVL09099, CVL09128	FOXG_06938P0, FOXG_12936P0		EDO01416
OG0001460		Bcin06p01450.1, Bcin13p00370.1	CVK83350, CVK92242, CVL03467	FOXG_00304P0		EDN99777
OG0001461		Bcin09p01870.1, Bcin09p06550.1, Bcin09p06550.2	CVK87257	FOXG_07719P0		EDO02656, EDO02672
OG0001462		Bcin01p04960.1	CVK91223, CVK91927, CVK97706	FOXG_02954P0, FOXG_04827P0		EDO01906
OG0001463		Bcin01p09190.1, Bcin02p09000.1, Bcin06p07470.1, Bcin13p01460.1, Bcin15p01540.1, Bcin16p02780.1				EDN99359
OG0001464		Bcin02p00550.1, Bcin02p04780.1, Bcin04p00090.1, Bcin04p04720.1, Bcin06p01860.1		FOXG_14772P0		EDN99733
OG0001465		Bcin13p05580.1	CVK96998, CVL05645	FOXG_04369P0, FOXG_07163P0, FOXG_12790P0		EDN98550
OG0001466		Bcin09p00250.1, Bcin11p04530.1	CVK92695	FOXG_05355P0, FOXG_16547P0	RKF83972	EDO02378
OG0001467		Bcin01p08390.1, Bcin13p02170.1	CVK94087, CVL08128	FOXG_05863P0, FOXG_13597P0		EDN99486
OG0001468		Bcin05p07540.1, Bcin14p03850.1	CVK84960, CVK98387	FOXG_11731P0, FOXG_13812P0		EDN94514
OG0001469		Bcin02p07600.1, Bcin14p00690.1	CVK98088	FOXG_13637P0, FOXG_14853P0		EDN91598, EDO03196
OG0001470		Bcin01p08330.1, Bcin04p01520.1	CVK98141, CVL03561	FOXG_11975P0, FOXG_13660P0	RKF54611	
OG0001471		Bcin12p04300.1	CVK84308, CVL07282	FOXG_12037P0, FOXG_15377P0, FOXG_17191P0		EDN92668
OG0001472		Bcin01p01370.1, Bcin03p04400.1, Bcin10p00020.1	CVL02893	FOXG_10872P0, FOXG_11121P0		EDO01647
OG0001473		Bcin01p03530.1, Bcin01p03530.2	CVK85611, CVK92026, CVK96690	FOXG_04576P0, FOXG_13080P0		
OG0001474		Bcin03p02800.1, Bcin13p00870.1	CVK98220, CVL02072	FOXG_10689P0, FOXG_13707P0		EDN91225
OG0001475		Bcin11p01100.1, Bcin11p01100.2, Bcin11p01100.3, Bcin11p01100.4	CVK86545	FOXG_03784P0		EDN96335
OG0001476		Bcin01p05770.1, Bcin02p00540.1	CVK94814, CVL02548	FOXG_10885P0, FOXG_17001P0		EDN96583
OG0001477		Bcin14p01650.1, Bcin14p01650.2, Bcin14p01650.3, Bcin14p01650.4	CVK99766	FOXG_08430P0		EDN91487
OG0001478		Bcin01p01260.1	CVK97629, CVL03963	FOXG_04625P0, FOXG_12207P0, FOXG_13448P0		EDN98102
OG0001479		Bcin03p01440.1, Bcin12p00950.1	CVK85627, CVK94624	FOXG_13111P0		EDN91343, EDN92345
OG0001480		Bcin01p04300.1	CVK86517, CVK95990, CVL03422	FOXG_03810P0	RKF62625	EDO01842
OG0001481		Bcin12p06410.1	CVK86061, CVK96765, CVL02285, CVL08336	FOXG_10804P0, FOXG_13326P0		
OG0001482		Bcin08p02680.1, Bcin08p02680.2, Bcin11p04730.1	CVK93582	FOXG_06245P0	RKF74622	EDO00852
OG0001483		Bcin04p01650.1, Bcin04p01650.2, Bcin04p01650.3	CVK92769, CVK92771, CVL08947	FOXG_05405P0		
OG0001484		Bcin02p01330.1, Bcin02p01330.2, Bcin09p00860.1, Bcin09p00860.2	CVL04442	FOXG_11426P0		EDN96839
OG0001485		Bcin03p06890.1, Bcin03p06890.2, Bcin13p00650.1	CVK94822, CVL01952	FOXG_10574P0		EDN90700
OG0001486		Bcin01p08880.2, Bcin01p08880.3, Bcin01p08890.1	CVK91205	FOXG_02970P0	RKF77374	EDO02114
OG0001487		Bcin06p02430.1	CVK97986, CVL03262, CVL06358	FOXG_11326P0, FOXG_15181P0		EDN99666
OG0001488		Bcin10p01740.1, Bcin13p05410.1, Bcin15p05050.1, Bcin15p05060.1, Bcin15p05060.2				EDN98586, EDO04775
OG0001489		Bcin01p08600.1	CVK98867, CVL00367	FOXG_08918P0, FOXG_08919P0, FOXG_08920P0		EDO02254
OG0001490		Bcin05p07100.1	CVK86942, CVL07934	FOXG_07919P0, FOXG_16707P0, FOXG_16774P0		EDN96098
OG0001491		Bcin05p07190.1	CVK85137, CVL00557, CVL05006	FOXG_09029P0, FOXG_11820P0		EDO03837
OG0001492		Bcin13p04820.1, Bcin16p00070.1	CVL04126	FOXG_08884P0, FOXG_12329P0		EDN98647, EDN99265
OG0001493		Bcin04p03800.1, Bcin15p04640.1	CVK84648, CVL04005	FOXG_12229P0, FOXG_12230P0		EDO01301
OG0001494		Bcin13p01870.1	CVK95076, CVK99499, CVL09176	FOXG_08619P0, FOXG_16604P0		EDN99321
OG0001495		Bcin03p08060.1, Bcin05p00250.1	CVL00082, CVL08484	FOXG_08242P0, FOXG_17551P0		EDO03176
OG0001496		Bcin01p03590.1, Bcin01p03590.2, Bcin01p03590.3	CVK83718	FOXG_00534P0	RKF59691	EDO01761
OG0001497		Bcin15p04680.1	CVK87657, CVK98347, CVL07919	FOXG_07513P0, FOXG_12084P0, FOXG_13785P0		
OG0001498		Bcin10p02740.1, Bcin10p02750.1	CVK83349, CVL08786	FOXG_00303P0, FOXG_17119P0		EDN97776
OG0001499		Bcin13p01160.1	CVK93850	FOXG_06009P0, FOXG_06590P0, FOXG_06669P0, FOXG_07236P0		EDN99399
OG0001500		Bcin02p00030.1	CVK87936, CVK90368, CVK96254, CVL07864	FOXG_03543P0, FOXG_10207P0		
OG0001501		Bcin02p09090.1, Bcin07p05460.1	CVK96809, CVL08648	FOXG_04473P0, FOXG_04811P0		EDN99260
OG0001502		Bcin04p00040.1, Bcin04p00040.2, Bcin12p01130.1	CVL03659	FOXG_12028P0		EDN92273, EDN92370
OG0001503		Bcin01p08000.1	CVK95002, CVK99259, CVL06232	FOXG_08819P0, FOXG_15319P0, FOXG_16562P0		
OG0001504		Bcin14p03980.1, Bcin14p03980.2, Bcin14p03980.3	CVK92800	FOXG_05423P0	RKF79753	EDN94477
OG0001505		Bcin02p04830.1	CVK90824, CVK91980, CVL03960	FOXG_03271P0, FOXG_04861P0		EDN95308
OG0001506		Bcin01p04270.1, Bcin02p07200.1, Bcin02p07200.2, Bcin10p04520.1	CVK97173	FOXG_04265P0		EDO01845
OG0001507		Bcin01p05950.1	CVK95313, CVK96205, CVK96230	FOXG_09622P0, FOXG_10220P0		EDO02016
OG0001508		Bcin09p03970.1, Bcin09p03970.2	CVK84996, CVK97684	FOXG_01378P0, FOXG_13495P0		EDO02947
OG0001509		Bcin01p00430.1, Bcin01p00430.2	CVK99973, CVL05076, CVL07549	FOXG_08304P0		EDN98218
OG0001510		Bcin05p04920.1, Bcin16p01570.1	CVK87388, CVK94619	FOXG_05579P0, FOXG_07664P0		EDO03750
OG0001511		Bcin09p02430.1, Bcin09p02430.2, Bcin09p02430.3, Bcin09p02430.4	CVK92574	FOXG_05246P0		EDO02912
OG0001512		Bcin05p02450.1, Bcin16p01040.1	CVK90376, CVL08358	FOXG_02520P0, FOXG_03539P0		EDO03360
OG0001513		Bcin13p01940.1	CVK94753, CVK97658, CVK97975	FOXG_13472P0, FOXG_17038P0		EDN99311
OG0001514		Bcin03p05550.1, Bcin04p03310.1	CVK92611, CVL06890	FOXG_05282P0		EDN90880, EDO01357
OG0001515		Bcin06p04290.1, Bcin07p06480.1	CVK84702, CVK84703	FOXG_01117P0, FOXG_01118P0		EDN99902
OG0001516		Bcin06p07120.1, Bcin08p06240.1	CVK87777, CVL03724	FOXG_07460P0, FOXG_12064P0		EDO00173
OG0001517		Bcin05p02080.1, Bcin05p05910.1, Bcin05p05910.2	CVK86099, CVL03688	FOXG_12045P0		EDO03335
OG0001518		Bcin05p00670.1	CVK86338, CVL06867	FOXG_03969P0, FOXG_14677P0	RKF65636	EDO03217
OG0001519		Bcin14p01580.1, Bcin16p05190.1	CVL02696, CVL08676	FOXG_04785P0, FOXG_11015P0		EDN91481
OG0001520		Bcin11p03760.1, Bcin12p02300.1	CVK91455, CVK94527	FOXG_02808P0, FOXG_17407P0		EDN92562
OG0001521		Bcin12p05680.1	CVL04139, CVL05025, CVL09171	FOXG_11808P0, FOXG_12341P0		EDN99219
OG0001522		Bcin05p06690.1, Bcin05p06690.2, Bcin05p06690.3, Bcin05p06690.4, Bcin05p06690.5, Bcin05p06690.6				EDN96145
OG0001523		Bcin03p06570.1	CVK93641, CVK94806	FOXG_06185P0, FOXG_16473P0, FOXG_16993P0		EDN90739
OG0001524		Bcin10p01070.1	CVK94523, CVK97241, CVL07084	FOXG_04225P0, FOXG_17409P0		EDO05012
OG0001525		Bcin16p03540.1, Bcin16p03540.2	CVK88275, CVK94627, CVK96089	FOXG_02401P0, FOXG_10143P0		
OG0001526		Bcin05p01570.1, Bcin05p01570.2, Bcin05p01570.3	CVL03028	FOXG_11192P0		EDO03427, EDO03428
OG0001527		Bcin01p02870.1, Bcin01p02870.2	CVK94999, CVL04813	FOXG_11687P0, FOXG_16560P0		EDO02319
OG0001528		Bcin07p03760.1	CVK96804, CVK97067, CVL03460, CVL06481	FOXG_04499P0, FOXG_11938P0		
OG0001529		Bcin08p03040.1	CVL02613, CVL03477, CVL04215, CVL09179	FOXG_12374P0		EDO03199
OG0001530		Bcin08p04410.1	CVK92069, CVK98741, CVK99475, CVL00695	FOXG_04901P0, FOXG_13799P0		
OG0001531		Bcin10p00740.1	CVK89723, CVK97065, CVK98960	FOXG_01536P0, FOXG_04328P0		EDO04712
OG0001532		Bcin01p03510.1, Bcin05p06630.1	CVK93057, CVK97656	FOXG_11378P0, FOXG_13470P0		EDN95370
OG0001533		Bcin07p04470.1, Bcin07p04470.2	CVK96026, CVL07288	FOXG_10089P0, FOXG_15573P0, FOXG_16032P0		
OG0001534		Bcin01p05840.2, Bcin01p05850.1, Bcin01p05850.3, Bcin01p05850.4, Bcin02p08760.1	CVK89063	FOXG_01941P0		
OG0001535		Bcin12p05220.1	CVK96123, CVL07936, CVL08079	FOXG_02694P0, FOXG_02768P0		EDN98964
OG0001536		Bcin02p08870.1, Bcin16p00670.1	CVK85792	FOXG_05073P0, FOXG_13184P0, FOXG_13382P0		EDN94536
OG0001537		Bcin14p04170.1	CVK90106, CVL06162, CVL06483	FOXG_05543P0	RKF77868	EDN94453
OG0001538		Bcin01p10160.1	CVK85042, CVK93973, CVL03507, CVL09295	FOXG_05927P0, FOXG_11971P0		
OG0001539		Bcin09p00480.1	CVK86090, CVK97951	FOXG_13339P0, FOXG_16426P0, FOXG_17334P0		EDO02409
OG0001540		Bcin01p03410.1, Bcin01p03410.2, Bcin01p03410.3, Bcin01p03410.4	CVK91447	FOXG_02813P0		EDO01675
OG0001541		Bcin04p03920.1	CVK84964	FOXG_01359P0		EDN94231, EDN97514, EDO00509, EDO01247
OG0001542		Bcin01p01300.1	CVK86579, CVK95640, CVL08972	FOXG_09798P0, FOXG_13568P0		EDN98099
OG0001543		Bcin01p04130.1	CVK88260, CVK94514, CVK98795, CVL02512	FOXG_02412P0		EDO01820
OG0001544		Bcin12p02060.1, Bcin12p02060.2, Bcin12p02060.3, Bcin12p02060.4	CVK93419	FOXG_06395P0		EDN92488
OG0001545		Bcin04p02250.1	CVK83081, CVK85872, CVL05305	FOXG_00141P0, FOXG_13224P0		EDO01446
OG0001546		Bcin12p01050.1, Bcin12p01050.2, Bcin12p01050.3	CVK85130, CVK99629	FOXG_08507P0		EDN92358
OG0001547		Bcin14p00070.1	CVK92351, CVK98078	FOXG_02526P0, FOXG_05066P0, FOXG_17492P0		EDO02057
OG0001548		Bcin08p02240.1, Bcin08p02240.2, Bcin08p02240.3, Bcin08p02240.4	CVK88347	FOXG_02353P0		EDO00899
OG0001549		Bcin06p04580.1	CVK95926, CVK98892, CVL05083	FOXG_10916P0, FOXG_11784P0, FOXG_15825P0		
OG0001550		Bcin10p01480.1	CVK85838, CVL03772	FOXG_12095P0, FOXG_13208P0, FOXG_17733P0		EDO05046
OG0001551		Bcin12p05420.1	CVK99947, CVL02566	FOXG_08322P0, FOXG_10903P0	RKF74867	EDN99251
OG0001552		Bcin05p07650.1, Bcin09p05790.1	CVK96755, CVL07604	FOXG_04517P0, FOXG_16862P0		EDO03064
OG0001553		Bcin05p00410.1	CVK94043	FOXG_05889P0, FOXG_12501P0, FOXG_14038P0, FOXG_14177P0		EDO03188
OG0001554		Bcin10p04810.1	CVL02869, CVL06418	FOXG_11111P0, FOXG_15219P0	RKF61578	EDN97596
OG0001555		Bcin01p04220.1, Bcin01p04220.2	CVK84483, CVK94617	FOXG_00989P0, FOXG_05578P0, FOXG_10122P0		
OG0001556		Bcin07p03290.1	CVL06105, CVL07999	FOXG_12893P0, FOXG_12977P0, FOXG_17350P0		EDN97024
OG0001557		Bcin01p06480.1	CVK89490, CVL07488, CVL07664, CVL08142	FOXG_01680P0		EDO01594
OG0001558		Bcin14p02870.1	CVK97620, CVL03501, CVL04471	FOXG_11444P0, FOXG_13442P0		EDN91516
OG0001559		Bcin07p01500.1, Bcin07p01500.2	CVK95765	FOXG_09873P0, FOXG_17144P0, FOXG_17614P0		EDN92337
OG0001560		Bcin11p01410.1, Bcin11p01410.2, Bcin11p01410.3, Bcin11p01410.4	CVK89713	FOXG_01545P0		EDN96296
OG0001561		Bcin01p01690.1	CVK84825, CVK99463, CVL02068	FOXG_01224P0, FOXG_08658P0		EDN98289
OG0001562			CVK84808, CVK84810, CVK84811, CVK84812, CVK84813	FOXG_01214P0, FOXG_01215P0		
OG0001563			CVK84959, CVK90276, CVL03464, CVL07560	FOXG_01234P0, FOXG_01353P0, FOXG_03594P0		
OG0001564			CVK85017, CVK92181, CVL05440, CVL05442, CVL08518, CVL08670	FOXG_04959P0		
OG0001565			CVK84802, CVL00276, CVL09152	FOXG_12545P0, FOXG_12595P0, FOXG_13996P0, FOXG_17080P0		
OG0001566			CVK86210, CVK89850, CVK95894	FOXG_01410P0, FOXG_01411P0, FOXG_09998P0, FOXG_13405P0		
OG0001567			CVK86194, CVK86195, CVK86572, CVL09106	FOXG_03757P0, FOXG_12448P0, FOXG_14089P0		
OG0001568			CVK85603, CVK86169, CVK96556, CVK99262	FOXG_02608P0, FOXG_08818P0, FOXG_13385P0		
OG0001569			CVK87918, CVK91354, CVL05393, CVL06206, CVL06208	FOXG_02847P0, FOXG_12924P0		
OG0001570			CVK87926, CVK93906, CVL08746	FOXG_05970P0, FOXG_07390P0, FOXG_13063P0		EDO02163
OG0001571			CVK86441, CVL03424	FOXG_03895P0, FOXG_04732P0, FOXG_08953P0, FOXG_14932P0, FOXG_15823P0		
OG0001572			CVK86094, CVK91884, CVK98847, CVL08013	FOXG_04714P0, FOXG_13342P0, FOXG_15805P0		
OG0001573			CVK87801, CVK98026, CVK98820, CVK99244, CVL00282, CVL05487, CVL07333			
OG0001574			CVK91214, CVK91320, CVK94750, CVK98857	FOXG_02871P0, FOXG_02965P0, FOXG_15808P0		
OG0001575			CVK91380, CVK95334, CVK96180, CVL05250	FOXG_09629P0, FOXG_10186P0, FOXG_17666P0		
OG0001576			CVK92008, CVK92386, CVK95954, CVK97521	FOXG_04064P0, FOXG_04874P0, FOXG_05103P0		
OG0001577			CVK93062, CVK93787, CVL02024, CVL02033	FOXG_06046P0, FOXG_10648P0, FOXG_10659P0		
OG0001578			CVK92263	FOXG_05006P0, FOXG_05589P0, FOXG_15920P0, FOXG_16512P0, FOXG_16709P0, FOXG_16776P0		
OG0001579			CVK92414	FOXG_06587P0, FOXG_06672P0, FOXG_07048P0, FOXG_07239P0, FOXG_16055P0, FOXG_17310P0		
OG0001580			CVK92438, CVK96766, CVK98730, CVL02147, CVL07179, CVL07507	FOXG_15758P0		
OG0001581			CVK93688, CVK97657, CVK99289, CVL07402	FOXG_06130P0, FOXG_08808P0, FOXG_13471P0		
OG0001582			CVK94916	FOXG_06555P0, FOXG_06707P0, FOXG_07271P0, FOXG_15601P0, FOXG_16056P0, FOXG_16501P0		
OG0001583			CVK95171, CVL01865, CVL02480	FOXG_09536P0, FOXG_10499P0, FOXG_10839P0, FOXG_17023P0		
OG0001584			CVK97055, CVL04785, CVL06908	FOXG_06490P0, FOXG_06772P0, FOXG_07334P0, FOXG_16360P0		
OG0001585			CVK97652, CVL00708, CVL03446	FOXG_09110P0, FOXG_11930P0, FOXG_13467P0, FOXG_15939P0		
OG0001586			CVL00357, CVL08413, CVL08781, CVL09147, CVL09338	FOXG_08923P0, FOXG_16803P0		
OG0001587			CVL02196, CVL04040, CVL04971, CVL04976, CVL06083	FOXG_10759P0		EDO00185
OG0001588			CVL03532	FOXG_06566P0, FOXG_06696P0, FOXG_07260P0, FOXG_11955P0, FOXG_15542P0, FOXG_16000P0		
OG0001589			CVL06927, CVL06929, CVL06930, CVL06931	FOXG_14664P0, FOXG_14709P0, FOXG_17288P0		
OG0001590			CVL08150	FOXG_07177P0, FOXG_12543P0, FOXG_12593P0, FOXG_13998P0, FOXG_15933P0, FOXG_17082P0		
OG0001591			CVL09388	FOXG_04692P0, FOXG_06528P0, FOXG_06738P0, FOXG_07297P0, FOXG_14885P0, FOXG_14941P0		
OG0001592				FOXG_06615P0, FOXG_06643P0, FOXG_06909P0, FOXG_07211P0, FOXG_14814P0, FOXG_16103P0, FOXG_16277P0		
OG0001593				FOXG_06556P0, FOXG_06706P0, FOXG_07270P0, FOXG_07391P0, FOXG_14904P0, FOXG_15602P0, FOXG_16057P0		
OG0001594				FOXG_12464P0, FOXG_12572P0, FOXG_12623P0, FOXG_13968P0, FOXG_14074P0, FOXG_16401P0, FOXG_17053P0		
OG0001595				FOXG_12442P0, FOXG_14095P0, FOXG_14228P0, FOXG_16399P0, FOXG_16411P0, FOXG_17271P0, FOXG_17274P0		
OG0001596				FOXG_02639P0, FOXG_07053P0, FOXG_12450P0, FOXG_14087P0, FOXG_14545P0, FOXG_14950P0, FOXG_14993P0		
OG0001597				FOXG_06851P0, FOXG_06946P0, FOXG_16161P0, FOXG_16219P0, FOXG_16459P0, FOXG_17463P0, FOXG_17643P0		
OG0001598				FOXG_06542P0, FOXG_06724P0, FOXG_07171P0, FOXG_07284P0, FOXG_14160P0, FOXG_14185P0, FOXG_16306P0		
OG0001599				FOXG_14142P0		EDN94321, EDN95960, EDN95961, EDN99469, EDN99571, EDN99964
OG0001600					RKF54022, RKF59357, RKF76723, RKF76989, RKF77309, RKF83718, RKF84184	
OG0001601					RKF66788, RKF71467, RKF72189, RKF72836, RKF80537, RKF82746, RKF83883	
OG0001602					RKF60870, RKF61753, RKF64021, RKF76013, RKF77204, RKF82442, RKF83871	
OG0001603					RKF58191, RKF58460, RKF59795, RKF78482, RKF82015, RKF82967, RKF82968	
OG0001604					RKF54796, RKF65301, RKF79187, RKF80348, RKF80349, RKF80350, RKF82594	
OG0001605					RKF57830, RKF63303, RKF65043, RKF66836, RKF74222, RKF82364, RKF82365	
OG0001606					RKF50441, RKF57776, RKF60663, RKF65060, RKF73642, RKF80929, RKF81423	
OG0001607	BLGH_06568-mRNA-1	Bcin13p02880.1	CVK98438	FOXG_13852P0	RKF82882	EDN93699
OG0001608	BLGH_06576-mRNA-1	Bcin13p05820.1	CVL03138	FOXG_11256P0	RKF79853	EDN98520
OG0001609	BLGH_06578-mRNA-1	Bcin13p05390.1, Bcin13p05390.2	CVK93666	FOXG_06155P0		EDN98578
OG0001610	BLGH_06580-mRNA-1	Bcin02p02030.1	CVL02859	FOXG_11105P0	RKF65174	EDN96908
OG0001611	BLGH_06592-mRNA-1	Bcin09p06510.1, Bcin09p06510.2	CVK87392	FOXG_07661P0	RKF82331	
OG0001612	BLGH_06602-mRNA-1	Bcin09p05800.1	CVK93581	FOXG_06246P0	RKF59483	EDO03063
OG0001613	BLGH_06604-mRNA-1	Bcin09p01930.1	CVK90318	FOXG_03569P0	RKF80156	EDO02650
OG0001614	BLGH_06608-mRNA-1	Bcin13p04400.1	CVK98533	FOXG_13947P0	RKF55888	EDN93739
OG0001615	BLGH_06609-mRNA-1	Bcin13p04390.1	CVK98536	FOXG_13950P0	RKF55887	EDN93738
OG0001616	BLGH_06610-mRNA-1	Bcin13p04380.1	CVK98537	FOXG_13951P0	RKF55886	EDN93737
OG0001617	BLGH_06612-mRNA-1	Bcin13p04280.1	CVK98530	FOXG_13945P0	RKF55884	EDN93719
OG0001618	BLGH_06613-mRNA-1	Bcin13p04270.1	CVK98529	FOXG_13943P0	RKF55885	EDN93718
OG0001619	BLGH_06616-mRNA-1	Bcin13p04220.1	CVK98534	FOXG_13948P0	RKF55883	EDN93713
OG0001620	BLGH_06617-mRNA-1	Bcin13p02450.1	CVK87226	FOXG_07738P0	RKF56268	EDN99526
OG0001621	BLGH_06619-mRNA-1	Bcin13p02430.1	CVK87219	FOXG_07743P0	RKF53604	EDN99524
OG0001622	BLGH_06621-mRNA-1	Bcin13p01050.1, Bcin13p01050.2	CVK98464	FOXG_13878P0		EDN99403
OG0001623	BLGH_06622-mRNA-1	Bcin13p01040.1	CVK98465	FOXG_13879P0	RKF76870	EDN99404
OG0001624	BLGH_06623-mRNA-1	Bcin13p01030.1	CVK98468	FOXG_13882P0	RKF72977	EDN99405
OG0001625	BLGH_06624-mRNA-1	Bcin13p01020.1	CVK98469	FOXG_13883P0	RKF72978	EDN99407
OG0001626	BLGH_06625-mRNA-1	Bcin13p01060.1	CVL05881	FOXG_12650P0	RKF72979	EDN99402
OG0001627	BLGH_06627-mRNA-1	Bcin13p04310.1	CVK98455	FOXG_13866P0	RKF55697	EDN93728
OG0001628	BLGH_00893-mRNA-1, BLGH_06630-mRNA-1, BLGH_06633-mRNA-1, BLGH_07018-mRNA-1, BLGH_07019-mRNA-1, BLGH_07020-mRNA-1					
OG0001629	BLGH_06631-mRNA-1	Bcin13p04260.1	CVK98471	FOXG_13885P0	RKF55699	EDN93717
OG0001630	BLGH_06632-mRNA-1	Bcin13p04300.1	CVK98470	FOXG_13884P0	RKF55698	EDN93727
OG0001631	BLGH_06883-mRNA-1	Bcin03p03240.1	CVK89760	FOXG_01502P0	RKF75340	EDN91276
OG0001632	BLGH_06884-mRNA-1	Bcin16p04680.1, Bcin16p04680.2	CVK88937	FOXG_02013P0	RKF83364	
OG0001633	BLGH_06891-mRNA-1	Bcin03p04230.1	CVL01875	FOXG_10505P0	RKF71346	EDN91031
OG0001634	BLGH_06902-mRNA-1	Bcin11p01980.1	CVK86597, CVL02529	FOXG_03735P0	RKF56518	
OG0001635	BLGH_06903-mRNA-1	Bcin13p04640.1	CVL04227	FOXG_12384P0	RKF56190	EDN98664
OG0001636	BLGH_06904-mRNA-1	Bcin13p04650.1	CVL05890	FOXG_12646P0	RKF56191	EDN98662
OG0001637	BLGH_06907-mRNA-1	Bcin01p03060.1	CVK90558	FOXG_03436P0	RKF65606	EDO02298
OG0001638	BLGH_06910-mRNA-1	Bcin13p04610.1	CVL01141	FOXG_09379P0	RKF53489	EDN98665
OG0001639	BLGH_04596-mRNA-1	Bcin07p02490.1	CVK83745	FOXG_00548P0, FOXG_15850P0	RKF79368	
OG0001640	BLGH_04599-mRNA-1	Bcin11p05710.1	CVK83761	FOXG_00557P0	RKF79293	EDN96348
OG0001641	BLGH_04609-mRNA-1	Bcin11p05560.1	CVK89025	FOXG_01961P0	RKF61195	EDN96370
OG0001642	BLGH_04610-mRNA-1	Bcin11p05570.1	CVK89024	FOXG_01962P0	RKF61196	EDN96369
OG0001643	BLGH_04617-mRNA-1	Bcin06p06260.1	CVK83999	FOXG_00689P0	RKF73427	EDO00387
OG0001644	BLGH_04618-mRNA-1	Bcin06p06270.1	CVK84001	FOXG_00690P0	RKF81447	EDO00386
OG0001645	BLGH_04635-mRNA-1	Bcin06p06340.1	CVK88964	FOXG_01997P0	RKF84118	EDO00414
OG0001646	BLGH_04636-mRNA-1	Bcin06p06330.1	CVK88963	FOXG_01998P0	RKF84117	EDO00413
OG0001647	BLGH_04637-mRNA-1	Bcin06p06320.1	CVK88961	FOXG_01999P0	RKF84115	EDO00412
OG0001648	BLGH_04642-mRNA-1	Bcin06p05680.1	CVK83361	FOXG_00314P0	RKF53404	EDO00104
OG0001649	BLGH_04646-mRNA-1	Bcin06p06360.1	CVK88971	FOXG_01993P0	RKF82796	EDO00416
OG0001650	BLGH_04647-mRNA-1	Bcin01p05250.1	CVK89425	FOXG_01717P0	RKF81734	EDO01944
OG0001651	BLGH_04649-mRNA-1	Bcin01p05230.1	CVK89431	FOXG_01714P0	RKF81736	EDO01942
OG0001652	BLGH_04650-mRNA-1	Bcin01p05220.1	CVK89433	FOXG_01713P0	RKF81737	EDO01941
OG0001653	BLGH_04651-mRNA-1	Bcin01p05210.1	CVK89434	FOXG_01712P0	RKF81738	EDO01940
OG0001654	BLGH_04653-mRNA-1	Bcin01p05270.1	CVK89422	FOXG_01719P0	RKF53344	EDO01946
OG0001655	BLGH_04654-mRNA-1	Bcin01p05200.1	CVK89436	FOXG_01711P0	RKF56588	EDO01939
OG0001656	BLGH_04655-mRNA-1	Bcin06p05770.1	CVK89417	FOXG_01721P0	RKF56589	EDO00111
OG0001657	BLGH_04656-mRNA-1	Bcin06p05760.1, Bcin06p05760.2	CVK89416	FOXG_01722P0		EDO00110
OG0001658	BLGH_04658-mRNA-1	Bcin06p05730.1	CVK83079	FOXG_00140P0	RKF82232	EDO00107
OG0001659	BLGH_04659-mRNA-1	Bcin01p08830.1, Bcin01p08830.2	CVK89483	FOXG_01685P0		EDO02105
OG0001660	BLGH_04663-mRNA-1	Bcin01p08850.1	CVK99478	FOXG_08645P0	RKF83512	EDO02109
OG0001661	BLGH_04672-mRNA-1	Bcin07p04760.1, Bcin07p04760.2	CVK83419	FOXG_00347P0	RKF53274	
OG0001662	BLGH_04678-mRNA-1	Bcin06p03280.1	CVK83848	FOXG_00605P0	RKF83389	EDO00044
OG0001663	BLGH_04679-mRNA-1	Bcin06p03290.1	CVK83846	FOXG_00604P0	RKF83388	EDO00043
OG0001664	BLGH_04680-mRNA-1	Bcin06p03300.1	CVK83845	FOXG_00603P0	RKF83390	EDO00041
OG0001665	BLGH_04681-mRNA-1	Bcin01p06520.1	CVK83680	FOXG_00507P0	RKF58937	EDO01590
OG0001666	BLGH_04683-mRNA-1	Bcin01p03690.1	CVK83068	FOXG_00134P0	RKF71487	EDO01771
OG0001667	BLGH_04685-mRNA-1	Bcin01p03750.1	CVK83071	FOXG_00136P0	RKF80960	EDO01780
OG0001668	BLGH_04686-mRNA-1	Bcin01p03820.1	CVK83069	FOXG_00135P0	RKF80766	EDO01789
OG0001669	BLGH_04687-mRNA-1	Bcin01p05460.1	CVK83143	FOXG_00176P0	RKF80763	EDO01969
OG0001670	BLGH_04689-mRNA-1	Bcin01p05440.1	CVK89246	FOXG_01828P0	RKF80765	EDO01966
OG0001671	BLGH_04700-mRNA-1	Bcin06p06550.1	CVK89371	FOXG_01751P0	RKF71464	EDO00235
OG0001672	BLGH_04701-mRNA-1	Bcin06p06570.1	CVK89363	FOXG_01757P0	RKF82221	EDO00233
OG0001673	BLGH_04702-mRNA-1	Bcin06p06560.1	CVK89369	FOXG_01752P0	RKF82220	EDO00234
OG0001674	BLGH_04734-mRNA-1	Bcin12p03290.1	CVK93500	FOXG_06330P0	RKF54582	EDN92756
OG0001675	BLGH_04736-mRNA-1	Bcin08p04240.1	CVK87035	FOXG_07862P0	RKF66865	EDO00662
OG0001676	BLGH_04738-mRNA-1	Bcin14p00200.1	CVK98274	FOXG_13742P0	RKF62699	EDN91657
OG0001677	BLGH_04739-mRNA-1	Bcin07p00450.1	CVK87204	FOXG_07753P0	RKF64625	EDN95385
OG0001678	BLGH_04744-mRNA-1	Bcin13p05090.1	CVL03128	FOXG_11250P0	RKF56514	EDN98615
OG0001679	BLGH_04745-mRNA-1	Bcin13p05080.1	CVL03130	FOXG_11251P0	RKF79727	EDN98616
OG0001680	BLGH_04748-mRNA-1	Bcin09p03710.1	CVK99768	FOXG_08429P0	RKF79776	EDO02823
OG0001681	BLGH_04749-mRNA-1	Bcin13p02730.1	CVK90863	FOXG_03249P0	RKF83027	EDN99554
OG0001682	BLGH_04752-mRNA-1	Bcin11p05660.1	CVK83750	FOXG_00551P0	RKF59732	EDN96356
OG0001683	BLGH_04753-mRNA-1	Bcin08p03990.1	CVK93704	FOXG_06111P0	RKF56008	EDO00685
OG0001684	BLGH_04758-mRNA-1	Bcin13p02050.1	CVK93954	FOXG_05940P0	RKF81153	EDN99474
OG0001685	BLGH_04762-mRNA-1	Bcin01p06800.1	CVL03046	FOXG_11204P0	RKF65005	EDO01621
OG0001686	BLGH_04768-mRNA-1	Bcin01p00650.1	CVK93422	FOXG_06393P0	RKF73299	EDN98195
OG0001687	BLGH_04770-mRNA-1	Bcin04p01860.1	CVK92080	FOXG_04906P0	RKF64690	EDO01488
OG0001688	BLGH_04772-mRNA-1	Bcin02p04110.1	CVL00989	FOXG_09277P0	RKF56671	EDN96491
OG0001689	BLGH_04773-mRNA-1	Bcin02p04010.1	CVK83448	FOXG_00364P0	RKF56670	EDN96505
OG0001690	BLGH_04780-mRNA-1	Bcin01p08010.1	CVK91243	FOXG_02932P0	RKF65738	EDO02173
OG0001691	BLGH_04787-mRNA-1	Bcin06p01970.1	CVK93521	FOXG_06309P0	RKF64440	EDN99719
OG0001692	BLGH_04789-mRNA-1	Bcin12p06240.1	CVK99980	FOXG_08300P0	RKF53590	EDN98887
OG0001693	BLGH_04797-mRNA-1	Bcin06p06980.1	CVK99517	FOXG_08600P0	RKF83974	EDO00188
OG0001694	BLGH_04799-mRNA-1	Bcin10p04850.1	CVK96880	FOXG_04443P0	RKF53899	EDN97592
OG0001695	BLGH_04800-mRNA-1	Bcin10p02880.1	CVK96931	FOXG_04411P0	RKF53898	EDN97793
OG0001696	BLGH_04801-mRNA-1	Bcin10p02870.1	CVK96932	FOXG_04410P0	RKF57331	EDN97792
OG0001697	BLGH_04802-mRNA-1	Bcin04p01850.1	CVK92076	FOXG_04905P0	RKF54771	EDO01489
OG0001698	BLGH_04803-mRNA-1	Bcin14p04660.1	CVK86800	FOXG_08013P0	RKF81941	EDN94612
OG0001699	BLGH_04805-mRNA-1	Bcin05p06890.1	CVK84546	FOXG_01026P0	RKF71484	EDN96124
OG0001700	BLGH_04806-mRNA-1	Bcin13p01720.1	CVL00183	FOXG_08179P0	RKF74922	EDN99339
OG0001701	BLGH_04807-mRNA-1	Bcin13p03490.1	CVK90593	FOXG_03412P0	RKF54044	EDN93619
OG0001702	BLGH_04808-mRNA-1	Bcin06p03550.1	CVK90670	FOXG_03366P0	RKF56013	EDN99812
OG0001703	BLGH_04809-mRNA-1	Bcin06p00440.1	CVK84479	FOXG_00987P0	RKF56012	EDN93387
OG0001704	BLGH_04813-mRNA-1	Bcin03p09290.1, Bcin03p09290.2	CVK89628	FOXG_01599P0	RKF57676	
OG0001705	BLGH_04819-mRNA-1	Bcin01p00190.1	CVK84373	FOXG_00918P0	RKF77564	EDN98253
OG0001706	BLGH_04820-mRNA-1	Bcin16p00160.1	CVK91156	FOXG_03017P0	RKF57514	EDN99272
OG0001707	BLGH_05031-mRNA-1	Bcin14p03050.1	CVK92532	FOXG_05206P0	RKF78021	EDN91493
OG0001708	BLGH_05032-mRNA-1	Bcin14p03040.1	CVK92677	FOXG_05345P0	RKF78020	EDN91494
OG0001709	BLGH_05033-mRNA-1	Bcin14p00530.1	CVK92898	FOXG_05483P0	RKF62575	EDN91610
OG0001710	BLGH_05034-mRNA-1	Bcin14p03380.1	CVK92969	FOXG_05527P0	RKF60977	EDN94551
OG0001711	BLGH_05035-mRNA-1	Bcin14p03390.1	CVK92511	FOXG_05182P0	RKF58783	EDN94550
OG0001712	BLGH_05039-mRNA-1	Bcin14p03400.1	CVK92598	FOXG_05269P0	RKF54039	EDN94546
OG0001713	BLGH_05042-mRNA-1	Bcin14p00330.1	CVK92371	FOXG_05088P0	RKF58157	EDN91644
OG0001714	BLGH_05043-mRNA-1	Bcin14p00680.1	CVL01979	FOXG_10607P0	RKF80183	EDN91599
OG0001715	BLGH_05045-mRNA-1	Bcin14p03510.1	CVK92851	FOXG_05454P0	RKF81251	EDN94533
OG0001716	BLGH_05047-mRNA-1	Bcin14p03540.1	CVL05873	FOXG_12655P0	RKF57041	EDN94530
OG0001717	BLGH_05049-mRNA-1	Bcin14p03370.1	CVK92971	FOXG_05528P0	RKF76827	EDN94552
OG0001718	BLGH_05050-mRNA-1	Bcin14p00960.1	CVK98472	FOXG_13886P0	RKF76828	EDN94277
OG0001719	BLGH_05051-mRNA-1	Bcin14p00470.1	CVL01966	FOXG_10590P0	RKF80486	EDN91619
OG0001720	BLGH_05052-mRNA-1	Bcin14p00460.1	CVL01967	FOXG_10591P0	RKF80485	EDN91620
OG0001721	BLGH_05056-mRNA-1	Bcin09p00070.1	CVK92558	FOXG_05230P0	RKF82852	EDO02357
OG0001722	BLGH_05058-mRNA-1	Bcin14p01180.1	CVK92633	FOXG_05308P0	RKF81453	EDN94241
OG0001723	BLGH_05059-mRNA-1	Bcin14p04490.1	CVL01969	FOXG_10593P0	RKF82046	EDN94588
OG0001724	BLGH_05062-mRNA-1	Bcin14p03360.1	CVK92588	FOXG_05259P0	RKF81363	EDN94555
OG0001725	BLGH_05066-mRNA-1	Bcin14p01460.1	CVL02029	FOXG_10654P0	RKF74649	EDN91462
OG0001726	BLGH_05067-mRNA-1	Bcin14p02960.1	CVK92656	FOXG_05330P0	RKF63609	EDN91505
OG0001727	BLGH_05068-mRNA-1	Bcin14p02620.1	CVK92753	FOXG_05393P0	RKF82202	EDN91560
OG0001728	BLGH_05069-mRNA-1	Bcin14p02610.1	CVK92752	FOXG_05392P0	RKF82203	EDN91559
OG0001729	BLGH_05070-mRNA-1	Bcin03p03860.1	CVK98578	FOXG_15661P0	RKF82204	EDN91071
OG0001730	BLGH_05071-mRNA-1	Bcin16p00500.1	CVK90982	FOXG_03172P0	RKF58462	EDN99441
OG0001731	BLGH_05072-mRNA-1	Bcin14p02640.1, Bcin14p02640.2	CVK92549	FOXG_05221P0		EDN91555
OG0001732	BLGH_05073-mRNA-1	Bcin14p02540.1	CVL02001	FOXG_10627P0	RKF78041	EDN91567
OG0001733	BLGH_05074-mRNA-1	Bcin14p02550.1	CVL02002	FOXG_10628P0	RKF78040	EDN91566
OG0001734	BLGH_05082-mRNA-1	Bcin14p02330.1	CVK92509	FOXG_05180P0	RKF56429	EDN91592
OG0001735	BLGH_05085-mRNA-1	Bcin14p01610.1	CVL02015	FOXG_10640P0	RKF77389	EDN91484
OG0001736	BLGH_05087-mRNA-1	Bcin14p01590.1	CVL02013	FOXG_10639P0	RKF77391	EDN91482
OG0001737	BLGH_05095-mRNA-1	Bcin14p05090.1	CVK94516, CVL02940	FOXG_11146P0	RKF55194	
OG0001738	BLGH_05098-mRNA-1	Bcin14p05150.1, Bcin14p05150.2	CVK87214	FOXG_17763P0	RKF77260	
OG0001739	BLGH_05106-mRNA-1	Bcin14p04390.1	CVK84065	FOXG_00729P0	RKF75124	EDN94428
OG0001740	BLGH_05107-mRNA-1	Bcin02p01910.1	CVK89287	FOXG_01801P0	RKF72947	EDN96897
OG0001741	BLGH_05108-mRNA-1	Bcin14p04380.1	CVK84067	FOXG_00731P0	RKF80179	EDN94429
OG0001742	BLGH_05109-mRNA-1	Bcin14p03890.1	CVK98393	FOXG_13817P0	RKF57953	EDN94497
OG0001743	BLGH_05110-mRNA-1	Bcin14p03790.1	CVK98398	FOXG_13821P0	RKF57954	EDN94508
OG0001744	BLGH_05111-mRNA-1	Bcin14p03800.1	CVK98400	FOXG_13822P0	RKF57926	EDN94509
OG0001745	BLGH_05112-mRNA-1	Bcin14p04340.1	CVK86773	FOXG_08041P0	RKF82255	EDN94431
OG0001746	BLGH_05114-mRNA-1	Bcin14p03010.1	CVK90079	FOXG_05557P0	RKF53345	EDN91497
OG0001747	BLGH_05116-mRNA-1	Bcin14p02990.1	CVK90081	FOXG_05556P0	RKF83878	EDN91498
OG0001748	BLGH_05119-mRNA-1	Bcin14p03840.1	CVK98404	FOXG_13825P0	RKF80777	EDN94513
OG0001749	BLGH_05120-mRNA-1	Bcin14p03830.1	CVK98403	FOXG_13824P0	RKF80778	EDN94512
OG0001750	BLGH_05121-mRNA-1	Bcin14p03820.1	CVK98402	FOXG_13823P0	RKF80779	EDN94511
OG0001751	BLGH_05123-mRNA-1	Bcin14p02480.1	CVK92273	FOXG_05012P0	RKF53816	EDN91573
OG0001752	BLGH_05125-mRNA-1	Bcin14p02850.1	CVK86776	FOXG_08039P0	RKF77059	EDN91523
OG0001753	BLGH_05126-mRNA-1	Bcin14p02830.1	CVK86774	FOXG_08040P0	RKF82256	EDN91522
OG0001754	BLGH_01082-mRNA-1, BLGH_01491-mRNA-1, BLGH_01505-mRNA-1, BLGH_02965-mRNA-1, BLGH_05127-mRNA-1				RKF83859	
OG0001755	BLGH_05128-mRNA-1	Bcin14p01440.1	CVK92530	FOXG_05204P0	RKF55160	EDN91464
OG0001756	BLGH_05129-mRNA-1	Bcin14p04060.1	CVK92470	FOXG_05139P0	RKF81409	EDN94469
OG0001757	BLGH_05130-mRNA-1	Bcin14p04050.1	CVK92341	FOXG_05059P0	RKF81408	EDN94470
OG0001758	BLGH_05132-mRNA-1	Bcin14p00830.1	CVL05574	FOXG_12829P0	RKF83536	EDN94296
OG0001759	BLGH_05133-mRNA-1	Bcin14p00820.1	CVL05570	FOXG_12830P0	RKF56777	EDN94298
OG0001760	BLGH_05137-mRNA-1	Bcin14p00370.1	CVL02974	FOXG_11165P0	RKF60442	EDN91635
OG0001761	BLGH_05138-mRNA-1	Bcin14p00730.1, Bcin14p00730.2	CVL02968	FOXG_11161P0		EDN94317
OG0001762	BLGH_05139-mRNA-1	Bcin14p00720.1	CVL02966	FOXG_11160P0	RKF82735	EDN91594
OG0001763	BLGH_05140-mRNA-1	Bcin14p00710.1	CVL02965	FOXG_11159P0	RKF82734	EDN91595
OG0001764	BLGH_05149-mRNA-1	Bcin14p02360.1	CVK88233	FOXG_02436P0	RKF82761	EDN91587
OG0001765	BLGH_05153-mRNA-1	Bcin14p04690.1	CVL05606	FOXG_12812P0	RKF80762	EDN94622
OG0001766	BLGH_05155-mRNA-1	Bcin14p04800.1	CVK86793	FOXG_08021P0	RKF84004	EDN94639
OG0001767	BLGH_05157-mRNA-1	Bcin14p04640.1	CVK86798	FOXG_08015P0	RKF65819	EDN94614
OG0001768	BLGH_05160-mRNA-1	Bcin14p04590.1	CVK86795	FOXG_08019P0	RKF65816	EDN94619
OG0001769	BLGH_05161-mRNA-1	Bcin14p04600.1	CVK86796	FOXG_08018P0	RKF65817	EDN94618
OG0001770	BLGH_05162-mRNA-1	Bcin14p04820.1	CVK86791	FOXG_08023P0	RKF84006	EDN94642
OG0001771	BLGH_05163-mRNA-1	Bcin14p04650.1	CVK86799	FOXG_08014P0	RKF65820	EDN94613
OG0001772	BLGH_05166-mRNA-1	Bcin14p04700.1	CVL05610	FOXG_12811P0	RKF80760	EDN94624
OG0001773	BLGH_05167-mRNA-1	Bcin14p04710.1	CVL05611	FOXG_12810P0	RKF80759	EDN94626
OG0001774	BLGH_05168-mRNA-1	Bcin14p02270.1	CVL05599	FOXG_12816P0	RKF80758	EDN94326
OG0001775	BLGH_05169-mRNA-1	Bcin14p02260.1	CVL05598	FOXG_12817P0	RKF80757	EDN94327
OG0001776	BLGH_05171-mRNA-1	Bcin14p02370.1	CVL05601	FOXG_12815P0	RKF54124	EDN91586
OG0001777	BLGH_05172-mRNA-1	Bcin14p02380.1	CVL05602	FOXG_12814P0	RKF82764	EDN91585
OG0001778	BLGH_05173-mRNA-1	Bcin14p02390.1	CVL05604	FOXG_12813P0	RKF82763	EDN91584
OG0001779	BLGH_05174-mRNA-1	Bcin14p02230.1	CVK87269	FOXG_07711P0	RKF57719	EDN94332
OG0001780	BLGH_05175-mRNA-1	Bcin14p02240.1	CVL05697	FOXG_12761P0	RKF57290	EDN94331
OG0001781	BLGH_05176-mRNA-1	Bcin14p02220.1	CVL02993	FOXG_11175P0	RKF83278	EDN94333
OG0001782	BLGH_05178-mRNA-1	Bcin14p02200.1	CVL02989	FOXG_11174P0	RKF78125	EDN94335
OG0001783	BLGH_05180-mRNA-1	Bcin14p02180.1	CVL02985	FOXG_11172P0	RKF57718	EDN94337
OG0001784	BLGH_05181-mRNA-1	Bcin14p02170.1	CVK88308	FOXG_02377P0	RKF57717	EDN94338
OG0001785	BLGH_05182-mRNA-1	Bcin14p02160.1	CVL02983	FOXG_11171P0	RKF57716	EDN94339
OG0001786	BLGH_05183-mRNA-1	Bcin14p02150.1	CVL02982	FOXG_11170P0	RKF57714	EDN94340
OG0001787	BLGH_05185-mRNA-1	Bcin14p02140.1	CVL02980	FOXG_11169P0	RKF57715	EDN94341
OG0001788	BLGH_05188-mRNA-1	Bcin14p02090.1	CVK92628	FOXG_05301P0	RKF79028	EDN94351
OG0001789	BLGH_05190-mRNA-1	Bcin14p02110.1	CVK92630	FOXG_05305P0	RKF84074	EDN94345
OG0001790	BLGH_05192-mRNA-1	Bcin14p04750.1	CVK84457	FOXG_00971P0	RKF84072	EDN94632
OG0001791	BLGH_05194-mRNA-1	Bcin14p04770.1	CVK84189	FOXG_00804P0	RKF84071	EDN94636
OG0001792	BLGH_05196-mRNA-1	Bcin14p04730.1	CVK84453	FOXG_00967P0	RKF84070	EDN94628
OG0001793	BLGH_05197-mRNA-1	Bcin14p04790.1	CVK84186	FOXG_00802P0	RKF82205	EDN94638
OG0001794	BLGH_05200-mRNA-1	Bcin14p01900.1	CVK92688	FOXG_05352P0	RKF54863	EDN94384
OG0001795	BLGH_05203-mRNA-1	Bcin14p02010.1	CVK92693	FOXG_05354P0	RKF81885	EDN94367
OG0001796	BLGH_05204-mRNA-1	Bcin14p02020.1	CVK92690	FOXG_05353P0	RKF65876	EDN94366
OG0001797	BLGH_05209-mRNA-1	Bcin14p01970.1	CVK92333	FOXG_05054P0	RKF80075	EDN94375
OG0001798	BLGH_05210-mRNA-1	Bcin14p01980.1	CVK92685	FOXG_05349P0	RKF80076	EDN94373
OG0001799	BLGH_05217-mRNA-1	Bcin02p06030.1	CVK86612	FOXG_03719P0	RKF79298	EDN95165
OG0001800	BLGH_05218-mRNA-1	Bcin02p06020.1	CVK86613	FOXG_03718P0	RKF77936	EDN95166
OG0001801	BLGH_06861-mRNA-1	Bcin07p04290.1, Bcin07p04290.2	CVK97357	FOXG_04159P0	RKF58357	
OG0001802	BLGH_00001-mRNA-1	Bcin13p04350.1	CVL01619	FOXG_10347P0	RKF56605	EDN93735
OG0001803	BLGH_00002-mRNA-1	Bcin04p01720.1	CVK92133	FOXG_04937P0	RKF51411	EDO01508
OG0001804	BLGH_00003-mRNA-1	Bcin04p02160.1	CVL02752	FOXG_11050P0	RKF83338	EDO01456
OG0001805	BLGH_00004-mRNA-1	Bcin04p02150.1	CVL02754	FOXG_11051P0	RKF83918	EDO01457
OG0001806	BLGH_00005-mRNA-1	Bcin04p02140.1	CVL02756	FOXG_11052P0	RKF83919	EDO01458
OG0001807	BLGH_00006-mRNA-1	Bcin04p02130.1	CVL02746	FOXG_11047P0	RKF83917	EDO01459
OG0001808	BLGH_00007-mRNA-1	Bcin04p01750.1	CVK92082	FOXG_04907P0	RKF71139	EDO01503
OG0001809	BLGH_00008-mRNA-1	Bcin04p06660.1, Bcin04p06660.2	CVL02852	FOXG_11101P0	RKF71138	
OG0001810	BLGH_00010-mRNA-1	Bcin04p02890.1	CVK98526	FOXG_13939P0	RKF72589	EDO01406
OG0001811	BLGH_00022-mRNA-1	Bcin04p03400.1	CVK92725	FOXG_05373P0	RKF80234	EDO01341
OG0001812	BLGH_00035-mRNA-1	Bcin05p01380.1	CVK84210	FOXG_00901P0	RKF77896	EDO03451
OG0001813	BLGH_00037-mRNA-1	Bcin04p02110.1	CVL02728	FOXG_11037P0	RKF66874	EDO01463
OG0001814	BLGH_00038-mRNA-1	Bcin04p02120.1	CVL02730	FOXG_11036P0	RKF66873	EDO01462
OG0001815	BLGH_00040-mRNA-1	Bcin04p03450.1	CVK92813	FOXG_05430P0	RKF78761	EDO01346
OG0001816	BLGH_00041-mRNA-1	Bcin04p03440.1	CVK92812	FOXG_05429P0	RKF78762	EDO01345
OG0001817	BLGH_00042-mRNA-1	Bcin04p02100.1	CVL02809	FOXG_11082P0	RKF78763	EDO01464
OG0001818	BLGH_00048-mRNA-1	Bcin04p05480.1, Bcin04p05480.2	CVK92565	FOXG_05236P0	RKF61826	
OG0001819	BLGH_00050-mRNA-1	Bcin04p05360.1	CVK84412, CVL02637	FOXG_00944P0	RKF81729	
OG0001820	BLGH_00065-mRNA-1	Bcin04p00600.1	CVK92366	FOXG_05083P0	RKF82509	EDO01242
OG0001821	BLGH_00066-mRNA-1	Bcin04p00580.1	CVK92369	FOXG_05086P0	RKF82508	EDO01244
OG0001822	BLGH_00067-mRNA-1	Bcin04p01770.1	CVL05627	FOXG_12800P0	RKF54736	EDO01501
OG0001823	BLGH_00068-mRNA-1	Bcin04p01760.1	CVL05629	FOXG_12799P0	RKF54737	EDO01502
OG0001824	BLGH_00069-mRNA-1	Bcin04p02810.1	CVK92278	FOXG_05015P0	RKF54738	EDO01398
OG0001825	BLGH_00071-mRNA-1	Bcin04p05860.1, Bcin04p05860.2, Bcin09p06520.1	CVK90173	FOXG_03653P0		
OG0001826	BLGH_00073-mRNA-1	Bcin04p00330.1	CVK92774	FOXG_05406P0	RKF78074	EDN92303
OG0001827	BLGH_00077-mRNA-1	Bcin04p00450.1	CVK92519	FOXG_05190P0	RKF54281	EDO01234
OG0001828	BLGH_00078-mRNA-1	Bcin04p00440.1	CVK92518	FOXG_05189P0	RKF74446	EDO01232
OG0001829	BLGH_00080-mRNA-1	Bcin04p00370.1	CVK92875	FOXG_05469P0	RKF74447	EDO01223
OG0001830	BLGH_00081-mRNA-1	Bcin04p00380.1	CVK92876	FOXG_05470P0	RKF74448	EDO01225
OG0001831	BLGH_00082-mRNA-1	Bcin04p00390.1	CVK92877	FOXG_05471P0	RKF74449	EDO01226
OG0001832	BLGH_00083-mRNA-1	Bcin04p00400.1	CVK92879	FOXG_05472P0	RKF60066	EDO01227
OG0001833	BLGH_00084-mRNA-1	Bcin04p00410.1, Bcin14p05000.1	CVK92881	FOXG_05473P0		EDO01229
OG0001834	BLGH_00092-mRNA-1	Bcin04p03020.1	CVK98428	FOXG_13842P0	RKF58933	EDO01418
OG0001835	BLGH_00093-mRNA-1	Bcin04p00560.1	CVK92391	FOXG_05109P0	RKF58934	EDO01254
OG0001836	BLGH_00094-mRNA-1	Bcin04p00570.1	CVK92392	FOXG_05110P0	RKF80287	EDO01245
OG0001837	BLGH_00103-mRNA-1	Bcin04p03190.1	CVK92653	FOXG_05327P0	RKF71216	EDO01376
OG0001838	BLGH_00107-mRNA-1	Bcin04p02800.1	CVK92561	FOXG_05233P0	RKF54052	EDO01397
OG0001839	BLGH_00112-mRNA-1	Bcin09p03180.1	CVK92500	FOXG_05171P0	RKF56398	EDO02749
OG0001840	BLGH_00113-mRNA-1	Bcin09p03150.1	CVK92503	FOXG_05174P0	RKF63499	EDO02752
OG0001841	BLGH_00115-mRNA-1	Bcin09p03050.1	CVK92520	FOXG_05191P0	RKF57741	EDO02743
OG0001842	BLGH_00118-mRNA-1	Bcin09p03020.1	CVK92726	FOXG_05374P0	RKF57743	EDO02739
OG0001843	BLGH_00119-mRNA-1	Bcin09p03030.1	CVK92967	FOXG_05526P0	RKF57744	EDO02740
OG0001844	BLGH_00122-mRNA-1	Bcin09p01080.1	CVK92682	FOXG_05348P0	RKF65954	EDO02465
OG0001845	BLGH_00124-mRNA-1	Bcin09p05310.1	CVK92680	FOXG_05347P0	RKF80948	EDO02990
OG0001846	BLGH_00129-mRNA-1	Bcin09p03160.1	CVK92502	FOXG_05173P0	RKF56397	EDO02751
OG0001847	BLGH_00131-mRNA-1	Bcin09p01000.1	CVK92579	FOXG_05251P0	RKF74575	EDO02450
OG0001848	BLGH_00132-mRNA-1	Bcin09p00990.1	CVK92337	FOXG_05056P0	RKF74576	EDO02449
OG0001849	BLGH_00133-mRNA-1	Bcin09p00980.1	CVK92335	FOXG_05055P0	RKF74577	EDO02448
OG0001850	BLGH_00135-mRNA-1	Bcin09p01440.1	CVK92323	FOXG_05047P0	RKF63784	EDO02513
OG0001851	BLGH_00137-mRNA-1	Bcin09p01410.1	CVK92326	FOXG_05049P0	RKF56765	EDO02511
OG0001852	BLGH_00138-mRNA-1	Bcin09p01420.1	CVK92328	FOXG_05050P0	RKF75993	EDO02510
OG0001853	BLGH_00141-mRNA-1	Bcin04p02020.1	CVK98427	FOXG_13841P0	RKF82493	EDO01472
OG0001854	BLGH_00142-mRNA-1	Bcin09p01280.1	CVK92895	FOXG_05481P0	RKF80232	EDO02491
OG0001855	BLGH_00143-mRNA-1	Bcin04p02730.1	CVK98461	FOXG_13875P0	RKF78346	EDO01390
OG0001856	BLGH_00144-mRNA-1	Bcin04p02740.1	CVK98418	FOXG_13834P0	RKF78345	EDO01391
OG0001857	BLGH_00145-mRNA-1	Bcin04p03010.1	CVK98422	FOXG_13836P0	RKF81671	EDO01417
OG0001858	BLGH_00148-mRNA-1	Bcin04p02750.1	CVK98420	FOXG_13835P0	RKF78344	EDO01392
OG0001859	BLGH_00157-mRNA-1	Bcin05p05380.1	CVK94374	FOXG_05715P0	RKF77240	EDN96050
OG0001860	BLGH_00158-mRNA-1	Bcin05p05370.1	CVK94373	FOXG_05716P0	RKF77239	EDN96051
OG0001861	BLGH_00159-mRNA-1	Bcin05p05350.1	CVK84495	FOXG_00998P0	RKF77238	EDN96053
OG0001862	BLGH_00162-mRNA-1	Bcin05p05330.1	CVK84498	FOXG_00999P0	RKF79412	EDN96055
OG0001863	BLGH_00166-mRNA-1	Bcin05p03130.1	CVK84209	FOXG_00902P0	RKF83654	EDO03535
OG0001864	BLGH_00168-mRNA-1	Bcin05p03120.1	CVK84208	FOXG_00903P0	RKF71465	EDO03534
OG0001865	BLGH_00170-mRNA-1	Bcin05p04520.1	CVK94376	FOXG_05714P0	RKF79954	EDO03699
OG0001866	BLGH_00171-mRNA-1	Bcin05p07920.1	CVK94332	FOXG_05737P0	RKF65497	EDN95885
OG0001867	BLGH_00172-mRNA-1	Bcin05p07690.1	CVK84750	FOXG_01163P0	RKF53349	EDN95901
OG0001868	BLGH_00173-mRNA-1	Bcin05p07570.1	CVK94390	FOXG_05707P0	RKF57174	EDN95924
OG0001869	BLGH_00174-mRNA-1	Bcin05p02390.1	CVK84469	FOXG_00980P0	RKF56403	EDO03364
OG0001870	BLGH_00177-mRNA-1	Bcin05p07160.1	CVK84575	FOXG_01044P0	RKF63469	EDO03833
OG0001871	BLGH_00178-mRNA-1	Bcin05p07150.1	CVK84577	FOXG_01045P0	RKF63468	EDO03832
OG0001872	BLGH_00179-mRNA-1	Bcin05p07140.1	CVK84579	FOXG_01046P0	RKF63467	EDO03831
OG0001873	BLGH_00180-mRNA-1	Bcin05p07130.1	CVK84318	FOXG_00835P0	RKF63466	EDO03830
OG0001874	BLGH_00182-mRNA-1	Bcin05p07900.1	CVK94338	FOXG_05734P0	RKF78497	EDN95887
OG0001875	BLGH_00186-mRNA-1	Bcin05p03280.1	CVK94258	FOXG_05774P0	RKF56404	EDO03547
OG0001876	BLGH_00187-mRNA-1	Bcin05p03270.1	CVK94260	FOXG_05773P0	RKF56405	EDO03548
OG0001877	BLGH_00188-mRNA-1	Bcin05p02240.1	CVK84271	FOXG_00869P0	RKF76162	EDO03385
OG0001878	BLGH_00190-mRNA-1	Bcin05p02570.1	CVK84679	FOXG_01102P0	RKF75799	EDO03344
OG0001879	BLGH_00194-mRNA-1	Bcin05p07700.1	CVK94267	FOXG_05769P0	RKF79580	EDN95900
OG0001880	BLGH_00195-mRNA-1	Bcin05p03250.1	CVK94265	FOXG_05770P0	RKF56406	EDO03543
OG0001881	BLGH_00196-mRNA-1	Bcin05p02330.1	CVK84281	FOXG_00864P0	RKF59893	EDO03373
OG0001882	BLGH_00197-mRNA-1	Bcin05p02360.1	CVK84273	FOXG_00867P0	RKF83870	EDO03370
OG0001883	BLGH_00201-mRNA-1	Bcin05p04150.1	CVK84754	FOXG_01167P0	RKF61613	EDO03658
OG0001884	BLGH_00202-mRNA-1	Bcin05p04160.1	CVK84753	FOXG_01166P0	RKF60610	EDO03659
OG0001885	BLGH_00203-mRNA-1	Bcin05p04170.1	CVK84752	FOXG_01165P0	RKF65166	EDO03660
OG0001886	BLGH_00207-mRNA-1	Bcin05p04490.1	CVK84328	FOXG_00829P0	RKF84085	EDO03696
OG0001887	BLGH_00208-mRNA-1	Bcin05p04480.1	CVK84329	FOXG_00828P0	RKF77980	EDO03694
OG0001888	BLGH_00209-mRNA-1	Bcin05p02290.1	CVK84288	FOXG_00857P0	RKF51351	EDO03378
OG0001889	BLGH_00211-mRNA-1	Bcin05p02250.1	CVK84475	FOXG_00984P0	RKF79396	EDO03384
OG0001890	BLGH_00212-mRNA-1	Bcin05p02260.1	CVK84473	FOXG_00983P0	RKF82470	EDO03383
OG0001891	BLGH_00216-mRNA-1	Bcin05p03290.1	CVK94256	FOXG_05775P0	RKF81662	EDO03546
OG0001892	BLGH_00217-mRNA-1	Bcin05p08080.1	CVK84721	FOXG_01136P0	RKF73469	EDN95873
OG0001893	BLGH_00219-mRNA-1	Bcin01p04260.1	CVK90725	FOXG_03333P0	RKF71460	EDO01846
OG0001894	BLGH_00222-mRNA-1	Bcin05p07850.1	CVK84212	FOXG_00898P0	RKF82578	EDN95896
OG0001895	BLGH_00226-mRNA-1	Bcin05p08060.1	CVK84719	FOXG_01134P0	RKF54075	EDN95871
OG0001896	BLGH_00235-mRNA-1	Bcin16p01360.1, Bcin16p01360.2	CVL01056	FOXG_09318P0	RKF55232	
OG0001897	BLGH_00237-mRNA-1	Bcin04p01170.1, Bcin04p01170.2	CVK90073	FOXG_05560P0	RKF73247	
OG0001898	BLGH_00238-mRNA-1	Bcin04p01890.1	CVK92206	FOXG_04972P0	RKF58050	EDO01483
OG0001899	BLGH_00239-mRNA-1	Bcin04p03250.1	CVK92624	FOXG_05297P0	RKF77882	EDO01370
OG0001900	BLGH_00242-mRNA-1	Bcin04p04210.1, Bcin04p04210.2	CVK92547	FOXG_05219P0	RKF55894	
OG0001901	BLGH_00245-mRNA-1	Bcin04p01030.1, Bcin04p01030.2	CVL02017	FOXG_10642P0	RKF82078	
OG0001902	BLGH_00248-mRNA-1	Bcin09p04580.1	CVK92489	FOXG_05159P0	RKF62691	EDO02525
OG0001903	BLGH_00249-mRNA-1	Bcin04p00530.1	CVK90088	FOXG_05552P0	RKF76640	EDO01257
OG0001904	BLGH_00250-mRNA-1	Bcin04p00520.1	CVK90090	FOXG_05551P0	RKF76639	EDO01258
OG0001905	BLGH_00260-mRNA-1	Bcin16p01520.1, Bcin16p01520.2	CVK96963	FOXG_04393P0	RKF57764	
OG0001906	BLGH_00264-mRNA-1, BLGH_00265-mRNA-1	Bcin03p09240.1	CVK86428	FOXG_03907P0	RKF76234	
OG0001907	BLGH_00269-mRNA-1	Bcin12p02450.1	CVK84770	FOXG_01182P0	RKF63007	EDN92578
OG0001908	BLGH_00270-mRNA-1	Bcin12p02430.1	CVL00430	FOXG_08969P0	RKF63008	EDN92576
OG0001909	BLGH_00273-mRNA-1	Bcin16p03710.1, Bcin16p03710.2	CVK88241	FOXG_02429P0	RKF76232	
OG0001910	BLGH_00277-mRNA-1	Bcin07p06960.1, Bcin07p06960.2	CVK88313	FOXG_02375P0	RKF76212	
OG0001911	BLGH_00278-mRNA-1	Bcin07p06970.1, Bcin07p06970.2	CVK88315	FOXG_02374P0	RKF56756	
OG0001912	BLGH_00305-mRNA-1	Bcin16p01550.1, Bcin16p01550.2	CVK89214	FOXG_01849P0	RKF56789	
OG0001913	BLGH_00317-mRNA-1	Bcin07p06750.1	CVK91817, CVK97894	FOXG_17380P0	RKF71389	
OG0001914	BLGH_00322-mRNA-1	Bcin07p07070.1, Bcin07p07070.2	CVK88317	FOXG_02373P0	RKF81019	
OG0001915	BLGH_00328-mRNA-1	Bcin02p01810.1	CVK83443	FOXG_00361P0	RKF84158	EDN96892
OG0001916	BLGH_00333-mRNA-1	Bcin02p01820.1	CVK83442	FOXG_00360P0	RKF84157	EDN96893
OG0001917	BLGH_00339-mRNA-1	Bcin02p03560.1	CVK82968	FOXG_00075P0	RKF53435	EDN96770
OG0001918	BLGH_00340-mRNA-1	Bcin15p01610.1, Bcin15p01610.2	CVL01008	FOXG_09289P0	RKF79773	
OG0001919	BLGH_00345-mRNA-1	Bcin02p03430.1	CVK83219	FOXG_00223P0	RKF65223	EDN96781
OG0001920	BLGH_00347-mRNA-1	Bcin02p03450.1	CVK83950	FOXG_00662P0	RKF65222	EDN96780
OG0001921	BLGH_00354-mRNA-1	Bcin13p00680.1, Bcin13p00680.2	CVL01935	FOXG_10556P0	RKF53753	
OG0001922	BLGH_00359-mRNA-1	Bcin01p02690.1, Bcin16p02790.1	CVK97431	FOXG_04121P0		EDO02343
OG0001923	BLGH_00360-mRNA-1	Bcin15p04630.1, Bcin15p04630.2	CVK83504	FOXG_00396P0	RKF60381	
OG0001924	BLGH_00365-mRNA-1	Bcin07p05770.1, Bcin07p05770.2	CVL01161	FOXG_09398P0	RKF80957	
OG0001925	BLGH_00370-mRNA-1	Bcin16p03460.1	CVL01188, CVL07092, CVL07095	FOXG_09426P0		
OG0001926	BLGH_00407-mRNA-1	Bcin02p01840.1	CVK89718	FOXG_01542P0	RKF83665	EDN96895
OG0001927	BLGH_00408-mRNA-1	Bcin02p01850.1	CVK89717	FOXG_01543P0	RKF54189	EDN96896
OG0001928	BLGH_00410-mRNA-1	Bcin02p03540.1	CVK83947	FOXG_00661P0	RKF83580	EDN96772
OG0001929	BLGH_00412-mRNA-1	Bcin05p04230.1	CVK92101	FOXG_04919P0	RKF75014	EDO03669
OG0001930	BLGH_00422-mRNA-1	Bcin02p03520.1	CVL01000	FOXG_09283P0	RKF82980	EDN96774
OG0001931	BLGH_00423-mRNA-1	Bcin02p01920.1	CVK83664	FOXG_00497P0	RKF65525	EDN96898
OG0001932	BLGH_00424-mRNA-1	Bcin02p01930.1	CVK83662	FOXG_00496P0	RKF83957	EDN96899
OG0001933	BLGH_00427-mRNA-1	Bcin02p03640.1	CVK83921	FOXG_00651P0	RKF59217	EDN96763
OG0001934	BLGH_00428-mRNA-1	Bcin02p03610.1	CVK83922	FOXG_00652P0	RKF53763	EDN96765
OG0001935	BLGH_00430-mRNA-1	Bcin02p03590.1	CVK83924	FOXG_00653P0	RKF53765	EDN96767
OG0001936	BLGH_00431-mRNA-1	Bcin02p03580.1	CVK83926	FOXG_00654P0	RKF53766	EDN96768
OG0001937	BLGH_00438-mRNA-1	Bcin02p03410.1	CVK84011	FOXG_00696P0	RKF53355	EDN96783
OG0001938	BLGH_00439-mRNA-1	Bcin02p03420.1	CVK84012	FOXG_00697P0	RKF77043	EDN96782
OG0001939	BLGH_00440-mRNA-1	Bcin02p03470.1	CVL01001	FOXG_17767P0	RKF56967	EDN96778
OG0001940	BLGH_00441-mRNA-1	Bcin02p03460.1	CVL01003	FOXG_09286P0	RKF56968	EDN96779
OG0001941	BLGH_00449-mRNA-1	Bcin02p02160.1	CVK83603	FOXG_00460P0	RKF80144	EDN96919
OG0001942	BLGH_00453-mRNA-1	Bcin02p04170.1	CVK83986	FOXG_00683P0	RKF61607	EDN96481
OG0001943	BLGH_00454-mRNA-1	Bcin02p04160.1	CVK83988	FOXG_00684P0	RKF61608	EDN96482
OG0001944	BLGH_00455-mRNA-1	Bcin02p04150.1	CVK83737	FOXG_00544P0	RKF78516	EDN96483
OG0001945	BLGH_00457-mRNA-1	Bcin02p04130.1	CVK83739	FOXG_00545P0	RKF81398	EDN96489
OG0001946	BLGH_00458-mRNA-1	Bcin02p04120.1	CVK83299	FOXG_00273P0	RKF81399	EDN96490
OG0001947	BLGH_00461-mRNA-1	Bcin02p03980.1	CVK83548	FOXG_00423P0	RKF63130	EDN96509
OG0001948	BLGH_00463-mRNA-1	Bcin07p02000.1	CVK86834	FOXG_07989P0	RKF75770	EDN97143
OG0001949	BLGH_00465-mRNA-1	Bcin07p02960.1	CVK83211	FOXG_00218P0	RKF66828	EDN97067
OG0001950	BLGH_00466-mRNA-1	Bcin02p02260.1	CVK83883	FOXG_00623P0	RKF77656	EDN96928
OG0001951	BLGH_00467-mRNA-1	Bcin02p02250.1	CVK83881	FOXG_00622P0	RKF77655	EDN96927
OG0001952	BLGH_00472-mRNA-1	Bcin15p01300.1, Bcin15p01300.2	CVK83210	FOXG_00217P0	RKF84057	
OG0001953	BLGH_00473-mRNA-1	Bcin02p04000.1	CVK83266	FOXG_00252P0	RKF79320	EDN96507
OG0001954	BLGH_00474-mRNA-1	Bcin02p02880.1	CVK84163	FOXG_00791P0	RKF77298	EDN96710
OG0001955	BLGH_00475-mRNA-1	Bcin02p02870.1	CVK84165	FOXG_00792P0	RKF77796	EDN96709
OG0001956	BLGH_00476-mRNA-1	Bcin02p02400.1	CVK84184	FOXG_00801P0	RKF83664	EDN96337
OG0001957	BLGH_00480-mRNA-1	Bcin05p01030.1	CVK94401	FOXG_05699P0	RKF79771	EDO03497
OG0001958	BLGH_00481-mRNA-1	Bcin02p02240.1	CVK83879	FOXG_00621P0	RKF82341	EDN96926
OG0001959	BLGH_00492-mRNA-1	Bcin04p00780.1	CVL03207	FOXG_11295P0	RKF57300	EDO01259
OG0001960	BLGH_00493-mRNA-1	Bcin04p04060.1	CVL03216	FOXG_11300P0	RKF83640	EDO01266
OG0001961	BLGH_00494-mRNA-1	Bcin02p03660.1	CVK83384	FOXG_00311P0	RKF81740	EDN96760
OG0001962	BLGH_00496-mRNA-1	Bcin02p01980.1	CVK83574	FOXG_00440P0	RKF76562	EDN96903
OG0001963	BLGH_00516-mRNA-1	Bcin02p03340.1	CVK83657	FOXG_00493P0	RKF58665	EDN96793
OG0001964	BLGH_00517-mRNA-1	Bcin02p03350.1, Bcin02p03350.2	CVK83667	FOXG_00499P0		EDN96792
OG0001965	BLGH_00518-mRNA-1	Bcin02p03360.1	CVK83057	FOXG_00130P0	RKF58666	EDN96791
OG0001966	BLGH_00519-mRNA-1	Bcin02p03370.1	CVK83059	FOXG_00131P0	RKF58667	EDN96790
OG0001967	BLGH_00520-mRNA-1	Bcin02p03390.1	CVK83063	FOXG_00132P0	RKF58668	EDN96788
OG0001968	BLGH_00521-mRNA-1	Bcin02p03320.1	CVK84028	FOXG_00707P0	RKF58669	EDN96799
OG0001969	BLGH_00523-mRNA-1	Bcin02p04080.1	CVK83815	FOXG_00586P0	RKF61584	EDN96497
OG0001970	BLGH_00524-mRNA-1	Bcin02p04020.1	CVK89072	FOXG_01933P0	RKF55052	EDN96503
OG0001971	BLGH_00534-mRNA-1	Bcin02p02290.1	CVK84093	FOXG_00748P0	RKF76504	EDN96930
OG0001972	BLGH_00535-mRNA-1	Bcin02p02330.1	CVK84096	FOXG_00751P0	RKF82191	EDN96938
OG0001973	BLGH_00537-mRNA-1	Bcin02p02490.1	CVL05864	FOXG_12660P0	RKF71368	EDN96668
OG0001974	BLGH_00538-mRNA-1	Bcin02p02470.1	CVK98432	FOXG_13846P0	RKF55358	EDN96666
OG0001975	BLGH_00542-mRNA-1	Bcin02p02610.1	CVL05862	FOXG_12661P0	RKF71367	EDN96680
OG0001976	BLGH_00543-mRNA-1	Bcin02p02600.1	CVL05859	FOXG_12662P0	RKF71366	EDN96679
OG0001977	BLGH_00544-mRNA-1	Bcin02p02590.1	CVL05858	FOXG_12663P0	RKF71365	EDN96678
OG0001978	BLGH_00546-mRNA-1	Bcin02p02570.1	CVL05853	FOXG_12665P0	RKF66038	EDN96676
OG0001979	BLGH_00547-mRNA-1	Bcin02p02310.1	CVK84095	FOXG_00750P0	RKF77837	EDN96933
OG0001980	BLGH_00548-mRNA-1	Bcin02p02540.1	CVK84444	FOXG_00963P0	RKF80854	EDN96673
OG0001981	BLGH_00549-mRNA-1	Bcin02p02930.1	CVL02843	FOXG_11097P0	RKF83857	EDN96717
OG0001982	BLGH_00550-mRNA-1	Bcin02p02920.1	CVL02846	FOXG_11098P0	RKF71530	EDN96715
OG0001983	BLGH_00556-mRNA-1	Bcin02p02660.1	CVL05618	FOXG_12806P0	RKF57792	EDN96687
OG0001984	BLGH_00557-mRNA-1	Bcin07p03020.1	CVL05612	FOXG_12809P0	RKF57791	EDN97058
OG0001985	BLGH_00569-mRNA-1	Bcin04p04030.1	CVL03174	FOXG_11277P0	RKF58608	EDO01270
OG0001986	BLGH_00570-mRNA-1	Bcin04p04020.1	CVL03172	FOXG_11276P0	RKF83617	EDO01271
OG0001987	BLGH_00571-mRNA-1	Bcin04p04010.1	CVL03170	FOXG_11275P0	RKF82955	EDO01272
OG0001988	BLGH_00572-mRNA-1	Bcin02p00950.1, Bcin02p00950.2	CVK83539	FOXG_00418P0	RKF66802	
OG0001989	BLGH_00573-mRNA-1	Bcin02p00960.1	CVK83541	FOXG_00419P0	RKF82584, RKF82585	
OG0001990	BLGH_00574-mRNA-1	Bcin02p02890.1	CVL03187	FOXG_11285P0	RKF82071	EDN96711
OG0001991	BLGH_00576-mRNA-1	Bcin02p02640.1	CVL05621	FOXG_12804P0	RKF81209	EDN96684
OG0001992	BLGH_00577-mRNA-1	Bcin07p03050.1	CVL02950	FOXG_11150P0	RKF84025	EDN97054
OG0001993	BLGH_00578-mRNA-1	Bcin07p03060.1	CVL05710	FOXG_12754P0	RKF82999	EDN97052
OG0001994	BLGH_00580-mRNA-1	Bcin07p03070.1, Bcin07p03070.2	CVL05708	FOXG_12755P0		EDN97051
OG0001995	BLGH_00582-mRNA-1	Bcin07p03080.1	CVL02854	FOXG_11102P0	RKF82998	EDN97050
OG0001996	BLGH_00583-mRNA-1	Bcin07p03030.1	CVL05614	FOXG_12808P0	RKF82997	EDN97057
OG0001997	BLGH_00590-mRNA-1	Bcin02p00910.1	CVK86917	FOXG_07936P0	RKF54357	EDN96623
OG0001998	BLGH_00591-mRNA-1	Bcin02p02840.1	CVK86951	FOXG_07912P0	RKF53082	EDN96707
OG0001999	BLGH_00595-mRNA-1	Bcin04p04040.1	CVK82846	FOXG_00005P0	RKF62379	EDO01269
OG0002000	BLGH_00601-mRNA-1	Bcin02p02630.1	CVK82951	FOXG_00066P0	RKF57650	EDN96682
OG0002001	BLGH_00609-mRNA-1	Bcin02p02530.1	CVK84441	FOXG_00962P0	RKF79448	EDN96672
OG0002002	BLGH_00610-mRNA-1	Bcin02p02520.1	CVK84439	FOXG_00961P0	RKF79449	EDN96671
OG0002003	BLGH_00611-mRNA-1	Bcin02p02510.1	CVK84109	FOXG_00758P0	RKF66860	EDN96670
OG0002004	BLGH_00612-mRNA-1	Bcin02p02500.1	CVK84110	FOXG_00759P0	RKF66861	EDN96669
OG0002005	BLGH_00619-mRNA-1	Bcin02p01300.1	CVK86841	FOXG_07984P0	RKF54027	EDN96836
OG0002006	BLGH_00621-mRNA-1	Bcin07p02020.1	CVK86845	FOXG_07982P0	RKF82461	EDN97141
OG0002007	BLGH_00622-mRNA-1	Bcin07p02010.1	CVL05656	FOXG_12783P0	RKF82460	EDN97142
OG0002008	BLGH_00627-mRNA-1	Bcin02p01320.1	CVK86838	FOXG_07986P0	RKF55958	EDN96838
OG0002009	BLGH_00629-mRNA-1	Bcin07p01960.1	CVK86830	FOXG_07992P0	RKF81181	EDN97147
OG0002010	BLGH_00637-mRNA-1	Bcin02p04060.1	CVK89070	FOXG_01934P0	RKF56997	EDN96499
OG0002011	BLGH_00642-mRNA-1	Bcin15p03310.1	CVK82957, CVK91881	FOXG_00069P0	RKF57868	
OG0002012	BLGH_00651-mRNA-1	Bcin02p01370.1	CVK86835	FOXG_07987P0	RKF60792	EDN96841
OG0002013	BLGH_00652-mRNA-1	Bcin02p01360.1	CVL02802	FOXG_11078P0	RKF60791	EDN96842
OG0002014	BLGH_00653-mRNA-1	Bcin02p01350.1	CVL02705	FOXG_11024P0	RKF60790	EDN96843
OG0002015	BLGH_00656-mRNA-1	Bcin05p06310.1	CVK84696	FOXG_01112P0	RKF76940	EDO03804
OG0002016	BLGH_00657-mRNA-1	Bcin02p02760.1	CVL03198	FOXG_11290P0	RKF59207	EDN96700
OG0002017	BLGH_00658-mRNA-1	Bcin02p02750.1	CVL03200	FOXG_11291P0	RKF59208	EDN96699
OG0002018	BLGH_00660-mRNA-1	Bcin04p00750.1	CVL03196	FOXG_11289P0	RKF77130	EDO01262
OG0002019	BLGH_00662-mRNA-1	Bcin04p00760.1	CVL03206	FOXG_11294P0	RKF59210	EDO01261
OG0002020	BLGH_00663-mRNA-1	Bcin04p03980.1	CVK84182	FOXG_00799P0	RKF82330	EDO01277
OG0002021	BLGH_00666-mRNA-1	Bcin02p02990.1	CVL03204	FOXG_11293P0	RKF61411	EDN96723
OG0002022	BLGH_00667-mRNA-1	Bcin02p02980.1	CVK94028	FOXG_05897P0	RKF78883	EDN96722
OG0002023	BLGH_00668-mRNA-1	Bcin04p04000.1	CVL03158	FOXG_11268P0	RKF53120	EDO01275
OG0002024	BLGH_00669-mRNA-1	Bcin02p03790.1	CVL00962	FOXG_09263P0	RKF83803	EDN96512
OG0002025	BLGH_00670-mRNA-1	Bcin02p00920.1	CVK87235	FOXG_07733P0	RKF54360	EDN96614
OG0002026	BLGH_00671-mRNA-1	Bcin07p05110.1	CVK86828	FOXG_07993P0	RKF78110	EDN97164
OG0002027	BLGH_00672-mRNA-1	Bcin07p05120.1	CVK86827	FOXG_07994P0	RKF78109	EDN97163
OG0002028	BLGH_00677-mRNA-1	Bcin07p05140.1	CVK86822	FOXG_07996P0	RKF83676	EDN97159
OG0002029	BLGH_00681-mRNA-1	Bcin14p01820.1	CVK92380	FOXG_05097P0	RKF71332	EDN94400
OG0002030	BLGH_00684-mRNA-1	Bcin07p05030.1	CVK86810	FOXG_08004P0	RKF83849	EDN97177
OG0002031	BLGH_00685-mRNA-1	Bcin07p05040.1	CVK86808	FOXG_08005P0	RKF83848	EDN97175
OG0002032	BLGH_00686-mRNA-1	Bcin07p05050.1	CVK86804	FOXG_08009P0	RKF83847	EDN97174
OG0002033	BLGH_00687-mRNA-1	Bcin15p02090.1, Bcin15p02090.2	CVK98512	FOXG_13927P0	RKF56243	
OG0002034	BLGH_00696-mRNA-1	Bcin12p05990.1	CVK99760	FOXG_08433P0	RKF80847	EDN98926
OG0002035	BLGH_00702-mRNA-1	Bcin12p02750.1	CVK93101	FOXG_11351P0	RKF65034	EDN92611
OG0002036	BLGH_00703-mRNA-1	Bcin12p02780.1	CVK93096	FOXG_11354P0	RKF80016	EDN92614
OG0002037	BLGH_00704-mRNA-1	Bcin12p02770.1	CVK93098	FOXG_11353P0	RKF80015	EDN92613
OG0002038	BLGH_00705-mRNA-1	Bcin12p02800.1	CVK93103	FOXG_11350P0	RKF74359	EDN92616
OG0002039	BLGH_00706-mRNA-1	Bcin12p02790.1	CVK93104	FOXG_11349P0	RKF74358	EDN92615
OG0002040	BLGH_00710-mRNA-1	Bcin12p02200.1	CVK93093	FOXG_11356P0	RKF57135	EDN92548
OG0002041	BLGH_00711-mRNA-1	Bcin12p01680.1	CVK93070	FOXG_11369P0	RKF54280	EDN92433
OG0002042	BLGH_00712-mRNA-1	Bcin12p01670.1	CVK93072	FOXG_11368P0	RKF54279	EDN92434
OG0002043	BLGH_00713-mRNA-1	Bcin12p01650.1	CVK93073	FOXG_11367P0	RKF54278	EDN92435
OG0002044	BLGH_00714-mRNA-1	Bcin12p01590.1	CVK93085	FOXG_11360P0	RKF55109	EDN92426
OG0002045	BLGH_00716-mRNA-1	Bcin12p01630.1	CVK93113	FOXG_11342P0	RKF82295	EDN92429
OG0002046	BLGH_00717-mRNA-1	Bcin12p01640.1	CVK93115	FOXG_11341P0	RKF82296	EDN92436
OG0002047	BLGH_05576-mRNA-1	Bcin04p02230.1	CVK86781	FOXG_08034P0	RKF65114	EDO01448
OG0002048	BLGH_05579-mRNA-1	Bcin02p00660.1	CVK87407	FOXG_07652P0	RKF64525	EDN96601
OG0002049	BLGH_05583-mRNA-1	Bcin02p00640.1	CVK87401	FOXG_07656P0	RKF57840	EDN96599
OG0002050	BLGH_05587-mRNA-1	Bcin15p04420.1	CVK99695	FOXG_08470P0	RKF54324, RKF82011	
OG0002051	BLGH_05589-mRNA-1	Bcin02p00630.1	CVK87404	FOXG_07654P0	RKF58162	EDN96598
OG0002052	BLGH_05591-mRNA-1	Bcin04p03580.1	CVK98099	FOXG_13642P0	RKF54658	EDO01325
OG0002053	BLGH_05592-mRNA-1	Bcin02p02340.1	CVL00598	FOXG_09049P0	RKF54657	EDN96939
OG0002054	BLGH_05594-mRNA-1	Bcin04p03600.1	CVK87545	FOXG_07579P0	RKF73835	EDO01323
OG0002055	BLGH_05597-mRNA-1	Bcin13p03880.1	CVK94850	FOXG_16942P0	RKF82700	EDN99587
OG0002056	BLGH_05598-mRNA-1	Bcin04p03850.1	CVK87097	FOXG_07823P0	RKF58203	EDO01293
OG0002057	BLGH_05599-mRNA-1	Bcin04p03840.1	CVK87099	FOXG_07822P0	RKF58204	EDO01294
OG0002058	BLGH_05600-mRNA-1	Bcin02p03150.1	CVL00643	FOXG_09072P0	RKF58205	EDN96821
OG0002059	BLGH_05601-mRNA-1	Bcin02p03160.1	CVL00610	FOXG_09056P0	RKF58206	EDN96820
OG0002060	BLGH_05602-mRNA-1	Bcin04p03670.1	CVK89578	FOXG_01629P0	RKF58207	EDO01314
OG0002061	BLGH_05603-mRNA-1	Bcin04p03660.1	CVK89282	FOXG_01804P0	RKF54589	EDO01313
OG0002062	BLGH_05605-mRNA-1	Bcin04p03690.1	CVK89580	FOXG_01628P0	RKF54591	EDO01316
OG0002063	BLGH_05610-mRNA-1	Bcin02p03250.1	CVK89740	FOXG_01520P0	RKF59239	EDN96806
OG0002064	BLGH_05614-mRNA-1	Bcin04p03790.1	CVL00582	FOXG_09040P0	RKF82432	EDO01307
OG0002065	BLGH_05621-mRNA-1	Bcin04p03610.1	CVK87543	FOXG_07577P0	RKF73834	EDO01322
OG0002066	BLGH_05622-mRNA-1	Bcin02p02350.1	CVL00600	FOXG_09050P0	RKF73837	EDN96940
OG0002067	BLGH_05623-mRNA-1	Bcin07p02770.1	CVK87130	FOXG_07802P0	RKF77093	EDN97089
OG0002068	BLGH_05629-mRNA-1	Bcin04p02340.1, Bcin06p03250.1	CVL06013	FOXG_15479P0		EDO01438
OG0002069	BLGH_05631-mRNA-1	Bcin06p05130.1	CVL03056	FOXG_11212P0	RKF63277	EDN93438
OG0002070	BLGH_05633-mRNA-1	Bcin06p05140.1	CVK84772	FOXG_01184P0	RKF78422	EDN93440
OG0002071	BLGH_05636-mRNA-1	Bcin07p03980.1	CVK87139	FOXG_07797P0	RKF81899	EDN97086
OG0002072	BLGH_05637-mRNA-1	Bcin02p03300.1	CVK87136	FOXG_07799P0	RKF80240	EDN96801
OG0002073	BLGH_05648-mRNA-1	Bcin12p05660.1	CVK89516	FOXG_01665P0	RKF82334	EDN99221
OG0002074	BLGH_05682-mRNA-1	Bcin07p04930.1, Bcin07p04930.2	CVK87080	FOXG_07832P0	RKF65450	
OG0002075	BLGH_05700-mRNA-1	Bcin06p01320.1	CVK84192	FOXG_00807P0	RKF61839	EDN99789
OG0002076	BLGH_05706-mRNA-1	Bcin02p04220.1	CVK89600	FOXG_01615P0	RKF51420	EDN96475
OG0002077	BLGH_05709-mRNA-1	Bcin02p02710.1	CVK87462	FOXG_07620P0	RKF77226	EDN96695
OG0002078	BLGH_05710-mRNA-1	Bcin02p02700.1	CVK87464	FOXG_07619P0	RKF77227	EDN96692
OG0002079	BLGH_01358-mRNA-1	Bcin10p04370.1	CVK89086	FOXG_01923P0	RKF81465	EDN97641
OG0002080	BLGH_01359-mRNA-1	Bcin10p03490.1	CVK99365	FOXG_08744P0, FOXG_08745P0		EDO04528
OG0002081	BLGH_01360-mRNA-1	Bcin10p03500.1	CVK97168	FOXG_04268P0	RKF83408	EDO04527
OG0002082	BLGH_01361-mRNA-1	Bcin10p03480.1	CVK97167	FOXG_04269P0	RKF83409	EDO04529
OG0002083	BLGH_01362-mRNA-1	Bcin10p03470.1	CVK97185	FOXG_04258P0	RKF53137	EDO04530
OG0002084	BLGH_01364-mRNA-1	Bcin10p00460.1	CVK88428	FOXG_02313P0	RKF54458	EDO04929
OG0002085	BLGH_01365-mRNA-1	Bcin10p00450.1	CVK88433	FOXG_02311P0	RKF65356	EDO04928
OG0002086	BLGH_01366-mRNA-1	Bcin10p00340.1	CVK97141	FOXG_04284P0	RKF79724	EDO04916
OG0002087	BLGH_01367-mRNA-1	Bcin10p03540.1	CVK97165	FOXG_04270P0	RKF79725	EDO04519
OG0002088	BLGH_01369-mRNA-1	Bcin10p04310.1	CVK89083	FOXG_01926P0	RKF83007	EDN97647
OG0002089	BLGH_01371-mRNA-1	Bcin10p04290.1	CVK97178	FOXG_04262P0	RKF81098	EDN97649
OG0002090	BLGH_01374-mRNA-1	Bcin10p04230.1	CVL01929	FOXG_10550P0	RKF57633	EDN97667
OG0002091	BLGH_01376-mRNA-1	Bcin10p04220.1	CVL01930	FOXG_10551P0	RKF56107	EDN97668
OG0002092	BLGH_01377-mRNA-1	Bcin10p04580.1	CVK97257	FOXG_04216P0	RKF65829	EDN97626
OG0002093	BLGH_01379-mRNA-1	Bcin10p04600.1	CVK97252	FOXG_04219P0	RKF82715	EDN97624
OG0002094	BLGH_01380-mRNA-1	Bcin10p04130.1	CVK88437	FOXG_02308P0	RKF79164	EDN97672
OG0002095	BLGH_01381-mRNA-1	Bcin10p04140.1	CVK88439	FOXG_02307P0	RKF80639	EDN97673
OG0002096	BLGH_01382-mRNA-1	Bcin10p04150.1	CVK88436	FOXG_02309P0	RKF80638	EDN97674
OG0002097	BLGH_01388-mRNA-1	Bcin10p04620.1	CVK88393	FOXG_02332P0	RKF81462	EDN97622
OG0002098	BLGH_01389-mRNA-1	Bcin10p04610.1	CVK88326	FOXG_02366P0	RKF79819	EDN97623
OG0002099	BLGH_01390-mRNA-1	Bcin10p04540.1	CVK88328	FOXG_02365P0	RKF79820	EDN97630
OG0002100	BLGH_01391-mRNA-1	Bcin10p05540.1	CVK88663	FOXG_02184P0	RKF79821	EDO04650
OG0002101	BLGH_01392-mRNA-1	Bcin10p05690.1	CVL01232	FOXG_09471P0	RKF65083	EDO04698
OG0002102	BLGH_01394-mRNA-1	Bcin10p05640.1	CVK88419	FOXG_02318P0	RKF81444	EDO04681
OG0002103	BLGH_01395-mRNA-1	Bcin10p05650.1	CVK88417	FOXG_02319P0	RKF81445	EDO04682
OG0002104	BLGH_01397-mRNA-1	Bcin10p03780.1	CVK88658	FOXG_02187P0	RKF83229	EDN97722
OG0002105	BLGH_01401-mRNA-1	Bcin10p03800.1	CVK88661	FOXG_02185P0	RKF83430	EDN97718
OG0002106	BLGH_01404-mRNA-1	Bcin10p02430.1	CVK88487	FOXG_02282P0	RKF83565	EDO04851
OG0002107	BLGH_01405-mRNA-1	Bcin10p02440.1	CVK88524	FOXG_02262P0	RKF65163	EDO04852
OG0002108	BLGH_01408-mRNA-1	Bcin10p06010.1	CVK88502	FOXG_02274P0	RKF80796	EDO04862
OG0002109	BLGH_01409-mRNA-1	Bcin10p05290.1	CVK88499	FOXG_02276P0	RKF80794	EDO04617
OG0002110	BLGH_01410-mRNA-1	Bcin10p05380.1	CVK88522	FOXG_02263P0	RKF83698	EDO04634
OG0002111	BLGH_01411-mRNA-1	Bcin10p05310.1	CVK87091	FOXG_07826P0	RKF83697	EDO04619
OG0002112	BLGH_01412-mRNA-1	Bcin10p05490.1	CVK88602	FOXG_02215P0	RKF81660	EDO04645
OG0002113	BLGH_01413-mRNA-1	Bcin10p03450.1	CVK97182	FOXG_04260P0	RKF58412	EDO04532
OG0002114	BLGH_01415-mRNA-1	Bcin10p05500.1	CVK88600	FOXG_02216P0	RKF55408	EDO04646
OG0002115	BLGH_01416-mRNA-1	Bcin10p03460.1	CVK97183	FOXG_04259P0	RKF55407	EDO04531
OG0002116	BLGH_01417-mRNA-1	Bcin10p02810.1	CVK88643	FOXG_02195P0	RKF79482	EDN97785
OG0002117	BLGH_01420-mRNA-1	Bcin10p03720.1	CVL01932	FOXG_10553P0	RKF72497	EDO04498
OG0002118	BLGH_01422-mRNA-1	Bcin10p05360.1	CVK88506	FOXG_02273P0	RKF59689	EDO04628
OG0002119	BLGH_01423-mRNA-1	Bcin10p02590.1	CVL01221	FOXG_09460P0	RKF75846	EDN97763
OG0002120	BLGH_01425-mRNA-1	Bcin10p05890.1	CVK88607	FOXG_02212P0	RKF75847	EDO04879
OG0002121	BLGH_01426-mRNA-1	Bcin10p05730.1	CVK88604	FOXG_02214P0	RKF84162	EDO04703
OG0002122	BLGH_01428-mRNA-1	Bcin10p05990.1	CVK88613	FOXG_02209P0	RKF82886	EDO04866
OG0002123	BLGH_01429-mRNA-1	Bcin10p05980.1	CVK88614	FOXG_02208P0	RKF82885	EDO04865
OG0002124	BLGH_01431-mRNA-1	Bcin10p02410.1	CVK89229	FOXG_01840P0	RKF71207	EDO04846
OG0002125	BLGH_01432-mRNA-1	Bcin10p02420.1	CVK89227	FOXG_01841P0	RKF71206	EDO04847
OG0002126	BLGH_01435-mRNA-1	Bcin10p01330.1	CVL01273	FOXG_09514P0	RKF66791	EDO04742
OG0002127	BLGH_01437-mRNA-1	Bcin10p01100.1	CVK88363	FOXG_02346P0	RKF53661	EDO05015
OG0002128	BLGH_01438-mRNA-1	Bcin10p01380.1	CVK88579	FOXG_02229P0	RKF84030	EDO04736
OG0002129	BLGH_01440-mRNA-1	Bcin10p01400.1	CVK96878	FOXG_04444P0	RKF80173	EDO04734
OG0002130	BLGH_01441-mRNA-1	Bcin10p02490.1	CVL01152	FOXG_09389P0	RKF82650	EDO04859
OG0002131	BLGH_01443-mRNA-1	Bcin10p01700.1	CVK97132	FOXG_04291P0	RKF55564	EDO04768
OG0002132	BLGH_01446-mRNA-1	Bcin10p01710.1	CVK97160	FOXG_04272P0	RKF55567	EDO04773
OG0002133	BLGH_01450-mRNA-1	Bcin10p03820.1	CVK88670	FOXG_02180P0	RKF54958	EDN97714
OG0002134	BLGH_01451-mRNA-1	Bcin10p03840.1	CVK88667	FOXG_02181P0	RKF54957	EDN97713
OG0002135	BLGH_01453-mRNA-1	Bcin10p05090.1	CVK88465	FOXG_02293P0	RKF79079	EDO04572
OG0002136	BLGH_01454-mRNA-1	Bcin10p02230.1	CVK88460	FOXG_02298P0	RKF80908	EDO04837
OG0002137	BLGH_01455-mRNA-1	Bcin10p02220.1	CVK88458	FOXG_02299P0	RKF82087	EDO04838
OG0002138	BLGH_01456-mRNA-1	Bcin10p05510.1	CVK97233	FOXG_04230P0	RKF82907	EDO04647
OG0002139	BLGH_01457-mRNA-1	Bcin10p05520.1	CVK97235	FOXG_04229P0	RKF76821	EDO04648
OG0002140	BLGH_01458-mRNA-1	Bcin10p05720.1	CVK97236	FOXG_04228P0	RKF76820	EDO04702
OG0002141	BLGH_01459-mRNA-1	Bcin10p01410.1	CVL01925	FOXG_10546P0	RKF59126	EDO04733
OG0002142	BLGH_01463-mRNA-1	Bcin05p04830.1	CVL03050	FOXG_11207P0	RKF65018	EDO03734
OG0002143	BLGH_01466-mRNA-1	Bcin10p02270.1	CVL01934	FOXG_10555P0	RKF58790	EDO04836
OG0002144	BLGH_01468-mRNA-1	Bcin10p02250.1	CVL01942	FOXG_10563P0	RKF55468	EDO04834
OG0002145	BLGH_01469-mRNA-1	Bcin10p02240.1	CVL01941	FOXG_10562P0	RKF55467	EDO04833
OG0002146	BLGH_01470-mRNA-1	Bcin10p04120.1	CVK88427	FOXG_02314P0	RKF53498	EDN97685
OG0002147	BLGH_01474-mRNA-1	Bcin04p03870.1	CVL00551	FOXG_09025P0	RKF75819	EDO01291
OG0002148	BLGH_01475-mRNA-1	Bcin04p03860.1	CVK87096	FOXG_07824P0	RKF84016	EDO01292
OG0002149	BLGH_01476-mRNA-1	Bcin10p00300.1	CVK97036	FOXG_04346P0	RKF53553	EDO04908
OG0002150	BLGH_01477-mRNA-1	Bcin10p00230.1	CVK97037	FOXG_04345P0	RKF82281	EDO04901
OG0002151	BLGH_01478-mRNA-1	Bcin10p00240.1	CVK97039	FOXG_04344P0	RKF82282	EDO04902
OG0002152	BLGH_01479-mRNA-1	Bcin10p00250.1	CVK97040	FOXG_04343P0	RKF82283	EDO04903
OG0002153	BLGH_01480-mRNA-1	Bcin10p00260.1	CVK97044	FOXG_04341P0	RKF82284	EDO04904
OG0002154	BLGH_01481-mRNA-1	Bcin10p00270.1	CVK97042	FOXG_04342P0	RKF77963	EDO04906
OG0002155	BLGH_01482-mRNA-1	Bcin10p00370.1	CVK88387	FOXG_02336P0	RKF83375	EDO04919
OG0002156	BLGH_01484-mRNA-1	Bcin10p00390.1	CVL01155	FOXG_09392P0	RKF82769	EDO04921
OG0002157	BLGH_01485-mRNA-1	Bcin10p00400.1	CVL01154	FOXG_09391P0	RKF82770	EDO04922
OG0002158	BLGH_01488-mRNA-1	Bcin10p00410.1	CVK89135	FOXG_01894P0	RKF57539	EDO04923
OG0002159	BLGH_01489-mRNA-1	Bcin10p00750.1	CVK96921	FOXG_04419P0	RKF45448	EDO04713
OG0002160	BLGH_01499-mRNA-1	Bcin10p04900.1	CVK97200	FOXG_04249P0	RKF80511	EDN97581
OG0002161	BLGH_01500-mRNA-1	Bcin10p04890.1	CVK97128	FOXG_04293P0	RKF80510	EDN97582
OG0002162	BLGH_01501-mRNA-1	Bcin10p04880.1	CVK97133	FOXG_04290P0	RKF59759	EDN97583
OG0002163	BLGH_01509-mRNA-1	Bcin10p05800.1	CVK97059	FOXG_04333P0	RKF53585	EDO04887
OG0002164	BLGH_01517-mRNA-1	Bcin10p01440.1	CVL01023	FOXG_09298P0	RKF79713	EDO04729
OG0002165	BLGH_01518-mRNA-1	Bcin10p00870.1	CVK88582	FOXG_02226P0	RKF61691	EDO04723
OG0002166	BLGH_01519-mRNA-1	Bcin10p00860.1	CVK88580	FOXG_02227P0	RKF56069	EDO04724
OG0002167	BLGH_01521-mRNA-1	Bcin10p01130.1	CVK97245	FOXG_04223P0	RKF79712	EDO05019
OG0002168	BLGH_01522-mRNA-1	Bcin10p01120.1	CVK97246	FOXG_04222P0	RKF79711	EDO05018
OG0002169	BLGH_01524-mRNA-1	Bcin10p04640.1	CVK88874	FOXG_02051P0	RKF83912	EDN97617
OG0002170	BLGH_01525-mRNA-1	Bcin10p01250.1	CVK96884	FOXG_04441P0	RKF54085	EDO04761
OG0002171	BLGH_01526-mRNA-1	Bcin10p01260.1	CVK96882	FOXG_04442P0	RKF71134	EDO04762
OG0002172	BLGH_01527-mRNA-1	Bcin10p01240.1	CVK96885	FOXG_04440P0	RKF56527	EDO04760
OG0002173	BLGH_01528-mRNA-1	Bcin10p01230.1	CVK96887	FOXG_04439P0	RKF56528	EDO04759
OG0002174	BLGH_01529-mRNA-1	Bcin10p01220.1	CVK96888	FOXG_04438P0	RKF80225	EDO04755
OG0002175	BLGH_01532-mRNA-1	Bcin10p00780.1	CVK88842	FOXG_02073P0	RKF60031	EDO04719
OG0002176	BLGH_01533-mRNA-1	Bcin10p00790.1	CVL01033	FOXG_09303P0	RKF60030	EDO04720
OG0002177	BLGH_01539-mRNA-1	Bcin01p01710.1	CVK84516	FOXG_01011P0	RKF81874	EDN98291
OG0002178	BLGH_01542-mRNA-1	Bcin01p02360.1	CVK84341	FOXG_00821P0	RKF81875	EDO01558
OG0002179	BLGH_01545-mRNA-1	Bcin01p01160.1	CVK93709	FOXG_06105P0	RKF62195	EDN98117
OG0002180	BLGH_01550-mRNA-1	Bcin01p03140.1	CVK91452	FOXG_02810P0	RKF71145	EDO02291
OG0002181	BLGH_01553-mRNA-1	Bcin01p00230.1	CVK93711	FOXG_06103P0	RKF53682	EDN98249
OG0002182	BLGH_01554-mRNA-1	Bcin01p00220.1	CVK93710	FOXG_06104P0	RKF53681	EDN98250
OG0002183	BLGH_01555-mRNA-1	Bcin01p00210.1	CVK84748	FOXG_01161P0	RKF53680	EDN98251
OG0002184	BLGH_01557-mRNA-1	Bcin01p01190.1	CVL03258	FOXG_11325P0	RKF62196	EDN98112
OG0002185	BLGH_01561-mRNA-1	Bcin01p01140.1	CVK84560	FOXG_01034P0	RKF75157	EDN98119
OG0002186	BLGH_01567-mRNA-1	Bcin01p01180.1	CVK84521	FOXG_01014P0	RKF83504	EDN98114
OG0002187	BLGH_01569-mRNA-1	Bcin01p08470.1	CVK84757	FOXG_01170P0	RKF53836	EDO02233
OG0002188	BLGH_01571-mRNA-1	Bcin06p02400.1	CVK93762	FOXG_06061P0	RKF58149	EDN99669
OG0002189	BLGH_01572-mRNA-1	Bcin06p02360.1	CVK84755	FOXG_01168P0	RKF58150	EDN99674
OG0002190	BLGH_01573-mRNA-1	Bcin06p02380.1	CVL06878	FOXG_14692P0	RKF77802	EDN99671
OG0002191	BLGH_01574-mRNA-1	Bcin06p02390.1	CVK93764	FOXG_06059P0	RKF77801	EDN99670
OG0002192	BLGH_01575-mRNA-1	Bcin06p01250.1	CVK93765	FOXG_06058P0	RKF84083	EDN99796
OG0002193	BLGH_01576-mRNA-1	Bcin06p01240.1	CVK93767	FOXG_06057P0	RKF84082	EDN99797
OG0002194	BLGH_01577-mRNA-1	Bcin06p01230.1	CVK93768	FOXG_06056P0	RKF84081	EDN99798
OG0002195	BLGH_01581-mRNA-1	Bcin01p06880.1	CVL06076	FOXG_15419P0	RKF54345	EDO01630
OG0002196	BLGH_01583-mRNA-1	Bcin06p02320.1	CVL03234	FOXG_11311P0	RKF64881	EDN99677
OG0002197	BLGH_01588-mRNA-1	Bcin06p02560.1	CVL03256	FOXG_11324P0	RKF83017	EDN93601
OG0002198	BLGH_01589-mRNA-1	Bcin06p01360.1	CVL06043	FOXG_15448P0	RKF63938	EDN99786
OG0002199	BLGH_01593-mRNA-1	Bcin06p02420.1	CVL03263	FOXG_11327P0	RKF54149	EDN99667
OG0002200	BLGH_01594-mRNA-1	Bcin01p01120.1	CVK84529	FOXG_01017P0	RKF83439	EDN98128
OG0002201	BLGH_01595-mRNA-1	Bcin01p00980.1	CVL03085	FOXG_11227P0	RKF77971	EDN98143
OG0002202	BLGH_01596-mRNA-1	Bcin01p09060.1	CVK84509	FOXG_01006P0	RKF55136	EDO02086
OG0002203	BLGH_01598-mRNA-1	Bcin07p00590.1	CVK92267	FOXG_05009P0	RKF55250	EDN95366
OG0002204	BLGH_01599-mRNA-1	Bcin09p00510.1	CVK92269	FOXG_05010P0	RKF55251	EDO02416
OG0002205	BLGH_01601-mRNA-1	Bcin09p00560.1	CVK92663	FOXG_05336P0	RKF64184	EDO02411
OG0002206	BLGH_01602-mRNA-1	Bcin01p06810.1	CVL03047	FOXG_11205P0	RKF79467	EDO01622
OG0002207	BLGH_01605-mRNA-1	Bcin10p03630.1	CVL01278	FOXG_09519P0	RKF53868	EDO04509
OG0002208	BLGH_01606-mRNA-1	Bcin10p00600.1	CVK88722	FOXG_02148P0	RKF79426	EDO04959
OG0002209	BLGH_01607-mRNA-1	Bcin06p02470.1	CVL03240	FOXG_11314P0	RKF54148	EDN93611
OG0002210	BLGH_01608-mRNA-1	Bcin10p03670.1	CVL01284	FOXG_09526P0	RKF53869	EDO04503
OG0002211	BLGH_01612-mRNA-1	Bcin12p05010.1	CVK93525	FOXG_06306P0	RKF80408	EDN92707
OG0002212	BLGH_01613-mRNA-1	Bcin10p05920.1	CVL01275	FOXG_09516P0	RKF82130	EDO04875
OG0002213	BLGH_01617-mRNA-1	Bcin08p00370.1	CVK96810	FOXG_04474P0	RKF60800	EDO04550
OG0002214	BLGH_01619-mRNA-1	Bcin10p05150.1	CVL01231	FOXG_09470P0	RKF82682	EDO04583
OG0002215	BLGH_01621-mRNA-1	Bcin10p05180.1	CVK88865	FOXG_02057P0	RKF82684	EDO04590
OG0002216	BLGH_01626-mRNA-1	Bcin01p08500.1	CVK84606	FOXG_01062P0	RKF76478	EDO02230
OG0002217	BLGH_01628-mRNA-1	Bcin01p08560.1	CVK93755	FOXG_06065P0	RKF58034	EDO02222
OG0002218	BLGH_01629-mRNA-1	Bcin01p08550.1	CVK93757	FOXG_06064P0	RKF58033	EDO02224
OG0002219	BLGH_01630-mRNA-1	Bcin01p08570.1	CVK93753	FOXG_06066P0	RKF78151	EDO02221
OG0002220	BLGH_01631-mRNA-1	Bcin01p04740.1	CVK84534	FOXG_01020P0	RKF82081	EDO01884
OG0002221	BLGH_01636-mRNA-1	Bcin15p05360.1, Bcin15p05360.2	CVL00888	FOXG_09214P0	RKF62246	
OG0002222	BLGH_01638-mRNA-1	Bcin01p08490.1	CVK84759	FOXG_01172P0	RKF53834	EDO02231
OG0002223	BLGH_01642-mRNA-1	Bcin16p03880.1, Bcin16p03880.2	CVL01118	FOXG_09356P0	RKF83349	
OG0002224	BLGH_01644-mRNA-1	Bcin09p00540.1	CVK92477	FOXG_05147P0	RKF59574	EDO02413
OG0002225	BLGH_01645-mRNA-1	Bcin09p00520.1	CVK92785	FOXG_05413P0	RKF80202	EDO02415
OG0002226	BLGH_01652-mRNA-1	Bcin10p03440.1	CVK89178	FOXG_01869P0	RKF56857	EDO04533
OG0002227	BLGH_01655-mRNA-1	Bcin10p02200.1	CVL01923	FOXG_10544P0	RKF59666	EDO04817
OG0002228	BLGH_01656-mRNA-1	Bcin10p02290.1	CVK88480	FOXG_02286P0	RKF57356	EDO04829
OG0002229	BLGH_01661-mRNA-1	Bcin10p03430.1	CVK88788	FOXG_02107P0	RKF56690	EDO04534
OG0002230	BLGH_01663-mRNA-1	Bcin10p03660.1	CVL01282	FOXG_09524P0	RKF56691	EDO04504
OG0002231	BLGH_01664-mRNA-1	Bcin10p03760.1	CVK96895	FOXG_04433P0	RKF56300	EDO04541
OG0002232	BLGH_01665-mRNA-1	Bcin11p06180.1	CVK87927	FOXG_07388P0	RKF82312	EDN96187
OG0002233	BLGH_01666-mRNA-1	Bcin10p03750.1	CVK96894	FOXG_04434P0	RKF53089	EDO04540
OG0002234	BLGH_01669-mRNA-1	Bcin10p04940.1	CVK95859	FOXG_09962P0	RKF77902	EDN97576
OG0002235	BLGH_01674-mRNA-1	Bcin09p02460.1	CVK92575	FOXG_05247P0	RKF71111	EDO02909
OG0002236	BLGH_01676-mRNA-1	Bcin11p06140.1	CVL04692	FOXG_11623P0	RKF55692	EDN96191
OG0002237	BLGH_01677-mRNA-1	Bcin11p06330.1	CVL04690	FOXG_11621P0	RKF80707	EDN96170
OG0002238	BLGH_01679-mRNA-1	Bcin11p06350.1	CVL04759	FOXG_11659P0	RKF78857	EDN96168
OG0002239	BLGH_01680-mRNA-1	Bcin09p02310.1	CVK92539	FOXG_05212P0	RKF77574	EDO02604
OG0002240	BLGH_01683-mRNA-1, BLGH_01687-mRNA-1, BLGH_01734-mRNA-1, BLGH_01844-mRNA-1, BLGH_02494-mRNA-1, BLGH_04127-mRNA-1					
OG0002241	BLGH_01686-mRNA-1	Bcin09p03440.1	CVK92512	FOXG_05183P0	RKF79758	EDO02797
OG0002242	BLGH_01689-mRNA-1	Bcin06p06930.1	CVK87495	FOXG_07601P0	RKF81130	EDO00199
OG0002243	BLGH_01690-mRNA-1	Bcin06p06750.1	CVK87483	FOXG_07607P0	RKF81824	EDO00209
OG0002244	BLGH_01692-mRNA-1	Bcin09p05580.1	CVK92493	FOXG_05163P0	RKF53738	EDO03026
OG0002245	BLGH_01693-mRNA-1	Bcin09p05590.1	CVK92492	FOXG_05162P0	RKF73107	EDO03025
OG0002246	BLGH_01694-mRNA-1	Bcin09p05600.1	CVK92491	FOXG_05161P0	RKF71446	EDO03024
OG0002247	BLGH_01695-mRNA-1	Bcin06p06920.1	CVK87493	FOXG_07602P0	RKF81825	EDO00200
OG0002248	BLGH_01698-mRNA-1	Bcin06p06820.1	CVK89660	FOXG_01582P0	RKF55664	EDO00216
OG0002249	BLGH_01699-mRNA-1	Bcin06p06740.1	CVK87480	FOXG_07608P0	RKF56984	EDO00208
OG0002250	BLGH_01700-mRNA-1	Bcin05p00930.1	CVK89172	FOXG_01873P0	RKF79574	EDO03506
OG0002251	BLGH_01701-mRNA-1	Bcin06p06770.1	CVK89814	FOXG_01448P0	RKF55659	EDO00211
OG0002252	BLGH_01702-mRNA-1	Bcin06p06780.1	CVK89813	FOXG_01449P0	RKF55660	EDO00212
OG0002253	BLGH_01703-mRNA-1	Bcin06p06790.1	CVK89812	FOXG_01450P0	RKF55661	EDO00213
OG0002254	BLGH_01704-mRNA-1	Bcin06p06800.1	CVK89811	FOXG_01451P0	RKF55662	EDO00214
OG0002255	BLGH_01706-mRNA-1	Bcin06p06760.1	CVK89815	FOXG_01447P0	RKF58271	EDO00210
OG0002256	BLGH_01713-mRNA-1	Bcin05p03730.1	CVK89783	FOXG_01478P0	RKF53328	EDO03596
OG0002257	BLGH_01716-mRNA-1	Bcin05p03750.1	CVK89563	FOXG_01638P0	RKF77570	EDO03598
OG0002258	BLGH_01719-mRNA-1	Bcin06p06810.1	CVK89633	FOXG_01596P0	RKF55663	EDO00215
OG0002259	BLGH_01721-mRNA-1	Bcin05p03630.1	CVK87505	FOXG_07596P0	RKF78378	EDO03583
OG0002260	BLGH_01727-mRNA-1	Bcin05p00660.1	CVK87296	FOXG_07696P0	RKF71329	EDO03218
OG0002261	BLGH_01729-mRNA-1	Bcin05p06650.1	CVK88568	FOXG_02237P0	RKF81865	EDN96151
OG0002262	BLGH_01735-mRNA-1	Bcin07p00720.1	CVL01100	FOXG_09345P0	RKF75630	EDN95354
OG0002263	BLGH_01737-mRNA-1	Bcin07p00610.1	CVK88561	FOXG_02241P0	RKF75629	EDN95368
OG0002264	BLGH_01738-mRNA-1	Bcin05p06790.1	CVK88563	FOXG_02240P0	RKF75628	EDN96135
OG0002265	BLGH_01743-mRNA-1	Bcin02p06150.1	CVK86725, CVL07078	FOXG_08086P0		EDN95156
OG0002266	BLGH_01744-mRNA-1	Bcin02p05880.1	CVK86614	FOXG_03717P0	RKF57432	EDN95168
OG0002267	BLGH_01745-mRNA-1	Bcin02p05890.1	CVK86615	FOXG_03716P0	RKF57431	EDN95169
OG0002268	BLGH_01746-mRNA-1	Bcin02p05900.1	CVK86616	FOXG_03715P0	RKF57429	EDN95170
OG0002269	BLGH_01747-mRNA-1	Bcin02p05910.1	CVK86617	FOXG_03714P0	RKF57430	EDN95171
OG0002270	BLGH_01748-mRNA-1	Bcin06p06610.1	CVK88899	FOXG_02035P0	RKF79996	EDO00229
OG0002271	BLGH_01749-mRNA-1	Bcin02p06140.1	CVK86701	FOXG_08110P0	RKF56220	EDN95155
OG0002272	BLGH_01750-mRNA-1	Bcin02p06130.1	CVK89342	FOXG_01768P0	RKF57406	EDN95153
OG0002273	BLGH_01752-mRNA-1	Bcin06p07200.1	CVK93534	FOXG_06295P0	RKF83840	EDO00164
OG0002274	BLGH_01754-mRNA-1	Bcin02p01090.1	CVK87412	FOXG_07649P0	RKF79540	EDN96750
OG0002275	BLGH_01757-mRNA-1	Bcin06p07270.1	CVK99966	FOXG_08309P0	RKF58971	EDO00149
OG0002276	BLGH_01758-mRNA-1	Bcin06p07280.1	CVK99965	FOXG_08310P0	RKF57835	EDO00150
OG0002277	BLGH_01761-mRNA-1	Bcin07p01470.1	CVK97356	FOXG_04160P0	RKF83140	EDN96410
OG0002278	BLGH_01762-mRNA-1	Bcin07p01510.1	CVK99619	FOXG_08512P0	RKF83141	EDN96412
OG0002279	BLGH_01764-mRNA-1	Bcin07p01620.1	CVK99565	FOXG_08549P0	RKF75935	EDN96425
OG0002280	BLGH_01766-mRNA-1	Bcin07p01580.1	CVK99569	FOXG_08545P0	RKF64780	EDN96421
OG0002281	BLGH_01768-mRNA-1	Bcin07p01520.1	CVK99624	FOXG_08510P0	RKF58970	EDN96413
OG0002282	BLGH_01769-mRNA-1	Bcin07p01550.1	CVK93552	FOXG_06277P0	RKF54732	EDN96416
OG0002283	BLGH_01775-mRNA-1	Bcin02p07890.1, Bcin02p07890.2	CVK87147	FOXG_07792P0	RKF84088	
OG0002284	BLGH_01792-mRNA-1	Bcin15p05300.1, Bcin15p05300.2	CVK99891	FOXG_08358P0	RKF58641	
OG0002285	BLGH_01798-mRNA-1	Bcin15p04210.1, Bcin15p04210.2	CVK99822	FOXG_08400P0	RKF71137	
OG0002286	BLGH_01799-mRNA-1, BLGH_04111-mRNA-1	Bcin03p02290.1	CVK89753		RKF55279	EDN91164
OG0002287	BLGH_01800-mRNA-1	Bcin07p03480.1	CVL00063	FOXG_08253P0	RKF82392	EDN96989
OG0002288	BLGH_01802-mRNA-1	Bcin02p01210.1	CVK86908	FOXG_07943P0	RKF54687	EDN96825
OG0002289	BLGH_01805-mRNA-1	Bcin15p05420.1, Bcin15p05420.2	CVK97303	FOXG_04189P0	RKF54686	
OG0002290	BLGH_01808-mRNA-1	Bcin07p03540.1	CVL00034	FOXG_08272P0	RKF82394	EDN96981
OG0002291	BLGH_01811-mRNA-1	Bcin07p03510.1	CVK99593	FOXG_08529P0	RKF82307	EDN96984
OG0002292	BLGH_01815-mRNA-1	Bcin15p04980.1, Bcin15p04980.2	CVK87641	FOXG_07521P0	RKF55319	
OG0002293	BLGH_01833-mRNA-1	Bcin14p01750.1	CVK92496	FOXG_05167P0	RKF82750	EDN94408
OG0002294	BLGH_01834-mRNA-1	Bcin14p01760.1	CVK92640	FOXG_05314P0	RKF82751	EDN94407
OG0002295	BLGH_01835-mRNA-1	Bcin07p01430.1	CVK99587	FOXG_08532P0	RKF82542	EDN96405
OG0002296	BLGH_01845-mRNA-1	Bcin07p01150.1	CVK97340	FOXG_04169P0	RKF64838	EDN96945
OG0002297	BLGH_01846-mRNA-1	Bcin07p01140.1	CVK97341	FOXG_04168P0	RKF64839	EDN96944
OG0002298	BLGH_01847-mRNA-1	Bcin07p01130.1	CVK97343	FOXG_04167P0	RKF64840	EDN96943
OG0002299	BLGH_01854-mRNA-1	Bcin02p00480.1	CVK87040	FOXG_07859P0	RKF83584	EDN96575
OG0002300	BLGH_01855-mRNA-1	Bcin02p00490.1	CVK87330	FOXG_07682P0	RKF56533	EDN96576
OG0002301	BLGH_01856-mRNA-1	Bcin01p05750.1	CVK88191	FOXG_02480P0	RKF56532	EDO02001
OG0002302	BLGH_01858-mRNA-1	Bcin07p01160.1, Bcin07p01160.2	CVK97338	FOXG_04170P0	RKF73161	
OG0002303	BLGH_01859-mRNA-1	Bcin07p01170.1	CVK97336	FOXG_04172P0	RKF73162	EDN96946
OG0002304	BLGH_01860-mRNA-1	Bcin07p01180.1	CVK97334	FOXG_04173P0	RKF73163	EDN96947
OG0002305	BLGH_01865-mRNA-1	Bcin02p07400.1, Bcin02p07400.2	CVK86605	FOXG_03727P0	RKF55384	
OG0002306	BLGH_01869-mRNA-1	Bcin07p01190.1	CVK97332	FOXG_04174P0	RKF73164	EDN96948
OG0002307	BLGH_01871-mRNA-1	Bcin05p00180.1	CVK84228	FOXG_00893P0	RKF81796	EDO03165
OG0002308	BLGH_01873-mRNA-1	Bcin05p00190.1	CVK84202	FOXG_00813P0	RKF81797	EDO03167
OG0002309	BLGH_01875-mRNA-1	Bcin05p00220.1	CVK93725	FOXG_06088P0	RKF81799	EDO03170
OG0002310	BLGH_01877-mRNA-1	Bcin05p00160.1	CVK94380	FOXG_05712P0	RKF55961	EDO03163
OG0002311	BLGH_01878-mRNA-1	Bcin05p00150.1	CVK94381	FOXG_05711P0	RKF55962	EDO03164
OG0002312	BLGH_01879-mRNA-1	Bcin05p02680.1	CVK84324	FOXG_00831P0	RKF56467	EDO03418
OG0002313	BLGH_01883-mRNA-1	Bcin05p02670.1	CVK84326	FOXG_00830P0	RKF65009	EDO03417
OG0002314	BLGH_01886-mRNA-1	Bcin05p03140.1	CVK94139	FOXG_05832P0	RKF74880	EDO03536
OG0002315	BLGH_01888-mRNA-1	Bcin05p05500.1	CVK84489	FOXG_00995P0	RKF79543	EDN96048
OG0002316	BLGH_01890-mRNA-1	Bcin05p04330.1	CVK84243	FOXG_00885P0	RKF81192	EDO03684
OG0002317	BLGH_01893-mRNA-1	Bcin05p05410.1	CVL03051	FOXG_11208P0	RKF81172	EDN96036
OG0002318	BLGH_01895-mRNA-1	Bcin05p05470.1	CVK84771	FOXG_01183P0	RKF55314	EDN96043
OG0002319	BLGH_01896-mRNA-1	Bcin05p05460.1	CVK84247	FOXG_00882P0	RKF62886	EDN96041
OG0002320	BLGH_01897-mRNA-1	Bcin05p04610.1	CVK84251	FOXG_00881P0	RKF62887	EDO03708
OG0002321	BLGH_01898-mRNA-1	Bcin05p04600.1	CVK84252	FOXG_00880P0	RKF62888	EDO03707
OG0002322	BLGH_01901-mRNA-1	Bcin05p07220.1	CVK94325	FOXG_05741P0	RKF55171	EDO03841
OG0002323	BLGH_01902-mRNA-1	Bcin05p02590.1	CVK84698	FOXG_01114P0	RKF59155	EDO03342
OG0002324	BLGH_01903-mRNA-1	Bcin05p02600.1	CVK84700	FOXG_01115P0	RKF59154	EDO03341
OG0002325	BLGH_01904-mRNA-1	Bcin05p05070.1	CVK94118	FOXG_05846P0	RKF62885	EDN96092
OG0002326	BLGH_01906-mRNA-1	Bcin05p04420.1	CVK84334	FOXG_00825P0	RKF72569	EDO03691
OG0002327	BLGH_01907-mRNA-1	Bcin05p04430.1	CVK84626	FOXG_01074P0	RKF72568	EDO03692
OG0002328	BLGH_01909-mRNA-1	Bcin05p01760.2	CVK84601	FOXG_01060P0	RKF55144	EDO03302
OG0002329	BLGH_01912-mRNA-1	Bcin05p02490.1	CVK84742	FOXG_01156P0	RKF71419	EDO03355
OG0002330	BLGH_01914-mRNA-1	Bcin05p02650.1	CVK84381	FOXG_00923P0	RKF53076	EDO03414
OG0002331	BLGH_01921-mRNA-1	Bcin05p04650.1	CVK84296	FOXG_00850P0	RKF57022	EDO03711
OG0002332	BLGH_01922-mRNA-1	Bcin05p04660.1	CVK84295	FOXG_00851P0	RKF57023	EDO03712
OG0002333	BLGH_01927-mRNA-1	Bcin05p02640.1	CVK84382	FOXG_00924P0	RKF79656	EDO03413
OG0002334	BLGH_01936-mRNA-1	Bcin04p04510.1, Bcin04p06430.1	CVK92913	FOXG_05492P0	RKF79461	
OG0002335	BLGH_01952-mRNA-1	Bcin01p07690.1	CVK90465	FOXG_03491P0	RKF76398	EDO02271
OG0002336	BLGH_01953-mRNA-1	Bcin04p03330.1	CVL05843	FOXG_12671P0	RKF58705	EDO01353
OG0002337	BLGH_01954-mRNA-1	Bcin09p01460.2	CVK92321	FOXG_05045P0	RKF54042	EDO02516
OG0002338	BLGH_01959-mRNA-1	Bcin02p02180.1	CVK83155	FOXG_00182P0	RKF83527	EDN96920
OG0002339	BLGH_01960-mRNA-1	Bcin04p06560.1	CVK96764, CVL05587	FOXG_12823P0	RKF55457	
OG0002340	BLGH_01965-mRNA-1	Bcin12p06120.1	CVK90208	FOXG_03633P0	RKF76059	EDN98905
OG0002341	BLGH_01969-mRNA-1, BLGH_04419-mRNA-1	Bcin04p06180.1	CVL02821	FOXG_11088P0	RKF83745	
OG0002342	BLGH_01980-mRNA-1	Bcin04p06730.1, Bcin04p06730.2	CVK86940	FOXG_07920P0	RKF82439	
OG0002343	BLGH_01995-mRNA-1	Bcin04p02970.1	CVL02767	FOXG_11059P0	RKF53247	EDO01412
OG0002344	BLGH_02002-mRNA-1	Bcin05p00790.1	CVK92060	FOXG_04895P0	RKF73955	EDO03244
OG0002345	BLGH_04370-mRNA-1	Bcin13p01740.1	CVK93598	FOXG_06229P0	RKF75693	EDN99337
OG0002346	BLGH_04371-mRNA-1	Bcin13p01730.1	CVK93597	FOXG_06230P0	RKF75694	EDN99338
OG0002347	BLGH_04373-mRNA-1	Bcin13p01750.1	CVK93979	FOXG_05923P0	RKF65486	EDN99336
OG0002348	BLGH_04374-mRNA-1	Bcin13p02940.1	CVK90793	FOXG_03294P0	RKF77983	EDN93683
OG0002349	BLGH_04376-mRNA-1	Bcin13p04910.1	CVK90791	FOXG_03295P0	RKF56147	EDN98633
OG0002350	BLGH_04378-mRNA-1	Bcin13p02360.1	CVL05826	FOXG_12683P0	RKF71195	EDN99518
OG0002351	BLGH_04380-mRNA-1	Bcin09p02090.1	CVK90708	FOXG_03343P0	RKF44593	EDO02631
OG0002352	BLGH_04382-mRNA-1	Bcin13p01930.1	CVK86504	FOXG_03825P0	RKF55248	EDN99312
OG0002353	BLGH_04384-mRNA-1	Bcin13p01320.1	CVK90888	FOXG_03236P0	RKF77690	EDN99380
OG0002354	BLGH_04385-mRNA-1	Bcin13p01310.1	CVK90886	FOXG_03237P0	RKF77691	EDN99381
OG0002355	BLGH_04386-mRNA-1	Bcin13p02800.1	CVK90857	FOXG_03253P0	RKF77692	EDN99561
OG0002356	BLGH_04388-mRNA-1	Bcin12p06210.1, Bcin15p02830.2		FOXG_03988P0, FOXG_17571P0		EDN98891
OG0002357	BLGH_04389-mRNA-1	Bcin13p01640.1	CVK90875	FOXG_03243P0	RKF81430	EDN99345
OG0002358	BLGH_04393-mRNA-1	Bcin13p01610.1	CVK90879	FOXG_03240P0	RKF75832	EDN99348
OG0002359	BLGH_04396-mRNA-1	Bcin13p04800.1	CVL00189	FOXG_08175P0	RKF75695	EDN98650
OG0002360	BLGH_04397-mRNA-1	Bcin13p04790.1	CVK91154	FOXG_03019P0	RKF71095	EDN98651
OG0002361	BLGH_04399-mRNA-1	Bcin13p01410.1	CVK93880	FOXG_05987P0	RKF54727	EDN99368
OG0002362	BLGH_04410-mRNA-1	Bcin09p06030.1	CVK84938	FOXG_01327P0	RKF77191	EDO03093
OG0002363	BLGH_04411-mRNA-1	Bcin13p05370.1	CVK93381	FOXG_06420P0	RKF62872	EDN98594
OG0002364	BLGH_04413-mRNA-1	Bcin13p02600.1	CVK93650	FOXG_06173P0	RKF58957	EDN99550
OG0002365	BLGH_04416-mRNA-1	Bcin13p04860.1	CVK90867	FOXG_03247P0	RKF54388	EDN98641
OG0002366	BLGH_04417-mRNA-1	Bcin10p02860.1	CVK88791	FOXG_02105P0	RKF63311	EDN97791
OG0002367	BLGH_04418-mRNA-1	Bcin16p00450.1	CVK93592	FOXG_06235P0	RKF58601	EDN99446
OG0002368	BLGH_04421-mRNA-1	Bcin13p01440.1	CVK93860	FOXG_06002P0	RKF83610	EDN99363
OG0002369	BLGH_04423-mRNA-1	Bcin13p01450.1	CVK93859	FOXG_06003P0	RKF82979	EDN99362
OG0002370	BLGH_04424-mRNA-1	Bcin16p00440.1	CVK93726	FOXG_06087P0	RKF58602	EDN99447
OG0002371	BLGH_04426-mRNA-1	Bcin13p04810.1	CVL00188	FOXG_08176P0	RKF77192	EDN98649
OG0002372	BLGH_04428-mRNA-1	Bcin13p01420.1	CVK93878	FOXG_05989P0	RKF60045	EDN99365
OG0002373	BLGH_04429-mRNA-1	Bcin13p01630.1	CVK90877	FOXG_03241P0	RKF60303	EDN99346
OG0002374	BLGH_04431-mRNA-1	Bcin13p01620.1	CVK90876	FOXG_03242P0	RKF77967	EDN99347
OG0002375	BLGH_04438-mRNA-1	Bcin13p02630.1	CVL02670	FOXG_10991P0	RKF54330	EDN99540
OG0002376	BLGH_04439-mRNA-1	Bcin13p05590.1	CVK98442	FOXG_13855P0	RKF65351	EDN98545
OG0002377	BLGH_04442-mRNA-1	Bcin13p01350.1	CVK93855	FOXG_06006P0	RKF54329	EDN99376
OG0002378	BLGH_04443-mRNA-1	Bcin08p00210.1	CVK96971	FOXG_04387P0	RKF83607	EDN97553
OG0002379	BLGH_04447-mRNA-1	Bcin05p06750.1	CVL01114	FOXG_09354P0	RKF84119	EDN96139
OG0002380	BLGH_04451-mRNA-1	Bcin10p00550.1	CVL01145	FOXG_09383P0	RKF77212	EDO04950
OG0002381	BLGH_04452-mRNA-1	Bcin10p00540.1	CVK89087	FOXG_01922P0	RKF83973	EDO04949
OG0002382	BLGH_04454-mRNA-1	Bcin13p02900.1	CVK90568	FOXG_03429P0	RKF74933	EDN93688
OG0002383	BLGH_04455-mRNA-1	Bcin10p01270.1	CVK88737	FOXG_02139P0	RKF80805	EDO04763
OG0002384	BLGH_04456-mRNA-1	Bcin13p05490.1	CVL05687	FOXG_12767P0	RKF82777	EDN98557
OG0002385	BLGH_04459-mRNA-1	Bcin13p03470.1	CVK90986	FOXG_03169P0	RKF64889	EDN93622
OG0002386	BLGH_04461-mRNA-1	Bcin16p00710.1	CVK90582	FOXG_03419P0	RKF55068	EDN99418
OG0002387	BLGH_04462-mRNA-1	Bcin13p03600.1	CVL05665	FOXG_12778P0	RKF82196	EDN99650
OG0002388	BLGH_04463-mRNA-1	Bcin16p00720.1	CVK90580	FOXG_03420P0	RKF72125	EDN99419
OG0002389	BLGH_04464-mRNA-1	Bcin16p00580.1	CVK93968	FOXG_05931P0	RKF72126	EDN99433
OG0002390	BLGH_04465-mRNA-1	Bcin16p00590.1	CVK90554	FOXG_03439P0	RKF81440	EDN99432
OG0002391	BLGH_04467-mRNA-1	Bcin13p05480.1	CVL05636	FOXG_12795P0	RKF55069	EDN98555
OG0002392	BLGH_04468-mRNA-1	Bcin13p05550.1	CVL05639	FOXG_12793P0	RKF63684	EDN98566
OG0002393	BLGH_04470-mRNA-1	Bcin13p05540.1	CVL05641	FOXG_12792P0	RKF63683	EDN98565
OG0002394	BLGH_04471-mRNA-1	Bcin13p02120.1	CVK90544	FOXG_03446P0	RKF54523	EDN99483
OG0002395	BLGH_04472-mRNA-1	Bcin13p03060.1	CVK90534	FOXG_03450P0	RKF58333	EDN93673
OG0002396	BLGH_04473-mRNA-1	Bcin13p05530.1	CVL05642	FOXG_12791P0	RKF81030	EDN98564
OG0002397	BLGH_04474-mRNA-1	Bcin13p05570.1	CVK95072	FOXG_16602P0	RKF79443	EDN98552
OG0002398	BLGH_04475-mRNA-1	Bcin13p03850.1	CVK93398	FOXG_06406P0	RKF79442	EDN99610
OG0002399	BLGH_04476-mRNA-1	Bcin13p03860.1	CVK93961	FOXG_05937P0	RKF79441	EDN99609
OG0002400	BLGH_04478-mRNA-1	Bcin13p05250.1	CVL02830	FOXG_11089P0	RKF65103	EDN98603
OG0002401	BLGH_04479-mRNA-1	Bcin13p05560.1	CVL05638	FOXG_12794P0	RKF63685	EDN98567
OG0002402	BLGH_04486-mRNA-1	Bcin13p03080.1	CVK90545	FOXG_03445P0	RKF62837	EDN93671
OG0002403	BLGH_04490-mRNA-1	Bcin13p03070.1	CVK90579	FOXG_03421P0	RKF63478	EDN93672
OG0002404	BLGH_04492-mRNA-1	Bcin13p03730.1	CVK86921	FOXG_07933P0	RKF56409	EDN99632
OG0002405	BLGH_04493-mRNA-1	Bcin13p03740.1	CVL03126	FOXG_11249P0	RKF55706	EDN99629
OG0002406	BLGH_04494-mRNA-1	Bcin13p03750.1	CVL03125	FOXG_11248P0	RKF55707	EDN99628
OG0002407	BLGH_04495-mRNA-1	Bcin13p04570.1	CVL05899	FOXG_12640P0	RKF55708	EDN98677
OG0002408	BLGH_04497-mRNA-1	Bcin13p01580.1	CVL03112	FOXG_11242P0	RKF80213	EDN99353
OG0002409	BLGH_04498-mRNA-1	Bcin13p01590.1	CVK84122	FOXG_00766P0	RKF83679	EDN99352
OG0002410	BLGH_04499-mRNA-1	Bcin13p04520.1	CVL05908	FOXG_12635P0	RKF60651	EDN98682
OG0002411	BLGH_04500-mRNA-1	Bcin13p04490.1	CVK89333	FOXG_01773P0	RKF60653	EDN98685
OG0002412	BLGH_04501-mRNA-1	Bcin13p04480.1	CVK89331	FOXG_01774P0	RKF60652	EDN98686
OG0002413	BLGH_04503-mRNA-1	Bcin13p04430.1	CVK98541	FOXG_13955P0	RKF60649	EDN98691
OG0002414	BLGH_04504-mRNA-1	Bcin13p01680.1	CVL03092	FOXG_11231P0	RKF83499	EDN99341
OG0002415	BLGH_04506-mRNA-1	Bcin13p01570.1	CVL03113	FOXG_11243P0	RKF73317	EDN99354
OG0002416	BLGH_04507-mRNA-1	Bcin13p01600.1	CVL03108	FOXG_11239P0	RKF83678	EDN99349
OG0002417	BLGH_04508-mRNA-1	Bcin13p02500.1	CVL05690	FOXG_12766P0	RKF65118	EDN99532
OG0002418	BLGH_04510-mRNA-1	Bcin05p08040.1	CVK94328	FOXG_05739P0	RKF79062	EDN95869
OG0002419	BLGH_04512-mRNA-1, BLGH_04516-mRNA-1	Bcin13p03790.1			RKF60850, RKF66759	EDN99616
OG0002420	BLGH_04513-mRNA-1	Bcin13p04010.1	CVK93632	FOXG_06194P0	RKF81107	EDN99588
OG0002421	BLGH_04515-mRNA-1	Bcin13p03800.1	CVL02772	FOXG_11063P0	RKF71474	EDN99615
OG0002422	BLGH_04517-mRNA-1	Bcin13p04020.1	CVK93631	FOXG_06195P0	RKF54405	EDN99586
OG0002423	BLGH_04518-mRNA-1	Bcin13p04030.1	CVK93630	FOXG_06196P0	RKF83622	EDN99585
OG0002424	BLGH_04519-mRNA-1	Bcin13p04040.1	CVK93629	FOXG_06197P0	RKF83623	EDN99584
OG0002425	BLGH_04520-mRNA-1	Bcin09p06220.1	CVK91028	FOXG_03142P0	RKF60410	EDO03119
OG0002426	BLGH_04522-mRNA-1	Bcin09p06240.1	CVK91024	FOXG_03144P0	RKF53924	EDO03121
OG0002427	BLGH_04525-mRNA-1	Bcin09p06270.1	CVK91020	FOXG_03146P0	RKF71092	EDO03124
OG0002428	BLGH_04527-mRNA-1	Bcin13p03990.1	CVK93639	FOXG_06187P0	RKF63917	EDN99592
OG0002429	BLGH_04528-mRNA-1	Bcin13p03980.1	CVK93638	FOXG_06188P0	RKF79969	EDN99594
OG0002430	BLGH_04529-mRNA-1	Bcin13p04000.1	CVK93636	FOXG_06190P0	RKF78627	EDN99591
OG0002431	BLGH_04530-mRNA-1	Bcin09p03600.1	CVK91030	FOXG_03141P0	RKF55415	EDO02811
OG0002432	BLGH_04531-mRNA-1	Bcin09p03220.1	CVK90990	FOXG_03085P0	RKF60499	EDO02766
OG0002433	BLGH_04533-mRNA-1	Bcin09p06110.1	CVK91073	FOXG_03099P0	RKF62510	EDO03104
OG0002434	BLGH_04535-mRNA-1	Bcin09p06090.1	CVK91071	FOXG_03101P0	RKF63540	EDO03099
OG0002435	BLGH_04538-mRNA-1	Bcin09p06190.1	CVK91017	FOXG_03149P0	RKF64463	EDO03114
OG0002436	BLGH_04540-mRNA-1	Bcin09p06170.1	CVK90598	FOXG_03409P0	RKF56829	EDO03111
OG0002437	BLGH_04541-mRNA-1	Bcin09p06160.1	CVK90599	FOXG_03408P0	RKF56828	EDO03110
OG0002438	BLGH_04544-mRNA-1	Bcin09p06130.1	CVK91068	FOXG_03103P0	RKF56825	EDO03107
OG0002439	BLGH_04546-mRNA-1	Bcin09p05030.1	CVK91129	FOXG_03041P0	RKF60568	EDO02574
OG0002440	BLGH_04550-mRNA-1	Bcin09p03570.1	CVK90658	FOXG_03373P0	RKF71490	EDO02808
OG0002441	BLGH_04551-mRNA-1	Bcin09p03560.1	CVK90657	FOXG_03374P0	RKF71491	EDO02807
OG0002442	BLGH_04552-mRNA-1	Bcin09p03550.1	CVK90655	FOXG_03375P0	RKF71492	EDO02806
OG0002443	BLGH_04553-mRNA-1	Bcin09p03680.1	CVK90594	FOXG_03411P0	RKF54646	EDO02820
OG0002444	BLGH_04554-mRNA-1	Bcin09p03260.1	CVK91072	FOXG_03100P0	RKF54645	EDO02773
OG0002445	BLGH_04557-mRNA-1	Bcin09p03330.1	CVK91032	FOXG_03139P0	RKF58585	EDO02781
OG0002446	BLGH_04558-mRNA-1	Bcin09p03280.1	CVK91075	FOXG_03097P0	RKF81112	EDO02777
OG0002447	BLGH_04560-mRNA-1	Bcin09p03340.1	CVK91184	FOXG_02992P0	RKF71102	EDO02784
OG0002448	BLGH_04561-mRNA-1	Bcin09p02020.1	CVK90993	FOXG_03164P0	RKF83326	EDO02637
OG0002449	BLGH_04562-mRNA-1	Bcin09p03410.1	CVK91033	FOXG_03138P0	RKF53758	EDO02793
OG0002450	BLGH_04565-mRNA-1	Bcin09p03370.1	CVK91003	FOXG_03158P0	RKF53757	EDO02788
OG0002451	BLGH_04566-mRNA-1	Bcin13p02420.1	CVK87232	FOXG_07735P0	RKF80950	EDN99523
OG0002452	BLGH_04567-mRNA-1	Bcin13p02410.1	CVK87231	FOXG_07736P0	RKF80951	EDN99522
OG0002453	BLGH_04568-mRNA-1	Bcin13p02400.1	CVK87228	FOXG_07737P0	RKF54636	EDN99521
OG0002454	BLGH_04569-mRNA-1	Bcin13p02390.1	CVL03110	FOXG_11240P0	RKF54637	EDN99520
OG0002455	BLGH_04570-mRNA-1	Bcin13p02380.1	CVL03111	FOXG_11241P0	RKF54638	EDN99519
OG0002456	BLGH_04571-mRNA-1	Bcin16p00520.1	CVK90980	FOXG_03173P0	RKF54639	EDN99439
OG0002457	BLGH_04576-mRNA-1	Bcin13p02830.1	CVL05824	FOXG_12684P0	RKF78655	EDN93703
OG0002458	BLGH_04577-mRNA-1	Bcin13p02840.1	CVL02804	FOXG_11079P0	RKF77370	EDN93702
OG0002459	BLGH_04578-mRNA-1	Bcin13p02850.1	CVL02806	FOXG_11080P0	RKF77371	EDN93701
OG0002460	BLGH_04579-mRNA-1	Bcin13p02860.1	CVL02707	FOXG_11026P0	RKF77372	EDN93700
OG0002461	BLGH_03984-mRNA-1, BLGH_04584-mRNA-1	Bcin07p04320.2	CVL01544	FOXG_10301P0	RKF53852	
OG0002462	BLGH_04585-mRNA-1	Bcin13p04140.1	CVK93635	FOXG_06191P0	RKF56647	EDN99580
OG0002463	BLGH_06482-mRNA-1	Bcin13p04680.1	CVL05901	FOXG_12639P0	RKF66001	EDN98658
OG0002464	BLGH_06483-mRNA-1	Bcin13p04630.1	CVL05888	FOXG_12647P0	RKF83402	EDN98669
OG0002465	BLGH_06484-mRNA-1	Bcin13p04510.1	CVL05907	FOXG_12636P0	RKF77433	EDN98683
OG0002466	BLGH_06485-mRNA-1	Bcin13p04500.1	CVL05905	FOXG_12637P0	RKF77432	EDN98684
OG0002467	BLGH_06505-mRNA-1	Bcin13p02510.1	CVL05691	FOXG_12765P0	RKF56902	EDN99533
OG0002468	BLGH_06506-mRNA-1	Bcin13p01830.1	CVK87234	FOXG_07734P0	RKF80212	EDN99328
OG0002469	BLGH_06507-mRNA-1	Bcin13p01820.1	CVK84119	FOXG_00764P0	RKF80211	EDN99329
OG0002470	BLGH_06508-mRNA-1	Bcin13p01810.1	CVK84082	FOXG_00741P0	RKF80210	EDN99330
OG0002471	BLGH_06514-mRNA-1	Bcin13p03500.1	CVK86919	FOXG_07934P0	RKF63163	EDN93618
OG0002472	BLGH_06515-mRNA-1	Bcin13p03520.1	CVL02765	FOXG_11058P0	RKF45067	EDN93615
OG0002473	BLGH_06516-mRNA-1	Bcin13p03510.1	CVL03118	FOXG_11245P0	RKF45065	EDN93617
OG0002474	BLGH_06517-mRNA-1	Bcin13p03550.1	CVL01680	FOXG_10381P0	RKF45064	EDN99664
OG0002475	BLGH_06518-mRNA-1	Bcin13p03760.1	CVL03123	FOXG_11247P0	RKF82533	EDN99626
OG0002476	BLGH_06519-mRNA-1	Bcin13p04560.1	CVL05897	FOXG_12642P0	RKF51346	EDN98675
OG0002477	BLGH_06521-mRNA-1	Bcin13p04540.1	CVL05893	FOXG_12644P0	RKF51345	EDN98673
OG0002478	BLGH_06531-mRNA-1	Bcin08p04150.1	CVL01847	FOXG_10487P0	RKF55263	EDO00649
OG0002479	BLGH_06533-mRNA-1	Bcin08p04170.1	CVL01824	FOXG_10472P0	RKF55265	EDO00651
OG0002480	BLGH_06534-mRNA-1	Bcin08p04250.1	CVK89830	FOXG_01432P0	RKF55266	EDO00647
OG0002481	BLGH_06978-mRNA-1	Bcin01p00420.1	CVK99975	FOXG_08303P0	RKF58096	EDN98241
OG0002482	BLGH_06979-mRNA-1	Bcin01p07280.1, Bcin01p07280.2	CVK93081	FOXG_11363P0		EDO01734
OG0002483	BLGH_06981-mRNA-1	Bcin01p07300.1	CVK93083	FOXG_11361P0	RKF54379	EDO01737
OG0002484	BLGH_06983-mRNA-1	Bcin01p02110.1	CVK90239	FOXG_03612P0	RKF72282	EDO01525
OG0002485	BLGH_06984-mRNA-1	Bcin01p02120.1	CVK90237	FOXG_03613P0	RKF83556	EDO01526
OG0002486	BLGH_06987-mRNA-1	Bcin01p02020.1	CVK90996	FOXG_03161P0	RKF65854	EDO01515
OG0002487	BLGH_06988-mRNA-1	Bcin01p02070.1	CVK90243	FOXG_03610P0	RKF65664	EDO01521
OG0002488	BLGH_06805-mRNA-1	Bcin16p00340.1	CVK93359	FOXG_06434P0	RKF83950	EDN99290
OG0002489	BLGH_06812-mRNA-1	Bcin01p10120.1	CVL06068	FOXG_15425P0	RKF65213	EDO02090
OG0002490	BLGH_06813-mRNA-1	Bcin01p10050.1	CVL06050	FOXG_15441P0	RKF53727	EDO02098
OG0002491	BLGH_06818-mRNA-1	Bcin01p01520.1	CVL03245	FOXG_11317P0	RKF61390	EDN98264
OG0002492	BLGH_06821-mRNA-1	Bcin09p02360.1	CVK92378	FOXG_05095P0	RKF83699	EDO02971
OG0002493	BLGH_06822-mRNA-1	Bcin09p02370.1	CVK92597	FOXG_05268P0	RKF83104	EDO02970
OG0002494	BLGH_06824-mRNA-1	Bcin09p04660.1	CVK92466	FOXG_05135P0	RKF54143	EDO02535
OG0002495	BLGH_06827-mRNA-1	Bcin09p02420.1	CVK92921	FOXG_05497P0	RKF83405	EDO02963
OG0002496	BLGH_06828-mRNA-1	Bcin09p05190.1, Bcin09p05190.2	CVL01974	FOXG_10599P0		EDO02612
OG0002497	BLGH_06834-mRNA-1	Bcin04p03160.1	CVK92623	FOXG_05295P0	RKF76876	EDO01378
OG0002498	BLGH_06835-mRNA-1	Bcin09p01360.1	CVK92901	FOXG_05485P0	RKF64264	EDO02503
OG0002499	BLGH_06836-mRNA-1	Bcin09p01330.1	CVK90092	FOXG_05550P0	RKF83537	EDO02500
OG0002500	BLGH_06838-mRNA-1	Bcin09p01390.1	CVK92797	FOXG_05421P0	RKF79457	EDO02507
OG0002501	BLGH_06839-mRNA-1	Bcin09p01340.1	CVK90096	FOXG_05548P0	RKF64208	EDO02501
OG0002502	BLGH_06843-mRNA-1	Bcin13p04830.1	CVK90789	FOXG_03296P0	RKF72003	EDN98644
OG0002503	BLGH_06844-mRNA-1	Bcin13p04840.1	CVK93858	FOXG_06004P0	RKF57428	EDN98643
OG0002504	BLGH_06845-mRNA-1	Bcin13p05750.1	CVL05820	FOXG_12688P0	RKF56856	EDN98529
OG0002505	BLGH_06847-mRNA-1	Bcin01p10980.1	CVL06025	FOXG_15464P0	RKF59877	EDO02060
OG0002506	BLGH_06848-mRNA-1	Bcin01p10970.1	CVL06024	FOXG_15465P0	RKF59876	EDO02058
OG0002507	BLGH_02636-mRNA-1	Bcin08p02230.1	CVL01822	FOXG_10470P0	RKF56400	EDO00901
OG0002508	BLGH_02648-mRNA-1	Bcin03p06580.1	CVK93642	FOXG_06184P0	RKF72203	EDN90738
OG0002509	BLGH_02650-mRNA-1	Bcin03p03940.1	CVK93626	FOXG_06200P0	RKF60698	EDN91062
OG0002510	BLGH_02651-mRNA-1	Bcin08p03790.1	CVK88783	FOXG_02109P0	RKF74714	EDO00704
OG0002511	BLGH_02653-mRNA-1	Bcin08p04190.1	CVL01839	FOXG_10482P0	RKF80925	EDO00654
OG0002512	BLGH_02654-mRNA-1	Bcin08p04180.1	CVL01838	FOXG_10481P0	RKF80926	EDO00653
OG0002513	BLGH_02657-mRNA-1	Bcin08p04260.1	CVK87033	FOXG_07863P0	RKF60086	EDO00646
OG0002514	BLGH_02659-mRNA-1	Bcin08p04300.1	CVL01265	FOXG_09506P0	RKF80927	EDO00640
OG0002515	BLGH_02669-mRNA-1	Bcin06p04810.1			RKF55918, RKF71385, RKF76971	EDN93493
OG0002516	BLGH_02670-mRNA-1	Bcin08p03380.1	CVL01136	FOXG_09373P0	RKF54926	EDO00751
OG0002517	BLGH_02671-mRNA-1	Bcin08p03370.1	CVL01137	FOXG_09375P0	RKF65646	EDO00752
OG0002518	BLGH_02677-mRNA-1	Bcin08p03360.1	CVL01135	FOXG_09372P0	RKF80571	EDO00753
OG0002519	BLGH_02678-mRNA-1	Bcin08p04080.1	CVK88785	FOXG_02108P0	RKF58110	EDO00672
OG0002520	BLGH_02679-mRNA-1	Bcin03p03620.1	CVL01802	FOXG_10455P0	RKF57219	EDN91099
OG0002521	BLGH_02681-mRNA-1	Bcin03p03650.1	CVK84171	FOXG_00794P0	RKF56359	EDN91092
OG0002522	BLGH_02685-mRNA-1	Bcin03p04070.1	CVK84139	FOXG_00776P0	RKF47017	EDN91051
OG0002523	BLGH_02686-mRNA-1	Bcin03p04080.1	CVK84138	FOXG_00774P0	RKF47016	EDN91050
OG0002524	BLGH_02688-mRNA-1	Bcin13p01090.1	CVK99507	FOXG_08610P0	RKF83325	EDN99400
OG0002525	BLGH_02689-mRNA-1	Bcin03p04020.1	CVK86950	FOXG_07913P0	RKF65445	EDN91054
OG0002526	BLGH_02690-mRNA-1	Bcin03p06620.1	CVK86957	FOXG_07908P0	RKF79489	EDN90730
OG0002527	BLGH_02691-mRNA-1	Bcin03p04120.1	CVK86955	FOXG_07909P0	RKF79488	EDN91042
OG0002528	BLGH_02699-mRNA-1	Bcin03p04100.1	CVK86952	FOXG_07911P0	RKF56412	EDN91044
OG0002529	BLGH_02735-mRNA-1	Bcin08p05770.1, Bcin08p05770.2	CVK89526	FOXG_01659P0	RKF55460	
OG0002530	BLGH_02739-mRNA-1	Bcin08p05840.1	CVK89296, CVL07173	FOXG_01795P0	RKF55461	
OG0002531	BLGH_02747-mRNA-1	Bcin01p01070.1	CVL03229	FOXG_11308P0	RKF59527	EDN98134
OG0002532	BLGH_02752-mRNA-1	Bcin03p05410.1	CVK89533	FOXG_01655P0	RKF80241	EDN90899
OG0002533	BLGH_02753-mRNA-1	Bcin03p05430.1	CVK89534	FOXG_01654P0	RKF77447	EDN90897
OG0002534	BLGH_02754-mRNA-1	Bcin03p05440.1	CVK89535	FOXG_01653P0	RKF77448	EDN90896
OG0002535	BLGH_02759-mRNA-1	Bcin08p06600.1	CVK87380	FOXG_07668P0	RKF78209, RKF83776	
OG0002536	BLGH_02769-mRNA-1	Bcin13p05220.1	CVL05695	FOXG_12762P0	RKF82008	EDN98607
OG0002537	BLGH_02771-mRNA-1	Bcin13p03250.1	CVK93647	FOXG_06176P0	RKF77414	EDN93668
OG0002538	BLGH_02773-mRNA-1	Bcin08p02450.1	CVK89661	FOXG_01581P0	RKF56931	EDO00880
OG0002539	BLGH_02775-mRNA-1	Bcin08p02530.1	CVL01859	FOXG_10494P0	RKF79354	EDO00873
OG0002540	BLGH_02777-mRNA-1	Bcin08p02510.1	CVL04579	FOXG_11515P0	RKF57938	EDO00875
OG0002541	BLGH_02778-mRNA-1	Bcin08p02500.1	CVL04580	FOXG_11516P0	RKF57939	EDO00876
OG0002542	BLGH_02779-mRNA-1	Bcin08p02360.1	CVK89590	FOXG_01621P0	RKF57940	EDO00890
OG0002543	BLGH_02781-mRNA-1	Bcin08p02380.1	CVK89593	FOXG_01620P0	RKF57942	EDO00888
OG0002544	BLGH_02785-mRNA-1	Bcin08p03270.1	CVL00631	FOXG_09067P0	RKF53653	EDO00763
OG0002545	BLGH_02787-mRNA-1	Bcin08p03290.1	CVL00635	FOXG_09068P0	RKF75828	EDO00764
OG0002546	BLGH_02788-mRNA-1	Bcin08p03250.1	CVL00627	FOXG_09065P0	RKF80492	EDO00761
OG0002547	BLGH_02790-mRNA-1	Bcin08p03140.1	CVK89663	FOXG_01580P0	RKF80900	EDO00782
OG0002548	BLGH_02791-mRNA-1	Bcin03p00100.1	CVL05706	FOXG_12756P0	RKF64962	EDN94182
OG0002549	BLGH_02795-mRNA-1	Bcin08p03190.1	CVL00626	FOXG_09064P0	RKF55147	EDO00777
OG0002550	BLGH_02796-mRNA-1	Bcin08p03180.1	CVK89310	FOXG_01787P0	RKF55146	EDO00778
OG0002551	BLGH_02797-mRNA-1	Bcin08p03170.1	CVK89308	FOXG_01788P0	RKF55148	EDO00779
OG0002552	BLGH_02799-mRNA-1	Bcin08p02600.1	CVL01132	FOXG_09369P0	RKF80646	EDO00867
OG0002553	BLGH_02804-mRNA-1	Bcin08p03510.1	CVL01578	FOXG_10320P0	RKF51365	EDO00738
OG0002554	BLGH_02808-mRNA-1	Bcin08p02310.1	CVL01245	FOXG_09484P0	RKF55153	EDO00892
OG0002555	BLGH_02809-mRNA-1	Bcin08p02330.1	CVL01833	FOXG_10477P0	RKF55152	EDO00891
OG0002556	BLGH_02810-mRNA-1	Bcin08p03210.1	CVL00622	FOXG_09062P0	RKF55150	EDO00774
OG0002557	BLGH_02812-mRNA-1	Bcin11p05810.1	CVK82862	FOXG_00013P0	RKF78625	EDN96244
OG0002558	BLGH_02813-mRNA-1	Bcin11p05220.1	CVK82860	FOXG_00012P0	RKF78626	EDN96257
OG0002559	BLGH_02814-mRNA-1	Bcin03p00610.1	CVL02872	FOXG_11112P0	RKF81509	EDN91442
OG0002560	BLGH_02815-mRNA-1	Bcin03p00750.1	CVL02957	FOXG_11153P0	RKF81508	EDN91426
OG0002561	BLGH_02816-mRNA-1	Bcin03p04850.1	CVK90919	FOXG_03213P0	RKF77567	EDN90957
OG0002562	BLGH_02818-mRNA-1	Bcin03p04830.1	CVK90916	FOXG_03215P0	RKF53130	EDN90960
OG0002563	BLGH_02819-mRNA-1	Bcin03p04840.1	CVK90918	FOXG_03214P0	RKF59465	EDN90958
OG0002564	BLGH_02820-mRNA-1	Bcin03p05390.1	CVL01885	FOXG_10513P0	RKF82989	EDN90901
OG0002565	BLGH_02821-mRNA-1	Bcin03p07300.1	CVL00560	FOXG_09030P0	RKF81456	EDN90647
OG0002566	BLGH_02823-mRNA-1	Bcin03p07280.1	CVL00562	FOXG_09032P0	RKF81454	EDN90649
OG0002567	BLGH_02825-mRNA-1	Bcin03p05510.1	CVL04590	FOXG_11526P0	RKF78448	EDN90884
OG0002568	BLGH_02826-mRNA-1	Bcin03p05530.1	CVL04585	FOXG_11521P0	RKF84068	EDN90882
OG0002569	BLGH_02827-mRNA-1	Bcin03p07240.1	CVK89596	FOXG_01618P0	RKF54493	EDN90653
OG0002570	BLGH_02828-mRNA-1	Bcin03p05480.1	CVL01807	FOXG_10458P0	RKF82892	EDN90891
OG0002571	BLGH_02830-mRNA-1	Bcin08p03640.1	CVL01131	FOXG_09368P0	RKF80366	EDO00724
OG0002572	BLGH_02832-mRNA-1	Bcin08p03660.1	CVL04599	FOXG_11534P0	RKF82894	EDO00721
OG0002573	BLGH_02833-mRNA-1	Bcin08p03490.1	CVL01795	FOXG_10449P0	RKF60288	EDO00749
OG0002574	BLGH_02836-mRNA-1	Bcin08p01350.1	CVL01253	FOXG_09493P0	RKF83725	EDO01017
OG0002575	BLGH_02837-mRNA-1, BLGH_02921-mRNA-1, BLGH_02922-mRNA-1, BLGH_02936-mRNA-1, BLGH_02939-mRNA-1, BLGH_02940-mRNA-1					
OG0002576	BLGH_02838-mRNA-1	Bcin08p01360.1	CVL01252	FOXG_09492P0	RKF79519	EDO01016
OG0002577	BLGH_02839-mRNA-1	Bcin08p01370.1	CVL01251	FOXG_09491P0	RKF79520	EDO01015
OG0002578	BLGH_02840-mRNA-1	Bcin08p06770.1, Bcin08p06770.2	CVK93873	FOXG_05993P0	RKF79522	
OG0002579	BLGH_02843-mRNA-1	Bcin03p00770.1	CVL01562	FOXG_10310P0	RKF71312	EDN91422
OG0002580	BLGH_02844-mRNA-1	Bcin03p00780.1	CVL01563	FOXG_10311P0	RKF71310	EDN91423
OG0002581	BLGH_02847-mRNA-1	Bcin08p03670.1	CVL04602	FOXG_11537P0	RKF53679	EDO00720
OG0002582	BLGH_02849-mRNA-1	Bcin03p01740.1	CVL04587	FOXG_11523P0	RKF55689	EDN91123
OG0002583	BLGH_02850-mRNA-1	Bcin03p07250.1	CVK87447	FOXG_07627P0	RKF82323	EDN90652
OG0002584	BLGH_02853-mRNA-1	Bcin08p03710.1	CVL04571	FOXG_11507P0	RKF54255	EDO00717
OG0002585	BLGH_02854-mRNA-1	Bcin08p03700.1	CVL01127	FOXG_09364P0	RKF54256	EDO00716
OG0002586	BLGH_02855-mRNA-1	Bcin08p03690.1	CVL01128	FOXG_09365P0	RKF54257	EDO00715
OG0002587	BLGH_02856-mRNA-1	Bcin08p03680.1	CVL04609	FOXG_11542P0	RKF60878	EDO00713
OG0002588	BLGH_02859-mRNA-1	Bcin08p03540.1	CVL01944	FOXG_10564P0	RKF57886	EDO00735
OG0002589	BLGH_02862-mRNA-1	Bcin03p03900.1	CVK93645	FOXG_17758P0	RKF54533	EDN91077
OG0002590	BLGH_02865-mRNA-1	Bcin08p03610.1	CVL01604	FOXG_10335P0	RKF83354	EDO00729
OG0002591	BLGH_02866-mRNA-1	Bcin08p00790.1	CVK87460	FOXG_07621P0	RKF64241	EDO01112
OG0002592	BLGH_02867-mRNA-1	Bcin03p01700.1	CVL01844	FOXG_10485P0	RKF75787	EDN91119
OG0002593	BLGH_02868-mRNA-1	Bcin03p06730.1	CVK86986	FOXG_07889P0	RKF56229	EDN90714
OG0002594	BLGH_02869-mRNA-1	Bcin03p06720.1	CVK86985	FOXG_07890P0	RKF56230	EDN90715
OG0002595	BLGH_02870-mRNA-1	Bcin03p03920.1	CVK91172	FOXG_03002P0	RKF84147	EDN91079
OG0002596	BLGH_02871-mRNA-1	Bcin03p03910.1	CVK91150	FOXG_03022P0	RKF66855	EDN91078
OG0002597	BLGH_02873-mRNA-1	Bcin08p00770.1, Bcin08p00770.2	CVK87454	FOXG_07623P0		EDO01109
OG0002598	BLGH_02875-mRNA-1	Bcin08p00690.1	CVK89540	FOXG_01651P0	RKF73364	EDO01096
OG0002599	BLGH_02877-mRNA-1	Bcin03p01670.1	CVL01841	FOXG_10483P0	RKF56227	EDN91117
OG0002600	BLGH_02878-mRNA-1	Bcin03p01710.1	CVL01843	FOXG_10484P0	RKF56226	EDN91118
OG0002601	BLGH_02879-mRNA-1	Bcin08p00740.1	CVL02638	FOXG_10964P0	RKF73363	EDO01105
OG0002602	BLGH_02883-mRNA-1	Bcin08p00700.1	CVK89541	FOXG_01650P0	RKF65189	EDO01097
OG0002603	BLGH_02886-mRNA-1	Bcin08p00590.1	CVL01598	FOXG_10331P0	RKF82152	EDO01082
OG0002604	BLGH_02891-mRNA-1	Bcin08p04650.1, Bcin08p04650.2	CVL01259	FOXG_09500P0	RKF80620	
OG0002605	BLGH_02893-mRNA-1	Bcin03p05500.1	CVK92136	FOXG_04939P0	RKF77124	EDN90889
OG0002606	BLGH_02899-mRNA-1	Bcin08p04010.1	CVL01570	FOXG_10314P0	RKF80110	EDO00679
OG0002607	BLGH_02901-mRNA-1	Bcin08p00670.1	CVL01614	FOXG_10344P0	RKF79641	EDO01091
OG0002608	BLGH_02902-mRNA-1	Bcin08p00660.1	CVL01612	FOXG_10343P0	RKF53937	EDO01090
OG0002609	BLGH_02904-mRNA-1	Bcin08p04000.1	CVL01567	FOXG_10313P0	RKF74163	EDO00684
OG0002610	BLGH_02905-mRNA-1	Bcin08p00630.1	CVL01624	FOXG_10350P0	RKF73704	EDO01087
OG0002611	BLGH_02906-mRNA-1	Bcin08p00620.1	CVL01576	FOXG_10319P0	RKF73703	EDO01086
OG0002612	BLGH_02907-mRNA-1	Bcin08p00610.1	CVL01574	FOXG_10318P0	RKF73702	EDO01085
OG0002613	BLGH_02908-mRNA-1	Bcin08p01410.1	CVL04595	FOXG_11531P0	RKF80622	EDO01006
OG0002614	BLGH_02910-mRNA-1	Bcin06p04100.1	CVK91136	FOXG_03036P0	RKF65869	EDN99873
OG0002615	BLGH_02911-mRNA-1	Bcin08p04710.1, Bcin08p04710.2	CVL04591	FOXG_11527P0	RKF81582	
OG0002616	BLGH_02913-mRNA-1	Bcin08p04890.1, Bcin08p04890.2	CVL01551	FOXG_10304P0	RKF83691	
OG0002617	BLGH_02914-mRNA-1	Bcin08p00870.1	CVL00637	FOXG_09069P0	RKF83823	EDO01126
OG0002618	BLGH_02915-mRNA-1	Bcin08p00860.1	CVK87102	FOXG_07818P0	RKF83824	EDO01125
OG0002619	BLGH_02916-mRNA-1	Bcin08p00800.1	CVK89311	FOXG_01786P0	RKF47012	EDO01113
OG0002620	BLGH_02917-mRNA-1	Bcin08p00880.1	CVK89312	FOXG_01785P0	RKF47011	EDO01127
OG0002621	BLGH_02924-mRNA-1	Bcin08p00810.1	CVK87125	FOXG_07805P0	RKF75829	EDO01114
OG0002622	BLGH_02925-mRNA-1	Bcin08p00820.1	CVK87123	FOXG_07806P0	RKF75830	EDO01115
OG0002623	BLGH_02929-mRNA-1	Bcin11p04510.1, Bcin11p04510.2	CVK83978	FOXG_00678P0	RKF54941	
OG0002624	BLGH_02950-mRNA-1	Bcin11p05160.1	CVL00981	FOXG_09273P0	RKF65704	EDN96266
OG0002625	BLGH_02951-mRNA-1	Bcin11p05090.1	CVK83800	FOXG_00578P0	RKF74995	EDN96273
OG0002626	BLGH_02956-mRNA-1	Bcin01p08720.1	CVK93950	FOXG_05943P0	RKF59981	EDO02257
OG0002627	BLGH_02957-mRNA-1	Bcin01p08730.1	CVK93959	FOXG_05938P0	RKF59982	EDO02258
OG0002628	BLGH_02958-mRNA-1	Bcin11p06050.1	CVL01508	FOXG_10280P0	RKF79930	EDN96206
OG0002629	BLGH_02959-mRNA-1	Bcin11p05920.1	CVK83242		RKF65014, RKF79341	EDN96232
OG0002630	BLGH_02964-mRNA-1	Bcin11p05900.1	CVK83472	FOXG_00377P0	RKF57409	EDN96229
OG0002631	BLGH_02968-mRNA-1	Bcin11p05870.1	CVK83625	FOXG_00481P0	RKF83306	EDN96226
OG0002632	BLGH_02972-mRNA-1	Bcin07p02290.1	CVK84307	FOXG_00844P0	RKF78879	EDN97109
OG0002633	BLGH_02975-mRNA-1	Bcin11p06260.1	CVL04809	FOXG_11683P0	RKF48474	EDN96179
OG0002634	BLGH_02977-mRNA-1	Bcin11p06240.1	CVL04778	FOXG_11669P0	RKF48472	EDN96181
OG0002635	BLGH_02978-mRNA-1	Bcin11p06230.1	CVL04776	FOXG_11668P0	RKF65435	EDN96182
OG0002636	BLGH_02981-mRNA-1	Bcin01p07970.1	CVK93602	FOXG_06225P0	RKF83449	EDO02168
OG0002637	BLGH_02984-mRNA-1	Bcin01p08030.1	CVK93601	FOXG_06226P0	RKF53465	EDO02175
OG0002638	BLGH_02985-mRNA-1	Bcin01p08760.1	CVK91444	FOXG_02815P0	RKF56707	EDO02261
OG0002639	BLGH_02988-mRNA-1	Bcin01p07960.1	CVK93910	FOXG_05968P0	RKF45609	EDO02159
OG0002640	BLGH_02989-mRNA-1	Bcin11p03750.1, Bcin11p03750.2	CVK89454	FOXG_01701P0	RKF57268	
OG0002641	BLGH_02992-mRNA-1	Bcin11p03720.1, Bcin11p03720.2	CVK89448	FOXG_01704P0	RKF82401	
OG0002642	BLGH_02995-mRNA-1	Bcin01p08070.1	CVK93916	FOXG_05964P0	RKF77846	EDO02178
OG0002643	BLGH_03002-mRNA-1	Bcin11p04330.1, Bcin11p04330.2	CVK90906	FOXG_03223P0	RKF58132	
OG0002644	BLGH_03017-mRNA-1	Bcin11p01000.1, Bcin11p01000.2	CVK93621	FOXG_06205P0	RKF84015	
OG0002645	BLGH_03026-mRNA-1	Bcin11p05110.1	CVK83888	FOXG_00626P0	RKF81249	EDN96271
OG0002646	BLGH_03027-mRNA-1	Bcin11p05120.1	CVK83187	FOXG_00202P0	RKF81248	EDN96270
OG0002647	BLGH_03029-mRNA-1	Bcin01p03030.1	CVK90560	FOXG_03434P0	RKF65150	EDO02303
OG0002648	BLGH_03032-mRNA-1	Bcin11p05140.1	CVK83969	FOXG_00673P0	RKF82948	EDN96268
OG0002649	BLGH_03033-mRNA-1	Bcin11p05150.1	CVK83971	FOXG_00674P0	RKF82947	EDN96267
OG0002650	BLGH_03035-mRNA-1	Bcin11p05060.1	CVK83804	FOXG_00580P0	RKF79071	EDN96276
OG0002651	BLGH_03038-mRNA-1	Bcin11p05170.1	CVL00983	FOXG_09274P0	RKF75354	EDN96265
OG0002652	BLGH_03039-mRNA-1	Bcin11p02250.1	CVK83190	FOXG_00204P0	RKF83758	EDN96638
OG0002653	BLGH_03040-mRNA-1	Bcin11p02220.1	CVK83192	FOXG_00205P0	RKF83759	EDN96634
OG0002654	BLGH_03041-mRNA-1	Bcin11p05210.1	CVL01494	FOXG_10271P0	RKF81245	EDN96261
OG0002655	BLGH_03042-mRNA-1	Bcin11p05230.1	CVK83184	FOXG_00199P0	RKF81246	EDN96260
OG0002656	BLGH_03043-mRNA-1	Bcin01p08870.1	CVK90451	FOXG_03498P0	RKF77375	EDO02112
OG0002657	BLGH_03045-mRNA-1	Bcin01p05670.1	CVK90456	FOXG_03496P0	RKF57452	EDO01991
OG0002658	BLGH_03046-mRNA-1	Bcin01p05650.1	CVK90453	FOXG_03497P0	RKF57411	EDO01990
OG0002659	BLGH_03048-mRNA-1	Bcin01p05710.1	CVK91325		RKF78556	EDO01995, EDO01996
OG0002660	BLGH_03051-mRNA-1	Bcin11p03660.1, Bcin15p00080.1	CVK83631	FOXG_00478P0	RKF53447	
OG0002661	BLGH_03054-mRNA-1	Bcin01p07490.1	CVK90474	FOXG_03485P0	RKF53441	EDO01682
OG0002662	BLGH_03055-mRNA-1	Bcin01p07480.1	CVK90473	FOXG_03486P0	RKF53440	EDO01683
OG0002663	BLGH_03063-mRNA-1	Bcin01p05780.1	CVK90939	FOXG_03199P0	RKF64457	EDO02004
OG0002664	BLGH_03067-mRNA-1	Bcin01p08930.1	CVK91206	FOXG_02969P0	RKF64968	EDO02120
OG0002665	BLGH_03069-mRNA-1	Bcin01p07740.1	CVK91240	FOXG_02935P0	RKF82902	EDO02266
OG0002666	BLGH_03070-mRNA-1	Bcin01p07730.1	CVK91241	FOXG_02934P0	RKF80842	EDO02267
OG0002667	BLGH_03071-mRNA-1	Bcin01p07720.1	CVK91239	FOXG_02936P0	RKF82903	EDO02268
OG0002668	BLGH_03072-mRNA-1	Bcin06p03350.1	CVK90467	FOXG_03490P0	RKF73037	EDO00035
OG0002669	BLGH_03074-mRNA-1	Bcin01p07710.1	CVK91220	FOXG_02957P0	RKF73035	EDO02269
OG0002670	BLGH_03075-mRNA-1	Bcin01p07700.1	CVK91222	FOXG_02955P0	RKF81914	EDO02270
OG0002671	BLGH_03077-mRNA-1	Bcin06p03340.1	CVK91188	FOXG_02988P0	RKF79209	EDO00034
OG0002672	BLGH_03080-mRNA-1	Bcin01p07860.1	CVK90521	FOXG_03457P0	RKF83766	EDO02149
OG0002673	BLGH_03081-mRNA-1	Bcin01p07820.1	CVK91336	FOXG_02860P0	RKF61188	EDO02145
OG0002674	BLGH_03083-mRNA-1	Bcin01p07800.1	CVK91366	FOXG_02841P0	RKF83700	EDO02143
OG0002675	BLGH_03084-mRNA-1	Bcin01p07870.1, Bcin01p07870.2, Bcin01p07870.3	CVK90523			EDO02150
OG0002676	BLGH_03091-mRNA-1	Bcin01p04780.1	CVK91246	FOXG_02928P0	RKF73749	EDO01891
OG0002677	BLGH_03096-mRNA-1	Bcin07p06610.1	CVK99522	FOXG_08595P0	RKF77013	EDN96387
OG0002678	BLGH_03098-mRNA-1	Bcin01p04790.1	CVK91189	FOXG_02987P0	RKF83455	EDO01892
OG0002679	BLGH_03099-mRNA-1	Bcin01p04800.1	CVK91190	FOXG_02986P0	RKF79790	EDO01893
OG0002680	BLGH_03104-mRNA-1	Bcin13p04670.1	CVL05903	FOXG_12638P0	RKF56033	EDN98660
OG0002681	BLGH_03116-mRNA-1	Bcin13p04660.1	CVL05892	FOXG_12645P0	RKF56192	EDN98661
OG0002682	BLGH_03119-mRNA-1	Bcin09p03730.1	CVK91131	FOXG_03039P0, FOXG_16474P0		EDO02826
OG0002683	BLGH_03122-mRNA-1, BLGH_07116-mRNA-1	Bcin09p06470.1	CVK90255	FOXG_03604P0	RKF81948	
OG0002684	BLGH_03127-mRNA-1	Bcin13p03700.1	CVL02699	FOXG_11018P0	RKF56358	EDN99635
OG0002685	BLGH_03128-mRNA-1	Bcin13p03840.1	CVL02761	FOXG_11055P0	RKF79332	EDN99611
OG0002686	BLGH_03129-mRNA-1	Bcin13p03820.1	CVL02764	FOXG_11057P0	RKF77295	EDN99613
OG0002687	BLGH_03131-mRNA-1	Bcin13p04880.1	CVK90853	FOXG_03255P0	RKF77294	EDN98638
OG0002688	BLGH_03132-mRNA-1	Bcin13p03660.1	CVL01593	FOXG_10327P0	RKF76171	EDN99639
OG0002689	BLGH_03134-mRNA-1	Bcin09p04000.1	CVK93731	FOXG_06083P0	RKF78271	EDO02953
OG0002690	BLGH_03136-mRNA-1	Bcin09p04050.1	CVK90625	FOXG_03391P0	RKF61106	EDO02938
OG0002691	BLGH_03137-mRNA-1	Bcin13p03640.1	CVL01589	FOXG_10325P0	RKF78990	EDN99643
OG0002692	BLGH_03138-mRNA-1	Bcin09p01560.1	CVK90177	FOXG_03651P0	RKF80582	EDO02700
OG0002693	BLGH_03140-mRNA-1	Bcin09p01640.1	CVK93727	FOXG_06086P0	RKF79014	EDO02682
OG0002694	BLGH_03145-mRNA-1	Bcin01p03130.1	CVK91443	FOXG_02816P0	RKF59634	EDO02292
OG0002695	BLGH_03154-mRNA-1	Bcin09p06300.1	CVK90260	FOXG_03601P0	RKF57230	EDO03127
OG0002696	BLGH_03157-mRNA-1	Bcin09p01840.1	CVL00149	FOXG_08204P0	RKF65547	EDO02659
OG0002697	BLGH_03158-mRNA-1	Bcin09p01850.1	CVK90651	FOXG_03377P0	RKF65548	EDO02658
OG0002698	BLGH_06302-mRNA-1	Bcin08p02800.1	CVK93743	FOXG_06073P0	RKF83729	EDO00838
OG0002699	BLGH_06304-mRNA-1	Bcin08p02780.1	CVK93746	FOXG_06070P0	RKF54152	EDO00840
OG0002700	BLGH_06306-mRNA-1	Bcin08p02960.1	CVK90766	FOXG_03309P0	RKF76564	EDO00815
OG0002701	BLGH_06311-mRNA-1	Bcin08p05180.1	CVK90220, CVK98094	FOXG_03625P0	RKF80278	
OG0002702	BLGH_06312-mRNA-1	Bcin08p05190.1	CVK90215	FOXG_03629P0, FOXG_03630P0	RKF77608	
OG0002703	BLGH_06321-mRNA-1	Bcin08p01030.1	CVK91114	FOXG_03056P0	RKF83673	EDO01045
OG0002704	BLGH_06330-mRNA-1	Bcin03p01820.1	CVK89129	FOXG_01896P0	RKF76156	EDN91132
OG0002705	BLGH_06332-mRNA-1	Bcin03p01850.1	CVK89819	FOXG_01443P0	RKF80216	EDN91135
OG0002706	BLGH_06350-mRNA-1	Bcin03p06810.1, Bcin03p06810.2	CVL01238	FOXG_09476P0		EDN90708
OG0002707	BLGH_06355-mRNA-1	Bcin03p06920.1	CVL01947	FOXG_10569P0	RKF80625	EDN90696
OG0002708	BLGH_06359-mRNA-1	Bcin08p03910.1	CVK91104	FOXG_03067P0	RKF76442	EDO00698
OG0002709	BLGH_06365-mRNA-1	Bcin11p02100.1	CVK83274	FOXG_00257P0	RKF57166	EDN96658
OG0002710	BLGH_06366-mRNA-1	Bcin11p02110.1	CVK83270	FOXG_00255P0	RKF82359	EDN96654
OG0002711	BLGH_06368-mRNA-1	Bcin03p03840.1	CVK98576	FOXG_15659P0	RKF75065	EDN91069
OG0002712	BLGH_06369-mRNA-1	Bcin03p03870.1	CVK98579	FOXG_15662P0	RKF71215	EDN91072
OG0002713	BLGH_06370-mRNA-1	Bcin03p03890.1	CVK98581	FOXG_15664P0	RKF75535	EDN91076
OG0002714	BLGH_06371-mRNA-1	Bcin03p03880.1	CVK98580	FOXG_15663P0	RKF75534	EDN91075
OG0002715	BLGH_06376-mRNA-1	Bcin03p05610.1	CVK97461	FOXG_04105P0	RKF77644	EDN90874
OG0002716	BLGH_06383-mRNA-1	Bcin03p02420.1	CVK89156	FOXG_01882P0	RKF78327	EDN91182
OG0002717	BLGH_06385-mRNA-1	Bcin03p02510.1	CVK89148	FOXG_01887P0	RKF73326	EDN91193
OG0002718	BLGH_06389-mRNA-1	Bcin03p02410.1	CVK89160	FOXG_01880P0	RKF79695	EDN91180
OG0002719	BLGH_06390-mRNA-1	Bcin11p02120.1	CVL04768	FOXG_11663P0	RKF78909	EDN96655
OG0002720	BLGH_06393-mRNA-1	Bcin03p02440.1	CVK89152	FOXG_01884P0	RKF77975	EDN91186
OG0002721	BLGH_06394-mRNA-1	Bcin03p02450.1	CVK89151	FOXG_01885P0	RKF56610	EDN91187
OG0002722	BLGH_05406-mRNA-1	Bcin14p02030.1	CVK86451	FOXG_03887P0	RKF81365	EDN94365
OG0002723	BLGH_05413-mRNA-1	Bcin04p02960.1	CVL02769	FOXG_11060P0	RKF53977	EDO01411
OG0002724	BLGH_01166-mRNA-1, BLGH_01167-mRNA-1, BLGH_02245-mRNA-1, BLGH_04141-mRNA-1, BLGH_05255-mRNA-1, BLGH_05414-mRNA-1					
OG0002725	BLGH_05418-mRNA-1	Bcin14p04230.1	CVK92761	FOXG_05398P0	RKF64223	EDN94442
OG0002726	BLGH_05419-mRNA-1	Bcin14p04550.1	CVK92767	FOXG_05404P0	RKF57244	EDN94601
OG0002727	BLGH_05421-mRNA-1	Bcin14p04520.1	CVK92556	FOXG_05228P0	RKF81908	EDN94591
OG0002728	BLGH_05423-mRNA-1	Bcin01p10950.1	CVL06019	FOXG_15471P0	RKF73488	EDO02056
OG0002729	BLGH_05424-mRNA-1	Bcin14p01380.1	CVL02030	FOXG_10653P0	RKF81063	EDN91457
OG0002730	BLGH_05425-mRNA-1	Bcin14p02760.1	CVK92550	FOXG_05222P0	RKF79829	EDN91533
OG0002731	BLGH_05426-mRNA-1	Bcin14p02770.1	CVK98277	FOXG_13744P0	RKF45068	EDN91531
OG0002732	BLGH_05427-mRNA-1	Bcin14p00890.1	CVK84436	FOXG_00960P0	RKF83547	EDN94286
OG0002733	BLGH_05428-mRNA-1	Bcin14p00880.1	CVK98462	FOXG_13876P0	RKF78311	EDN94284
OG0002734	BLGH_05444-mRNA-1	Bcin01p11180.1	CVK93991	FOXG_05917P0	RKF75765	EDO02078
OG0002735	BLGH_05450-mRNA-1	Bcin14p04220.1	CVK92508	FOXG_05179P0	RKF82481	EDN94444
OG0002736	BLGH_05458-mRNA-1	Bcin14p01510.1	CVK92637	FOXG_05312P0	RKF58739	EDN91473
OG0002737	BLGH_05459-mRNA-1	Bcin10p03390.1	CVK88673	FOXG_02178P0	RKF61177	EDO04491
OG0002738	BLGH_05462-mRNA-1	Bcin04p06300.1, Bcin04p06300.2	CVL05655	FOXG_12784P0	RKF53238	
OG0002739	BLGH_05466-mRNA-1	Bcin10p03400.1	CVK88677	FOXG_02175P0	RKF61176	EDO04492
OG0002740	BLGH_05471-mRNA-1	Bcin08p01320.1	CVK88779	FOXG_02111P0	RKF55443	EDO01020
OG0002741	BLGH_05472-mRNA-1	Bcin08p01330.1	CVK88776	FOXG_02114P0	RKF74059	EDO01019
OG0002742	BLGH_05473-mRNA-1	Bcin14p00300.1	CVK92462	FOXG_05131P0	RKF60903	EDN91647
OG0002743	BLGH_05474-mRNA-1	Bcin05p05220.1	CVK92203	FOXG_04970P0	RKF81755	EDN96067
OG0002744	BLGH_05476-mRNA-1	Bcin14p00130.1	CVK98252	FOXG_13727P0	RKF66810	EDN91666
OG0002745	BLGH_05481-mRNA-1	Bcin14p00110.1	CVK98253	FOXG_13728P0	RKF53234	EDN91669
OG0002746	BLGH_05482-mRNA-1	Bcin14p00120.1	CVK98254	FOXG_13729P0	RKF80275	EDN91670
OG0002747	BLGH_05492-mRNA-1	Bcin14p00180.1	CVK98261	FOXG_13733P0	RKF80301	EDN91659
OG0002748	BLGH_05493-mRNA-1	Bcin14p02520.1	CVK92918	FOXG_05495P0	RKF59151	EDN91569
OG0002749	BLGH_05494-mRNA-1	Bcin14p02530.1	CVK92916	FOXG_05494P0	RKF59150	EDN91568
OG0002750	BLGH_05496-mRNA-1	Bcin14p02680.1	CVK98269	FOXG_13739P0	RKF64324	EDN91548
OG0002751	BLGH_05497-mRNA-1	Bcin14p02690.1, Bcin14p02690.2	CVK98268	FOXG_13738P0		EDN91547
OG0002752	BLGH_05500-mRNA-1	Bcin02p03180.1	CVL00408	FOXG_08982P0	RKF61105	EDN96819
OG0002753	BLGH_05503-mRNA-1	Bcin14p03970.1	CVK92657	FOXG_05331P0	RKF81080	EDN94479
OG0002754	BLGH_05504-mRNA-1	Bcin14p03110.1	CVK92312	FOXG_05038P0	RKF81081	EDN94419
OG0002755	BLGH_05505-mRNA-1	Bcin14p03100.1	CVK92648	FOXG_05321P0	RKF81082	EDN94418
OG0002756	BLGH_05506-mRNA-1	Bcin14p02700.1	CVL02010	FOXG_10636P0	RKF83631	EDN91545
OG0002757	BLGH_05508-mRNA-1	Bcin14p02670.1	CVK98263	FOXG_13734P0	RKF83629	EDN91550
OG0002758	BLGH_05512-mRNA-1	Bcin14p02710.1	CVL02016	FOXG_10641P0	RKF83632	EDN91544
OG0002759	BLGH_05517-mRNA-1	Bcin14p04320.1	CVL02005	FOXG_10631P0	RKF65451	EDN94434
OG0002760	BLGH_05520-mRNA-1	Bcin14p04270.1	CVL02007	FOXG_10633P0	RKF78812	EDN94437
OG0002761	BLGH_05526-mRNA-1	Bcin14p02910.1	CVK92655	FOXG_05329P0	RKF56600	EDN91510
OG0002762	BLGH_05527-mRNA-1	Bcin14p02920.1	CVK84075	FOXG_00736P0	RKF56601	EDN91509
OG0002763	BLGH_05529-mRNA-1	Bcin14p05420.1, Bcin14p05420.2	CVL05849	FOXG_12667P0	RKF62717	
OG0002764	BLGH_05534-mRNA-1	Bcin14p05240.1, Bcin14p05240.2	CVK98381	FOXG_13808P0	RKF56582	
OG0002765	BLGH_05537-mRNA-1	Bcin14p02490.1	CVK92919	FOXG_05496P0	RKF83526	EDN91572
OG0002766	BLGH_05539-mRNA-1	Bcin14p04120.1	CVK92926	FOXG_05500P0	RKF79885	EDN94460
OG0002767	BLGH_05541-mRNA-1	Bcin14p01080.1	CVK92283	FOXG_05018P0	RKF55235	EDN94253
OG0002768	BLGH_05545-mRNA-1	Bcin14p03630.1	CVK98459	FOXG_13873P0	RKF75288	EDN94520
OG0002769	BLGH_05549-mRNA-1	Bcin14p03910.1	CVK98405	FOXG_13826P0	RKF51354	EDN94495
OG0002770	BLGH_05550-mRNA-1	Bcin14p03860.1	CVK98389	FOXG_13813P0	RKF60308	EDN94503
OG0002771	BLGH_05551-mRNA-1	Bcin14p01030.1	CVK92531	FOXG_05205P0	RKF76920	EDN94262
OG0002772	BLGH_05552-mRNA-1	Bcin14p01560.1	CVK92529	FOXG_05203P0	RKF76921	EDN91478
OG0002773	BLGH_05553-mRNA-1	Bcin14p00910.1	CVK92560	FOXG_05232P0	RKF76922	EDN94288
OG0002774	BLGH_05554-mRNA-1	Bcin14p00920.1	CVK86790	FOXG_08024P0	RKF56116	EDN94289
OG0002775	BLGH_05555-mRNA-1	Bcin14p00840.1	CVK92847	FOXG_05451P0	RKF55397	EDN94295
OG0002776	BLGH_05556-mRNA-1	Bcin14p02730.1	CVK92700	FOXG_05358P0	RKF60351	EDN91536
OG0002777	BLGH_05557-mRNA-1	Bcin09p02400.1, Bcin09p02400.2	CVK92922	FOXG_05498P0		EDO02967
OG0002778	BLGH_05560-mRNA-1	Bcin14p02720.1	CVK92698	FOXG_05357P0	RKF65661	EDN91535
OG0002779	BLGH_05563-mRNA-1	Bcin14p01550.1	CVK92405	FOXG_05121P0	RKF71132	EDN91477
OG0002780	BLGH_05565-mRNA-1	Bcin14p01540.1	CVK92524	FOXG_05198P0	RKF77876	EDN91476
OG0002781	BLGH_05566-mRNA-1	Bcin14p04090.1	CVK92803	FOXG_05425P0	RKF55575	EDN94465
OG0002782	BLGH_06216-mRNA-1	Bcin02p05990.1	CVK86624	FOXG_03707P0	RKF53706	EDN95179
OG0002783	BLGH_06218-mRNA-1	Bcin02p05960.1	CVK86622	FOXG_03709P0	RKF57433	EDN95176
OG0002784	BLGH_06219-mRNA-1	Bcin02p05950.1	CVK86621	FOXG_03710P0	RKF72384	EDN95175
OG0002785	BLGH_06220-mRNA-1	Bcin02p05940.1	CVK86620	FOXG_03711P0	RKF61983	EDN95174
OG0002786	BLGH_06221-mRNA-1	Bcin02p05930.1	CVK86619	FOXG_03712P0	RKF61984	EDN95173
OG0002787	BLGH_06222-mRNA-1	Bcin09p02650.1	CVK84398	FOXG_00932P0	RKF81243	EDO02890
OG0002788	BLGH_06225-mRNA-1	Bcin14p02070.1	CVK92604	FOXG_05275P0	RKF78868	EDN94356
OG0002789	BLGH_06226-mRNA-1	Bcin09p02680.1	CVK84127	FOXG_00769P0	RKF58005	EDO02887
OG0002790	BLGH_06227-mRNA-1	Bcin09p02670.1	CVK84126	FOXG_00768P0	RKF81242	EDO02888
OG0002791	BLGH_06228-mRNA-1	Bcin06p06640.1	CVK89803	FOXG_01459P0	RKF55083	EDO00228
OG0002792	BLGH_06232-mRNA-1	Bcin05p00090.1	CVK88927	FOXG_02019P0	RKF65308	EDO03149
OG0002793	BLGH_06233-mRNA-1	Bcin05p00080.1	CVK88925	FOXG_02020P0	RKF79508	EDO03150
OG0002794	BLGH_06234-mRNA-1	Bcin05p00070.1	CVK88923	FOXG_02021P0	RKF77819	EDO03151
OG0002795	BLGH_06235-mRNA-1	Bcin05p00060.1	CVK88901	FOXG_02034P0	RKF77818	EDO03152
OG0002796	BLGH_06237-mRNA-1	Bcin06p06690.1	CVK88953	FOXG_02004P0	RKF76482	EDO00222
OG0002797	BLGH_06239-mRNA-1	Bcin09p00350.1	CVK92709	FOXG_05364P0	RKF59685	EDO02393
OG0002798	BLGH_06240-mRNA-1	Bcin09p00340.1	CVK92397, CVK92398	FOXG_05114P0		EDO02392
OG0002799	BLGH_06241-mRNA-1	Bcin09p00230.1	CVK92986	FOXG_05537P0	RKF83970	EDO02380
OG0002800	BLGH_06242-mRNA-1	Bcin09p00240.1	CVK92396	FOXG_05113P0	RKF83971	EDO02379
OG0002801	BLGH_06244-mRNA-1	Bcin09p00260.1	CVK92711	FOXG_05365P0	RKF57602	EDO02377
OG0002802	BLGH_06246-mRNA-1	Bcin09p00130.1, Bcin09p00130.2	CVK92983	FOXG_05535P0		EDO02363
OG0002803	BLGH_06251-mRNA-1	Bcin09p00080.1	CVK92557	FOXG_05229P0	RKF71171	EDO02358
OG0002804	BLGH_06252-mRNA-1	Bcin09p00090.1	CVK92944	FOXG_05512P0	RKF71170	EDO02359
OG0002805	BLGH_06253-mRNA-1	Bcin09p00120.1	CVK92981	FOXG_05534P0	RKF81198	EDO02362
OG0002806	BLGH_06254-mRNA-1	Bcin10p03940.1	CVK88558	FOXG_02243P0	RKF54442	EDN97698
OG0002807	BLGH_06255-mRNA-1	Bcin10p03950.1	CVK88711	FOXG_02155P0	RKF54443	EDN97697
OG0002808	BLGH_06263-mRNA-1	Bcin10p03970.1	CVK88456	FOXG_02300P0	RKF65935	EDN97695
OG0002809	BLGH_06264-mRNA-1	Bcin10p03980.1	CVK88455	FOXG_02301P0	RKF53951	EDN97694
OG0002810	BLGH_06265-mRNA-1	Bcin10p02280.1	CVK97196	FOXG_04251P0	RKF83448	EDO04830
OG0002811	BLGH_06266-mRNA-1	Bcin10p00510.1	CVK97194	FOXG_04252P0	RKF77253	EDO04942
OG0002812	BLGH_06267-mRNA-1	Bcin10p00520.1	CVK82969, CVK97191	FOXG_04255P0		EDO04941
OG0002813	BLGH_06269-mRNA-1	Bcin10p02380.1	CVK88695	FOXG_02164P0	RKF82986	EDO04819
OG0002814	BLGH_06271-mRNA-1	Bcin10p02360.1	CVK88526	FOXG_02261P0	RKF56846	EDO04821
OG0002815	BLGH_06272-mRNA-1	Bcin10p02350.1	CVK88529	FOXG_02260P0	RKF56847	EDO04822
OG0002816	BLGH_06273-mRNA-1	Bcin10p02340.1	CVK88531	FOXG_02259P0	RKF56848	EDO04823
OG0002817	BLGH_06274-mRNA-1	Bcin10p05470.1	CVL01222	FOXG_09461P0	RKF57000	EDO04643
OG0002818	BLGH_06275-mRNA-1	Bcin10p05460.1	CVL01223	FOXG_09462P0	RKF57549	EDO04642
OG0002819	BLGH_06277-mRNA-1	Bcin10p05440.1	CVL01225	FOXG_09464P0	RKF83896	EDO04640
OG0002820	BLGH_06278-mRNA-1	Bcin10p05430.1	CVL01226	FOXG_09465P0	RKF83895	EDO04639
OG0002821	BLGH_06279-mRNA-1	Bcin10p05880.1	CVK88878	FOXG_02048P0	RKF79170	EDO04880
OG0002822	BLGH_06280-mRNA-1	Bcin10p05390.1	CVL01230	FOXG_09469P0	RKF57550	EDO04635
OG0002823	BLGH_06281-mRNA-1	Bcin10p05400.1	CVL01229	FOXG_09468P0	RKF83892	EDO04636
OG0002824	BLGH_06282-mRNA-1	Bcin10p05410.1	CVL01228	FOXG_09467P0	RKF83893	EDO04637
OG0002825	BLGH_06283-mRNA-1	Bcin10p05420.1	CVL01227	FOXG_09466P0	RKF83894	EDO04638
OG0002826	BLGH_06286-mRNA-1	Bcin10p02320.1	CVK88536	FOXG_02256P0	RKF81868	EDO04825
OG0002827	BLGH_06287-mRNA-1	Bcin10p02100.1	CVK87111	FOXG_07816P0	RKF83438	EDO04808
OG0002828	BLGH_06288-mRNA-1	Bcin10p02090.1	CVK96811	FOXG_04475P0	RKF54698	EDO04809
OG0002829	BLGH_06291-mRNA-1	Bcin10p02840.1	CVK88637	FOXG_02200P0	RKF79762	EDN97788
OG0002830	BLGH_06292-mRNA-1	Bcin10p03900.1	CVL01180	FOXG_09417P0	RKF54567	EDN97705
OG0002831	BLGH_06293-mRNA-1	Bcin10p03910.1	CVL01181	FOXG_09418P0	RKF55687	EDN97704
OG0002832	BLGH_06294-mRNA-1	Bcin10p03920.1	CVL01940	FOXG_10561P0	RKF54697	EDN97703
OG0002833	BLGH_06295-mRNA-1	Bcin10p00680.1	CVK88727	FOXG_02145P0	RKF81502	EDO04978
OG0002834	BLGH_06298-mRNA-1	Bcin10p03770.1	CVL04203	FOXG_12362P0	RKF53409	EDO04539
OG0002835	BLGH_05224-mRNA-1	Bcin10p04960.1	CVK96891	FOXG_04436P0	RKF79847	EDO04560
OG0002836	BLGH_03633-mRNA-1, BLGH_05225-mRNA-1	Bcin15p00600.1	CVK86648	FOXG_08164P0	RKF75142	
OG0002837	BLGH_05227-mRNA-1	Bcin03p05290.1	CVL01961	FOXG_10582P0	RKF66839	EDN90911
OG0002838	BLGH_05229-mRNA-1	Bcin03p05330.1	CVK99470	FOXG_08652P0	RKF79141	EDN90907
OG0002839	BLGH_05230-mRNA-1	Bcin03p05310.1	CVL01957	FOXG_10577P0	RKF81646	EDN90909
OG0002840	BLGH_05232-mRNA-1	Bcin03p01480.1	CVK87022	FOXG_07868P0	RKF75342	EDN91338
OG0002841	BLGH_05242-mRNA-1	Bcin03p03230.1	CVL01091	FOXG_17770P0	RKF71303	EDN91275
OG0002842	BLGH_05245-mRNA-1	Bcin12p06320.1	CVK93479	FOXG_06350P0	RKF77852	EDN98880
OG0002843	BLGH_05246-mRNA-1	Bcin03p05350.1	CVK92458	FOXG_05127P0	RKF58184	EDN90905
OG0002844	BLGH_05247-mRNA-1	Bcin03p05360.1	CVL01889	FOXG_10515P0	RKF58183	EDN90904
OG0002845	BLGH_05248-mRNA-1	Bcin03p05370.1	CVL01887	FOXG_10514P0	RKF58182	EDN90903
OG0002846	BLGH_05249-mRNA-1	Bcin12p06130.1	CVL00681	FOXG_09095P0	RKF77851	EDN98904
OG0002847	BLGH_05250-mRNA-1	Bcin03p06280.1	CVL01956	FOXG_10578P0	RKF53317	EDN90785
OG0002848	BLGH_05252-mRNA-1	Bcin03p06270.1	CVL01953	FOXG_10575P0	RKF53319	EDN90786
OG0002849	BLGH_05254-mRNA-1	Bcin03p05340.1	CVL01915	FOXG_10535P0	RKF64823	EDN90906
OG0002850	BLGH_05261-mRNA-1	Bcin03p06300.1	CVL01958	FOXG_10580P0	RKF58582	EDN90782
OG0002851	BLGH_05264-mRNA-1	Bcin03p03450.1	CVK87018	FOXG_07871P0	RKF71262	EDN91316
OG0002852	BLGH_05266-mRNA-1	Bcin03p06190.1	CVK89847	FOXG_01414P0	RKF76386	EDN90793
OG0002853	BLGH_05267-mRNA-1	Bcin03p06170.1	CVK89848	FOXG_01413P0	RKF83960	EDN90795
OG0002854	BLGH_05269-mRNA-1	Bcin03p01760.1	CVK87010	FOXG_07876P0	RKF61935	EDN91120
OG0002855	BLGH_05270-mRNA-1	Bcin03p06210.1	CVK89845	FOXG_01417P0	RKF79213	EDN90791
OG0002856	BLGH_05271-mRNA-1	Bcin03p06220.1	CVK89844	FOXG_01418P0	RKF79212	EDN90790
OG0002857	BLGH_05272-mRNA-1	Bcin03p06230.1	CVK89843	FOXG_01419P0	RKF81406	EDN90789
OG0002858	BLGH_05281-mRNA-1	Bcin03p02950.1	CVL01194	FOXG_09435P0	RKF57773	EDN91236
OG0002859	BLGH_05283-mRNA-1	Bcin03p02930.1	CVK89197	FOXG_01858P0	RKF82920	EDN91234
OG0002860	BLGH_05284-mRNA-1	Bcin03p02920.1	CVK88472	FOXG_02289P0	RKF82921	EDN91233
OG0002861	BLGH_05287-mRNA-1	Bcin06p02860.1	CVK91076	FOXG_03096P0	RKF55998	EDN93565
OG0002862	BLGH_05300-mRNA-1	Bcin01p07240.1	CVK99687	FOXG_08475P0	RKF71157	EDO01730
OG0002863	BLGH_05302-mRNA-1	Bcin01p00390.1	CVK93580	FOXG_06247P0	RKF80371	EDN98238
OG0002864	BLGH_05303-mRNA-1	Bcin01p00470.1	CVL00134	FOXG_08214P0	RKF80370	EDN98213
OG0002865	BLGH_05304-mRNA-1	Bcin06p01740.1	CVK93565	FOXG_06263P0	RKF83984	EDN99745
OG0002866	BLGH_05306-mRNA-1	Bcin01p01950.1	CVK90303	FOXG_03578P0	RKF71155	EDN98319
OG0002867	BLGH_05307-mRNA-1	Bcin01p01960.1	CVK90305	FOXG_03577P0	RKF71154	EDN98320
OG0002868	BLGH_05308-mRNA-1	Bcin01p01970.1	CVK90323	FOXG_03567P0	RKF71153	EDN98321
OG0002869	BLGH_05309-mRNA-1	Bcin06p03990.1	CVK93433	FOXG_06386P0	RKF53411	EDN99859
OG0002870	BLGH_05310-mRNA-1	Bcin06p03980.1	CVK93434	FOXG_06385P0	RKF83466	EDN99858
OG0002871	BLGH_05316-mRNA-1	Bcin06p05040.1	CVK99512	FOXG_08605P0	RKF54882	EDN93523
OG0002872	BLGH_05324-mRNA-1	Bcin13p05730.1	CVL05833	FOXG_12677P0	RKF71354	EDN98531
OG0002873	BLGH_05325-mRNA-1	Bcin06p04300.1	CVK91062	FOXG_03109P0	RKF78849	EDN99903
OG0002874	BLGH_05326-mRNA-1	Bcin06p02640.1	CVK90763	FOXG_03311P0	RKF83995	EDN93589
OG0002875	BLGH_05333-mRNA-1	Bcin01p00440.1	CVK93425	FOXG_06391P0	RKF77662	EDN98217
OG0002876	BLGH_05336-mRNA-1	Bcin01p04460.1	CVK93563	FOXG_06265P0	RKF71283	EDO01857
OG0002877	BLGH_05341-mRNA-1	Bcin01p00460.1	CVL00136	FOXG_08213P0	RKF77163	EDN98214
OG0002878	BLGH_05344-mRNA-1	Bcin01p00480.1	CVL00130	FOXG_08217P0		EDN98211, EDN98212
OG0002879	BLGH_05345-mRNA-1	Bcin01p00370.1	CVL00132	FOXG_08216P0	RKF64272	EDN98219
OG0002880	BLGH_05346-mRNA-1	Bcin01p00380.1	CVL00133	FOXG_08215P0	RKF53901	EDN98223
OG0002881	BLGH_05347-mRNA-1	Bcin01p00360.1	CVK99650	FOXG_08495P0	RKF53902	EDN98227
OG0002882	BLGH_05349-mRNA-1	Bcin01p00350.1	CVL00119	FOXG_08223P0	RKF83873	EDN98226
OG0002883	BLGH_05350-mRNA-1	Bcin01p00590.1	CVL00120	FOXG_08222P0	RKF83874	EDN98198
OG0002884	BLGH_05351-mRNA-1	Bcin01p00340.1	CVK99648	FOXG_08496P0	RKF82820	EDN98234
OG0002885	BLGH_05354-mRNA-1	Bcin01p00490.1	CVL00129	FOXG_08218P0	RKF80731	EDN98210
OG0002886	BLGH_05355-mRNA-1	Bcin01p00510.1	CVL00124	FOXG_08220P0	RKF59831	EDN98209
OG0002887	BLGH_05356-mRNA-1	Bcin01p00520.1	CVL00122	FOXG_08221P0	RKF59832	EDN98208
OG0002888	BLGH_05357-mRNA-1	Bcin01p00330.1	CVK99645	FOXG_08498P0	RKF71379	EDN98233
OG0002889	BLGH_05358-mRNA-1	Bcin01p00580.1	CVK98679	FOXG_15733P0	RKF84031	EDN98199
OG0002890	BLGH_05359-mRNA-1	Bcin01p00570.1	CVK99643	FOXG_08499P0	RKF65898	EDN98200
OG0002891	BLGH_05361-mRNA-1	Bcin01p00550.1	CVK99640	FOXG_08501P0	RKF56037	EDN98202
OG0002892	BLGH_05362-mRNA-1	Bcin01p00540.1	CVL00117	FOXG_08224P0	RKF56039	EDN98203
OG0002893	BLGH_05364-mRNA-1	Bcin01p00630.1	CVK99661	FOXG_08489P0	RKF56041	EDN98193
OG0002894	BLGH_05365-mRNA-1	Bcin01p00820.1	CVK99659	FOXG_08490P0	RKF82686	EDN98184
OG0002895	BLGH_05366-mRNA-1	Bcin01p00670.1	CVK99657	FOXG_08491P0	RKF76526	EDN98191
OG0002896	BLGH_05367-mRNA-1	Bcin01p00660.1	CVK93464	FOXG_06364P0	RKF83778	EDN98192
OG0002897	BLGH_05369-mRNA-1	Bcin01p00850.1	CVK90778	FOXG_03303P0	RKF80661	EDN98180
OG0002898	BLGH_05370-mRNA-1	Bcin01p00860.1	CVK90776	FOXG_03304P0	RKF80662	EDN98181
OG0002899	BLGH_05374-mRNA-1	Bcin01p00830.1	CVK90267	FOXG_03598P0	RKF79971	EDN98182
OG0002900	BLGH_05375-mRNA-1	Bcin01p00750.1	CVK90764, CVL06417	FOXG_03310P0		EDN98174
OG0002901	BLGH_05377-mRNA-1	Bcin01p00720.1	CVK90780	FOXG_03302P0	RKF71213	EDN98189
OG0002902	BLGH_05381-mRNA-1	Bcin01p04370.1	CVK91083	FOXG_03089P0	RKF55497	EDO01851
OG0002903	BLGH_05382-mRNA-1	Bcin01p04380.1	CVK91082	FOXG_03090P0	RKF55496	EDO01850
OG0002904	BLGH_05383-mRNA-1	Bcin01p04410.1	CVK90585	FOXG_03417P0	RKF55495	EDO01847
OG0002905	BLGH_05387-mRNA-1	Bcin06p00780.1	CVK93079	FOXG_11364P0	RKF64797	EDN93325
OG0002906	BLGH_05388-mRNA-1	Bcin06p03480.1	CVK93528	FOXG_06302P0	RKF83985	EDN93548
OG0002907	BLGH_05389-mRNA-1	Bcin06p00790.1	CVK93076	FOXG_11365P0	RKF83015	EDN93324
OG0002908	BLGH_05390-mRNA-1	Bcin06p00730.1	CVK99685	FOXG_08476P0	RKF56458	EDN93335
OG0002909	BLGH_05391-mRNA-1	Bcin01p04350.1	CVK84787	FOXG_01197P0	RKF82137	EDO01839
OG0002910	BLGH_05396-mRNA-1	Bcin06p04020.1	CVK95026	FOXG_16578P0	RKF71161	EDN99867
OG0002911	BLGH_05401-mRNA-1	Bcin06p03460.1	CVK93526	FOXG_06305P0	RKF81174	EDN93550
OG0002912	BLGH_05402-mRNA-1	Bcin06p03450.1	CVK99514	FOXG_08603P0	RKF84018	EDN93551
OG0002913	BLGH_06916-mRNA-1	Bcin01p10060.1	CVL06049	FOXG_15442P0	RKF80724	EDO02096
OG0002914	BLGH_06930-mRNA-1	Bcin13p02650.1	CVK93663	FOXG_06158P0	RKF80236	EDN99544
OG0002915	BLGH_06932-mRNA-1	Bcin16p00350.1	CVK93350	FOXG_06441P0	RKF83951	EDN99291
OG0002916	BLGH_06934-mRNA-1	Bcin16p00430.1	CVK91155	FOXG_03018P0	RKF57284	EDN99300
OG0002917	BLGH_07012-mRNA-1	Bcin13p01000.1	CVK90690	FOXG_03355P0	RKF59005	EDN99408
OG0002918	BLGH_07043-mRNA-1	Bcin01p02040.1	CVK90591	FOXG_03413P0	RKF82135	EDO01518
OG0002919	BLGH_07044-mRNA-1	Bcin01p02160.1	CVK90231	FOXG_03618P0	RKF59260	EDO01532
OG0002920	BLGH_06395-mRNA-1	Bcin16p03740.1	CVK86905, CVL07637	FOXG_07945P0	RKF79073	
OG0002921	BLGH_06396-mRNA-1	Bcin04p02040.1	CVK98425	FOXG_13839P0	RKF56233	EDO01470
OG0002922	BLGH_06397-mRNA-1	Bcin04p02030.1	CVK98426	FOXG_13840P0	RKF56232	EDO01471
OG0002923	BLGH_06401-mRNA-1	Bcin16p01220.1, Bcin16p01220.2	CVK88543	FOXG_02252P0	RKF51355	
OG0002924	BLGH_06415-mRNA-1	Bcin07p05920.1, Bcin07p05920.2	CVL01157	FOXG_09394P0	RKF74798	
OG0002925	BLGH_06424-mRNA-1	Bcin16p02360.1	CVK88798	FOXG_02100P0, FOXG_02101P0	RKF74043	
OG0002926	BLGH_06427-mRNA-1	Bcin16p03340.1, Bcin16p03340.2	CVK88648	FOXG_02192P0	RKF65095	
OG0002927	BLGH_06456-mRNA-1	Bcin07p03920.1, Bcin07p03920.2	CVK88208	FOXG_02463P0	RKF56992	
OG0002928	BLGH_06465-mRNA-1	Bcin16p00850.1, Bcin16p00850.2	CVK97203	FOXG_04247P0	RKF55349	
OG0002929	BLGH_05860-mRNA-1	Bcin12p02160.1	CVK93088	FOXG_11358P0	RKF57134	EDN92544
OG0002930	BLGH_05863-mRNA-1	Bcin12p06020.1	CVK90482	FOXG_03480P0	RKF83989	EDN98909
OG0002931	BLGH_05866-mRNA-1	Bcin12p04860.1	CVK93478	FOXG_06351P0	RKF60581	EDN92690
OG0002932	BLGH_05867-mRNA-1	Bcin12p02700.1	CVK93095	FOXG_11355P0	RKF66813	EDN92606
OG0002933	BLGH_05868-mRNA-1	Bcin12p06480.1	CVK99668	FOXG_08485P0	RKF61920	EDN99016
OG0002934	BLGH_05869-mRNA-1	Bcin12p06450.1	CVK99665	FOXG_08487P0	RKF76517	EDN99018
OG0002935	BLGH_05870-mRNA-1	Bcin12p06440.1	CVK99667	FOXG_08486P0	RKF59758	EDN99019
OG0002936	BLGH_05883-mRNA-1	Bcin12p04850.1	CVL00051	FOXG_08260P0	RKF78813	EDN92689
OG0002937	BLGH_05889-mRNA-1	Bcin12p06220.1	CVL00055	FOXG_08258P0	RKF74980	EDN98889
OG0002938	BLGH_05892-mRNA-1	Bcin12p06230.1	CVL00677	FOXG_09093P0	RKF74981	EDN98888
OG0002939	BLGH_05894-mRNA-1	Bcin06p04900.1	CVK97361	FOXG_04157P0	RKF62796	EDN93505
OG0002940	BLGH_05897-mRNA-1, BLGH_05901-mRNA-1	Bcin11p01830.1	CVL04674	FOXG_11608P0	RKF82043	
OG0002941	BLGH_05902-mRNA-1	Bcin06p04970.1	CVK90999	FOXG_03160P0	RKF53861	EDN93526
OG0002942	BLGH_05905-mRNA-1	Bcin06p04990.1	CVK90435	FOXG_03509P0	RKF60193	EDN93528
OG0002943	BLGH_05906-mRNA-1	Bcin06p05000.1	CVK90433	FOXG_03510P0	RKF60194	EDN93529
OG0002944	BLGH_05907-mRNA-1	Bcin06p04880.1	CVL00022	FOXG_08278P0	RKF60195	EDN93503
OG0002945	BLGH_05908-mRNA-1	Bcin01p01770.1	CVL04507	FOXG_11466P0	RKF53980	EDN98298
OG0002946	BLGH_05909-mRNA-1	Bcin01p01780.1	CVL04509	FOXG_11467P0	RKF53979	EDN98299
OG0002947	BLGH_05916-mRNA-1	Bcin06p01830.1	CVK93571	FOXG_06256P0	RKF56211	EDN99738
OG0002948	BLGH_05917-mRNA-1	Bcin06p01840.1	CVK93572	FOXG_06255P0	RKF77602	EDN99736
OG0002949	BLGH_05918-mRNA-1	Bcin06p01850.1	CVK93573	FOXG_06254P0	RKF77603	EDN99735
OG0002950	BLGH_05919-mRNA-1	Bcin06p04630.1	CVK90138	FOXG_03674P0	RKF59265	EDN93468
OG0002951	BLGH_05921-mRNA-1	Bcin01p06930.2	CVK93576	FOXG_06251P0	RKF80187	EDO01739
OG0002952	BLGH_05922-mRNA-1	Bcin01p06940.1	CVK93577	FOXG_06250P0	RKF75224	EDO01740
OG0002953	BLGH_05924-mRNA-1	Bcin01p06960.1	CVK93575	FOXG_06252P0	RKF79265	EDO01742
OG0002954	BLGH_05925-mRNA-1	Bcin01p11120.1	CVK99604	FOXG_08521P0	RKF79264	EDO02073
OG0002955	BLGH_05926-mRNA-1	Bcin01p02240.1	CVK90184	FOXG_03647P0	RKF75903	EDO01543
OG0002956	BLGH_05927-mRNA-1	Bcin01p02250.1	CVK90157	FOXG_03664P0	RKF75902	EDO01544
OG0002957	BLGH_05928-mRNA-1	Bcin01p02260.1	CVK90155	FOXG_03665P0	RKF75901	EDO01545
OG0002958	BLGH_05929-mRNA-1	Bcin01p02300.1	CVK90724	FOXG_03334P0	RKF60471	EDO01551
OG0002959	BLGH_05930-mRNA-1	Bcin01p02290.1	CVK90722	FOXG_03335P0	RKF60472	EDO01550
OG0002960	BLGH_05931-mRNA-1	Bcin01p02310.1	CVK90149	FOXG_03668P0	RKF79055	EDO01552
OG0002961	BLGH_05932-mRNA-1	Bcin01p01990.1	CVK90311	FOXG_03574P0	RKF77917	EDN98324
OG0002962	BLGH_05933-mRNA-1	Bcin01p02000.1	CVK90309	FOXG_03575P0	RKF77916	EDN98325
OG0002963	BLGH_05935-mRNA-1	Bcin01p01840.1	CVK90291	FOXG_03585P0	RKF79676	EDN98306
OG0002964	BLGH_05938-mRNA-1	Bcin01p01870.1	CVK90287	FOXG_03588P0	RKF79673	EDN98310
OG0002965	BLGH_05939-mRNA-1	Bcin01p01880.1	CVK90298	FOXG_03581P0	RKF79672	EDN98311
OG0002966	BLGH_05941-mRNA-1	Bcin01p01890.1	CVK90274	FOXG_03595P0	RKF79669	EDN98312
OG0002967	BLGH_05942-mRNA-1	Bcin01p01900.1	CVK90271	FOXG_03596P0	RKF79670	EDN98314
OG0002968	BLGH_05943-mRNA-1	Bcin01p01830.1	CVK90295	FOXG_03583P0	RKF79677	EDN98305
OG0002969	BLGH_05944-mRNA-1	Bcin06p01960.1	CVK91052	FOXG_03120P0	RKF81632	EDN99720
OG0002970	BLGH_05946-mRNA-1	Bcin01p01800.1	CVK91088	FOXG_03083P0	RKF83705	EDN98302
OG0002971	BLGH_05948-mRNA-1	Bcin06p03030.1	CVK91092	FOXG_03080P0	RKF55327	EDO00003
OG0002972	BLGH_05951-mRNA-1	Bcin06p04710.1	CVK90616	FOXG_03397P0	RKF55329	EDN93445
OG0002973	BLGH_05955-mRNA-1	Bcin06p02000.1	CVK90603	FOXG_03406P0	RKF77528	EDN99715
OG0002974	BLGH_05956-mRNA-1	Bcin06p02010.1	CVK93588	FOXG_06240P0	RKF77527	EDN99714
OG0002975	BLGH_05957-mRNA-1	Bcin06p02720.1	CVK93702	FOXG_06113P0	RKF77526	EDN93584
OG0002976	BLGH_05958-mRNA-1	Bcin06p02730.1	CVK93701	FOXG_06114P0	RKF77525	EDN93583
OG0002977	BLGH_05960-mRNA-1	Bcin06p02770.1	CVK93699	FOXG_06116P0	RKF77524	EDN93577
OG0002978	BLGH_05961-mRNA-1	Bcin06p04390.1	CVK84918	FOXG_01310P0	RKF81563	EDN99911
OG0002979	BLGH_05963-mRNA-1	Bcin06p04310.1, Bcin06p04310.2	CVK91066		RKF57009	EDN99904
OG0002980	BLGH_05964-mRNA-1	Bcin06p04330.1	CVK84906	FOXG_01299P0	RKF63775	EDN99907
OG0002981	BLGH_05965-mRNA-1	Bcin06p04360.1	CVK84905	FOXG_01298P0	RKF75530	EDN99909
OG0002982	BLGH_05966-mRNA-1	Bcin06p04370.1	CVK84919	FOXG_01311P0	RKF75529	EDN99910
OG0002983	BLGH_05967-mRNA-1	Bcin06p01890.1	CVL00910	FOXG_09228P0	RKF80683	EDN99729
OG0002984	BLGH_05968-mRNA-1	Bcin06p05080.1	CVL00912	FOXG_09229P0	RKF80682	EDN93513
OG0002985	BLGH_05970-mRNA-1	Bcin01p01280.1	CVK99500	FOXG_08618P0	RKF75768	EDN98101
OG0002986	BLGH_05971-mRNA-1	Bcin01p01570.1	CVK83452	FOXG_00366P0	RKF58484	EDN98271
OG0002987	BLGH_05972-mRNA-1	Bcin06p01940.1	CVK90431	FOXG_03511P0	RKF80028	EDN99723
OG0002988	BLGH_05974-mRNA-1	Bcin06p01920.1	CVK91115	FOXG_03055P0	RKF80027	EDN99725
OG0002989	BLGH_05976-mRNA-1	Bcin01p02230.1	CVK90154	FOXG_03666P0	RKF75969	EDO01541
OG0002990	BLGH_05978-mRNA-1	Bcin01p02210.1	CVK90229	FOXG_03619P0	RKF79053	EDO01538
OG0002991	BLGH_05979-mRNA-1	Bcin01p02200.1	CVK90227	FOXG_03620P0	RKF79054	EDO01537
OG0002992	BLGH_05980-mRNA-1	Bcin01p02190.1	CVK90226	FOXG_03621P0	RKF66739	EDO01536
OG0002993	BLGH_05981-mRNA-1	Bcin01p02180.1	CVK90224	FOXG_03622P0	RKF66740	EDO01534
OG0002994	BLGH_05982-mRNA-1	Bcin01p02170.1	CVK90213	FOXG_03631P0	RKF72950	EDO01533
OG0002995	BLGH_03166-mRNA-1	Bcin03p00180.1	CVL02899	FOXG_11124P0	RKF84091	EDN94189
OG0002996	BLGH_03167-mRNA-1	Bcin01p06870.1	CVL03273	FOXG_11332P0	RKF82800	EDO01629
OG0002997	BLGH_03169-mRNA-1	Bcin03p01000.1	CVK87239	FOXG_07731P0	RKF53756	EDN91400
OG0002998	BLGH_03170-mRNA-1	Bcin03p01010.1	CVK87245	FOXG_07727P0	RKF73541	EDN91399
OG0002999	BLGH_00857-mRNA-1, BLGH_03171-mRNA-1, BLGH_03172-mRNA-1, BLGH_03175-mRNA-1, BLGH_06209-mRNA-1, BLGH_06211-mRNA-1					
OG0003000	BLGH_03173-mRNA-1	Bcin06p04800.1	CVK93739	FOXG_06075P0	RKF58732	EDN93492
OG0003001	BLGH_03177-mRNA-1	Bcin03p04630.1	CVL02904	FOXG_11127P0	RKF79796	EDN90982
OG0003002	BLGH_03178-mRNA-1	Bcin03p04620.1	CVL02902	FOXG_11126P0	RKF79797	EDN90980
OG0003003	BLGH_03179-mRNA-1	Bcin03p04610.1	CVK86967	FOXG_07902P0	RKF83975	EDN90978
OG0003004	BLGH_03182-mRNA-1	Bcin03p00300.1	CVK84392	FOXG_00936P0	RKF76728	EDN94202
OG0003005	BLGH_03183-mRNA-1	Bcin03p00310.1	CVK84394	FOXG_00935P0	RKF76729	EDN94203
OG0003006	BLGH_03185-mRNA-1	Bcin03p00430.1	CVL05711	FOXG_12753P0	RKF81031	EDN94214
OG0003007	BLGH_03186-mRNA-1	Bcin03p00590.1	CVK87249	FOXG_07725P0	RKF81417	EDN91443
OG0003008	BLGH_03188-mRNA-1	Bcin03p00800.1	CVK87241	FOXG_07730P0	RKF81418	EDN91425
OG0003009	BLGH_03189-mRNA-1	Bcin03p00890.1	CVK87242	FOXG_07729P0	RKF79024	EDN91406
OG0003010	BLGH_03192-mRNA-1	Bcin08p04780.1, Bcin08p04780.2	CVK90967	FOXG_03183P0	RKF82389	
OG0003011	BLGH_03193-mRNA-1	Bcin03p00550.1	CVL02784	FOXG_11068P0	RKF60355	EDN94227
OG0003012	BLGH_03195-mRNA-1	Bcin08p06760.1	CVK93396	FOXG_06407P0, FOXG_06408P0	RKF74090	
OG0003013	BLGH_03199-mRNA-1, BLGH_03202-mRNA-1	Bcin08p04980.1	CVK91162	FOXG_03011P0	RKF76785	
OG0003014	BLGH_03204-mRNA-1	Bcin03p06530.1	CVK90813	FOXG_03277P0	RKF60819	EDN90745
OG0003015	BLGH_03206-mRNA-1	Bcin03p04900.1	CVL00182	FOXG_08180P0	RKF79841	EDN90951
OG0003016	BLGH_03208-mRNA-1	Bcin03p05250.1	CVK90809	FOXG_03280P0	RKF82784	EDN90912
OG0003017	BLGH_03209-mRNA-1	Bcin03p05240.1	CVK90810	FOXG_03279P0	RKF82783	EDN90913
OG0003018	BLGH_03211-mRNA-1	Bcin03p06420.1	CVL00178	FOXG_08183P0	RKF62616	EDN90755
OG0003019	BLGH_03212-mRNA-1	Bcin03p06430.1	CVL00176	FOXG_08184P0	RKF62615	EDN90754
OG0003020	BLGH_03213-mRNA-1	Bcin03p06440.1	CVK93883	FOXG_05985P0	RKF56048	EDN90753
OG0003021	BLGH_03216-mRNA-1	Bcin03p06510.1	CVK93625	FOXG_06201P0	RKF57881	EDN90747
OG0003022	BLGH_03217-mRNA-1	Bcin03p04890.1	CVL00179	FOXG_08182P0	RKF79842	EDN90952
OG0003023	BLGH_03218-mRNA-1	Bcin03p04880.1	CVL00181	FOXG_08181P0	RKF78896	EDN90953
OG0003024	BLGH_03220-mRNA-1	Bcin03p05100.1	CVK91149	FOXG_03023P0	RKF53115	EDN90927
OG0003025	BLGH_03221-mRNA-1	Bcin03p05110.1	CVK93640	FOXG_06186P0	RKF78895	EDN90926
OG0003026	BLGH_03225-mRNA-1	Bcin03p06380.1	CVK91148	FOXG_03024P0	RKF77073	EDN90772
OG0003027	BLGH_03226-mRNA-1	Bcin03p06360.1	CVK91146	FOXG_03026P0	RKF83886	EDN90770
OG0003028	BLGH_03227-mRNA-1	Bcin03p06350.1	CVK91144	FOXG_03028P0	RKF82890	EDN90769
OG0003029	BLGH_03228-mRNA-1	Bcin03p06390.1	CVK91142	FOXG_03030P0	RKF77623	EDN90764
OG0003030	BLGH_03229-mRNA-1	Bcin03p04800.1	CVK90910	FOXG_03219P0	RKF79274	EDN90965
OG0003031	BLGH_03230-mRNA-1	Bcin03p04810.1	CVK90912	FOXG_03218P0	RKF79273	EDN90963
OG0003032	BLGH_03233-mRNA-1	Bcin03p05080.1	CVK91160	FOXG_03013P0	RKF84001	EDN90929
OG0003033	BLGH_03234-mRNA-1	Bcin03p05070.1	CVK91161	FOXG_03012P0	RKF66045	EDN90930
OG0003034	BLGH_03237-mRNA-1	Bcin03p05220.1	CVK91157	FOXG_03016P0	RKF54853	EDN90917
OG0003035	BLGH_03240-mRNA-1	Bcin03p04950.1	CVK93596	FOXG_06231P0	RKF82514	EDN90945
OG0003036	BLGH_03241-mRNA-1	Bcin03p04960.1	CVL00185	FOXG_08178P0	RKF82515	EDN90944
OG0003037	BLGH_03242-mRNA-1	Bcin11p05930.1	CVK83244	FOXG_00238P0	RKF54473	EDN96251
OG0003038	BLGH_03243-mRNA-1	Bcin03p04970.1	CVK90799	FOXG_03290P0	RKF82371	EDN90943
OG0003039	BLGH_03247-mRNA-1	Bcin03p04860.1	CVK90893	FOXG_03232P0	RKF55654	EDN90955
OG0003040	BLGH_03249-mRNA-1	Bcin03p04980.1	CVK90801	FOXG_03289P0	RKF82372	EDN90942
OG0003041	BLGH_03261-mRNA-1	Bcin11p05780.1	CVK83488	FOXG_00386P0	RKF55626	EDN96235
OG0003042	BLGH_03268-mRNA-1	Bcin06p03160.1	CVK83638	FOXG_00474P0	RKF76434	EDN99986
OG0003043	BLGH_03270-mRNA-1	Bcin06p03150.1	CVK83640	FOXG_00473P0	RKF51396	EDN99987
OG0003044	BLGH_03272-mRNA-1	Bcin01p03780.1	CVK83028	FOXG_00112P0	RKF55127	EDO01786
OG0003045	BLGH_03273-mRNA-1	Bcin06p03120.1, Bcin06p03120.2		FOXG_00466P0	RKF82316	EDN99991
OG0003046	BLGH_03281-mRNA-1	Bcin01p02630.1, Bcin01p02630.2	CVK99347	FOXG_08762P0	RKF82599	
OG0003047	BLGH_03282-mRNA-1	Bcin01p02620.1, Bcin01p02620.2	CVK88990	FOXG_01982P0	RKF56490	
OG0003048	BLGH_03284-mRNA-1	Bcin01p02600.1, Bcin01p02600.2	CVK88994	FOXG_01980P0	RKF51382	
OG0003049	BLGH_03286-mRNA-1	Bcin01p02560.1, Bcin01p02560.2	CVK83689	FOXG_00512P0	RKF83682	
OG0003050	BLGH_03288-mRNA-1	Bcin01p02930.1	CVK89022	FOXG_01963P0	RKF75777	EDO02312
OG0003051	BLGH_03291-mRNA-1	Bcin01p06440.1	CVK82903	FOXG_00038P0	RKF76509	EDO01598
OG0003052	BLGH_03293-mRNA-1	Bcin01p06460.1	CVK83170	FOXG_00191P0	RKF76781	EDO01596
OG0003053	BLGH_03294-mRNA-1	Bcin01p06470.1	CVK83167	FOXG_00190P0	RKF59386	EDO01595
OG0003054	BLGH_03298-mRNA-1	Bcin01p02980.1	CVK83768	FOXG_00562P0	RKF79135	EDO02309
OG0003055	BLGH_03300-mRNA-1	Bcin01p03000.1	CVK83764	FOXG_00560P0	RKF65619	EDO02307
OG0003056	BLGH_03301-mRNA-1	Bcin06p03220.1	CVK89011	FOXG_01971P0	RKF53610	EDN99949
OG0003057	BLGH_03302-mRNA-1	Bcin06p02920.1	CVK89012	FOXG_01970P0	RKF53611	EDO00018
OG0003058	BLGH_03303-mRNA-1	Bcin06p02930.1	CVK89720	FOXG_01540P0	RKF82188	EDO00017
OG0003059	BLGH_03309-mRNA-1	Bcin01p06420.1	CVK89488	FOXG_01681P0	RKF61252	EDO01600
OG0003060	BLGH_03310-mRNA-1	Bcin01p06410.1	CVK99860	FOXG_08377P0	RKF54370	EDO01601
OG0003061	BLGH_03312-mRNA-1	Bcin01p06500.1	CVK83165	FOXG_00189P0	RKF74496	EDO01592
OG0003062	BLGH_03313-mRNA-1	Bcin01p06490.1	CVK83453	FOXG_00367P0	RKF78410	EDO01593
OG0003063	BLGH_03320-mRNA-1	Bcin01p07510.1	CVK89712	FOXG_01546P0	RKF73803	EDO01679
OG0003064	BLGH_03321-mRNA-1	Bcin01p05940.1	CVK83090	FOXG_00147P0	RKF53624	EDO02014
OG0003065	BLGH_03328-mRNA-1	Bcin11p04280.1, Bcin11p04280.2	CVK83731	FOXG_00541P0	RKF72531	
OG0003066	BLGH_03334-mRNA-1	Bcin11p03310.1, Bcin11p03310.2	CVK83456	FOXG_00368P0	RKF62050	
OG0003067	BLGH_03348-mRNA-1	Bcin01p09040.1	CVK83352	FOXG_00305P0	RKF73801	EDO02133
OG0003068	BLGH_03357-mRNA-1	Bcin01p09600.1, Bcin01p09600.2	CVK89401	FOXG_01732P0	RKF57100	
OG0003069	BLGH_03359-mRNA-1	Bcin06p05900.1	CVK83376	FOXG_00324P0	RKF82862	EDO00355
OG0003070	BLGH_03361-mRNA-1	Bcin01p03260.1	CVK88956	FOXG_02002P0	RKF77136	EDO01669
OG0003071	BLGH_03363-mRNA-1	Bcin01p09580.1, Bcin01p09580.2	CVK83544	FOXG_00421P0	RKF57101	
OG0003072	BLGH_03367-mRNA-1	Bcin06p05960.1	CVK83681	FOXG_00508P0	RKF65355	EDO00356
OG0003073	BLGH_03369-mRNA-1	Bcin06p05950.1	CVK83993	FOXG_00687P0	RKF54878	EDO00358
OG0003074	BLGH_03370-mRNA-1	Bcin06p05940.1	CVK83996	FOXG_00688P0	RKF57646	EDO00359
OG0003075	BLGH_03372-mRNA-1	Bcin01p03650.1	CVK89065	FOXG_01939P0	RKF76623	EDO01768
OG0003076	BLGH_03373-mRNA-1	Bcin01p03580.1	CVK82889	FOXG_00029P0	RKF55932	EDO01760
OG0003077	BLGH_03375-mRNA-1	Bcin01p03610.1	CVK82885	FOXG_00027P0	RKF55934	EDO01763
OG0003078	BLGH_03377-mRNA-1	Bcin01p03640.1	CVK83721	FOXG_00536P0	RKF82164	EDO01767
OG0003079	BLGH_03378-mRNA-1	Bcin01p03430.1	CVK83225	FOXG_00226P0	RKF63954	EDO01751
OG0003080	BLGH_03380-mRNA-1	Bcin01p07610.1	CVK88982	FOXG_01987P0	RKF83345	EDO01744
OG0003081	BLGH_03381-mRNA-1	Bcin01p07600.1	CVK88980	FOXG_01988P0	RKF83346	EDO01746
OG0003082	BLGH_03382-mRNA-1	Bcin01p07590.1	CVK88978	FOXG_01989P0	RKF83347	EDO01747
OG0003083	BLGH_03385-mRNA-1	Bcin01p05530.1	CVK89373	FOXG_01750P0	RKF53581	EDO01976
OG0003084	BLGH_03386-mRNA-1	Bcin01p05520.1	CVK89375	FOXG_01749P0	RKF53580	EDO01975
OG0003085	BLGH_03387-mRNA-1	Bcin01p05550.1	CVK83137	FOXG_00172P0	RKF47193	EDO01978
OG0003086	BLGH_03389-mRNA-1	Bcin01p05480.1	CVK83141	FOXG_00174P0	RKF65297	EDO01970
OG0003087	BLGH_03391-mRNA-1	Bcin01p07580.1	CVK89385	FOXG_01742P0	RKF83153	EDO01748
OG0003088	BLGH_03393-mRNA-1	Bcin01p05570.1	CVK83331	FOXG_00293P0	RKF65181	EDO01981
OG0003089	BLGH_03394-mRNA-1	Bcin01p05580.1	CVK88983	FOXG_01986P0	RKF65182	EDO01982
OG0003090	BLGH_03397-mRNA-1	Bcin01p03230.1	CVK83329	FOXG_00292P0	RKF65185	EDO01665
OG0003091	BLGH_03398-mRNA-1	Bcin01p05610.1	CVK88969	FOXG_01994P0	RKF65186	EDO01985
OG0003092	BLGH_03399-mRNA-1	Bcin01p03220.1	CVK89245	FOXG_01829P0	RKF65187	EDO01664
OG0003093	BLGH_03400-mRNA-1	Bcin01p03250.1	CVK89244	FOXG_01830P0	RKF65188	EDO01667
OG0003094	BLGH_03402-mRNA-1	Bcin01p05350.1	CVK83158	FOXG_00184P0	RKF54581	EDO01956
OG0003095	BLGH_03403-mRNA-1	Bcin01p02830.1	CVK83494	FOXG_00389P0	RKF55023	EDO02323
OG0003096	BLGH_03412-mRNA-1	Bcin01p08320.1	CVK83774	FOXG_00565P0	RKF58468	EDO02209
OG0003097	BLGH_03413-mRNA-1	Bcin01p08310.1	CVK83770	FOXG_00563P0	RKF58469	EDO02208
OG0003098	BLGH_03414-mRNA-1	Bcin01p04030.1	CVK99179	FOXG_08857P0	RKF82670	EDO01808
OG0003099	BLGH_03425-mRNA-1	Bcin01p05340.1	CVK83606	FOXG_00463P0	RKF54045	EDO01955
OG0003100	BLGH_03428-mRNA-1	Bcin06p03440.1	CVK82905	FOXG_00039P0	RKF54047	EDO00023
OG0003101	BLGH_03429-mRNA-1	Bcin01p04020.1	CVK99180	FOXG_08856P0	RKF65395	EDO01807
OG0003102	BLGH_03430-mRNA-1	Bcin06p03400.1	CVK83855	FOXG_00608P0	RKF83366	EDO00029
OG0003103	BLGH_03434-mRNA-1	Bcin01p06120.1	CVK83567	FOXG_00435P0	RKF84028	EDO02037
OG0003104	BLGH_03435-mRNA-1	Bcin01p06130.1	CVK83569	FOXG_00436P0	RKF57097	EDO02036
OG0003105	BLGH_03436-mRNA-1	Bcin01p06140.1	CVK83570	FOXG_00437P0	RKF57098	EDO02035
OG0003106	BLGH_03438-mRNA-1	Bcin01p07920.1	CVK83912	FOXG_00645P0	RKF74328	EDO02154
OG0003107	BLGH_03441-mRNA-1	Bcin01p06150.1	CVK83571	FOXG_00438P0	RKF49712	EDO02034
OG0003108	BLGH_03443-mRNA-1	Bcin09p02170.1	CVK87376	FOXG_07670P0	RKF79625	EDO02624
OG0003109	BLGH_03445-mRNA-1	Bcin01p05410.1	CVK83323	FOXG_00287P0	RKF80801	EDO01962
OG0003110	BLGH_03446-mRNA-1	Bcin01p05400.1	CVK83324	FOXG_00288P0	RKF80800	EDO01961
OG0003111	BLGH_03448-mRNA-1	Bcin01p05380.1	CVK83147	FOXG_00178P0	RKF78587	EDO01959
OG0003112	BLGH_03449-mRNA-1	Bcin01p05370.1	CVK83149	FOXG_00179P0	RKF78588	EDO01958
OG0003113	BLGH_03450-mRNA-1	Bcin01p05430.1	CVK83322	FOXG_00286P0	RKF81790	EDO01965
OG0003114	BLGH_03451-mRNA-1	Bcin01p05360.1	CVK83150	FOXG_00180P0	RKF77989	EDO01957
OG0003115	BLGH_03455-mRNA-1	Bcin01p09790.1, Bcin01p09790.2	CVK83872	FOXG_00617P0	RKF57660	
OG0003116	BLGH_03460-mRNA-1	Bcin01p03170.1	CVK83674	FOXG_00503P0	RKF65226	EDO02288
OG0003117	BLGH_03461-mRNA-1	Bcin01p03500.1	CVK89067	FOXG_01937P0	RKF78728	EDO01759
OG0003118	BLGH_03462-mRNA-1	Bcin01p03490.1	CVK89021	FOXG_01964P0	RKF74838	EDO01758
OG0003119	BLGH_03463-mRNA-1	Bcin01p08260.1	CVK83227	FOXG_00227P0	RKF83751	EDO02203
OG0003120	BLGH_03464-mRNA-1	Bcin01p04100.1	CVK82902	FOXG_00037P0	RKF78697	EDO01816
OG0003121	BLGH_03465-mRNA-1	Bcin01p06090.1	CVK83445	FOXG_00362P0	RKF80871	EDO02040
OG0003122	BLGH_03466-mRNA-1	Bcin01p06080.1	CVK89472	FOXG_01690P0	RKF80870	EDO02041
OG0003123	BLGH_03468-mRNA-1	Bcin03p06540.1	CVK90812	FOXG_03278P0	RKF62273	EDN90744
OG0003124	BLGH_03469-mRNA-1	Bcin01p02790.1	CVK82892	FOXG_00032P0	RKF78696	EDO02328
OG0003125	BLGH_03472-mRNA-1	Bcin01p08290.1	CVK83386	FOXG_00326P0	RKF54215	EDO02206
OG0003126	BLGH_03473-mRNA-1	Bcin01p03460.1	CVK89017	FOXG_01966P0	RKF83668	EDO01754
OG0003127	BLGH_03474-mRNA-1	Bcin01p04090.1	CVK82900	FOXG_00036P0	RKF71235	EDO01815
OG0003128	BLGH_03481-mRNA-1	Bcin01p08240.1	CVK83229	FOXG_00229P0	RKF83749	EDO02201
OG0003129	BLGH_03486-mRNA-1	Bcin01p03860.1	CVK83439	FOXG_00358P0	RKF81394	EDO01796
OG0003130	BLGH_03490-mRNA-1	Bcin01p03830.1	CVK89391	FOXG_01738P0	RKF57653	EDO01792
OG0003131	BLGH_03497-mRNA-1	Bcin01p06020.1	CVK83367	FOXG_00319P0	RKF81513	EDO02020
OG0003132	BLGH_03498-mRNA-1	Bcin01p08680.1	CVK83037	FOXG_00118P0	RKF57371	EDO02214
OG0003133	BLGH_03500-mRNA-1	Bcin01p08660.1	CVK83033	FOXG_00115P0	RKF57369	EDO02212
OG0003134	BLGH_03501-mRNA-1	Bcin01p08650.1	CVK83032	FOXG_00114P0	RKF57368	EDO02211
OG0003135	BLGH_03504-mRNA-1	Bcin01p09750.1, Bcin01p09750.2	CVK83852	FOXG_00606P0	RKF57768	
OG0003136	BLGH_03505-mRNA-1	Bcin01p02770.1	CVK83385	FOXG_00325P0	RKF57888	EDO02330
OG0003137	BLGH_03507-mRNA-1	Bcin01p05070.1	CVK88998	FOXG_01978P0	RKF78583	EDO01923
OG0003138	BLGH_03509-mRNA-1	Bcin01p05110.1	CVK83446	FOXG_00363P0	RKF79979	EDO01927
OG0003139	BLGH_03511-mRNA-1	Bcin01p03110.1	CVK83083	FOXG_00143P0	RKF81514	EDO02294
OG0003140	BLGH_03512-mRNA-1	Bcin01p06230.1	CVK83335	FOXG_00295P0	RKF76018	EDO02049
OG0003141	BLGH_03514-mRNA-1	Bcin01p08970.1	CVK83651	FOXG_00468P0	RKF80493	EDO02125
OG0003142	BLGH_03522-mRNA-1	Bcin01p05130.1	CVK89000	FOXG_01977P0	RKF57961	EDO01929
OG0003143	BLGH_03524-mRNA-1	Bcin06p06440.1	CVK89028	FOXG_01959P0	RKF65407	EDO00248
OG0003144	BLGH_03525-mRNA-1	Bcin06p06030.1	CVK89031	FOXG_01958P0	RKF65408	EDO00379
OG0003145	BLGH_03526-mRNA-1	Bcin06p06040.1, Bcin06p06040.2	CVK82890	FOXG_00030P0	RKF83855	
OG0003146	BLGH_03527-mRNA-1	Bcin06p06080.1	CVK99479	FOXG_08644P0	RKF58130	EDO00406
OG0003147	BLGH_03528-mRNA-1	Bcin06p03190.1	CVK83344	FOXG_00300P0	RKF64934	EDN99982
OG0003148	BLGH_03530-mRNA-1	Bcin15p02570.1, Bcin15p02570.2	CVK83984	FOXG_00682P0	RKF81262	
OG0003149	BLGH_03534-mRNA-1	Bcin06p05930.1	CVK83397	FOXG_00334P0	RKF81265	EDO00360
OG0003150	BLGH_03535-mRNA-1	Bcin06p06200.1	CVK84016	FOXG_00699P0	RKF65405	EDO00392
OG0003151	BLGH_03536-mRNA-1	Bcin06p06210.1	CVK84017	FOXG_00700P0	RKF75219	EDO00391
OG0003152	BLGH_03542-mRNA-1	Bcin06p06220.1	CVK82880	FOXG_00024P0	RKF80443	EDO00390
OG0003153	BLGH_03544-mRNA-1	Bcin06p05630.1	CVK83981	FOXG_00680P0	RKF71498	EDO00098
OG0003154	BLGH_03545-mRNA-1	Bcin06p05640.1	CVK84004	FOXG_00692P0	RKF80954	EDO00099
OG0003155	BLGH_03546-mRNA-1	Bcin06p05650.1	CVK84006	FOXG_00693P0	RKF80953	EDO00100
OG0003156	BLGH_03547-mRNA-1	Bcin06p05660.1	CVK84007	FOXG_00694P0	RKF80952	EDO00102
OG0003157	BLGH_03549-mRNA-1	Bcin15p02590.1, Bcin15p02590.2	CVK83101	FOXG_00154P0	RKF64046	
OG0003158	BLGH_03550-mRNA-1	Bcin06p05840.1	CVK89366	FOXG_01754P0	RKF53399	EDO00122
OG0003159	BLGH_03552-mRNA-1	Bcin06p05830.1	CVK89368	FOXG_01753P0	RKF53401	EDO00119
OG0003160	BLGH_03553-mRNA-1	Bcin11p05610.1	CVK89068	FOXG_01936P0	RKF84012	EDN96363
OG0003161	BLGH_03559-mRNA-1	Bcin11p05530.1	CVK83436	FOXG_00356P0	RKF71231	EDN96373
OG0003162	BLGH_03561-mRNA-1	Bcin06p06110.1	CVK99480	FOXG_08643P0	RKF78598	EDO00401
OG0003163	BLGH_03563-mRNA-1	Bcin06p06130.1	CVK99312	FOXG_08786P0	RKF78597	EDO00399
OG0003164	BLGH_03564-mRNA-1	Bcin06p06140.1	CVK99314	FOXG_08785P0	RKF78596	EDO00398
OG0003165	BLGH_03565-mRNA-1	Bcin01p05150.1	CVK89034	FOXG_01956P0	RKF78204	EDO01935
OG0003166	BLGH_03567-mRNA-1	Bcin01p05160.1	CVK89035	FOXG_01955P0	RKF75304	EDO01934
OG0003167	BLGH_03576-mRNA-1	Bcin07p04610.1, Bcin07p04610.2	CVK89048	FOXG_01950P0	RKF81739	
OG0003168	BLGH_03581-mRNA-1	Bcin07p04730.1, Bcin07p04730.2	CVK89053	FOXG_01946P0	RKF79866	
OG0003169	BLGH_03586-mRNA-1	Bcin06p05820.1	CVK89361	FOXG_01758P0	RKF53400	EDO00118
OG0003170	BLGH_03593-mRNA-1	Bcin01p01480.1	CVK93708	FOXG_06106P0	RKF64897	EDN98257
OG0003171	BLGH_03597-mRNA-1	Bcin06p05860.1	CVK89357	FOXG_01760P0	RKF73360	EDO00125
OG0003172	BLGH_03599-mRNA-1	Bcin06p05880.1	CVK89354	FOXG_01762P0	RKF53630	EDO00123
OG0003173	BLGH_03600-mRNA-1	Bcin06p05850.1	CVK83717	FOXG_00532P0	RKF53398	EDO00350
OG0003174	BLGH_03613-mRNA-1	Bcin11p05650.1	CVK83748	FOXG_00550P0	RKF59733	EDN96357
OG0003175	BLGH_05985-mRNA-1	Bcin12p00190.1	CVK91111	FOXG_03059P0	RKF61724	EDO01156
OG0003176	BLGH_05986-mRNA-1	Bcin12p05020.1	CVL00077	FOXG_08245P0	RKF61723	EDN92708
OG0003177	BLGH_05989-mRNA-1	Bcin12p05360.1	CVK97350	FOXG_04163P0	RKF84106	EDN99256
OG0003178	BLGH_05990-mRNA-1	Bcin12p05370.1	CVK97352	FOXG_04162P0	RKF84107	EDN99258
OG0003179	BLGH_05992-mRNA-1	Bcin12p05000.1	CVK93524	FOXG_06307P0	RKF80407	EDN92706
OG0003180	BLGH_05993-mRNA-1	Bcin12p04990.1	CVK93523	FOXG_06308P0	RKF80406	EDN92705
OG0003181	BLGH_05994-mRNA-1	Bcin11p05760.1	CVK83752	FOXG_00552P0	RKF66052	EDN96352
OG0003182	BLGH_05996-mRNA-1	Bcin07p03670.1	CVK99911	FOXG_08345P0	RKF73728	EDN96389
OG0003183	BLGH_05997-mRNA-1	Bcin12p01690.1	CVK93066	FOXG_11371P0	RKF81135	EDN92432
OG0003184	BLGH_05999-mRNA-1	Bcin12p04220.1	CVK99513	FOXG_08604P0	RKF71338	EDN92661
OG0003185	BLGH_06002-mRNA-1	Bcin09p05950.1	CVL01668	FOXG_10373P0	RKF75698	EDO03078
OG0003186	BLGH_06005-mRNA-1	Bcin12p02670.1	CVL00009	FOXG_08285P0	RKF64493	EDN92603
OG0003187	BLGH_06006-mRNA-1	Bcin12p04560.1	CVL00837	FOXG_09184P0	RKF80013	EDN92767
OG0003188	BLGH_06008-mRNA-1	Bcin12p05630.1	CVK93567	FOXG_06261P0	RKF60147	EDN99228
OG0003189	BLGH_06010-mRNA-1	Bcin12p04540.1	CVK93446	FOXG_06376P0	RKF54158	EDN92769
OG0003190	BLGH_06022-mRNA-1	Bcin12p01820.1	CVL00848	FOXG_09190P0	RKF82471	EDN92460
OG0003191	BLGH_06024-mRNA-1	Bcin12p00500.1	CVK99931	FOXG_08332P0	RKF83175	EDO01202
OG0003192	BLGH_06027-mRNA-1	Bcin12p03430.1	CVK86017	FOXG_13303P0	RKF83831	EDN92679
OG0003193	BLGH_06028-mRNA-1	Bcin12p00290.1	CVK99803	FOXG_08411P0	RKF59177	EDO01172
OG0003194	BLGH_06029-mRNA-1	Bcin12p00280.1	CVK99801	FOXG_08412P0	RKF54119	EDO01171
OG0003195	BLGH_06030-mRNA-1	Bcin12p04650.1	CVK99722	FOXG_08455P0	RKF56806	EDN92782
OG0003196	BLGH_06031-mRNA-1	Bcin12p04660.1	CVK99720	FOXG_08456P0	RKF56807	EDN92783
OG0003197	BLGH_06032-mRNA-1	Bcin12p04690.1	CVK99806	FOXG_08409P0	RKF56810	EDN99167
OG0003198	BLGH_06033-mRNA-1	Bcin12p04680.1	CVK99804	FOXG_08410P0	RKF56809	EDN99166
OG0003199	BLGH_06035-mRNA-1	Bcin12p04710.1	CVK99798	FOXG_08414P0	RKF58242	EDN99169
OG0003200	BLGH_06036-mRNA-1	Bcin12p04720.1	CVK99796	FOXG_08415P0	RKF58243	EDN99170
OG0003201	BLGH_06038-mRNA-1	Bcin12p03660.1	CVK99663	FOXG_08488P0	RKF81873	EDN92514
OG0003202	BLGH_06039-mRNA-1	Bcin07p03680.1, Bcin07p03680.2	CVL00674	FOXG_09090P0		EDN96388
OG0003203	BLGH_06040-mRNA-1	Bcin15p05180.1, Bcin15p05180.2	CVK92111	FOXG_04927P0	RKF55379	
OG0003204	BLGH_06061-mRNA-1	Bcin15p02980.1	CVK88885, CVK95838	FOXG_02045P0	RKF54063	
OG0003205	BLGH_06064-mRNA-1	Bcin15p03020.1, Bcin15p03020.2	CVK88909	FOXG_02030P0	RKF54061	
OG0003206	BLGH_06071-mRNA-1	Bcin02p01170.1	CVK87047	FOXG_07853P0	RKF82786	EDN96743
OG0003207	BLGH_06072-mRNA-1	Bcin02p01160.1	CVK87046	FOXG_07854P0	RKF82785	EDN96741
OG0003208	BLGH_06092-mRNA-1	Bcin03p08830.1, Bcin03p08830.2	CVL00787	FOXG_09154P0	RKF54600	
OG0003209	BLGH_06099-mRNA-1	Bcin15p04360.1, Bcin15p04360.2	CVL00899	FOXG_09220P0	RKF56363	
OG0003210	BLGH_06101-mRNA-1	Bcin02p00570.1	CVK87365	FOXG_07673P0	RKF73716	EDN96587
OG0003211	BLGH_06102-mRNA-1	Bcin07p01450.1	CVK93554	FOXG_06274P0	RKF64558	EDN96407
OG0003212	BLGH_04041-mRNA-1	Bcin05p04870.1	CVK94050	FOXG_05885P0	RKF79513	EDO03741
OG0003213	BLGH_04047-mRNA-1	Bcin12p02170.1	CVL01782	FOXG_10440P0	RKF79511	EDN92545
OG0003214	BLGH_04049-mRNA-1	Bcin06p07080.1	CVK99542	FOXG_08573P0	RKF79510	EDO00179
OG0003215	BLGH_04050-mRNA-1	Bcin01p03660.1	CVK83365	FOXG_00317P0	RKF79512	EDO01769
OG0003216	BLGH_04052-mRNA-1	Bcin01p06640.1	CVK82866	FOXG_00015P0	RKF82801	EDO01573
OG0003217	BLGH_04053-mRNA-1	Bcin12p01860.1	CVL00844	FOXG_09188P0	RKF83276	EDN92463
OG0003218	BLGH_04057-mRNA-1	Bcin07p02310.1	CVL02720	FOXG_11041P0	RKF58780	EDN97107
OG0003219	BLGH_04058-mRNA-1	Bcin13p05020.1	CVK99396	FOXG_08718P0	RKF58781	EDN98624
OG0003220	BLGH_04059-mRNA-1	Bcin04p04910.1, Bcin04p04910.2	CVL05715	FOXG_12751P0	RKF82693	
OG0003221	BLGH_04063-mRNA-1	Bcin10p00990.1	CVK97239	FOXG_04226P0	RKF59579	EDO04998
OG0003222	BLGH_04064-mRNA-1	Bcin10p01000.1	CVK97238	FOXG_04227P0	RKF59578	EDO04999
OG0003223	BLGH_04067-mRNA-1	Bcin07p00700.1	CVK86981	FOXG_07892P0	RKF56106	EDN95359
OG0003224	BLGH_04068-mRNA-1	Bcin08p00520.1	CVK96982	FOXG_04380P0	RKF56105	EDN97745
OG0003225	BLGH_04069-mRNA-1	Bcin02p02110.1	CVK83789	FOXG_00462P0	RKF82872	EDN96916
OG0003226	BLGH_04073-mRNA-1	Bcin02p01830.1	CVK89719	FOXG_01541P0	RKF81312	EDN96894
OG0003227	BLGH_04075-mRNA-1	Bcin08p05220.1, Bcin08p05220.2	CVK88573	FOXG_02233P0	RKF82868	
OG0003228	BLGH_04082-mRNA-1	Bcin15p01670.1	CVK87405, CVK94901	FOXG_07653P0	RKF65679	
OG0003229	BLGH_04084-mRNA-1	Bcin09p05200.1	CVL01975	FOXG_10600P0	RKF64326	EDO02611
OG0003230	BLGH_04085-mRNA-1	Bcin05p07050.1	CVK84555	FOXG_01031P0	RKF56907	EDN96103
OG0003231	BLGH_04086-mRNA-1	Bcin01p01920.1	CVK91087	FOXG_03084P0	RKF83931	EDN98316
OG0003232	BLGH_04087-mRNA-1	Bcin02p02690.1	CVK87466	FOXG_07617P0	RKF54919	EDN96691
OG0003233	BLGH_04092-mRNA-1	Bcin06p01080.1	CVK93736	FOXG_06077P0	RKF78488	EDN93290
OG0003234	BLGH_04093-mRNA-1	Bcin12p02550.1	CVK83440	FOXG_00359P0	RKF72961	EDN92593
OG0003235	BLGH_04095-mRNA-1	Bcin06p01100.1	CVK84920	FOXG_01312P0	RKF54921	EDN93288
OG0003236	BLGH_04096-mRNA-1	Bcin06p01090.1	CVK93738	FOXG_06076P0	RKF54922	EDN93289
OG0003237	BLGH_04097-mRNA-1	Bcin06p07240.1	CVK93494	FOXG_06336P0	RKF64327	EDO00159
OG0003238	BLGH_04104-mRNA-1	Bcin06p02610.1	CVK93697	FOXG_06118P0	RKF78977	EDN93594
OG0003239	BLGH_04105-mRNA-1	Bcin06p02620.1	CVK93698	FOXG_06117P0	RKF78978	EDN93595
OG0003240	BLGH_04113-mRNA-1	Bcin01p01820.1	CVK90781	FOXG_03301P0	RKF57004	EDN98304
OG0003241	BLGH_04114-mRNA-1	Bcin13p01400.1	CVK93655	FOXG_06167P0	RKF84092	EDN99369
OG0003242	BLGH_04118-mRNA-1	Bcin07p01610.1	CVK99566	FOXG_08548P0	RKF83771	EDN96424
OG0003243	BLGH_04119-mRNA-1	Bcin09p01800.1	CVK86007	FOXG_13298P0	RKF83773	EDO02663
OG0003244	BLGH_04121-mRNA-1	Bcin07p00330.1	CVL05414	FOXG_12916P0	RKF57704	EDN95401
OG0003245	BLGH_04123-mRNA-1	Bcin01p07110.1	CVK99883	FOXG_08362P0	RKF57706	EDO01708
OG0003246	BLGH_04124-mRNA-1	Bcin13p03200.1	CVK93651	FOXG_06172P0	RKF57707	EDN93647
OG0003247	BLGH_04128-mRNA-1	Bcin06p00700.1	CVK93680	FOXG_06139P0	RKF61151	EDN93347
OG0003248	BLGH_04130-mRNA-1	Bcin03p02590.1	CVK86996	FOXG_07884P0	RKF72242	EDN91202
OG0003249	BLGH_04131-mRNA-1	Bcin03p07520.1	CVL01872	FOXG_10507P0	RKF58128	EDN90619
OG0003250	BLGH_04133-mRNA-1	Bcin03p04260.1	CVL01877	FOXG_10504P0	RKF55205	EDN91028
OG0003251	BLGH_04134-mRNA-1	Bcin03p04270.1	CVL01878	FOXG_10502P0	RKF55204	EDN91027
OG0003252	BLGH_04135-mRNA-1	Bcin03p04280.1	CVL01880	FOXG_10501P0	RKF55657	EDN91026
OG0003253	BLGH_04137-mRNA-1	Bcin03p04290.1	CVL01874	FOXG_10506P0	RKF55658	EDN91025
OG0003254	BLGH_04139-mRNA-1	Bcin03p07420.1	CVL01868	FOXG_10510P0	RKF82627	EDN90631
OG0003255	BLGH_04140-mRNA-1	Bcin03p07430.1	CVL01871	FOXG_10508P0	RKF58129	EDN90629
OG0003256	BLGH_04142-mRNA-1	Bcin03p03120.1	CVL01236	FOXG_09474P0	RKF57072	EDN91261
OG0003257	BLGH_04143-mRNA-1	Bcin03p03130.1	CVL01237	FOXG_09475P0	RKF57071	EDN91262
OG0003258	BLGH_04144-mRNA-1	Bcin03p03140.1	CVK88939	FOXG_02012P0	RKF53700	EDN91266
OG0003259	BLGH_04145-mRNA-1	Bcin03p03150.1	CVK88941	FOXG_02011P0	RKF53699	EDN91269
OG0003260	BLGH_04146-mRNA-1	Bcin03p03160.1	CVK88943	FOXG_02010P0	RKF53698	EDN91270
OG0003261	BLGH_04148-mRNA-1	Bcin03p06070.1	CVK87397	FOXG_07659P0	RKF80596	EDN90807
OG0003262	BLGH_04149-mRNA-1	Bcin03p06040.1	CVK89776	FOXG_01486P0	RKF80595	EDN90810
OG0003263	BLGH_04151-mRNA-1	Bcin03p06050.1	CVK89839	FOXG_01423P0	RKF80598	EDN90809
OG0003264	BLGH_04152-mRNA-1	Bcin03p06020.1	CVK89775	FOXG_01487P0	RKF80594	EDN90811
OG0003265	BLGH_04154-mRNA-1	Bcin03p02240.1	CVL01257	FOXG_09498P0	RKF78297	EDN91157
OG0003266	BLGH_04155-mRNA-1	Bcin03p05970.1	CVK89771	FOXG_01491P0	RKF56104	EDN90819
OG0003267	BLGH_04156-mRNA-1	Bcin03p07560.1	CVK89569	FOXG_01634P0	RKF53219	EDN90612
OG0003268	BLGH_04157-mRNA-1	Bcin03p07570.1	CVK89690	FOXG_01567P0	RKF76776	EDN90611
OG0003269	BLGH_04158-mRNA-1	Bcin03p07580.1	CVK89688	FOXG_01568P0	RKF82169	EDN90610
OG0003270	BLGH_04159-mRNA-1	Bcin03p07480.1	CVL01899	FOXG_10520P0	RKF82168	EDN90625
OG0003271	BLGH_04160-mRNA-1	Bcin03p07490.1	CVL01897	FOXG_10519P0	RKF82167	EDN90626
OG0003272	BLGH_04161-mRNA-1	Bcin03p07500.1	CVL01895	FOXG_10518P0	RKF82165	EDN90627
OG0003273	BLGH_04162-mRNA-1	Bcin03p07510.1	CVL01894	FOXG_10517P0	RKF82166	EDN90628
OG0003274	BLGH_04163-mRNA-1	Bcin03p05960.1	CVK89770	FOXG_01492P0	RKF56103	EDN90820
OG0003275	BLGH_04164-mRNA-1	Bcin03p05950.1	CVK89769	FOXG_01493P0	RKF75509	EDN90821
OG0003276	BLGH_04167-mRNA-1	Bcin03p05990.1	CVK89773	FOXG_01489P0	RKF76937	EDN90814
OG0003277	BLGH_04168-mRNA-1	Bcin03p06000.1	CVK89774	FOXG_01488P0	RKF65870	EDN90813
OG0003278	BLGH_04173-mRNA-1	Bcin03p09250.1, Bcin03p09250.2	CVK89750	FOXG_01511P0	RKF56871	
OG0003279	BLGH_04174-mRNA-1	Bcin03p05940.1	CVK89768	FOXG_01494P0	RKF56870	EDN90822
OG0003280	BLGH_04176-mRNA-1	Bcin03p02680.1	CVK89137	FOXG_01893P0	RKF54468	EDN91210
OG0003281	BLGH_04177-mRNA-1	Bcin03p02630.1	CVL01173	FOXG_09411P0	RKF81182	EDN91203
OG0003282	BLGH_04179-mRNA-1	Bcin03p02620.1	CVL01191	FOXG_09431P0	RKF79715	EDN91205
OG0003283	BLGH_04180-mRNA-1	Bcin03p02330.1	CVL01829	FOXG_10475P0	RKF78912	EDN91168
OG0003284	BLGH_04181-mRNA-1	Bcin03p02320.1	CVL01831	FOXG_10476P0	RKF54603	EDN91167
OG0003285	BLGH_04182-mRNA-1	Bcin03p07640.1	CVL01950	FOXG_10572P0	RKF77531	EDN90604
OG0003286	BLGH_04183-mRNA-1	Bcin03p07630.1	CVL01949	FOXG_10571P0	RKF53405	EDN90605
OG0003287	BLGH_04184-mRNA-1	Bcin03p07620.1	CVL04555	FOXG_11496P0	RKF53407	EDN90606
OG0003288	BLGH_04185-mRNA-1	Bcin03p07610.1	CVL04553	FOXG_11495P0	RKF53406	EDN90607
OG0003289	BLGH_04187-mRNA-1	Bcin03p07530.1	CVL01906	FOXG_10525P0	RKF82060	EDN90618
OG0003290	BLGH_04188-mRNA-1	Bcin03g07540.1, Bcin03g07540.2	CVL01905		RKF82059	EDN90616
OG0003291	BLGH_04190-mRNA-1	Bcin03p07450.1	CVL01904	FOXG_10523P0	RKF58997	EDN90622
OG0003292	BLGH_04191-mRNA-1	Bcin03p07460.1	CVL01902	FOXG_10522P0	RKF55135	EDN90623
OG0003293	BLGH_04192-mRNA-1	Bcin03p07470.1	CVL01900	FOXG_10521P0	RKF65595	EDN90624
OG0003294	BLGH_04194-mRNA-1	Bcin13p02530.1	CVK84121	FOXG_00765P0	RKF82975	EDN99536
OG0003295	BLGH_04196-mRNA-1	Bcin03p02660.1	CVL01020	FOXG_09296P0	RKF83979	EDN91208
OG0003296	BLGH_04198-mRNA-1	Bcin03p02310.1	CVK89574	FOXG_01631P0	RKF55093	EDN91166
OG0003297	BLGH_04199-mRNA-1	Bcin03p05790.1	CVL01095	FOXG_09342P0	RKF60719	EDN90852
OG0003298	BLGH_04202-mRNA-1	Bcin03p02250.1	CVL01256	FOXG_09497P0	RKF78298	EDN91158
OG0003299	BLGH_04205-mRNA-1	Bcin03p02200.1	CVL01827	FOXG_10474P0	RKF60025	EDN91153
OG0003300	BLGH_04210-mRNA-1	Bcin03p05930.1	CVK88775	FOXG_02115P0	RKF76470	EDN90828
OG0003301	BLGH_04211-mRNA-1	Bcin03p02780.1	CVL00661	FOXG_09082P0	RKF81952	EDN91222
OG0003302	BLGH_04212-mRNA-1	Bcin03p02720.1	CVL00618	FOXG_09060P0	RKF53985	EDN91216
OG0003303	BLGH_04214-mRNA-1	Bcin03p02860.1	CVK87007	FOXG_07878P0	RKF53983	EDN91232
OG0003304	BLGH_04216-mRNA-1	Bcin03p02840.1	CVK87004	FOXG_07880P0	RKF82194	EDN91229
OG0003305	BLGH_04217-mRNA-1	Bcin03p02740.1	CVK87126	FOXG_07804P0	RKF66812	EDN91218
OG0003306	BLGH_04221-mRNA-1	Bcin01p07180.1	CVK93829	FOXG_06021P0	RKF83719	EDO01719
OG0003307	BLGH_04222-mRNA-1	Bcin01p07780.1	CVK93682	FOXG_06137P0	RKF80260	EDO02141
OG0003308	BLGH_04223-mRNA-1	Bcin01p07770.1	CVK93681	FOXG_06138P0	RKF83135	EDO02140
OG0003309	BLGH_04224-mRNA-1	Bcin06p02110.1	CVK93589	FOXG_06239P0	RKF83510	EDN99698
OG0003310	BLGH_04225-mRNA-1	Bcin06p02900.1	CVL00165	FOXG_08193P0	RKF73563	EDN93555
OG0003311	BLGH_04226-mRNA-1	Bcin06p02890.1	CVL00163	FOXG_08194P0	RKF81340	EDN93556
OG0003312	BLGH_04237-mRNA-1	Bcin06p00900.1	CVK93684	FOXG_06134P0	RKF82520	EDN93313
OG0003313	BLGH_04238-mRNA-1	Bcin06p02120.1	CVK90346	FOXG_03553P0	RKF58513	EDN99697
OG0003314	BLGH_04239-mRNA-1	Bcin06p02130.1	CVK91080	FOXG_03092P0	RKF79704	EDN99696
OG0003315	BLGH_04240-mRNA-1	Bcin03p02790.1	CVL00660	FOXG_09081P0	RKF65652	EDN91224
OG0003316	BLGH_04241-mRNA-1	Bcin06p02820.1	CVK91078	FOXG_03094P0	RKF77076	EDN93572
OG0003317	BLGH_04243-mRNA-1	Bcin03p02820.1	CVK87076	FOXG_07835P0	RKF84096	EDN91227
OG0003318	BLGH_04246-mRNA-1	Bcin03p02760.1	CVL01190	FOXG_09428P0	RKF63317	EDN91221
OG0003319	BLGH_04250-mRNA-1	Bcin03p06130.1	CVK89778	FOXG_01483P0	RKF53151	EDN90799
OG0003320	BLGH_04253-mRNA-1	Bcin03p06080.1	CVK89838	FOXG_01424P0	RKF83671	EDN90804
OG0003321	BLGH_04254-mRNA-1	Bcin03p06100.1	CVK89835	FOXG_01428P0	RKF82377	EDN90801
OG0003322	BLGH_04255-mRNA-1	Bcin03p06090.1	CVK89836	FOXG_01426P0	RKF82378	EDN90802
OG0003323	BLGH_04256-mRNA-1	Bcin03p04190.1	CVK89631	FOXG_01597P0	RKF83738	EDN91033
OG0003324	BLGH_04257-mRNA-1	Bcin03p04180.1	CVK89629	FOXG_01598P0	RKF83739	EDN91034
OG0003325	BLGH_04258-mRNA-1	Bcin03p04170.1	CVK87128	FOXG_07803P0	RKF83740	EDN91035
OG0003326	BLGH_04259-mRNA-1	Bcin08p03090.1	CVK98548	FOXG_15626P0	RKF77133	EDO00796
OG0003327	BLGH_04268-mRNA-1	Bcin03p06840.1	CVL04578	FOXG_11514P0	RKF81844	EDN90701
OG0003328	BLGH_04269-mRNA-1	Bcin03p06860.1	CVL04576	FOXG_11512P0	RKF80296	EDN90703
OG0003329	BLGH_04270-mRNA-1	Bcin03p04130.1	CVK89277	FOXG_01807P0	RKF56717	EDN91039
OG0003330	BLGH_04271-mRNA-1	Bcin03p04140.1	CVK89700	FOXG_01561P0	RKF83743	EDN91038
OG0003331	BLGH_04272-mRNA-1	Bcin03p04150.1	CVK88907	FOXG_02031P0	RKF83742	EDN91037
OG0003332	BLGH_04273-mRNA-1	Bcin03p04160.1	CVK88904	FOXG_02032P0	RKF83741	EDN91036
OG0003333	BLGH_04274-mRNA-1	Bcin08p01650.1	CVK90334	FOXG_03560P0	RKF59817	EDO00980
OG0003334	BLGH_04275-mRNA-1	Bcin08p01660.1	CVL01609	FOXG_10340P0	RKF60161	EDO00979
OG0003335	BLGH_04289-mRNA-1	Bcin03p06180.1	CVK89837	FOXG_01425P0	RKF83670	EDN90794
OG0003336	BLGH_04291-mRNA-1	Bcin08p02870.1	CVK84794	FOXG_01203P0	RKF77151	EDO00831
OG0003337	BLGH_04292-mRNA-1	Bcin08p02860.1	CVK84898	FOXG_01291P0	RKF76466	EDO00832
OG0003338	BLGH_04294-mRNA-1	Bcin08p03470.1	CVK84790	FOXG_01201P0	RKF54719	EDO00748
OG0003339	BLGH_04295-mRNA-1		CVK86857, CVL08074	FOXG_02754P0, FOXG_07974P0	RKF61823	
OG0003340	BLGH_04301-mRNA-1	Bcin03p04500.1	CVK89599	FOXG_01616P0	RKF71486	EDN91005
OG0003341	BLGH_04302-mRNA-1	Bcin03p07370.1	CVK85132, CVK89561	FOXG_01640P0		EDN90638
OG0003342	BLGH_04303-mRNA-1	Bcin03p04520.1	CVK89562	FOXG_01639P0	RKF80672	EDN91003
OG0003343	BLGH_04306-mRNA-1	Bcin03p03340.1	CVK89505	FOXG_01672P0	RKF54167	EDN91293
OG0003344	BLGH_04310-mRNA-1	Bcin16p04450.1, Bcin16p04450.2	CVK89552	FOXG_01646P0	RKF54003	
OG0003345	BLGH_04316-mRNA-1	Bcin03p03320.1	CVK89557	FOXG_01643P0	RKF65651	EDN91290
OG0003346	BLGH_04323-mRNA-1	Bcin08p02840.1	CVK84895	FOXG_01288P0	RKF78873	EDO00834
OG0003347	BLGH_04324-mRNA-1	Bcin08p02830.1	CVK84894	FOXG_01287P0	RKF54382	EDO00835
OG0003348	BLGH_04327-mRNA-1	Bcin08p03000.1	CVK84891		RKF61344, RKF79614	EDO00807
OG0003349	BLGH_04330-mRNA-1	Bcin03p03350.1	CVK90749	FOXG_03319P0	RKF83198	EDN91308
OG0003350	BLGH_04331-mRNA-1	Bcin03p03360.1	CVK91097	FOXG_03074P0	RKF79769	EDN91306
OG0003351	BLGH_04334-mRNA-1	Bcin10p02500.1	CVK84896	FOXG_01289P0	RKF64555	EDO01078
OG0003352	BLGH_04354-mRNA-1	Bcin03p02530.1	CVK89144	FOXG_01889P0	RKF73327	EDN91195
OG0003353	BLGH_04355-mRNA-1	Bcin03p02540.1	CVK89142	FOXG_01890P0	RKF73328	EDN91196
OG0003354	BLGH_04356-mRNA-1	Bcin03p02550.1	CVK89141	FOXG_01891P0	RKF73329	EDN91197
OG0003355	BLGH_04362-mRNA-1	Bcin03p02270.1	CVK89755	FOXG_01507P0	RKF61655	EDN91162
OG0003356	BLGH_04364-mRNA-1	Bcin03p02360.1	CVK89790	FOXG_01471P0	RKF56336	EDN91172
OG0003357	BLGH_04365-mRNA-1	Bcin03p02370.1	CVK89789	FOXG_01472P0	RKF56335	EDN91173
OG0003358	BLGH_04366-mRNA-1	Bcin03p02380.1	CVK89788	FOXG_01473P0	RKF56334	EDN91174
OG0003359	BLGH_06692-mRNA-1	Bcin09p01230.1	CVK92290	FOXG_05025P0	RKF81230	EDO02487
OG0003360	BLGH_06693-mRNA-1	Bcin09p01240.1	CVK92938	FOXG_05506P0	RKF81231	EDO02488
OG0003361	BLGH_06694-mRNA-1	Bcin09p01250.1	CVK92937	FOXG_05505P0	RKF81232	EDO02489
OG0003362	BLGH_06695-mRNA-1	Bcin09p01260.1	CVK92934	FOXG_05504P0	RKF81233	EDO02490
OG0003363	BLGH_06699-mRNA-1	Bcin09p01210.1	CVK92361	FOXG_05078P0	RKF75672	EDO02485
OG0003364	BLGH_06700-mRNA-1	Bcin09p01180.1	CVK92338	FOXG_05057P0	RKF75671	EDO02477
OG0003365	BLGH_06701-mRNA-1	Bcin09p01170.1	CVK92340	FOXG_05058P0	RKF75670	EDO02476
OG0003366	BLGH_06702-mRNA-1	Bcin05p04270.1	CVK96800, CVL05516	FOXG_12862P0		EDO03685
OG0003367	BLGH_06704-mRNA-1	Bcin09p05300.1	CVK92660	FOXG_05334P0	RKF79882	EDO02991
OG0003368	BLGH_06707-mRNA-1	Bcin09p02920.1	CVK98120	FOXG_13650P0	RKF81610	EDO02854
OG0003369	BLGH_06709-mRNA-1	Bcin09p05290.1	CVK92977	FOXG_05531P0	RKF74567	EDO02993
OG0003370	BLGH_06711-mRNA-1	Bcin09p03210.1	CVK92950	FOXG_05516P0	RKF73943	EDO02762
OG0003371	BLGH_06712-mRNA-1	Bcin09p03200.1	CVK92948	FOXG_05514P0	RKF73942	EDO02761
OG0003372	BLGH_06715-mRNA-1	Bcin04p03100.1	CVK92617	FOXG_05288P0	RKF83091	EDO01381
OG0003373	BLGH_06717-mRNA-1	Bcin04p03140.1	CVK92621	FOXG_05293P0	RKF81228	EDO01385
OG0003374	BLGH_06719-mRNA-1	Bcin04p03110.1	CVK92618	FOXG_05289P0	RKF57111	EDO01382
OG0003375	BLGH_06725-mRNA-1	Bcin09p01070.1	CVK86488	FOXG_03838P0	RKF80566	EDO02459
OG0003376	BLGH_06729-mRNA-1	Bcin09p04480.1	CVK92659	FOXG_05333P0	RKF51391	EDO02716
OG0003377	BLGH_06739-mRNA-1	Bcin04p00250.1	CVK92564	FOXG_05235P0	RKF56277	EDN92309
OG0003378	BLGH_06740-mRNA-1	Bcin04p03030.1	CVK92515	FOXG_05186P0	RKF78607	EDO01419
OG0003379	BLGH_06741-mRNA-1	Bcin04p03040.1	CVK92514	FOXG_05185P0	RKF53673	EDO01420
OG0003380	BLGH_06742-mRNA-1	Bcin04p00260.1	CVK92614	FOXG_05285P0	RKF78606	EDN92308
OG0003381	BLGH_06944-mRNA-1	Bcin06p01020.1	CVK84786	FOXG_01196P0	RKF71476	EDN93296
OG0003382	BLGH_06946-mRNA-1	Bcin02p05510.1	CVL05720	FOXG_12748P0	RKF84177	EDN95219
OG0003383	BLGH_06949-mRNA-1	Bcin02p05490.1	CVL05721	FOXG_12747P0	RKF81651	EDN95221
OG0003384	BLGH_06750-mRNA-1	Bcin07p05070.1	CVK98497	FOXG_13912P0	RKF82518	EDN97171
OG0003385	BLGH_06751-mRNA-1	Bcin07p02070.1	CVK84083	FOXG_00743P0	RKF83041	EDN97138
OG0003386	BLGH_06755-mRNA-1	Bcin07p02080.1	CVK84085	FOXG_00745P0	RKF62724	EDN97137
OG0003387	BLGH_06756-mRNA-1	Bcin07p02110.1	CVK84364	FOXG_00912P0	RKF83828	EDN97128
OG0003388	BLGH_06757-mRNA-1	Bcin07p02300.1	CVL02719	FOXG_11042P0	RKF82424	EDN97108
OG0003389	BLGH_06758-mRNA-1	Bcin06p07260.1	CVK99960	FOXG_08314P0	RKF80479	EDO00148
OG0003390	BLGH_06760-mRNA-1	Bcin06p07090.1	CVK99541	FOXG_08574P0	RKF83806	EDO00177
OG0003391	BLGH_06762-mRNA-1	Bcin06p07360.1, Bcin06p07360.2	CVK93522		RKF78659	EDO00145
OG0003392	BLGH_06764-mRNA-1	Bcin07p03390.1	CVL00056	FOXG_08257P0	RKF57463	EDN97002
OG0003393	BLGH_06766-mRNA-1	Bcin09p04070.1	CVK90624	FOXG_03392P0	RKF75722	EDO02934
OG0003394	BLGH_06767-mRNA-1	Bcin06p07500.1	CVK93496	FOXG_06334P0	RKF60594	EDO00130
OG0003395	BLGH_06768-mRNA-1	Bcin06p07510.1	CVK93495	FOXG_06335P0	RKF82489	EDO00129
OG0003396	BLGH_06771-mRNA-1	Bcin02p02020.1	CVL02861	FOXG_11106P0	RKF78404	EDN96907
OG0003397	BLGH_06772-mRNA-1	Bcin07p03170.1	CVL00047	FOXG_08264P0	RKF55077	EDN97039
OG0003398	BLGH_06775-mRNA-1	Bcin07p03410.1	CVL00060	FOXG_08255P0	RKF57465	EDN96998
OG0003399	BLGH_06783-mRNA-1	Bcin01p11500.1	CVK88403, CVK96062	FOXG_02328P0	RKF73394	
OG0003400	BLGH_06784-mRNA-1	Bcin06p05400.1	CVK99518	FOXG_08599P0	RKF82523	EDO00063
OG0003401	BLGH_06785-mRNA-1	Bcin06p05390.1	CVK99519	FOXG_08598P0	RKF60319	EDO00062
OG0003402	BLGH_06786-mRNA-1	Bcin06p05380.1	CVK99520	FOXG_08597P0	RKF60320	EDO00061
OG0003403	BLGH_06788-mRNA-1	Bcin06p05450.1	CVK99550	FOXG_08564P0	RKF78662	EDO00077
OG0003404	BLGH_06789-mRNA-1	Bcin06p05460.1	CVK99549	FOXG_08565P0	RKF78661	EDO00078
OG0003405	BLGH_06791-mRNA-1	Bcin06p05440.1	CVK99551	FOXG_08562P0	RKF71129	EDO00071
OG0003406	BLGH_06794-mRNA-1	Bcin06p07390.1	CVK99970	FOXG_08306P0	RKF57959	EDO00144
OG0003407	BLGH_06798-mRNA-1	Bcin06p05410.1	CVK88249	FOXG_02422P0	RKF55005	EDO00064
OG0003408	BLGH_06799-mRNA-1	Bcin06p07370.1	CVK99968	FOXG_08308P0	RKF65540	EDO00141
OG0003409	BLGH_06800-mRNA-1	Bcin01p08230.1	CVK82907	FOXG_00040P0	RKF71343	EDO02200
OG0003410	BLGH_06106-mRNA-1	Bcin02p02360.1	CVK89701	FOXG_01560P0	RKF82033	EDN96342
OG0003411	BLGH_06107-mRNA-1	Bcin02p02370.1	CVK89702	FOXG_01559P0	RKF82034	EDN96340
OG0003412	BLGH_06110-mRNA-1	Bcin02p01390.1	CVK88913	FOXG_02027P0	RKF55442	EDN96846
OG0003413	BLGH_06111-mRNA-1	Bcin02p01430.1	CVK88920	FOXG_02023P0	RKF56854	EDN96852
OG0003414	BLGH_06113-mRNA-1	Bcin02p03100.1	CVK89733	FOXG_01526P0	RKF64442	EDN96737
OG0003415	BLGH_06115-mRNA-1	Bcin02p03820.1, Bcin02p03820.2	CVL00574	FOXG_09036P0	RKF62587	
OG0003416	BLGH_06117-mRNA-1	Bcin02p03280.1	CVL00407	FOXG_08983P0	RKF63091	EDN96803
OG0003417	BLGH_06124-mRNA-1	Bcin02p00110.1	CVK87383	FOXG_07666P0	RKF62566	EDN96756
OG0003418	BLGH_06133-mRNA-1	Bcin02p00150.1	CVK89737	FOXG_01523P0	RKF66768	EDN96535
OG0003419	BLGH_06136-mRNA-1	Bcin07p02870.1	CVK87592	FOXG_07552P0	RKF54419	EDN97074
OG0003420	BLGH_06138-mRNA-1	Bcin02p01540.1	CVK87107	FOXG_07814P0	RKF57224	EDN96862
OG0003421	BLGH_06139-mRNA-1	Bcin02p01530.1	CVK87323	FOXG_07687P0	RKF57227	EDN96860
OG0003422	BLGH_06140-mRNA-1	Bcin02p01520.1	CVK87378	FOXG_07669P0	RKF57226	EDN96859
OG0003423	BLGH_06141-mRNA-1	Bcin02p01720.1	CVK99583	FOXG_08534P0	RKF83674	EDN96881
OG0003424	BLGH_06142-mRNA-1	Bcin02p00670.1	CVK87408	FOXG_07651P0	RKF53282	EDN96602
OG0003425	BLGH_06147-mRNA-1	Bcin02p01740.1	CVK89500	FOXG_01675P0	RKF71327	EDN96886
OG0003426	BLGH_06148-mRNA-1	Bcin02p01760.1	CVK93689	FOXG_06129P0	RKF60284	EDN96888
OG0003427	BLGH_06150-mRNA-1	Bcin02p03200.1	CVK89739	FOXG_01521P0	RKF75738	EDN96815
OG0003428	BLGH_06154-mRNA-1	Bcin06p05180.1	CVL03040	FOXG_11200P0	RKF78421	EDN99929
OG0003429	BLGH_06155-mRNA-1	Bcin01p07050.1	CVL03042	FOXG_11201P0	RKF64689	EDO01704
OG0003430	BLGH_06157-mRNA-1	Bcin01p09280.1	CVK84499	FOXG_01000P0	RKF57073	EDO02080
OG0003431	BLGH_06163-mRNA-1	Bcin02p03190.1	CVK89738	FOXG_01522P0	RKF57143	EDN96816
OG0003432	BLGH_06168-mRNA-1	Bcin04p00200.1	CVK92838	FOXG_05445P0	RKF84076	EDN92314
OG0003433	BLGH_06169-mRNA-1	Bcin04p00210.1	CVK92858	FOXG_05459P0	RKF77721	EDN92313
OG0003434	BLGH_06170-mRNA-1	Bcin04p00220.1	CVK92857	FOXG_05458P0	RKF47377	EDN92312
OG0003435	BLGH_06171-mRNA-1	Bcin04p03410.1	CVK92856	FOXG_05457P0	RKF47376	EDO01342
OG0003436	BLGH_06172-mRNA-1	Bcin04p03420.1	CVK92854	FOXG_05456P0	RKF47375	EDO01343
OG0003437	BLGH_06175-mRNA-1	Bcin04p01960.1	CVK86780	FOXG_08035P0	RKF82408	EDO01476
OG0003438	BLGH_06176-mRNA-1	Bcin04p01950.1	CVL02749	FOXG_11049P0	RKF53849	EDO01477
OG0003439	BLGH_06179-mRNA-1	Bcin04p01920.1	CVL05828	FOXG_12682P0	RKF77720	EDO01480
OG0003440	BLGH_06181-mRNA-1	Bcin04p01910.1	CVK92207	FOXG_04973P0	RKF77719	EDO01481
OG0003441	BLGH_06185-mRNA-1	Bcin04p02200.1	CVK86783	FOXG_08032P0	RKF71353	EDO01451
OG0003442	BLGH_06203-mRNA-1	Bcin12p05860.1	CVK98136	FOXG_13658P0	RKF60849	EDN98918
OG0003443	BLGH_06204-mRNA-1	Bcin04p04070.1, Bcin04p04070.2	CVK92384	FOXG_05101P0	RKF60848	
OG0003444	BLGH_06210-mRNA-1	Bcin05p05520.1	CVK84568	FOXG_01038P0	RKF65170	EDN96033
OG0003445	BLGH_06213-mRNA-1	Bcin05p05530.1	CVK84566	FOXG_01037P0	RKF65939	EDN96032
OG0003446	BLGH_04826-mRNA-1	Bcin12p02250.1	CVK99990	FOXG_08294P0	RKF54104	EDN92556
OG0003447	BLGH_04827-mRNA-1	Bcin12p05410.1	CVK99946	FOXG_08323P0	RKF74868	EDN99252
OG0003448	BLGH_04828-mRNA-1	Bcin12p03930.1	CVK99636	FOXG_08503P0	RKF58568	EDN92629
OG0003449	BLGH_04829-mRNA-1	Bcin12p03920.1	CVK99638	FOXG_08502P0	RKF58567	EDN92630
OG0003450	BLGH_04831-mRNA-1	Bcin12p01780.1, Bcin12p01780.2	CVK99913	FOXG_08344P0	RKF74772	
OG0003451	BLGH_04833-mRNA-1				RKF54096, RKF54385, RKF64001, RKF82326, RKF83290	
OG0003452	BLGH_04834-mRNA-1	Bcin12p01790.1	CVK99925	FOXG_08336P0	RKF74771	EDN92456
OG0003453	BLGH_04835-mRNA-1	Bcin12p01810.1	CVK99992	FOXG_08293P0	RKF81575	EDN92459
OG0003454	BLGH_04839-mRNA-1	Bcin12p00420.1	CVK99945	FOXG_08324P0	RKF84100	EDO01184
OG0003455	BLGH_04840-mRNA-1	Bcin12p00540.1	CVL01753	FOXG_10425P0	RKF76425	EDO01206
OG0003456	BLGH_04841-mRNA-1	Bcin12p00820.1	CVK92999	FOXG_11409P0	RKF76426	EDN92332
OG0003457	BLGH_04843-mRNA-1	Bcin12p02340.1	CVK93030	FOXG_11391P0	RKF57295	EDN92568
OG0003458	BLGH_04844-mRNA-1	Bcin12p02350.1	CVK93032	FOXG_11390P0	RKF57294	EDN92569
OG0003459	BLGH_04845-mRNA-1	Bcin12p05540.1	CVK99753	FOXG_08438P0	RKF65400	EDN99238
OG0003460	BLGH_04850-mRNA-1	Bcin12p02070.1	CVK93039	FOXG_11386P0	RKF78226	EDN92490
OG0003461	BLGH_04853-mRNA-1	Bcin12p00210.1	CVL01732	FOXG_10412P0	RKF71497	EDO01158
OG0003462	BLGH_04857-mRNA-1	Bcin12p03060.1	CVL01748	FOXG_10421P0	RKF55428	EDN99183
OG0003463	BLGH_04858-mRNA-1	Bcin12p03250.1, Bcin12p03250.2	CVK93513		RKF73076	EDN92752
OG0003464	BLGH_04860-mRNA-1	Bcin12p04810.1	CVK99738	FOXG_08446P0	RKF61664	EDN92621
OG0003465	BLGH_04862-mRNA-1	Bcin06p01310.1	CVL06067	FOXG_15426P0	RKF59311	EDN99790
OG0003466	BLGH_04863-mRNA-1	Bcin12p00120.1	CVL01729	FOXG_10410P0	RKF76424	EDO01146
OG0003467	BLGH_04864-mRNA-1	Bcin12p00200.1	CVL01730	FOXG_10411P0	RKF83686	EDO01157
OG0003468	BLGH_04865-mRNA-1	Bcin12p01350.1	CVK99855	FOXG_08381P0	RKF79223	EDN92396
OG0003469	BLGH_04867-mRNA-1	Bcin12p01320.1	CVL00942	FOXG_09248P0	RKF53820	EDN92414
OG0003470	BLGH_04869-mRNA-1	Bcin12p03050.1	CVK93007	FOXG_11404P0	RKF58231	EDN99182
OG0003471	BLGH_04870-mRNA-1	Bcin12p03340.1	CVK99751	FOXG_08439P0	RKF58232	EDN98978
OG0003472	BLGH_04871-mRNA-1	Bcin14p05530.1	CVL04824	FOXG_11712P0	RKF66734	EDN92665
OG0003473	BLGH_04873-mRNA-1	Bcin12p02510.1	CVK99743	FOXG_08443P0	RKF63618	EDN92586
OG0003474	BLGH_04874-mRNA-1	Bcin12p03200.1	CVK99732	FOXG_08449P0	RKF83411	EDN92724
OG0003475	BLGH_04881-mRNA-1	Bcin12p02530.1	CVK99740	FOXG_08445P0	RKF53124	EDN92591
OG0003476	BLGH_04882-mRNA-1	Bcin12p05740.1	CVL04505	FOXG_11465P0	RKF53672	EDN99213
OG0003477	BLGH_04883-mRNA-1	Bcin12p05730.1	CVL04501	FOXG_11462P0	RKF53671	EDN99214
OG0003478	BLGH_04884-mRNA-1	Bcin12p05720.1	CVK93001	FOXG_11408P0	RKF53670	EDN99215
OG0003479	BLGH_04886-mRNA-1	Bcin12p04380.1	CVL04483	FOXG_11451P0	RKF64076	EDN98973
OG0003480	BLGH_04887-mRNA-1	Bcin12p05210.1	CVL01745	FOXG_10419P0	RKF64078	EDN98965
OG0003481	BLGH_04891-mRNA-1	Bcin12p04420.1, Bcin12p04420.2	CVL00834	FOXG_09182P0	RKF83793	
OG0003482	BLGH_04894-mRNA-1	Bcin12p01190.1	CVL00827	FOXG_09179P0	RKF55450	EDN92380
OG0003483	BLGH_04914-mRNA-1	Bcin11p01720.1, Bcin13p00310.1	CVK82986	FOXG_00087P0	RKF71395	
OG0003484	BLGH_04917-mRNA-1	Bcin05p08360.1	CVK94124	FOXG_05842P0	RKF57245	EDN95837
OG0003485	BLGH_04921-mRNA-1	Bcin11p00730.1	CVK82975	FOXG_00080P0	RKF77667	EDO00576
OG0003486	BLGH_04922-mRNA-1	Bcin11p00740.1	CVK82977	FOXG_00081P0	RKF74764	EDO00574
OG0003487	BLGH_04923-mRNA-1	Bcin11p00750.1	CVK82978	FOXG_00082P0	RKF60857	EDO00573
OG0003488	BLGH_04925-mRNA-1	Bcin11p04350.1, Bcin11p04350.2	CVK82949	FOXG_00064P0	RKF79585	
OG0003489	BLGH_04926-mRNA-1	Bcin11p00120.1	CVK82925	FOXG_00051P0	RKF79584	EDO00514
OG0003490	BLGH_04927-mRNA-1	Bcin11p00130.1	CVK82927	FOXG_00052P0	RKF79583	EDO00515
OG0003491	BLGH_04928-mRNA-1	Bcin11p00150.1	CVK82930	FOXG_00054P0	RKF77183	EDO00517
OG0003492	BLGH_04929-mRNA-1	Bcin11p00200.1	CVK82938	FOXG_00060P0	RKF77182	EDO00523
OG0003493	BLGH_04930-mRNA-1	Bcin11p00170.1	CVK82933	FOXG_00056P0	RKF83703	EDO00519
OG0003494	BLGH_04931-mRNA-1	Bcin11p00220.1	CVK82940	FOXG_00061P0	RKF82469	EDO00528
OG0003495	BLGH_04943-mRNA-1	Bcin06p01270.1	CVL03251	FOXG_11321P0	RKF56027	EDN99794
OG0003496	BLGH_04944-mRNA-1	Bcin06p02300.1	CVL03254	FOXG_11323P0	RKF56026	EDN99679
OG0003497	BLGH_04946-mRNA-1	Bcin01p02420.1	CVK93715	FOXG_06099P0	RKF56025	EDO01565
OG0003498	BLGH_04947-mRNA-1	Bcin01p04950.1	CVK99421	FOXG_08701P0	RKF82702	EDO01905
OG0003499	BLGH_04951-mRNA-1	Bcin11p03040.1	CVL04625	FOXG_06963P0, FOXG_11556P0	RKF62869	
OG0003500	BLGH_04954-mRNA-1	Bcin11p03210.1, Bcin11p03210.2	CVL04641	FOXG_11574P0	RKF58576	
OG0003501	BLGH_04955-mRNA-1	Bcin08p06570.1, Bcin11p03220.1	CVL01058	FOXG_09319P0	RKF63157	
OG0003502	BLGH_04959-mRNA-1	Bcin06p01460.1	CVL06012	FOXG_15481P0	RKF58269	EDN99774
OG0003503	BLGH_04960-mRNA-1	Bcin10p01660.1	CVL04186	FOXG_12197P0	RKF58917	EDO05026
OG0003504	BLGH_04962-mRNA-1	Bcin06p01440.1	CVL06010	FOXG_15483P0	RKF83714	EDN99776
OG0003505	BLGH_04963-mRNA-1	Bcin06p01430.1	CVL06011	FOXG_15482P0	RKF83715	EDN99775
OG0003506	BLGH_04965-mRNA-1	Bcin06p01700.1	CVK84627	FOXG_01075P0	RKF54041	EDN99750
OG0003507	BLGH_04966-mRNA-1	Bcin06p00390.1	CVK84504	FOXG_01002P0	RKF57051	EDN93395
OG0003508	BLGH_04967-mRNA-1	Bcin06p00380.1	CVK84501	FOXG_01001P0	RKF57052	EDN93396
OG0003509	BLGH_04972-mRNA-1	Bcin11p01790.1, Bcin11p01790.2	CVL01491	FOXG_10269P0	RKF81553	
OG0003510	BLGH_04974-mRNA-1	Bcin01p07220.1	CVL06039	FOXG_15452P0	RKF79748	EDO01727
OG0003511	BLGH_04977-mRNA-1	Bcin06p02220.1	CVK84199	FOXG_00811P0	RKF83762	EDN99689
OG0003512	BLGH_04979-mRNA-1	Bcin06p01260.1	CVL03232	FOXG_11310P0	RKF79745	EDN99795
OG0003513	BLGH_04980-mRNA-1	Bcin06p00590.1	CVK84264	FOXG_00873P0	RKF83763	EDN93362
OG0003514	BLGH_04983-mRNA-1	Bcin06p00610.1	CVK84267	FOXG_00871P0	RKF71396	EDN93360
OG0003515	BLGH_04985-mRNA-1	Bcin01p11060.1	CVK93886	FOXG_05983P0	RKF58287	EDO02068
OG0003516	BLGH_04986-mRNA-1	Bcin06p02340.1	CVL03265	FOXG_11328P0	RKF58288	EDN99676
OG0003517	BLGH_04987-mRNA-1	Bcin06p02350.1	CVL03267	FOXG_11329P0	RKF58289	EDN99675
OG0003518	BLGH_04988-mRNA-1	Bcin01p04940.1	CVK99413	FOXG_08704P0	RKF82703	EDO01903
OG0003519	BLGH_04998-mRNA-1	Bcin01p07460.1	CVK99351	FOXG_08758P0	RKF58831	EDO01685
OG0003520	BLGH_05000-mRNA-1	Bcin01p07440.1	CVK99359	FOXG_08751P0	RKF58830	EDO01687
OG0003521	BLGH_05003-mRNA-1	Bcin01p01040.1	CVK84780	FOXG_01190P0	RKF51378	EDN98137
OG0003522	BLGH_05006-mRNA-1	Bcin01p07420.1	CVK83319	FOXG_00285P0	RKF58828	EDO01689
OG0003523	BLGH_05007-mRNA-1	Bcin01p05920.1	CVK83085	FOXG_00144P0	RKF79378	EDO02011
OG0003524	BLGH_05008-mRNA-1	Bcin11p00490.1	CVK90961	FOXG_03187P0	RKF77727	EDO00548
OG0003525	BLGH_05009-mRNA-1	Bcin11p00480.1	CVK91170	FOXG_03004P0	RKF77726	EDO00549
OG0003526	BLGH_05011-mRNA-1	Bcin11p00500.1	CVK90963	FOXG_03186P0	RKF77728	EDO00546
OG0003527	BLGH_05013-mRNA-1	Bcin11p00360.1	CVK93892	FOXG_05980P0	RKF75003	EDO00566
OG0003528	BLGH_05015-mRNA-1	Bcin11p04610.1, Bcin11p04610.2	CVK83478	FOXG_00380P0	RKF64710	
OG0003529	BLGH_05717-mRNA-1	Bcin13p02780.1	CVK95466	FOXG_09694P0	RKF76314	EDN99574
OG0003530	BLGH_05720-mRNA-1	Bcin08p00230.1	CVK88789	FOXG_02106P0	RKF60144	EDN97557
OG0003531	BLGH_05721-mRNA-1	Bcin08p00240.1	CVL01922	FOXG_10543P0	RKF53948	EDN97558
OG0003532	BLGH_05722-mRNA-1	Bcin10p04820.1	CVL01144	FOXG_09382P0	RKF82738	EDN97595
OG0003533	BLGH_05723-mRNA-1	Bcin10p04670.1	CVL01067	FOXG_09326P0	RKF75920	EDN97607
OG0003534	BLGH_05724-mRNA-1	Bcin10p04680.1	CVL01066	FOXG_09325P0	RKF75921	EDN97606
OG0003535	BLGH_05726-mRNA-1	Bcin10p04700.1	CVK88800	FOXG_02098P0	RKF53249	EDN97604
OG0003536	BLGH_05727-mRNA-1	Bcin10p02640.1	CVK88866	FOXG_02056P0	RKF82105	EDN97767
OG0003537	BLGH_05728-mRNA-1	Bcin10p02630.1	CVK88868	FOXG_02055P0	RKF82106	EDN97766
OG0003538	BLGH_05729-mRNA-1	Bcin10p02620.1	CVK88870	FOXG_02054P0	RKF82107	EDN97765
OG0003539	BLGH_05730-mRNA-1	Bcin10p02610.1	CVL01183	FOXG_09420P0	RKF82108	EDN97764
OG0003540	BLGH_05731-mRNA-1	Bcin10p01520.1	CVK96987	FOXG_04376P0	RKF83054	EDO05040
OG0003541	BLGH_05733-mRNA-1	Bcin10p01540.1	CVK96874	FOXG_04448P0	RKF83977	EDO05038
OG0003542	BLGH_05734-mRNA-1	Bcin10p04830.1	CVK89077	FOXG_01930P0	RKF80431	EDN97594
OG0003543	BLGH_05735-mRNA-1	Bcin08p00550.1	CVK89112	FOXG_01906P0	RKF77836	EDN97740
OG0003544	BLGH_05737-mRNA-1	Bcin10p03140.1	CVK89091	FOXG_01919P0	RKF81655	EDO04461
OG0003545	BLGH_05739-mRNA-1	Bcin10p04690.1	CVK88792	FOXG_02104P0	RKF71373	EDN97605
OG0003546	BLGH_05741-mRNA-1	Bcin10p04530.1	CVK97135	FOXG_04289P0	RKF53616	EDN97631
OG0003547	BLGH_05745-mRNA-1	Bcin10p03090.1	CVK88717	FOXG_02151P0	RKF82074	EDO04453
OG0003548	BLGH_05746-mRNA-1	Bcin16p00660.1	CVK93972	FOXG_05928P0	RKF79948	EDN99423
OG0003549	BLGH_05748-mRNA-1	Bcin10p04950.1	CVK97046	FOXG_04340P0	RKF71219	EDO04561
OG0003550	BLGH_05749-mRNA-1	Bcin08p02170.1	CVK91127	FOXG_03043P0	RKF78608	EDO00904
OG0003551	BLGH_05750-mRNA-1	Bcin10p03100.1	CVL01069	FOXG_09327P0	RKF79654	EDO04455
OG0003552	BLGH_05772-mRNA-1	Bcin09p03090.1	CVL04074	FOXG_12279P0	RKF64803	EDO02760
OG0003553	BLGH_05775-mRNA-1	Bcin02p06260.1	CVK87191	FOXG_07761P0	RKF60152	EDN95141
OG0003554	BLGH_05777-mRNA-1	Bcin02p06240.1	CVK86722	FOXG_08089P0	RKF62644	EDN95143
OG0003555	BLGH_05785-mRNA-1	Bcin02p08640.1, Bcin02p08640.2	CVK86702	FOXG_08109P0	RKF65315	
OG0003556	BLGH_05794-mRNA-1	Bcin02p06220.1	CVK89341	FOXG_01769P0	RKF83068	EDN95145
OG0003557	BLGH_05803-mRNA-1	Bcin07p00120.1	CVL05759	FOXG_12722P0	RKF61678	EDN95431
OG0003558	BLGH_05804-mRNA-1	Bcin07p00130.1	CVK86720	FOXG_08091P0	RKF61679	EDN95430
OG0003559	BLGH_05812-mRNA-1	Bcin02p05190.1	CVK86668	FOXG_08145P0	RKF54146	EDN95259
OG0003560	BLGH_05813-mRNA-1	Bcin02p05180.1	CVK86671	FOXG_08142P0	RKF54147	EDN95258
OG0003561	BLGH_05821-mRNA-1	Bcin02p05140.1	CVK97511	FOXG_04074P0	RKF83087	EDN95263
OG0003562	BLGH_05822-mRNA-1	Bcin04p05190.1	CVK84417	FOXG_00948P0	RKF82620, RKF84168	
OG0003563	BLGH_05823-mRNA-1	Bcin04p03070.1	CVK92253	FOXG_04999P0	RKF75479	EDN92252
OG0003564	BLGH_05824-mRNA-1	Bcin04p03060.1	CVL05847	FOXG_12668P0	RKF75478	EDN92251
OG0003565	BLGH_05838-mRNA-1	Bcin02p05260.1	CVK86603	FOXG_03729P0	RKF64346	EDN95254
OG0003566	BLGH_05839-mRNA-1	Bcin02p05270.1	CVK86604	FOXG_03728P0	RKF83573	EDN95253
OG0003567	BLGH_05840-mRNA-1	Bcin02p05240.1	CVK86680	FOXG_08131P0	RKF83418	EDN95255
OG0003568	BLGH_05847-mRNA-1	Bcin02p05160.1	CVK97513	FOXG_04072P0	RKF81720	EDN95261
OG0003569	BLGH_05848-mRNA-1	Bcin02p05150.1	CVK97512	FOXG_04073P0	RKF81719	EDN95262
OG0003570	BLGH_05853-mRNA-1	Bcin07p00430.1	CVK87209	FOXG_07750P0	RKF65550	EDN95387
OG0003571	BLGH_05854-mRNA-1	Bcin07p00440.1	CVK87207	FOXG_07751P0	RKF58439	EDN95386
OG0003572	BLGH_06637-mRNA-1	Bcin10p02130.1	CVK88507	FOXG_02272P0	RKF81747	EDO04805
OG0003573	BLGH_06640-mRNA-1	Bcin10p00630.1	CVL01065	FOXG_09324P0	RKF72769	EDO04965
OG0003574	BLGH_06641-mRNA-1	Bcin10p00640.1	CVL01063	FOXG_09323P0	RKF65433	EDO04967
OG0003575	BLGH_06646-mRNA-1	Bcin10p00920.1	CVL01078	FOXG_09333P0	RKF57998	EDO04985
OG0003576	BLGH_06647-mRNA-1	Bcin10p00930.1	CVL01074	FOXG_09330P0	RKF57999	EDO04986
OG0003577	BLGH_06648-mRNA-1	Bcin10p00940.1	CVL01073	FOXG_09329P0	RKF58000	EDO04987
OG0003578	BLGH_06651-mRNA-1	Bcin10p05250.1	CVL01079	FOXG_09334P0	RKF78993	EDO04606
OG0003579	BLGH_06655-mRNA-1	Bcin01p08350.1	CVK84781	FOXG_01191P0	RKF72229	EDO02248
OG0003580	BLGH_06665-mRNA-1	Bcin08p02900.1	CVK98573	FOXG_15656P0	RKF82445	EDO00823
OG0003581	BLGH_06667-mRNA-1	Bcin01p01500.1	CVL03248	FOXG_11319P0	RKF82444	EDN98262
OG0003582	BLGH_06675-mRNA-1	Bcin05p02300.1	CVK84630	FOXG_01076P0	RKF56913	EDO03377
OG0003583	BLGH_06676-mRNA-1	Bcin03p04760.1	CVK84148	FOXG_00781P0	RKF56912	EDN90972
OG0003584	BLGH_06677-mRNA-1	Bcin13p01330.1	CVK90851	FOXG_03256P0	RKF55941	EDN99379
OG0003585	BLGH_06678-mRNA-1	Bcin13p01860.1	CVK86513	FOXG_03815P0	RKF55942	EDN99325
OG0003586	BLGH_06681-mRNA-1	Bcin07p00340.1	CVL05416	FOXG_12915P0	RKF81304	EDN95400
OG0003587	BLGH_06682-mRNA-1	Bcin13p03010.1	CVK90976	FOXG_03177P0	RKF53865	EDN93680
OG0003588	BLGH_06684-mRNA-1	Bcin04p03590.1	CVK87546	FOXG_07578P0	RKF73836	EDO01324
OG0003589	BLGH_02003-mRNA-1	Bcin08p05080.1, Bcin08p05080.2	CVK90752	FOXG_03317P0	RKF83420	
OG0003590	BLGH_02004-mRNA-1	Bcin08p05070.1, Bcin08p05070.2	CVK90750	FOXG_03318P0	RKF83419	
OG0003591	BLGH_02005-mRNA-1	Bcin08p02760.1	CVK93750	FOXG_06068P0	RKF58235	EDO00842
OG0003592	BLGH_02007-mRNA-1	Bcin08p02790.1	CVK93745	FOXG_06071P0	RKF54153	EDO00839
OG0003593	BLGH_02010-mRNA-1	Bcin03p07000.1	CVL04581	FOXG_11517P0	RKF57080	EDN90687
OG0003594	BLGH_02012-mRNA-1	Bcin03p06980.1	CVL04557	FOXG_11498P0	RKF57081	EDN90689
OG0003595	BLGH_02013-mRNA-1	Bcin03p06970.1	CVL01948	FOXG_10570P0	RKF55995	EDN90690
OG0003596	BLGH_02017-mRNA-1	Bcin08p01480.1	CVK93584	FOXG_06243P0	RKF77675	EDO01000
OG0003597	BLGH_02018-mRNA-1	Bcin08p01490.1	CVK93583	FOXG_06244P0	RKF60913	EDO00999
OG0003598	BLGH_02019-mRNA-1	Bcin03p07670.1	CVL04584	FOXG_11520P0	RKF80327	EDN90602
OG0003599	BLGH_02030-mRNA-1	Bcin03p02170.1	CVK88946	FOXG_02008P0	RKF78484	EDN91150
OG0003600	BLGH_02031-mRNA-1	Bcin03p05860.1	CVK88760	FOXG_02124P0	RKF78485	EDN90834
OG0003601	BLGH_02034-mRNA-1	Bcin16p04760.1	CVL01918	FOXG_10539P0	RKF56455, RKF59423	
OG0003602	BLGH_02038-mRNA-1	Bcin03p02150.1	CVK88934	FOXG_02015P0	RKF53144	EDN91148
OG0003603	BLGH_02039-mRNA-1	Bcin03p02130.1	CVK88944	FOXG_02009P0	RKF71239	EDN91146
OG0003604	BLGH_02040-mRNA-1	Bcin03p06820.1	CVL04574	FOXG_11510P0	RKF57078	EDN90707
OG0003605	BLGH_02041-mRNA-1	Bcin03p07200.1	CVK88774	FOXG_02116P0	RKF71241	EDN90658
OG0003606	BLGH_02042-mRNA-1	Bcin03p07190.1	CVK88772	FOXG_02117P0	RKF71240	EDN90659
OG0003607	BLGH_02043-mRNA-1	Bcin03p06940.1	CVL01951	FOXG_10573P0	RKF57973	EDN90693
OG0003608	BLGH_02044-mRNA-1	Bcin03p06830.1	CVL04575	FOXG_11511P0	RKF79557	EDN90706
OG0003609	BLGH_02045-mRNA-1	Bcin03p06950.1	CVL04541	FOXG_11486P0	RKF57974	EDN90692
OG0003610	BLGH_02050-mRNA-1	Bcin08p06730.1	CVK98547	FOXG_14230P0, FOXG_15625P0	RKF56941	
OG0003611	BLGH_02057-mRNA-1	Bcin03p05700.1	CVK88749	FOXG_02131P0	RKF79095	EDN90866
OG0003612	BLGH_02058-mRNA-1	Bcin03p05740.1	CVK88493	FOXG_02280P0	RKF83999	EDN90860
OG0003613	BLGH_02059-mRNA-1	Bcin03p05750.1	CVK88490	FOXG_02281P0	RKF84000	EDN90859
OG0003614	BLGH_02063-mRNA-1	Bcin03p01140.1, Bcin03p01140.2, Bcin03p01140.3			RKF73638	EDN91378
OG0003615	BLGH_02065-mRNA-1	Bcin03p06250.1	CVL04448	FOXG_11429P0	RKF55165	EDN90788
OG0003616	BLGH_02067-mRNA-1	Bcin03p07100.1	CVK88761	FOXG_02123P0	RKF81037	EDN90668
OG0003617	BLGH_02068-mRNA-1	Bcin03p07150.1	CVK88771	FOXG_02118P0	RKF54185	EDN90663
OG0003618	BLGH_02077-mRNA-1	Bcin03p07120.1	CVK88765	FOXG_02121P0	RKF76048	EDN90666
OG0003619	BLGH_02079-mRNA-1	Bcin03p01090.1	CVK87019	FOXG_07870P0	RKF58825	EDN91386
OG0003620	BLGH_02082-mRNA-1	Bcin08p01120.1	CVK91112	FOXG_03058P0	RKF83078	EDO01052
OG0003621	BLGH_02084-mRNA-1	Bcin16p04710.1	CVL01909	FOXG_10529P0	RKF59063	EDO02480
OG0003622	BLGH_02088-mRNA-1	Bcin03p05880.1	CVK88738	FOXG_02138P0	RKF54675	EDN90831
OG0003623	BLGH_02089-mRNA-1	Bcin03p05870.1	CVL01926	FOXG_10547P0	RKF53874	EDN90833
OG0003624	BLGH_02090-mRNA-1	Bcin03p05840.1	CVK88757	FOXG_02126P0	RKF53875	EDN90837
OG0003625	BLGH_02091-mRNA-1	Bcin03p05850.1	CVK88759	FOXG_02125P0	RKF53876	EDN90836
OG0003626	BLGH_02093-mRNA-1	Bcin16p04310.1, Bcin16p04310.2	CVK89699	FOXG_01562P0	RKF55518	
OG0003627	BLGH_02095-mRNA-1	Bcin16p04330.1, Bcin16p04330.2	CVK89674	FOXG_01575P0	RKF55516	
OG0003628	BLGH_02096-mRNA-1	Bcin16p04350.1, Bcin16p04350.2	CVK89676	FOXG_01574P0	RKF83190	
OG0003629	BLGH_02106-mRNA-1	Bcin16p04250.1, Bcin16p04250.2	CVK89680	FOXG_01572P0	RKF58091	
OG0003630	BLGH_02108-mRNA-1	Bcin16p03920.1, Bcin16p03920.2	CVK89096	FOXG_01915P0	RKF83248	
OG0003631	BLGH_02111-mRNA-1	Bcin16p02920.1, Bcin16p02920.2	CVK87114	FOXG_07812P0	RKF57811	
OG0003632	BLGH_02112-mRNA-1	Bcin03p01880.1	CVK89127	FOXG_01897P0	RKF57810	EDN91139
OG0003633	BLGH_02113-mRNA-1	Bcin03p01890.1	CVK89125	FOXG_01898P0	RKF71459	EDN91140
OG0003634	BLGH_02115-mRNA-1	Bcin03p01910.1	CVK89122	FOXG_01899P0	RKF72573	EDN91142
OG0003635	BLGH_02124-mRNA-1	Bcin13p02030.1	CVK86974	FOXG_07897P0	RKF65238	EDN99468
OG0003636	BLGH_02125-mRNA-1	Bcin16p02020.1	CVK89685	FOXG_01569P0, FOXG_04579P0	RKF83445	
OG0003637	BLGH_02134-mRNA-1	Bcin08p00920.1	CVK91128	FOXG_03042P0	RKF79718	EDO01135
OG0003638	BLGH_02135-mRNA-1	Bcin08p00900.1	CVK90783	FOXG_03300P0	RKF60992	EDO01131
OG0003639	BLGH_02143-mRNA-1	Bcin16p04910.1, Bcin16p04910.2	CVK86868	FOXG_07967P0	RKF80613	
OG0003640	BLGH_02145-mRNA-1	Bcin08p01530.1	CVK98552	FOXG_15630P0	RKF57966	EDO00994
OG0003641	BLGH_02146-mRNA-1	Bcin08p01520.1	CVK98553	FOXG_15631P0	RKF80199	EDO00995
OG0003642	BLGH_02147-mRNA-1	Bcin08p01510.1	CVK98554	FOXG_15632P0	RKF79719	EDO00997
OG0003643	BLGH_02151-mRNA-1	Bcin08p01460.1	CVK90503	FOXG_03469P0	RKF79838	EDO01003
OG0003644	BLGH_02154-mRNA-1	Bcin13p01650.1	CVK90872	FOXG_03244P0	RKF81429	EDN99344
OG0003645	BLGH_02155-mRNA-1	Bcin03p03730.1	CVK91093	FOXG_03079P0	RKF81436	EDN91087
OG0003646	BLGH_02162-mRNA-1	Bcin08p01150.1	CVK91103	FOXG_03068P0	RKF82472	EDO01048
OG0003647	BLGH_02174-mRNA-1	Bcin08p03770.1	CVK90633	FOXG_03387P0	RKF80903	EDO00706
OG0003648	BLGH_02175-mRNA-1	Bcin08p03780.1	CVK90635	FOXG_03386P0	RKF80904	EDO00705
OG0003649	BLGH_02178-mRNA-1	Bcin08p02740.1	CVK90426	FOXG_03514P0	RKF75059	EDO00844
OG0003650	BLGH_02179-mRNA-1	Bcin08p01600.1	CVK90223	FOXG_03623P0	RKF81590	EDO00986
OG0003651	BLGH_02181-mRNA-1	Bcin08p04480.1	CVK90742, CVL05281	FOXG_03323P0	RKF56063	
OG0003652	BLGH_02184-mRNA-1	Bcin08p03030.1	CVK98562	FOXG_15643P0	RKF62452	EDO00801
OG0003653	BLGH_02185-mRNA-1	Bcin08p03020.1	CVK98563	FOXG_15644P0	RKF62451	EDO00800
OG0003654	BLGH_02186-mRNA-1	Bcin08p03050.1	CVK98564	FOXG_15645P0	RKF51426	EDO00803
OG0003655	BLGH_02187-mRNA-1	Bcin08p03060.1	CVK98567	FOXG_15648P0	RKF51403	EDO00804
OG0003656	BLGH_02188-mRNA-1	Bcin08p03070.1	CVK98566	FOXG_15647P0	RKF77144	EDO00805
OG0003657	BLGH_02191-mRNA-1	Bcin08p02880.1	CVK98560	FOXG_15641P0	RKF83488	EDO00827
OG0003658	BLGH_02192-mRNA-1	Bcin08p02810.1	CVK93823	FOXG_06025P0	RKF83489	EDO00837
OG0003659	BLGH_02196-mRNA-1	Bcin08p02720.1	CVK91099	FOXG_03072P0	RKF76903	EDO00846
OG0003660	BLGH_02209-mRNA-1	Bcin05p06150.1	CVL03067	FOXG_11218P0	RKF60034	EDN95969
OG0003661	BLGH_02210-mRNA-1	Bcin05p06140.1	CVL03069	FOXG_11219P0	RKF60033	EDN95970
OG0003662	BLGH_02211-mRNA-1	Bcin05p06130.1	CVL03071	FOXG_11220P0	RKF60032	EDN95971
OG0003663	BLGH_02212-mRNA-1	Bcin05p07290.1	CVK84370	FOXG_00916P0	RKF79873	EDO03817
OG0003664	BLGH_02216-mRNA-1	Bcin05p06110.1	CVL03076	FOXG_11222P0	RKF53182	EDN95973
OG0003665	BLGH_02217-mRNA-1	Bcin05p06090.1	CVK84218	FOXG_00896P0	RKF53183	EDN95975
OG0003666	BLGH_02221-mRNA-1	Bcin05p03150.1	CVK94137	FOXG_05833P0	RKF54249	EDO03537
OG0003667	BLGH_02223-mRNA-1	Bcin05p03100.1	CVK84656	FOXG_01090P0	RKF56669	EDO03532
OG0003668	BLGH_02225-mRNA-1	Bcin05p04030.1	CVK94046	FOXG_05887P0	RKF83792	EDO03643
OG0003669	BLGH_02226-mRNA-1	Bcin05p00450.1	CVK84637	FOXG_01079P0	RKF79285	EDO03202
OG0003670	BLGH_02229-mRNA-1	Bcin05p06520.1	CVK94006	FOXG_05908P0	RKF79021	EDO03780
OG0003671	BLGH_02233-mRNA-1	Bcin08p03310.1	CVK90119	FOXG_03685P0	RKF72481	EDO00768
OG0003672	BLGH_02235-mRNA-1	Bcin05p00260.1	CVL03060	FOXG_11215P0	RKF72276	EDO03177
OG0003673	BLGH_02240-mRNA-1	Bcin05p00350.1	CVK84619	FOXG_01070P0	RKF83723	EDO03181
OG0003674	BLGH_02242-mRNA-1	Bcin05p00330.1	CVK84631	FOXG_01077P0	RKF83721	EDO03179
OG0003675	BLGH_02243-mRNA-1	Bcin05p00400.1	CVL03222	FOXG_11304P0	RKF83720	EDO03187
OG0003676	BLGH_02246-mRNA-1	Bcin05p07410.1	CVK93988	FOXG_05919P0	RKF56501	EDN95949
OG0003677	BLGH_02247-mRNA-1	Bcin05p07420.1	CVK93986	FOXG_05920P0	RKF54754	EDN95947
OG0003678	BLGH_02249-mRNA-1	Bcin05p00370.1	CVK84607	FOXG_01063P0	RKF80831	EDO03183
OG0003679	BLGH_02250-mRNA-1	Bcin05p00430.1	CVK84321	FOXG_00833P0	RKF80832	EDO03192
OG0003680	BLGH_02251-mRNA-1	Bcin05p00420.1	CVK84322	FOXG_00832P0	RKF82793	EDO03191
OG0003681	BLGH_02252-mRNA-1	Bcin05p07480.1	CVK84762	FOXG_01176P0	RKF80834	EDN95941
OG0003682	BLGH_02256-mRNA-1	Bcin05p01480.1	CVK94407	FOXG_05695P0	RKF56817	EDO03439
OG0003683	BLGH_02257-mRNA-1	Bcin05p01490.1	CVK94410	FOXG_05693P0	RKF48980	EDO03438
OG0003684	BLGH_02258-mRNA-1	Bcin05p01500.1	CVK94408	FOXG_05694P0	RKF48981	EDO03437
OG0003685	BLGH_02259-mRNA-1	Bcin05p04860.1	CVK94048	FOXG_05886P0	RKF66737	EDO03737
OG0003686	BLGH_02260-mRNA-1	Bcin05p04550.1	CVK94394	FOXG_05705P0	RKF74053	EDO03702
OG0003687	BLGH_02261-mRNA-1	Bcin05p01610.1	CVL03017	FOXG_11187P0	RKF82723	EDO03423
OG0003688	BLGH_02262-mRNA-1	Bcin05p01620.1	CVL03014	FOXG_11186P0	RKF80833	EDO03422
OG0003689	BLGH_02263-mRNA-1	Bcin05p01630.1	CVL03012	FOXG_11185P0	RKF57481	EDO03421
OG0003690	BLGH_02265-mRNA-1	Bcin05p01740.1	CVK84640	FOXG_01082P0	RKF57625	EDO03300
OG0003691	BLGH_02266-mRNA-1	Bcin05p01920.1	CVK84638	FOXG_01080P0	RKF53648	EDO03324
OG0003692	BLGH_02267-mRNA-1	Bcin05p01710.1	CVK84639	FOXG_01081P0	RKF53647	EDO03298
OG0003693	BLGH_02268-mRNA-1	Bcin05p07370.1	CVK84643	FOXG_01084P0	RKF56816	EDN95958
OG0003694	BLGH_02269-mRNA-1	Bcin05p07360.1	CVK84645	FOXG_01085P0	RKF56815	EDN95959
OG0003695	BLGH_02274-mRNA-1	Bcin05p07440.1	CVK84609	FOXG_01064P0	RKF53383	EDN95945
OG0003696	BLGH_02276-mRNA-1	Bcin05p07470.1	CVK84672	FOXG_01098P0	RKF78139	EDN95942
OG0003697	BLGH_02277-mRNA-1	Bcin05p03020.1	CVK84256	FOXG_00877P0	RKF84172	EDO03522
OG0003698	BLGH_02278-mRNA-1	Bcin05p03010.1	CVK84254	FOXG_00878P0	RKF84174	EDO03521
OG0003699	BLGH_02279-mRNA-1	Bcin05p03000.1	CVK84253	FOXG_00879P0	RKF84175	EDO03520
OG0003700	BLGH_02281-mRNA-1	Bcin05p03160.1	CVK94200	FOXG_05803P0	RKF79581	EDO03538
OG0003701	BLGH_02282-mRNA-1	Bcin05p00480.1	CVK84589	FOXG_01052P0	RKF76547	EDO03207
OG0003702	BLGH_02286-mRNA-1	Bcin03p06560.1	CVK86962	FOXG_07905P0	RKF82846	EDN90740
OG0003703	BLGH_02287-mRNA-1	Bcin05p01680.1	CVK93997	FOXG_05913P0	RKF81850	EDO03296
OG0003704	BLGH_02288-mRNA-1	Bcin05p03030.1	CVK84305	FOXG_00845P0	RKF59400	EDO03523
OG0003705	BLGH_02289-mRNA-1	Bcin05p03040.1	CVK84303	FOXG_00846P0	RKF59401	EDO03524
OG0003706	BLGH_02290-mRNA-1	Bcin05p03090.1	CVK84302	FOXG_00847P0	RKF59402	EDO03531
OG0003707	BLGH_02291-mRNA-1	Bcin05p03080.1	CVK84299	FOXG_00848P0	RKF59403	EDO03529
OG0003708	BLGH_02293-mRNA-1	Bcin05p03070.1	CVK84298	FOXG_00849P0	RKF56800	EDO03528
OG0003709	BLGH_02295-mRNA-1	Bcin06p04240.1	CVL00166	FOXG_08192P0	RKF54267	EDN99893
OG0003710	BLGH_02296-mRNA-1	Bcin05p01420.1	CVK84239	FOXG_00887P0	RKF82248	EDO03447
OG0003711	BLGH_02299-mRNA-1	Bcin05p01440.1	CVK84241	FOXG_00886P0	RKF82247	EDO03445
OG0003712	BLGH_02300-mRNA-1	Bcin05p01560.1	CVL03027	FOXG_11190P0	RKF82249	EDO03429
OG0003713	BLGH_02302-mRNA-1	Bcin05p01590.1	CVL03031	FOXG_11194P0	RKF83784	EDO03425
OG0003714	BLGH_02306-mRNA-1	Bcin10p04650.1	CVK96951	FOXG_04399P0	RKF53925	EDN97609
OG0003715	BLGH_02308-mRNA-1	Bcin05p01890.1	CVK84766	FOXG_01178P0	RKF80821	EDO03321
OG0003716	BLGH_02312-mRNA-1	Bcin05p01700.1	CVK84258	FOXG_00876P0	RKF80822	EDO03297
OG0003717	BLGH_02317-mRNA-1	Bcin12p03100.1	CVL00946	FOXG_09251P0	RKF57237	EDN92748
OG0003718	BLGH_02318-mRNA-1	Bcin05p01830.1	CVK84622	FOXG_01072P0	RKF57138	EDO03316
OG0003719	BLGH_02321-mRNA-1	Bcin05p05260.1	CVK84330	FOXG_00827P0	RKF54076	EDN96063
OG0003720	BLGH_02323-mRNA-1	Bcin05p06920.1	CVK84552	FOXG_01029P0	RKF62350	EDN96116
OG0003721	BLGH_02325-mRNA-1	Bcin05p05250.1	CVK84332	FOXG_00826P0	RKF54077	EDN96064
OG0003722	BLGH_02326-mRNA-1	Bcin05p06910.1	CVK84549	FOXG_01028P0	RKF54056	EDN96121
OG0003723	BLGH_02328-mRNA-1	Bcin08p03160.1	CVK89307	FOXG_01789P0	RKF79450	EDO00780
OG0003724	BLGH_02333-mRNA-1	Bcin05p01140.1	CVK84461	FOXG_00974P0	RKF82531	EDO03479
OG0003725	BLGH_02341-mRNA-1	Bcin07p02820.1	CVK89503	FOXG_01673P0	RKF54352	EDN97081
OG0003726	BLGH_02344-mRNA-1	Bcin01p01230.1	CVK99882	FOXG_08363P0	RKF60939	EDN98108
OG0003727	BLGH_02346-mRNA-1	Bcin05g06842.1	CVK84542	FOXG_01024P0	RKF83393	EDN96131
OG0003728	BLGH_02348-mRNA-1	Bcin09p00650.1	CVK84912	FOXG_01304P0	RKF60940	EDO02423
OG0003729	BLGH_02350-mRNA-1	Bcin05p04260.1	CVK98307	FOXG_13761P0	RKF81625	EDO03665
OG0003730	BLGH_02353-mRNA-1	Bcin02p04870.1	CVL05743	FOXG_12732P0	RKF82974	EDN95302
OG0003731	BLGH_02354-mRNA-1	Bcin16p03180.1	CVK86990, CVL06379	FOXG_07887P0	RKF80523	
OG0003732	BLGH_02358-mRNA-1	Bcin05p06800.1	CVK84315	FOXG_00837P0	RKF78674	EDN96134
OG0003733	BLGH_02359-mRNA-1	Bcin11p01360.1	CVK85823	FOXG_13199P0	RKF56167	EDN96305
OG0003734	BLGH_02362-mRNA-1	Bcin05p06820.1	CVK84736	FOXG_01150P0	RKF63445	EDN96133
OG0003735	BLGH_02365-mRNA-1	Bcin05p00800.1	CVK84467	FOXG_00979P0	RKF63447	EDO03246
OG0003736	BLGH_02366-mRNA-1	Bcin05p00810.1	CVK84466	FOXG_00978P0	RKF79515	EDO03247
OG0003737	BLGH_02367-mRNA-1	Bcin05p00820.1	CVK84463	FOXG_00976P0	RKF79516	EDO03248
OG0003738	BLGH_02374-mRNA-1	Bcin05p04060.1	CVK84320	FOXG_00834P0	RKF51429	EDO03649
OG0003739	BLGH_02383-mRNA-1	Bcin05p06540.1	CVK84592	FOXG_01054P0	RKF57234	EDO03776
OG0003740	BLGH_02385-mRNA-1	Bcin05p04040.1	CVK94044	FOXG_05888P0	RKF54728	EDO03647
OG0003741	BLGH_02387-mRNA-1	Bcin05p02460.1	CVK84743	FOXG_01157P0	RKF54661	EDO03358
OG0003742	BLGH_02390-mRNA-1	Bcin05p07330.1	CVK93721	FOXG_06092P0	RKF54286	EDO03812
OG0003743	BLGH_02392-mRNA-1	Bcin05p07310.1	CVK93992	FOXG_05916P0	RKF74143	EDO03814
OG0003744	BLGH_02393-mRNA-1	Bcin05p00230.1	CVK93724	FOXG_06089P0	RKF74142	EDO03171
OG0003745	BLGH_02394-mRNA-1	Bcin05p07350.1	CVK93723	FOXG_06090P0	RKF79945	EDN95967
OG0003746	BLGH_02396-mRNA-1	Bcin05p02500.1	CVK84716	FOXG_01131P0	RKF79080	EDO03354
OG0003747	BLGH_02398-mRNA-1	Bcin05p04320.1	CVK84246	FOXG_00884P0	RKF81193	EDO03683
OG0003748	BLGH_02400-mRNA-1	Bcin05p06330.1	CVK84692	FOXG_01110P0	RKF81971	EDO03802
OG0003749	BLGH_02402-mRNA-1	Bcin05p08280.1	CVK84337	FOXG_00823P0	RKF81724	EDN95849
OG0003750	BLGH_02403-mRNA-1	Bcin05p04750.1, Bcin05p04750.2, Bcin05p04750.3			RKF83485	EDO03726
OG0003751	BLGH_02404-mRNA-1	Bcin05p04740.1	CVK84727	FOXG_01141P0	RKF83486	EDO03725
OG0003752	BLGH_02406-mRNA-1	Bcin05p08290.1	CVL03059	FOXG_11214P0	RKF78319	EDN95848
OG0003753	BLGH_02408-mRNA-1	Bcin05p01750.1	CVK84599	FOXG_01059P0	RKF83028	EDO03301
OG0003754	BLGH_02410-mRNA-1	Bcin05p06450.1	CVK94001	FOXG_05911P0	RKF53173	EDO03789
OG0003755	BLGH_02411-mRNA-1	Bcin05p06460.1	CVK84260	FOXG_00875P0	RKF54365	EDO03788
OG0003756	BLGH_02412-mRNA-1	Bcin05p06410.1	CVK84262	FOXG_00874P0	RKF58578	EDO03796
OG0003757	BLGH_02414-mRNA-1	Bcin01p07210.1, Bcin07p01460.1			RKF65091	EDN96408, EDO01725
OG0003758	BLGH_02417-mRNA-1	Bcin05p06440.1	CVK94004	FOXG_05909P0	RKF53172	EDO03790
OG0003759	BLGH_02418-mRNA-1	Bcin12p00960.1	CVK89268	FOXG_01813P0	RKF55382	EDN92346
OG0003760	BLGH_02419-mRNA-1	Bcin02p01070.1	CVK87345	FOXG_07678P0	RKF72179	EDN96752
OG0003761	BLGH_02428-mRNA-1	Bcin02p01060.1	CVK87352	FOXG_07677P0	RKF72180	EDN96753
OG0003762	BLGH_02430-mRNA-1	Bcin02p04430.1	CVL08691	FOXG_04761P0	RKF59991	EDN96448
OG0003763	BLGH_02431-mRNA-1	Bcin02p04410.1	CVK99846	FOXG_08386P0	RKF58943	EDN96450
OG0003764	BLGH_02452-mRNA-1	Bcin16p00370.1	CVK93653	FOXG_06169P0	RKF79939	EDN99293
OG0003765	BLGH_02455-mRNA-1	Bcin04p02870.1	CVK98491	FOXG_13906P0	RKF54159	EDO01401
OG0003766	BLGH_02456-mRNA-1	Bcin07p00290.1	CVL05420	FOXG_12913P0	RKF81165	EDN95406
OG0003767	BLGH_02457-mRNA-1	Bcin07p00280.1	CVL05425	FOXG_12910P0	RKF81166	EDN95407
OG0003768	BLGH_02458-mRNA-1	Bcin07p00380.1	CVL05404	FOXG_12917P0	RKF54701	EDN95396
OG0003769	BLGH_02472-mRNA-1	Bcin07p00170.1	CVK87150	FOXG_07790P0	RKF59110	EDN95425
OG0003770	BLGH_02473-mRNA-1	Bcin07p00150.1	CVK86716	FOXG_08095P0	RKF59109	EDN95428
OG0003771	BLGH_02474-mRNA-1	Bcin02p06060.1	CVL05472	FOXG_12885P0	RKF83058	EDN95161
OG0003772	BLGH_02475-mRNA-1	Bcin02p06070.1	CVL05474	FOXG_12884P0	RKF62335	EDN95160
OG0003773	BLGH_02482-mRNA-1	Bcin03p05210.1	CVK91169	FOXG_03005P0	RKF66031	EDN90916
OG0003774	BLGH_02487-mRNA-1	Bcin07p01210.1	CVK97329	FOXG_04177P0	RKF83330	EDN96950
OG0003775	BLGH_02491-mRNA-1	Bcin15p01450.1, Bcin15p01450.2	CVK93482	FOXG_06348P0	RKF64141	
OG0003776	BLGH_02498-mRNA-1	Bcin07p01320.1	CVK99614	FOXG_08516P0	RKF77767	EDN96967
OG0003777	BLGH_02501-mRNA-1	Bcin07p01250.1	CVK99617	FOXG_08514P0	RKF53631	EDN96955
OG0003778	BLGH_02502-mRNA-1	Bcin07p01260.1	CVK99560	FOXG_08554P0	RKF53632	EDN96956
OG0003779	BLGH_02505-mRNA-1	Bcin07p01300.1	CVK97325	FOXG_04179P0	RKF56487	EDN96961
OG0003780	BLGH_02506-mRNA-1	Bcin07p06280.1	CVK99538, CVL07209	FOXG_08578P0	RKF53226	
OG0003781	BLGH_02511-mRNA-1	Bcin15p05330.1, Bcin15p05330.2	CVL00721	FOXG_09117P0	RKF81540	
OG0003782	BLGH_02515-mRNA-1	Bcin07p01650.1	CVK99829	FOXG_08396P0	RKF64015	EDN96430
OG0003783	BLGH_02517-mRNA-1	Bcin07p06150.1, Bcin07p06150.2	CVK93409	FOXG_06400P0	RKF82184	
OG0003784	BLGH_02519-mRNA-1	Bcin07p06140.1, Bcin07p06140.2	CVK99988	FOXG_08295P0	RKF82183	
OG0003785	BLGH_02529-mRNA-1	Bcin07p03590.1	CVK93438	FOXG_06383P0	RKF60842	EDN96975
OG0003786	BLGH_02530-mRNA-1	Bcin07p03600.1	CVK93439	FOXG_06382P0	RKF60841	EDN96974
OG0003787	BLGH_02547-mRNA-1	Bcin07p06500.1, Bcin07p06500.2	CVK93506	FOXG_06324P0	RKF81279	
OG0003788	BLGH_02552-mRNA-1	Bcin07p01390.1	CVK99609	FOXG_08518P0	RKF57525	EDN96400
OG0003789	BLGH_02555-mRNA-1	Bcin07p04430.1, Bcin07p04430.2	CVK99672	FOXG_08482P0	RKF80741	
OG0003790	BLGH_02557-mRNA-1	Bcin15p04060.1	CVL00726	FOXG_09120P0	RKF79744	EDO01106
OG0003791	BLGH_02558-mRNA-1	Bcin12p03590.1	CVK99812	FOXG_08405P0	RKF55111	EDN92506
OG0003792	BLGH_02572-mRNA-1	Bcin07p03240.1	CVK99527	FOXG_08590P0	RKF59449	EDN97032
OG0003793	BLGH_02575-mRNA-1	Bcin02p04450.1	CVK99709	FOXG_08463P0	RKF64952	EDN96446
OG0003794	BLGH_02576-mRNA-1	Bcin02p04460.1	CVK99710	FOXG_08462P0	RKF82899	EDN96445
OG0003795	BLGH_02577-mRNA-1	Bcin11p01330.1	CVK83275	FOXG_00258P0	RKF65006	EDN96308
OG0003796	BLGH_02579-mRNA-1	Bcin06p07450.1	CVK93493	FOXG_06337P0	RKF74240	EDO00138
OG0003797	BLGH_02580-mRNA-1	Bcin06p07440.1	CVK93492	FOXG_06338P0	RKF79230	EDO00136
OG0003798	BLGH_02581-mRNA-1	Bcin07p03440.1	CVK93535	FOXG_06294P0	RKF79686	EDN96993
OG0003799	BLGH_02582-mRNA-1	Bcin02p04480.1	CVL05395	FOXG_12923P0	RKF71375	EDN96440
OG0003800	BLGH_02598-mRNA-1	Bcin03p07970.1	CVK97266	FOXG_04211P0	RKF57046	EDO00203
OG0003801	BLGH_02603-mRNA-1	Bcin06p07520.1	CVK99817	FOXG_08402P0	RKF77792	EDO00127
OG0003802	BLGH_02604-mRNA-1	Bcin06p07570.1	CVK99815	FOXG_08403P0	RKF77791	EDO00346
OG0003803	BLGH_02605-mRNA-1	Bcin06p07560.1	CVK99814	FOXG_08404P0	RKF77790	EDO00347
OG0003804	BLGH_02606-mRNA-1	Bcin02p02010.1	CVL02811	FOXG_11083P0	RKF78406	EDN96906
OG0003805	BLGH_02627-mRNA-1	Bcin07p03300.1	CVK99539	FOXG_08577P0	RKF74755	EDN97023
OG0003806	BLGH_06965-mRNA-1	Bcin13p04250.1	CVK98525	FOXG_13938P0	RKF56872	EDN93716
OG0003807	BLGH_06967-mRNA-1	Bcin04p01310.1	CVK92646	FOXG_17752P0, FOXG_17753P0	RKF71504	
OG0003808	BLGH_06974-mRNA-1	Bcin07p06690.1, Bcin16p01310.1	CVK88709, CVK94625	FOXG_02156P0		
OG0003809	BLGH_07033-mRNA-1	Bcin03p02490.1	CVK89167	FOXG_01875P0	RKF56959	EDN91191
OG0003810	BLGH_07034-mRNA-1	Bcin03p02480.1	CVK89166	FOXG_17740P0	RKF56960	EDN91190
OG0003811	BLGH_07035-mRNA-1	Bcin03p02470.1	CVK89165	FOXG_01877P0	RKF56961	EDN91189
OG0003812	BLGH_07036-mRNA-1	Bcin03p02460.1	CVK89163	FOXG_01878P0	RKF56962	EDN91188
OG0003813	BLGH_00719-mRNA-1	Bcin05p04240.1	CVK92063	FOXG_04897P0	RKF58083	EDO03668
OG0003814	BLGH_00720-mRNA-1	Bcin05p02160.1	CVK99466	FOXG_08655P0	RKF81851	EDO03394
OG0003815	BLGH_00721-mRNA-1	Bcin05p02170.1	CVK92057	FOXG_04894P0	RKF81852	EDO03393
OG0003816	BLGH_00725-mRNA-1	Bcin01p03420.1	CVK91446	FOXG_02814P0	RKF55979	EDO01676
OG0003817	BLGH_00727-mRNA-1	Bcin05p00770.1	CVK92085	FOXG_04909P0	RKF63853	EDO03242
OG0003818	BLGH_00729-mRNA-1	Bcin05p00750.1	CVK92100	FOXG_04918P0	RKF63851	EDO03240
OG0003819	BLGH_00735-mRNA-1, BLGH_00750-mRNA-1	Bcin09p06640.1	CVK91139	FOXG_03033P0	RKF83836	
OG0003820	BLGH_00737-mRNA-1, BLGH_00748-mRNA-1	Bcin09p06620.1	CVK91137	FOXG_03035P0	RKF73221	
OG0003821	BLGH_00738-mRNA-1, BLGH_00747-mRNA-1	Bcin09p06610.1	CVK91138	FOXG_03034P0	RKF73222	
OG0003822	BLGH_00739-mRNA-1	Bcin09p03910.1	CVK90646	FOXG_03381P0	RKF76554	EDO02940
OG0003823	BLGH_00742-mRNA-1	Bcin09p03890.1	CVK91045	FOXG_03127P0	RKF76552	EDO02961
OG0003824	BLGH_00751-mRNA-1	Bcin09p04950.1	CVK94391	FOXG_05706P0	RKF65920	EDO02562
OG0003825	BLGH_00754-mRNA-1	Bcin09p05840.1	CVK90610	FOXG_03401P0	RKF83922	EDO03046
OG0003826	BLGH_00756-mRNA-1	Bcin09p01620.1	CVK90316	FOXG_03570P0	RKF80312	EDO02686
OG0003827	BLGH_00757-mRNA-1	Bcin09p04920.1	CVK90587	FOXG_03416P0	RKF82298	EDO02559
OG0003828	BLGH_00760-mRNA-1	Bcin09p04960.1	CVK90992	FOXG_03165P0	RKF81691	EDO02564
OG0003829	BLGH_00765-mRNA-1	Bcin09p01720.1	CVK90664	FOXG_03369P0	RKF75280	EDO02671
OG0003830	BLGH_00766-mRNA-1	Bcin09p00870.1	CVK90721	FOXG_03336P0	RKF55271	EDO02431
OG0003831	BLGH_00771-mRNA-1	Bcin09p04100.1	CVK91101	FOXG_03070P0	RKF53997	EDO02918
OG0003832	BLGH_00774-mRNA-1	Bcin09p04160.1	CVK90681	FOXG_03359P0	RKF82991	EDO02927
OG0003833	BLGH_00776-mRNA-1	Bcin09p03990.1	CVK93587	FOXG_06241P0	RKF58098	EDO02949
OG0003834	BLGH_00780-mRNA-1	Bcin16p00630.1	CVK90583	FOXG_03418P0	RKF48471	EDN99427
OG0003835	BLGH_00781-mRNA-1	Bcin16p00620.1	CVK90555	FOXG_03438P0	RKF76453	EDN99428
OG0003836	BLGH_00784-mRNA-1	Bcin16p00750.1	CVK90563	FOXG_03432P0	RKF81795	EDN99415
OG0003837	BLGH_00786-mRNA-1	Bcin13p05510.1	CVK84449	FOXG_00966P0	RKF54804	EDN98562
OG0003838	BLGH_00787-mRNA-1	Bcin13p05520.1	CVK84448	FOXG_00965P0	RKF54805	EDN98563
OG0003839	BLGH_00791-mRNA-1	Bcin13p02240.1	CVK86505	FOXG_03823P0	RKF83551	EDN99497
OG0003840	BLGH_00793-mRNA-1	Bcin13p05630.1	CVK90984	FOXG_03170P0	RKF58100	EDN98539
OG0003841	BLGH_00794-mRNA-1	Bcin13p05620.1	CVK90971	FOXG_03180P0	RKF58101	EDN98540
OG0003842	BLGH_00795-mRNA-1	Bcin13p05610.1	CVK90973	FOXG_03179P0	RKF54806	EDN98541
OG0003843	BLGH_00796-mRNA-1	Bcin13p02990.1	CVK91166	FOXG_03008P0	RKF80321	EDN93692
OG0003844	BLGH_00797-mRNA-1	Bcin13p02980.1	CVK91167	FOXG_03007P0	RKF80320	EDN93691
OG0003845	BLGH_00799-mRNA-1	Bcin11p00250.1	CVK93888	FOXG_05982P0	RKF78825	EDO00533
OG0003846	BLGH_00800-mRNA-1	Bcin16p00700.1	CVK93975	FOXG_05926P0	RKF84103	EDN99421
OG0003847	BLGH_00803-mRNA-1	Bcin11p02950.1, Bcin11p02950.2	CVL04663	FOXG_11594P0	RKF58872	
OG0003848	BLGH_00806-mRNA-1	Bcin12p03160.1	CVL00026	FOXG_08276P0	RKF81201	EDN92742
OG0003849	BLGH_00807-mRNA-1	Bcin11p00560.1	CVK82913	FOXG_00045P0	RKF54374	EDO00539
OG0003850	BLGH_00817-mRNA-1	Bcin11p00420.1	CVK90949	FOXG_03193P0	RKF80667	EDO00552
OG0003851	BLGH_00819-mRNA-1	Bcin11p00470.1	CVK93926	FOXG_05958P0	RKF56929	EDO00556
OG0003852	BLGH_00820-mRNA-1	Bcin11p00460.1	CVK93928	FOXG_05957P0	RKF80962	EDO00555
OG0003853	BLGH_00822-mRNA-1	Bcin11p00440.1	CVK93930	FOXG_05956P0	RKF80961	EDO00554
OG0003854	BLGH_00823-mRNA-1	Bcin11p00430.1	CVK93932	FOXG_05955P0	RKF73929	EDO00553
OG0003855	BLGH_00824-mRNA-1	Bcin11p00330.1	CVK93898	FOXG_05976P0	RKF59558	EDO00563
OG0003856	BLGH_00826-mRNA-1	Bcin12p00750.1	CVL01744	FOXG_10418P0	RKF77635	EDN92282
OG0003857	BLGH_00827-mRNA-1	Bcin12p00720.1	CVL04488	FOXG_11454P0	RKF82590	EDN92278
OG0003858	BLGH_00828-mRNA-1	Bcin05p08370.1	CVK94122	FOXG_05843P0	RKF79362	EDN95838
OG0003859	BLGH_00829-mRNA-1	Bcin05p08380.1	CVK94120	FOXG_05844P0	RKF77329	EDN95839
OG0003860	BLGH_00830-mRNA-1	Bcin12p01040.1	CVL00046	FOXG_08265P0	RKF81650	EDN92357
OG0003861	BLGH_00834-mRNA-1	Bcin12p03150.1	CVL00024	FOXG_08277P0	RKF81202	EDN92743
OG0003862	BLGH_00835-mRNA-1	Bcin12p03140.1	CVK99923	FOXG_08337P0	RKF64651	EDN92744
OG0003863	BLGH_00840-mRNA-1	Bcin12p03120.1, Bcin12p03120.2	CVK99928	FOXG_08334P0		EDN92746
OG0003864	BLGH_00842-mRNA-1	Bcin12p03210.1	CVK99918	FOXG_08341P0	RKF81407	EDN92726
OG0003865	BLGH_00844-mRNA-1	Bcin12p06640.1	CVK93065	FOXG_11372P0	RKF71449	EDN98999
OG0003866	BLGH_00846-mRNA-1	Bcin12p06740.1	CVL01765	FOXG_10431P0	RKF83186	EDN98994
OG0003867	BLGH_00849-mRNA-1	Bcin12p06650.1	CVK93064	FOXG_11373P0	RKF71450	EDN98998
OG0003868	BLGH_00852-mRNA-1	Bcin12p06670.1	CVK93063	FOXG_11374P0	RKF72828	EDN98996
OG0003869	BLGH_00855-mRNA-1	Bcin12p05200.1	CVL04490	FOXG_11455P0	RKF64077	EDN98968
OG0003870	BLGH_00856-mRNA-1	Bcin12p01260.1	CVL00940	FOXG_09247P0	RKF80035	EDN92408
OG0003871	BLGH_00858-mRNA-1	Bcin12p01240.1	CVL00934	FOXG_09243P0	RKF79942	EDN92407
OG0003872	BLGH_00860-mRNA-1	Bcin12p03440.1	CVK92360	FOXG_05077P0	RKF65273	EDN92680
OG0003873	BLGH_00861-mRNA-1, BLGH_00862-mRNA-1	Bcin15p04150.1	CVK99840	FOXG_08390P0	RKF83887	
OG0003874	BLGH_00865-mRNA-1	Bcin11p06130.1	CVK83180	FOXG_00197P0	RKF66072	EDN96197
OG0003875	BLGH_00869-mRNA-1	Bcin11p02230.1	CVK83194	FOXG_00207P0	RKF54087	EDN96636
OG0003876	BLGH_00876-mRNA-1	Bcin04p01700.1, Bcin04p01700.2	CVL01989	FOXG_10617P0	RKF82610	
OG0003877	BLGH_00887-mRNA-1	Bcin09p06940.1, Bcin09p06940.2	CVK90417	FOXG_03518P0	RKF56218	
OG0003878	BLGH_00895-mRNA-1	Bcin05p01350.1	CVK98517	FOXG_13931P0	RKF81177	EDO03454
OG0003879	BLGH_00897-mRNA-1	Bcin05p03920.1	CVK84134, CVK85184	FOXG_00772P0		EDO03624
OG0003880	BLGH_00899-mRNA-1	Bcin05p05040.1	CVK98300	FOXG_13757P0	RKF54855	EDO03765
OG0003881	BLGH_00900-mRNA-1	Bcin05p05030.1	CVK98302	FOXG_13758P0	RKF54854	EDO03764
OG0003882	BLGH_00901-mRNA-1	Bcin05p03890.1	CVK84130	FOXG_00770P0	RKF65343	EDO03621
OG0003883	BLGH_00902-mRNA-1	Bcin05p03900.1	CVK84132	FOXG_00771P0	RKF60806	EDO03622
OG0003884	BLGH_00903-mRNA-1	Bcin05p04630.1	CVK86851	FOXG_07979P0	RKF54931	EDO03709
OG0003885	BLGH_00905-mRNA-1	Bcin05p03790.1	CVL03102	FOXG_11236P0	RKF79571	EDO03609
OG0003886	BLGH_00906-mRNA-1	Bcin03p00880.1	CVK87243	FOXG_07728P0	RKF79025	EDN91405
OG0003887	BLGH_00908-mRNA-1	Bcin11p01350.1	CVL01502	FOXG_10276P0	RKF78372	EDN96306
OG0003888	BLGH_00911-mRNA-1	Bcin10p05050.1	CVK97015	FOXG_04360P0	RKF66745	EDO04566
OG0003889	BLGH_00912-mRNA-1	Bcin10p01180.1	CVK97027	FOXG_04351P0	RKF63561	EDO05023
OG0003890	BLGH_00913-mRNA-1	Bcin10p01190.1	CVK97029	FOXG_04350P0	RKF63562	EDO05024
OG0003891	BLGH_00915-mRNA-1	Bcin05p00880.1	CVK84149	FOXG_00782P0	RKF80071	EDO03512
OG0003892	BLGH_00916-mRNA-1	Bcin16p00270.1	CVK93362	FOXG_06431P0	RKF64181	EDN99280
OG0003893	BLGH_00924-mRNA-1	Bcin11p02130.1	CVK83272	FOXG_00256P0	RKF56127	EDN96656
OG0003894	BLGH_00926-mRNA-1	Bcin12p02000.1	CVL00923	FOXG_09237P0	RKF82574	EDN92481
OG0003895	BLGH_00927-mRNA-1	Bcin12p01990.1	CVL00921	FOXG_09236P0	RKF84010	EDN92480
OG0003896	BLGH_00933-mRNA-1	Bcin05p02200.1	CVL05883	FOXG_12649P0	RKF64097	EDO03400
OG0003897	BLGH_00935-mRNA-1	Bcin09p06830.1, Bcin09p06830.2	CVK90162	FOXG_03661P0	RKF53426	
OG0003898	BLGH_00937-mRNA-1	Bcin09p05260.1	CVK92784	FOXG_05412P0	RKF53428	EDO02982
OG0003899	BLGH_00938-mRNA-1	Bcin09p07060.1, Bcin09p07060.2	CVK90128	FOXG_03679P0	RKF55907	
OG0003900	BLGH_00941-mRNA-1	Bcin05p05730.1	CVL05564	FOXG_12835P0	RKF63867	EDN96016
OG0003901	BLGH_00942-mRNA-1	Bcin05p00850.1	CVK84151	FOXG_00783P0	RKF78827	EDO03516
OG0003902	BLGH_00943-mRNA-1	Bcin05p05960.1	CVK86930	FOXG_07927P0	RKF53752	EDN95991
OG0003903	BLGH_00944-mRNA-1	Bcin05p05970.1	CVK84135	FOXG_00773P0	RKF76749	EDN95990
OG0003904	BLGH_00947-mRNA-1	Bcin11p02200.1	CVK83263	FOXG_00251P0	RKF59741	EDN96640
OG0003905	BLGH_00953-mRNA-1	Bcin11p06020.1	CVL01464	FOXG_10252P0	RKF73482	EDN96211
OG0003906	BLGH_00954-mRNA-1	Bcin11p06010.1	CVK83592	FOXG_00452P0	RKF73481	EDN96212
OG0003907	BLGH_00961-mRNA-1	Bcin01p08740.1	CVK93948	FOXG_05944P0	RKF81367	EDO02259
OG0003908	BLGH_00962-mRNA-1	Bcin11p05960.1	CVL04806	FOXG_11681P0	RKF44297	EDN96219
OG0003909	BLGH_00988-mRNA-1	Bcin11p02360.1	CVL01483	FOXG_10263P0	RKF63871	EDN96624
OG0003910	BLGH_00989-mRNA-1	Bcin01p03050.1	CVK90556	FOXG_03437P0	RKF79705	EDO02299
OG0003911	BLGH_00995-mRNA-1	Bcin11p02310.1	CVL01474	FOXG_10259P0	RKF58353	EDN96629
OG0003912	BLGH_00996-mRNA-1	Bcin11p02320.1	CVL01476	FOXG_10260P0	RKF58354	EDN96628
OG0003913	BLGH_00997-mRNA-1	Bcin11p02330.1	CVL01479	FOXG_10261P0	RKF55031	EDN96627
OG0003914	BLGH_00998-mRNA-1	Bcin06p05510.1	CVK93911	FOXG_05967P0	RKF73324	EDO00082
OG0003915	BLGH_01000-mRNA-1	Bcin11p02350.1	CVL04684	FOXG_11616P0	RKF55029	EDN96625
OG0003916	BLGH_01003-mRNA-1	Bcin05p03430.1	CVL01126	FOXG_09363P0	RKF80403	EDO03560
OG0003917	BLGH_01004-mRNA-1	Bcin05p00640.1	CVK87293	FOXG_07698P0	RKF80402	EDO03220
OG0003918	BLGH_01005-mRNA-1	Bcin05p00630.1	CVK87291	FOXG_07699P0	RKF80404	EDO03221
OG0003919	BLGH_01007-mRNA-1	Bcin05p05780.1	CVK93686	FOXG_06132P0	RKF56544	EDN96009
OG0003920	BLGH_01009-mRNA-1	Bcin05p05620.1	CVL05680	FOXG_12771P0	RKF56545	EDN96020
OG0003921	BLGH_01010-mRNA-1	Bcin05p05580.1	CVL05674	FOXG_12773P0	RKF62182	EDN96027
OG0003922	BLGH_01016-mRNA-1	Bcin01p01730.1, Bcin08p00410.1, Bcin08p05720.1	CVK83217	FOXG_00221P0		
OG0003923	BLGH_01018-mRNA-1	Bcin05p02210.1	CVK98454	FOXG_13865P0	RKF48979	EDO03399
OG0003924	BLGH_01019-mRNA-1	Bcin05p05710.1	CVL05560	FOXG_12837P0	RKF60414	EDN96018
OG0003925	BLGH_01020-mRNA-1	Bcin05p05700.1	CVL05559	FOXG_12838P0	RKF60415	EDN96019
OG0003926	BLGH_01021-mRNA-1	Bcin05p02130.1	CVK98435	FOXG_13850P0	RKF48977	EDO03403
OG0003927	BLGH_01022-mRNA-1	Bcin05p02140.1	CVK98434	FOXG_13849P0	RKF48976	EDO03402
OG0003928	BLGH_01025-mRNA-1	Bcin05p03640.1	CVK84146	FOXG_00780P0	RKF84180	EDO03585
OG0003929	BLGH_01026-mRNA-1	Bcin05p03650.1	CVK84145	FOXG_00779P0	RKF84181	EDO03584
OG0003930	BLGH_01027-mRNA-1	Bcin05p05790.1	CVL05550	FOXG_12843P0	RKF82934	EDN96008
OG0003931	BLGH_01028-mRNA-1	Bcin05p05800.1	CVL05552	FOXG_12842P0	RKF82239	EDN96007
OG0003932	BLGH_01029-mRNA-1	Bcin05p05810.1	CVL05554	FOXG_12841P0	RKF82240	EDN96006
OG0003933	BLGH_01030-mRNA-1	Bcin05p05820.1	CVL05555	FOXG_12840P0	RKF82241	EDN96005
OG0003934	BLGH_01031-mRNA-1	Bcin05p05600.1	CVL05557	FOXG_12839P0	RKF60413	EDN96022
OG0003935	BLGH_01032-mRNA-1	Bcin05p05740.1	CVL05568	FOXG_12832P0	RKF61532	EDN96015
OG0003936	BLGH_01033-mRNA-1	Bcin05p05750.1	CVL05567	FOXG_12833P0	RKF61533	EDN96013
OG0003937	BLGH_01034-mRNA-1	Bcin05p02880.1	CVL03154	FOXG_11266P0	RKF64662	EDO03263
OG0003938	BLGH_01035-mRNA-1	Bcin05p02870.1	CVK84116	FOXG_00762P0	RKF61531	EDO03264
OG0003939	BLGH_01037-mRNA-1	Bcin05p03930.1	CVK86852	FOXG_07978P0	RKF80440	EDO03625
OG0003940	BLGH_01040-mRNA-1	Bcin05p01130.1	CVK98379	FOXG_13806P0	RKF78640	EDO03480
OG0003941	BLGH_01041-mRNA-1	Bcin07p00750.1	CVK87075	FOXG_07836P0	RKF81995	EDN95349
OG0003942	BLGH_01045-mRNA-1	Bcin05p00830.1	CVK92055	FOXG_04893P0	RKF61872	EDO03250
OG0003943	BLGH_01046-mRNA-1	Bcin05p00840.1	CVK92053	FOXG_04892P0	RKF61871	EDO03249
OG0003944	BLGH_01049-mRNA-1	Bcin05p01080.1	CVK84143	FOXG_00778P0	RKF71438	EDO03490
OG0003945	BLGH_01059-mRNA-1	Bcin05p05590.1	CVL03143	FOXG_11259P0	RKF61484	EDN96026
OG0003946	BLGH_01060-mRNA-1	Bcin05p02910.1	CVK87306	FOXG_07692P0	RKF53420	EDO03256
OG0003947	BLGH_01061-mRNA-1	Bcin05p02920.1	CVK87304	FOXG_07693P0	RKF53421	EDO03255
OG0003948	BLGH_01065-mRNA-1	Bcin05p03700.1	CVL05837	FOXG_12675P0	RKF82673	EDO03592
OG0003949	BLGH_01066-mRNA-1	Bcin05p05980.1	CVL05626	FOXG_12801P0	RKF54183	EDN95989
OG0003950	BLGH_01070-mRNA-1	Bcin05p05190.1	CVK98304	FOXG_13759P0	RKF53371	EDN96075
OG0003951	BLGH_01081-mRNA-1	Bcin01p05890.1	CVK91197	FOXG_02979P0	RKF83987	EDO02007
OG0003952	BLGH_01084-mRNA-1	Bcin05p03980.1	CVK88948	FOXG_02006P0	RKF83316	EDO03633
OG0003953	BLGH_01085-mRNA-1	Bcin05p00960.1	CVL01035	FOXG_09304P0	RKF61517	EDO03504
OG0003954	BLGH_01086-mRNA-1	Bcin05p03480.1, Bcin15p05120.1	CVK89795	FOXG_01466P0	RKF61075	
OG0003955	BLGH_01087-mRNA-1	Bcin05p03490.1	CVK89793	FOXG_01468P0	RKF61074	EDO03570
OG0003956	BLGH_01091-mRNA-1	Bcin05p06730.1	CVL01111	FOXG_09352P0	RKF60685	EDN96141
OG0003957	BLGH_01093-mRNA-1	Bcin05p01110.1	CVK86961	FOXG_07906P0	RKF73798	EDO03482
OG0003958	BLGH_01095-mRNA-1	Bcin05p06710.1	CVL01108	FOXG_09349P0	RKF58761	EDN96143
OG0003959	BLGH_01096-mRNA-1	Bcin05p01100.1	CVK98376	FOXG_13804P0	RKF56474	EDO03483
OG0003960	BLGH_01098-mRNA-1	Bcin05p00540.1	CVK87289	FOXG_07701P0	RKF82004	EDO03232
OG0003961	BLGH_01099-mRNA-1	Bcin05p06680.1	CVK87071	FOXG_07839P0	RKF82005	EDN96146
OG0003962	BLGH_01101-mRNA-1	Bcin05p00570.1	CVK87285	FOXG_07703P0	RKF82002	EDO03234
OG0003963	BLGH_01103-mRNA-1	Bcin05p00680.1	CVK87299	FOXG_07695P0	RKF56787	EDO03215
OG0003964	BLGH_01105-mRNA-1	Bcin05p00900.1	CVK98384	FOXG_13810P0	RKF74775	EDO03510
OG0003965	BLGH_01108-mRNA-1	Bcin01p07530.1	CVK90909	FOXG_03220P0	RKF77004	EDO01677
OG0003966	BLGH_01113-mRNA-1	Bcin07p00470.1	CVK89786	FOXG_01475P0	RKF56803	EDN95381
OG0003967	BLGH_01116-mRNA-1	Bcin05p00720.1	CVK88951	FOXG_02005P0	RKF78636	EDO03210
OG0003968	BLGH_01126-mRNA-1	Bcin05p03940.1	CVK89566	FOXG_01636P0	RKF74161	EDO03626
OG0003969	BLGH_01127-mRNA-1	Bcin05p03960.1	CVK86977	FOXG_07895P0	RKF64876	EDO03629
OG0003970	BLGH_01128-mRNA-1	Bcin05p03950.1	CVK86978	FOXG_07894P0	RKF79961	EDO03627
OG0003971	BLGH_01133-mRNA-1	Bcin11p06080.1	CVK83811	FOXG_00583P0	RKF58524	EDN96203
OG0003972	BLGH_01136-mRNA-1	Bcin07p00670.1	CVK87521	FOXG_07589P0	RKF53330	EDN95357
OG0003973	BLGH_01137-mRNA-1	Bcin05p05870.1	CVK87489	FOXG_07604P0	RKF60768	EDN95999
OG0003974	BLGH_01139-mRNA-1	Bcin05p03830.1	CVK87485	FOXG_07606P0	RKF76496	EDO03613
OG0003975	BLGH_01142-mRNA-1	Bcin11p06100.1	CVK83179	FOXG_00196P0	RKF81754	EDN96199
OG0003976	BLGH_01143-mRNA-1	Bcin06p05520.1	CVK93913	FOXG_05966P0	RKF83633	EDO00083
OG0003977	BLGH_01146-mRNA-1	Bcin05p03500.1	CVK89792	FOXG_01469P0	RKF64866	EDO03569
OG0003978	BLGH_01147-mRNA-1	Bcin07p00620.1	CVK89798	FOXG_01463P0	RKF64865	EDN95369
OG0003979	BLGH_01150-mRNA-1	Bcin05p00990.1	CVL01142	FOXG_09380P0	RKF58310	EDO03500
OG0003980	BLGH_01154-mRNA-1	Bcin05p06030.1	CVK87507	FOXG_07595P0	RKF59738	EDN95981
OG0003981	BLGH_01155-mRNA-1	Bcin05p06040.1	CVK87509	FOXG_07594P0	RKF83205	EDN95980
OG0003982	BLGH_01157-mRNA-1	Bcin05p06070.1	CVK87517	FOXG_07590P0	RKF58312	EDN95977
OG0003983	BLGH_01160-mRNA-1	Bcin07p00500.1	CVK89799	FOXG_01462P0	RKF81860	EDN95378
OG0003984	BLGH_01163-mRNA-1	Bcin05p03760.1	CVK87510	FOXG_07593P0	RKF82125	EDO03599
OG0003985	BLGH_01170-mRNA-1	Bcin09p05630.1	CVK92545	FOXG_05217P0	RKF51371	EDO03035
OG0003986	BLGH_01171-mRNA-1	Bcin09p02000.1	CVK92661	FOXG_05335P0	RKF60611	EDO02639
OG0003987	BLGH_01173-mRNA-1	Bcin09p04650.1	CVK92465	FOXG_05134P0	RKF82854	EDO02534
OG0003988	BLGH_01174-mRNA-1	Bcin09p04730.1	CVK92472	FOXG_05141P0	RKF84020	EDO02541
OG0003989	BLGH_01175-mRNA-1	Bcin09p04720.1	CVK92473	FOXG_05142P0	RKF84021	EDO02542
OG0003990	BLGH_01177-mRNA-1	Bcin09p04740.1	CVK92464	FOXG_05133P0	RKF84022	EDO02540
OG0003991	BLGH_01181-mRNA-1	Bcin09p00270.1	CVK92542	FOXG_05215P0	RKF83124	EDO02384
OG0003992	BLGH_01189-mRNA-1	Bcin09p00200.1	CVK93470	FOXG_06359P0	RKF74691	EDO02376
OG0003993	BLGH_01191-mRNA-1	Bcin10p03320.1	CVK89220	FOXG_01846P0	RKF75858	EDO04485
OG0003994	BLGH_01192-mRNA-1	Bcin10p03310.1	CVL01216	FOXG_09456P0	RKF75859	EDO04484
OG0003995	BLGH_01193-mRNA-1	Bcin10p03300.1	CVL01933	FOXG_10554P0	RKF56275	EDO04483
OG0003996	BLGH_01194-mRNA-1	Bcin10p00130.1	CVK89328	FOXG_01776P0	RKF56274	EDO04707
OG0003997	BLGH_01195-mRNA-1	Bcin10p00120.1	CVK88597	FOXG_02218P0	RKF54897	EDO04706
OG0003998	BLGH_01196-mRNA-1	Bcin10p00110.1	CVK89327	FOXG_01777P0	RKF83956	EDO04705
OG0003999	BLGH_01198-mRNA-1	Bcin10p03020.1	CVK89325	FOXG_01778P0	RKF51428	EDN97810
OG0004000	BLGH_01200-mRNA-1	Bcin10p02990.1	CVK88624	FOXG_02202P0	RKF83656	EDN97807
OG0004001	BLGH_01201-mRNA-1	Bcin10p03000.1	CVK88623	FOXG_02203P0	RKF83657	EDN97808
OG0004002	BLGH_01202-mRNA-1	Bcin10p03010.1	CVK88621	FOXG_02204P0	RKF83658	EDN97809
OG0004003	BLGH_01203-mRNA-1	Bcin10p02960.1	CVK88595	FOXG_02219P0	RKF83659	EDN97802
OG0004004	BLGH_01204-mRNA-1	Bcin10p02950.1	CVK88593	FOXG_02220P0	RKF83660	EDN97801
OG0004005	BLGH_01205-mRNA-1	Bcin10p02940.1	CVK88592	FOXG_02221P0	RKF83661	EDN97799
OG0004006	BLGH_01209-mRNA-1	Bcin10p04020.1	CVK88450	FOXG_02303P0	RKF54238	EDN97689
OG0004007	BLGH_01211-mRNA-1	Bcin10p04030.1	CVK88447	FOXG_02304P0	RKF54237	EDN97688
OG0004008	BLGH_01213-mRNA-1	Bcin10p04050.1	CVK88421	FOXG_02317P0	RKF83431	EDN97686
OG0004009	BLGH_01216-mRNA-1	Bcin10p03420.1	CVK88681	FOXG_02173P0	RKF76726	EDO04496
OG0004010	BLGH_01217-mRNA-1	Bcin10p03410.1	CVK88679	FOXG_02174P0	RKF64987	EDO04494
OG0004011	BLGH_01219-mRNA-1	Bcin10p03330.1	CVK88682	FOXG_02172P0	RKF75857	EDO04486
OG0004012	BLGH_01220-mRNA-1	Bcin10p03170.1	CVK89232	FOXG_01838P0	RKF73968	EDO04471
OG0004013	BLGH_01223-mRNA-1	Bcin10p03190.1	CVK89236	FOXG_01836P0	RKF63118	EDO04467
OG0004014	BLGH_01224-mRNA-1	Bcin10p03260.1	CVK89238	FOXG_01835P0	RKF54094	EDO04477
OG0004015	BLGH_01225-mRNA-1	Bcin10p03240.1	CVK89239	FOXG_01834P0	RKF71523	EDO04475
OG0004016	BLGH_01227-mRNA-1	Bcin10p03230.1	CVK89242	FOXG_01832P0	RKF54028	EDO04473
OG0004017	BLGH_01228-mRNA-1	Bcin10p03290.1	CVK89224	FOXG_01844P0	RKF80428	EDO04481
OG0004018	BLGH_01230-mRNA-1	Bcin10p03510.1	CVK97147	FOXG_04280P0	RKF57189	EDO04526
OG0004019	BLGH_01231-mRNA-1	Bcin10p03520.1	CVK97146	FOXG_04281P0	RKF83713	EDO04525
OG0004020	BLGH_01232-mRNA-1	Bcin10p03530.1	CVK97143	FOXG_04283P0	RKF73366	EDO04520
OG0004021	BLGH_01234-mRNA-1	Bcin10p03560.1	CVL01290	FOXG_09534P0	RKF81271	EDO04517
OG0004022	BLGH_01235-mRNA-1	Bcin10p03580.1	CVL01289	FOXG_09533P0	RKF81272	EDO04516
OG0004023	BLGH_01236-mRNA-1	Bcin10p03600.1	CVL01287	FOXG_09530P0	RKF81679	EDO04514
OG0004024	BLGH_01237-mRNA-1	Bcin10p03590.1	CVL01288	FOXG_09532P0	RKF81678	EDO04515
OG0004025	BLGH_01239-mRNA-1	Bcin14p04850.1	CVK92383	FOXG_05100P0	RKF83285	EDN94645
OG0004026	BLGH_01241-mRNA-1	Bcin14p04860.1	CVK92382	FOXG_05099P0	RKF80206	EDN94646
OG0004027	BLGH_01242-mRNA-1	Bcin14p04870.1	CVK92381	FOXG_05098P0	RKF80207	EDN94647
OG0004028	BLGH_01244-mRNA-1	Bcin02p06680.1	CVK86690	FOXG_08121P0	RKF53379	EDN95096
OG0004029	BLGH_01245-mRNA-1	Bcin09p02600.1	CVK84118	FOXG_00763P0	RKF78445	EDO02881
OG0004030	BLGH_01246-mRNA-1	Bcin09p02750.1	CVK84069	FOXG_00732P0	RKF72347	EDO02879
OG0004031	BLGH_01250-mRNA-1	Bcin02p06460.1	CVK86663	FOXG_08150P0	RKF58144	EDN95126
OG0004032	BLGH_01252-mRNA-1	Bcin02p06490.1	CVK86747	FOXG_08066P0	RKF58146	EDN95123
OG0004033	BLGH_01254-mRNA-1	Bcin02p06480.1	CVK86719	FOXG_08092P0	RKF58143	EDN95124
OG0004034	BLGH_01260-mRNA-1	Bcin02p06500.1	CVK86746	FOXG_08067P0	RKF83907	EDN95122
OG0004035	BLGH_01261-mRNA-1	Bcin02p06610.1	CVK86653	FOXG_08159P0	RKF83906	EDN95106
OG0004036	BLGH_01262-mRNA-1	Bcin02p06600.1	CVK86654	FOXG_08158P0	RKF83905	EDN95107
OG0004037	BLGH_01263-mRNA-1	Bcin02p06360.1	CVK86655	FOXG_08157P0	RKF83904	EDN95137
OG0004038	BLGH_01264-mRNA-1	Bcin02p06380.1	CVK86656	FOXG_08156P0	RKF76000	EDN95135
OG0004039	BLGH_01265-mRNA-1	Bcin02p06570.1	CVK86666	FOXG_08147P0	RKF84152	EDN95111
OG0004040	BLGH_01282-mRNA-1	Bcin02p08400.1, Bcin02p08400.2	CVK89350	FOXG_01764P0	RKF57882	
OG0004041	BLGH_01291-mRNA-1	Bcin02p05170.1	CVK86672	FOXG_08141P0	RKF73008	EDN95257
OG0004042	BLGH_01314-mRNA-1	Bcin07p00180.1	CVK84022	FOXG_00703P0	RKF82960	EDN95421
OG0004043	BLGH_01317-mRNA-1	Bcin15p00480.1	CVK97523, CVL07174	FOXG_04063P0	RKF65175	
OG0004044	BLGH_01322-mRNA-1	Bcin02p07000.1	CVL00839, CVL05775	FOXG_12713P0	RKF54527	
OG0004045	BLGH_01324-mRNA-1	Bcin02p06040.1	CVK86745	FOXG_08068P0	RKF74433	EDN95164
OG0004046	BLGH_01325-mRNA-1	Bcin02p06050.1	CVK86761	FOXG_08052P0	RKF74432	EDN95163
OG0004047	BLGH_01327-mRNA-1	Bcin02p06180.1	CVL05467	FOXG_12888P0	RKF81324	EDN95149
OG0004048	BLGH_01328-mRNA-1	Bcin02p06170.1	CVL05468	FOXG_12887P0	RKF81325	EDN95150
OG0004049	BLGH_01330-mRNA-1	Bcin02p06550.1	CVK86664	FOXG_08149P0	RKF57277	EDN95115
OG0004050	BLGH_01331-mRNA-1	Bcin02p06230.1	CVK87141	FOXG_07795P0	RKF75646	EDN95144
OG0004051	BLGH_01333-mRNA-1	Bcin02p06540.1	CVK86694	FOXG_08117P0	RKF81616	EDN95116
OG0004052	BLGH_01340-mRNA-1	Bcin02p08650.1, Bcin02p08650.2	CVK86698	FOXG_08113P0	RKF65314	
OG0004053	BLGH_01346-mRNA-1	Bcin10p05740.1	CVK88606	FOXG_02213P0	RKF84163	EDO04704
OG0004054	BLGH_01353-mRNA-1	Bcin03p02430.1	CVK89154	FOXG_01883P0	RKF77974	EDN91185
OG0004055	BLGH_03617-mRNA-1	Bcin12p03710.1	CVL01772	FOXG_10435P0	RKF82065	EDN92518
OG0004056	BLGH_03618-mRNA-1	Bcin12p03700.1	CVL01777	FOXG_10437P0	RKF79619	EDN92519
OG0004057	BLGH_03619-mRNA-1	Bcin12p03770.1	CVL01778	FOXG_10438P0	RKF55878	EDN92528
OG0004058	BLGH_03620-mRNA-1	Bcin12p03760.1	CVL01780	FOXG_10439P0	RKF55877	EDN92527
OG0004059	BLGH_03621-mRNA-1	Bcin12p03750.1	CVL01783	FOXG_10441P0	RKF72486	EDN92526
OG0004060	BLGH_03622-mRNA-1	Bcin12p05890.1	CVK99756	FOXG_08436P0	RKF54080	EDN98920
OG0004061	BLGH_03624-mRNA-1	Bcin12p02820.1	CVK93109	FOXG_11345P0	RKF54082	EDN92618
OG0004062	BLGH_03625-mRNA-1	Bcin12p03720.1	CVL01774	FOXG_10436P0	RKF82066	EDN92517
OG0004063	BLGH_03627-mRNA-1	Bcin12g05090.1	CVK93119	FOXG_14288P0	RKF56703	EDN92717
OG0004064	BLGH_03628-mRNA-1	Bcin12p05100.1	CVK93117	FOXG_11339P0	RKF56704	EDN92718
OG0004065	BLGH_03629-mRNA-1	Bcin12p05140.1	CVK93568	FOXG_06259P0	RKF76298	EDN92722
OG0004066	BLGH_03630-mRNA-1	Bcin12p02110.1	CVK99996	FOXG_08291P0	RKF54307	EDN92496
OG0004067	BLGH_03637-mRNA-1	Bcin12p01970.1	CVK99926	FOXG_08335P0	RKF81254	EDN92478
OG0004068	BLGH_03638-mRNA-1	Bcin12p06560.1	CVL00809	FOXG_09175P0	RKF84145	EDN99006
OG0004069	BLGH_03640-mRNA-1	Bcin12p06550.1	CVL01771	FOXG_10434P0	RKF76857	EDN99008
OG0004070	BLGH_03641-mRNA-1	Bcin12p06540.1	CVL01768	FOXG_10433P0	RKF76856	EDN99009
OG0004071	BLGH_03642-mRNA-1	Bcin12p06530.1	CVL01767	FOXG_10432P0	RKF76858	EDN99010
OG0004072	BLGH_03644-mRNA-1	Bcin12p05550.1	CVK99942	FOXG_08326P0	RKF77771	EDN99237
OG0004073	BLGH_03645-mRNA-1	Bcin12p05560.1	CVK99940	FOXG_08327P0	RKF77770	EDN99236
OG0004074	BLGH_03646-mRNA-1	Bcin12p05050.1	CVK93451	FOXG_06372P0	RKF75186	EDN92712
OG0004075	BLGH_03648-mRNA-1	Bcin12p05040.1	CVK93449	FOXG_06373P0	RKF83502	EDN92711
OG0004076	BLGH_03649-mRNA-1	Bcin12p03790.1	CVK93454	FOXG_06370P0	RKF55064	EDN92530
OG0004077	BLGH_03650-mRNA-1	Bcin12p05760.1	CVL00015	FOXG_08282P0	RKF66842	EDN98942
OG0004078	BLGH_03651-mRNA-1	Bcin12p05770.1	CVL00011	FOXG_08284P0	RKF65782	EDN98940
OG0004079	BLGH_03652-mRNA-1	Bcin12p05780.1	CVL00796	FOXG_09159P0	RKF65783	EDN98939
OG0004080	BLGH_03654-mRNA-1	Bcin04p00230.1	CVK92612	FOXG_05283P0	RKF54748	EDN92311
OG0004081	BLGH_03656-mRNA-1	Bcin04p00300.1	CVK92606	FOXG_05277P0	RKF56658	EDN92286
OG0004082	BLGH_03658-mRNA-1	Bcin09p01310.1	CVK92975	FOXG_05530P0	RKF83747	EDO02498
OG0004083	BLGH_03661-mRNA-1	Bcin04p00240.1	CVK92613	FOXG_05284P0	RKF64274	EDN92310
OG0004084	BLGH_03682-mRNA-1	Bcin04p03530.1	CVK92589	FOXG_05260P0	RKF82041	EDO01327
OG0004085	BLGH_03683-mRNA-1	Bcin04p03520.1	CVK92480	FOXG_05150P0	RKF82040	EDO01328
OG0004086	BLGH_03706-mRNA-1	Bcin16p03650.1, Bcin16p03650.2	CVK97225	FOXG_04235P0	RKF55587	
OG0004087	BLGH_03708-mRNA-1	Bcin04p02050.1	CVK98424	FOXG_13838P0	RKF56234	EDO01469
OG0004088	BLGH_03709-mRNA-1	Bcin10p01500.1	CVK87203	FOXG_07754P0	RKF56057	EDO05042
OG0004089	BLGH_03711-mRNA-1	Bcin10p03620.1	CVL01281	FOXG_09523P0	RKF61791	EDO04510
OG0004090	BLGH_03715-mRNA-1	Bcin12p02260.1	CVK93504	FOXG_06326P0	RKF79047	EDN92557
OG0004091	BLGH_03716-mRNA-1	Bcin12p02270.1	CVK93505	FOXG_06325P0	RKF56923	EDN92558
OG0004092	BLGH_03719-mRNA-1	Bcin12p03620.1	CVL00812	FOXG_09173P0	RKF60738	EDN92508
OG0004093	BLGH_03722-mRNA-1	Bcin12p03580.1	CVK99724	FOXG_08454P0	RKF55110	EDN92505
OG0004094	BLGH_03724-mRNA-1	Bcin12p04760.1	CVK99730	FOXG_08451P0	RKF63347	EDN99174
OG0004095	BLGH_03725-mRNA-1	Bcin12p02890.1	CVK99731	FOXG_08450P0	RKF83863	EDN99202
OG0004096	BLGH_03726-mRNA-1	Bcin12p02900.1	CVK99726	FOXG_08453P0	RKF83864	EDN99201
OG0004097	BLGH_03727-mRNA-1	Bcin12p02930.1	CVL04510	FOXG_11468P0	RKF83865	EDN99198
OG0004098	BLGH_03728-mRNA-1	Bcin12p02940.1	CVL04512	FOXG_11469P0	RKF83866	EDN99197
OG0004099	BLGH_03730-mRNA-1	Bcin12p03020.1	CVK99953	FOXG_08318P0	RKF73883	EDN99179
OG0004100	BLGH_03731-mRNA-1	Bcin12p04000.1	CVK93456	FOXG_06369P0	RKF73884	EDN92637
OG0004101	BLGH_03732-mRNA-1	Bcin12p04030.1	CVK93458	FOXG_06368P0	RKF73885	EDN92641
OG0004102	BLGH_03733-mRNA-1	Bcin12p04040.1	CVK93460	FOXG_06367P0	RKF73886	EDN92642
OG0004103	BLGH_03734-mRNA-1	Bcin12p04580.1	CVK99952	FOXG_08319P0	RKF63256	EDN92774
OG0004104	BLGH_03735-mRNA-1	Bcin12p04090.1	CVK99656	FOXG_08492P0	RKF66820	EDN92646
OG0004105	BLGH_03736-mRNA-1	Bcin12p03030.1	CVL04474	FOXG_11445P0	RKF74209	EDN99180
OG0004106	BLGH_03739-mRNA-1	Bcin12p04080.1	CVK93463	FOXG_06365P0	RKF66821	EDN92645
OG0004107	BLGH_03740-mRNA-1	Bcin12p02970.1	CVL04465	FOXG_11439P0	RKF83760	EDN99192
OG0004108	BLGH_03741-mRNA-1	Bcin12p02030.1	CVL04475	FOXG_11446P0	RKF60409	EDN92484
OG0004109	BLGH_03743-mRNA-1	Bcin12p02020.1	CVL04477	FOXG_11447P0	RKF55920	EDN92483
OG0004110	BLGH_03744-mRNA-1	Bcin12p03530.1	CVL04466	FOXG_11440P0	RKF64743	EDN92501
OG0004111	BLGH_03745-mRNA-1	Bcin12p03540.1	CVL04467	FOXG_11441P0	RKF64744	EDN92502
OG0004112	BLGH_03747-mRNA-1	Bcin12p02990.1	CVL04428	FOXG_11418P0	RKF58757	EDN99191
OG0004113	BLGH_03750-mRNA-1	Bcin12p04120.1	CVK99778	FOXG_08425P0	RKF79911	EDN92649
OG0004114	BLGH_03751-mRNA-1	Bcin12p04130.1	CVK99776	FOXG_08426P0	RKF79910	EDN92650
OG0004115	BLGH_03754-mRNA-1	Bcin12p04160.1	CVK99788	FOXG_08420P0	RKF57827	EDN92653
OG0004116	BLGH_03755-mRNA-1	Bcin12p04170.1	CVK99790	FOXG_08419P0	RKF57826	EDN92654
OG0004117	BLGH_03756-mRNA-1	Bcin12p00710.1	CVK93336	FOXG_06447P0	RKF81891	EDO01222
OG0004118	BLGH_03757-mRNA-1	Bcin12p00690.1	CVK93335	FOXG_06448P0	RKF81494	EDO01219
OG0004119	BLGH_03758-mRNA-1	Bcin12p01760.1	CVK99917	FOXG_08342P0	RKF74770	EDN92452
OG0004120	BLGH_03760-mRNA-1	Bcin12p00680.1	CVL01747	FOXG_10420P0	RKF58210	EDO01214
OG0004121	BLGH_03761-mRNA-1	Bcin12p04210.1	CVK93562	FOXG_06266P0	RKF55444	EDN92660
OG0004122	BLGH_03763-mRNA-1	Bcin12p00670.1	CVL04479	FOXG_11449P0	RKF82696	EDO01215
OG0004123	BLGH_03764-mRNA-1	Bcin12p03950.1	CVK99633	FOXG_08505P0	RKF65110	EDN92632
OG0004124	BLGH_03765-mRNA-1	Bcin01p01700.1	CVK84518	FOXG_01012P0	RKF81335	EDN98290
OG0004125	BLGH_03768-mRNA-1	Bcin12p00660.1	CVL04478	FOXG_11448P0	RKF82697	EDO01216
OG0004126	BLGH_03770-mRNA-1	Bcin12p01300.1	CVL00938	FOXG_09245P0	RKF50445	EDN92412
OG0004127	BLGH_03771-mRNA-1	Bcin12p01290.1	CVL00937	FOXG_09246P0	RKF50444	EDN92411
OG0004128	BLGH_03775-mRNA-1	Bcin12p02630.1	CVK99937	FOXG_08329P0	RKF77464	EDN92600
OG0004129	BLGH_03777-mRNA-1	Bcin12p03490.1	CVL00008	FOXG_08286P0	RKF62209	EDN92684
OG0004130	BLGH_03787-mRNA-1	Bcin12p01370.1	CVL00949	FOXG_09254P0	RKF81587	EDN92400
OG0004131	BLGH_03790-mRNA-1	Bcin12p02640.1	CVK99934	FOXG_08330P0	RKF77463	EDN92601
OG0004132	BLGH_03793-mRNA-1	Bcin12p03910.1	CVK93517	FOXG_06313P0	RKF56820	EDN92623
OG0004133	BLGH_03794-mRNA-1	Bcin12p01450.1	CVK87583	FOXG_07556P0	RKF65429	EDN92388
OG0004134	BLGH_03795-mRNA-1	Bcin12p01550.1	CVL00672	FOXG_09089P0	RKF65427	EDN92421
OG0004135	BLGH_03796-mRNA-1	Bcin12p01560.1	CVL00671	FOXG_09088P0	RKF65428	EDN92422
OG0004136	BLGH_03797-mRNA-1	Bcin12p03900.1	CVL00089	FOXG_08239P0	RKF56819	EDN92624
OG0004137	BLGH_03799-mRNA-1	Bcin12p03880.1	CVL00084	FOXG_08241P0	RKF56818	EDN92626
OG0004138	BLGH_03800-mRNA-1	Bcin12p01480.1	CVK99850	FOXG_08384P0	RKF78507	EDN92384
OG0004139	BLGH_03801-mRNA-1	Bcin12p01490.1	CVK99852	FOXG_08383P0	RKF78506	EDN92383
OG0004140	BLGH_03803-mRNA-1	Bcin12p03860.1	CVL00091	FOXG_08238P0	RKF59354	EDN92628
OG0004141	BLGH_03804-mRNA-1	Bcin12p01920.1	CVL00003	FOXG_08288P0	RKF60713	EDN92471
OG0004142	BLGH_03805-mRNA-1	Bcin12p01940.1	CVL00006	FOXG_08287P0	RKF77282	EDN92472
OG0004143	BLGH_03806-mRNA-1	Bcin12p05330.1	CVK97376	FOXG_04150P0	RKF64754	EDN98953
OG0004144	BLGH_03808-mRNA-1	Bcin12p05290.1	CVL01853	FOXG_10491P0	RKF53615	EDN98958
OG0004145	BLGH_03810-mRNA-1	Bcin12p03400.1	CVL00932	FOXG_09242P0	RKF83540	EDN92676
OG0004146	BLGH_03812-mRNA-1	Bcin12p01220.1	CVL00930	FOXG_09241P0	RKF65947	EDN92403
OG0004147	BLGH_03814-mRNA-1	Bcin01p01110.1	CVK84522	FOXG_01015P0	RKF71177	EDN98121
OG0004148	BLGH_03816-mRNA-1	Bcin02p03490.1	CVK83205	FOXG_00214P0	RKF66876	EDN96776
OG0004149	BLGH_03818-mRNA-1	Bcin01p08360.1	CVL06090	FOXG_15405P0	RKF65260	EDO02247
OG0004150	BLGH_03819-mRNA-1	Bcin01p08440.1	CVK94425	FOXG_05685P0	RKF83710	EDO02239
OG0004151	BLGH_03821-mRNA-1	Bcin01p08420.1	CVK94273	FOXG_05765P0	RKF83708	EDO02241
OG0004152	BLGH_03822-mRNA-1	Bcin01p08410.1	CVK94272	FOXG_05766P0	RKF83706	EDO02242
OG0004153	BLGH_03823-mRNA-1	Bcin01p08400.1	CVK93717	FOXG_06096P0	RKF83707	EDO02243
OG0004154	BLGH_03825-mRNA-1	Bcin05p03340.1	CVK94172	FOXG_05813P0	RKF45063	EDO03553
OG0004155	BLGH_03826-mRNA-1	Bcin13p01850.1	CVL03091	FOXG_11230P0	RKF60131	EDN99326
OG0004156	BLGH_03827-mRNA-1	Bcin13p01840.1	CVK84360	FOXG_00910P0	RKF60132	EDN99327
OG0004157	BLGH_03830-mRNA-1	Bcin01p04700.1	CVK84519	FOXG_01013P0	RKF58881	EDO01880
OG0004158	BLGH_03833-mRNA-1	Bcin01p04710.1	CVK84532	FOXG_01019P0	RKF58880	EDO01881
OG0004159	BLGH_03835-mRNA-1	Bcin06p06190.1, Bcin06p06190.2	CVK83417	FOXG_00346P0		EDO00393
OG0004160	BLGH_03842-mRNA-1	Bcin01p01720.1	CVK84515	FOXG_01010P0	RKF81519	EDN98292
OG0004161	BLGH_03845-mRNA-1	Bcin01p02640.1	CVK99201	FOXG_08846P0	RKF54964	EDO02349
OG0004162	BLGH_03846-mRNA-1	Bcin01p10400.1, Bcin01p10400.2, Bcin01p10400.3, Bcin01p10400.4			RKF54963	
OG0004163	BLGH_03849-mRNA-1	Bcin01p02670.1	CVK99209	FOXG_08842P0	RKF54960	EDO02345
OG0004164	BLGH_03850-mRNA-1	Bcin01p02680.1	CVK99207	FOXG_08843P0	RKF71516	EDO02344
OG0004165	BLGH_03851-mRNA-1	Bcin01p02650.1	CVK99198	FOXG_08848P0	RKF54962	EDO02348
OG0004166	BLGH_03853-mRNA-1	Bcin02p04900.1	CVL05763	FOXG_12720P0	RKF56718	EDN95298
OG0004167	BLGH_03859-mRNA-1	Bcin02p05540.1	CVL05493	FOXG_12870P0	RKF78642	EDN95212
OG0004168	BLGH_03860-mRNA-1	Bcin02p05530.1	CVL05490	FOXG_12871P0	RKF81855	EDN95213
OG0004169	BLGH_03862-mRNA-1	Bcin02p05590.1	CVK86647	FOXG_08165P0	RKF79749	EDN95230
OG0004170	BLGH_03865-mRNA-1	Bcin02p05710.1	CVK86590	FOXG_03741P0	RKF56066	EDN95195
OG0004171	BLGH_03867-mRNA-1	Bcin02p05000.1	CVL05755	FOXG_12726P0	RKF78228	EDN95286
OG0004172	BLGH_03875-mRNA-1	Bcin12p00310.1	CVK99808	FOXG_08408P0	RKF54563	EDO01175
OG0004173	BLGH_03885-mRNA-1	Bcin01p06720.1	CVK83423	FOXG_00349P0	RKF53490	EDO01568
OG0004174	BLGH_03886-mRNA-1	Bcin13p03310.1	CVK93345	FOXG_06443P0	RKF57390	EDN93639
OG0004175	BLGH_03890-mRNA-1	Bcin01p09250.1	CVK94270	FOXG_05767P0	RKF59969	EDO02084
OG0004176	BLGH_03891-mRNA-1	Bcin13p03320.1	CVK93357	FOXG_06435P0	RKF51395	EDN93638
OG0004177	BLGH_03895-mRNA-1	Bcin01p02740.1	CVK89381	FOXG_01745P0	RKF57115	EDO02333
OG0004178	BLGH_03896-mRNA-1	Bcin01p02730.1	CVK82868	FOXG_00016P0	RKF55965	EDO02334
OG0004179	BLGH_03898-mRNA-1	Bcin01p04980.1	CVL00991	FOXG_09278P0	RKF82628	EDO01909
OG0004180	BLGH_03901-mRNA-1	Bcin02p04910.1	CVK96232, CVL05736	FOXG_12736P0		EDN95297
OG0004181	BLGH_03903-mRNA-1	Bcin01p02750.1	CVK89407	FOXG_01730P0	RKF83804	EDO02332
OG0004182	BLGH_03909-mRNA-1	Bcin06p05300.1	CVK89471	FOXG_01691P0	RKF55639	EDO00048
OG0004183	BLGH_03922-mRNA-1	Bcin01p10320.1, Bcin01p10320.2	CVK99442	FOXG_08681P0	RKF71429	
OG0004184	BLGH_03929-mRNA-1	Bcin02p04930.1	CVL05732	FOXG_12738P0	RKF75774	EDN95295
OG0004185	BLGH_03931-mRNA-1	Bcin07p01050.1	CVK86588	FOXG_03744P0	RKF81902	EDN95322
OG0004186	BLGH_03933-mRNA-1	Bcin02p05610.1	CVK86596	FOXG_03736P0	RKF82873	EDN95234
OG0004187	BLGH_03934-mRNA-1	Bcin02p05070.1	CVL05745	FOXG_12731P0	RKF81903	EDN95273
OG0004188	BLGH_03935-mRNA-1	Bcin02p05080.1	CVL05753	FOXG_12727P0	RKF81904	EDN95272
OG0004189	BLGH_03937-mRNA-1	Bcin02p05050.1	CVL05747	FOXG_12730P0	RKF83600	EDN95277
OG0004190	BLGH_03938-mRNA-1	Bcin02p05040.1	CVL05748	FOXG_12729P0	RKF83599	EDN95278
OG0004191	BLGH_03948-mRNA-1	Bcin04p02490.1	CVL02921	FOXG_11135P0	RKF72577	EDN92270
OG0004192	BLGH_03950-mRNA-1	Bcin04p04770.1, Bcin04p04770.2	CVL02918	FOXG_11133P0	RKF66856	
OG0004193	BLGH_03956-mRNA-1	Bcin04p00180.1	CVL05669	FOXG_12776P0	RKF80563	EDN92318
OG0004194	BLGH_03968-mRNA-1	Bcin04p00130.1	CVK98482	FOXG_13896P0	RKF84007	EDN92320
OG0004195	BLGH_03970-mRNA-1	Bcin04p00100.1	CVK98485	FOXG_13900P0	RKF59601	EDN92326
OG0004196	BLGH_03971-mRNA-1	Bcin04p02420.1	CVK98493	FOXG_13908P0	RKF78469	EDO01429
OG0004197	BLGH_03973-mRNA-1	Bcin04p04830.1, Bcin04p04830.2	CVK96719	FOXG_04532P0	RKF60535	
OG0004198	BLGH_03977-mRNA-1	Bcin04p02410.1	CVK98494	FOXG_13909P0	RKF55081	EDO01430
OG0004199	BLGH_03981-mRNA-1	Bcin14p01840.1	CVK92583	FOXG_05255P0	RKF81814	EDN94395
OG0004200	BLGH_03988-mRNA-1	Bcin09p02770.1	CVL03148	FOXG_11263P0	RKF56005	EDO02877
OG0004201	BLGH_03990-mRNA-1	Bcin09p02810.1	CVL03152	FOXG_11265P0	RKF61473	EDO02869
OG0004202	BLGH_03991-mRNA-1	Bcin09p02820.1	CVL03147	FOXG_11262P0	RKF79042	EDO02868
OG0004203	BLGH_03992-mRNA-1	Bcin09p02840.1	CVL03144	FOXG_11260P0	RKF62911	EDO02866
OG0004204	BLGH_03994-mRNA-1	Bcin14p01920.1	CVK92721	FOXG_05371P0	RKF65050	EDN94380
OG0004205	BLGH_03996-mRNA-1	Bcin09p02630.1	CVK98473	FOXG_13887P0	RKF83530	EDO02884
OG0004206	BLGH_03997-mRNA-1	Bcin09p02860.1	CVK86971	FOXG_07899P0	RKF82878	EDO02864
OG0004207	BLGH_03998-mRNA-1	Bcin09p02950.1	CVK98516	FOXG_13930P0	RKF58475	EDO02847
OG0004208	BLGH_04001-mRNA-1	Bcin09p04310.1	CVK86779	FOXG_08036P0	RKF82458	EDO02846
OG0004209	BLGH_04002-mRNA-1	Bcin09p04290.1	CVK86789	FOXG_08025P0	RKF60662	EDO02845
OG0004210	BLGH_04003-mRNA-1	Bcin09p02190.1	CVK98411	FOXG_13830P0	RKF83785	EDO02622
OG0004211	BLGH_04004-mRNA-1	Bcin09p02180.1	CVK98413	FOXG_13831P0	RKF53325	EDO02623
OG0004212	BLGH_04005-mRNA-1	Bcin09p05060.1	CVK98410	FOXG_13829P0	RKF63623	EDO02581
OG0004213	BLGH_04006-mRNA-1	Bcin04p03340.1	CVL05845	FOXG_12670P0	RKF83880	EDO01352
OG0004214	BLGH_04008-mRNA-1	Bcin09p04300.1	CVK86788	FOXG_08026P0	RKF61425	EDO02844
OG0004215	BLGH_04014-mRNA-1	Bcin04p02470.1	CVK98486	FOXG_13901P0	RKF81428	EDO01423
OG0004216	BLGH_04017-mRNA-1	Bcin02p06400.1	CVK86657	FOXG_08155P0	RKF57491	EDN95133
OG0004217	BLGH_04018-mRNA-1	Bcin02p06630.1	CVK86685	FOXG_08126P0	RKF56239	EDN95101
OG0004218	BLGH_04019-mRNA-1	Bcin02p06620.1	CVK86684	FOXG_08127P0	RKF50442	EDN95105
OG0004219	BLGH_04022-mRNA-1	Bcin02p06420.1	CVK86659	FOXG_08153P0	RKF57490	EDN95131
OG0004220	BLGH_04025-mRNA-1	Bcin02p06640.1	CVK83073	FOXG_00137P0	RKF81771	EDN95100
OG0004221	BLGH_04026-mRNA-1	Bcin02p06650.1	CVK86686	FOXG_08125P0	RKF81772	EDN95099
OG0004222	BLGH_04029-mRNA-1	Bcin02p06810.1	CVK86638	FOXG_08174P0	RKF53180	EDN95083
OG0004223	BLGH_04030-mRNA-1	Bcin02p06800.1	CVK86639	FOXG_08173P0	RKF53181	EDN95084
OG0004224	BLGH_04032-mRNA-1	Bcin02p06770.1	CVK86642	FOXG_08170P0	RKF59611	EDN95087
OG0004225	BLGH_04033-mRNA-1	Bcin02p06760.1	CVK86643	FOXG_08169P0	RKF59612	EDN95088
OG0004226	BLGH_04034-mRNA-1	Bcin02p06780.1	CVK86641	FOXG_08171P0	RKF77417	EDN95086
OG0004227	BLGH_04035-mRNA-1	Bcin02p06740.1	CVK86695	FOXG_08116P0	RKF54086	EDN95090
OG0004228	BLGH_04037-mRNA-1	Bcin14p01800.1	CVK84073	FOXG_00735P0	RKF56883	EDN94402
OG0004229		Bcin04g03480.1, Bcin04p03470.1	CVL09051	FOXG_14798P0, FOXG_14799P0		EDO01337
OG0004230		Bcin02p06700.1, Bcin11g02090.1, Bcin17p00040.1	CVL04095	FOXG_12301P0		EDN95094
OG0004231		Bcin06p07050.1	CVK94498, CVL05267	FOXG_04019P0, FOXG_05654P0		EDO00181
OG0004232		Bcin05p07670.1	CVK94125, CVL06744	FOXG_05841P0, FOXG_14562P0		EDN95906
OG0004233		Bcin03p08180.1, Bcin06p02500.1	CVK97319	FOXG_04182P0	RKF60360	EDN93607
OG0004234		Bcin01p03360.1, Bcin07p02270.1	CVK86757	FOXG_02635P0, FOXG_08056P0		EDN97112
OG0004235		Bcin11p01020.1, Bcin11p01020.2	CVK87703, CVK98718	FOXG_07486P0, FOXG_15753P0		
OG0004236		Bcin06p00830.1	CVK99402, CVL02599	FOXG_08714P0, FOXG_10943P0		EDN93320
OG0004237		Bcin03p01470.1	CVK87021, CVL04714	FOXG_07869P0	RKF75341	EDN91339
OG0004238		Bcin02p01880.1, Bcin09p03630.1	CVK91467, CVL08144	FOXG_02799P0		EDO02814
OG0004239		Bcin09p04830.1, Bcin09p04830.2, Bcin09p04830.3	CVL06176	FOXG_15349P0, FOXG_17211P0		
OG0004240		Bcin16p01330.1, Bcin16p01330.2, Bcin16p01330.3, Bcin16p01330.4	CVK88706	FOXG_02158P0		
OG0004241		Bcin01p01620.1, Bcin01p01620.2, Bcin01p01620.3	CVL02057	FOXG_10677P0		EDN98275
OG0004242		Bcin13p01380.1	CVK95814, CVL06315	FOXG_09912P0, FOXG_15281P0		EDN99372
OG0004243		Bcin03p06480.1	CVK95531, CVL01234	FOXG_09472P0, FOXG_09731P0		EDN90751
OG0004244		Bcin16p00230.1	CVK91318, CVK92159, CVL06230	FOXG_04949P0, FOXG_15320P0		
OG0004245		Bcin12p00390.1	CVL02031	FOXG_10652P0, FOXG_16682P0, FOXG_16745P0		EDO01183
OG0004246		Bcin03p08510.1, Bcin03p08520.1, Bcin03p08540.1, Bcin03p08560.1, Bcin03p08590.1, Bcin07p06040.1				
OG0004247		Bcin07p03210.1, Bcin15p01880.1, Bcin15p01880.2, Bcin15p02750.1	CVK86485			EDO02404
OG0004248		Bcin03p07680.1, Bcin05p00560.1, Bcin05p06210.1	CVK90566	FOXG_03430P0		EDO01605
OG0004249		Bcin08p05800.1	CVK97379	FOXG_04148P0, FOXG_07084P0, FOXG_16675P0, FOXG_16738P0		
OG0004250		Bcin08p02090.1, Bcin08p02090.2, Bcin13p05860.1	CVL04243	FOXG_12395P0		EDN97654
OG0004251		Bcin03p00240.1	CVK93005, CVL06849	FOXG_11406P0, FOXG_14656P0		EDN94195
OG0004252		Bcin09p00830.1, Bcin09p00830.2	CVL04440, CVL06711	FOXG_11425P0, FOXG_14548P0		
OG0004253		Bcin06p00022.1	CVK88745, CVK98881	FOXG_02133P0, FOXG_10815P0		EDN95834
OG0004254		Bcin03p07210.1, Bcin03p07210.2	CVL05318	FOXG_13002P0		EDN90657, EDN97545
OG0004255		Bcin08p06390.1, Bcin14p04300.1, Bcin14p04310.1	CVL04607	FOXG_11540P0		EDN94433
OG0004256		Bcin01p10790.1, Bcin01p10790.2, Bcin09p03360.1	CVK97119	FOXG_04300P0		EDO02785
OG0004257		Bcin01p07390.1, Bcin08p02040.1, Bcin08p02040.2, Bcin14p05200.1	CVK90313	FOXG_03572P0		
OG0004258		Bcin06p02190.1, Bcin06p02190.2, Bcin14p04160.1	CVK85629	FOXG_13110P0		EDN99691
OG0004259		Bcin02p03330.1	CVK89780, CVL00093	FOXG_01481P0, FOXG_08237P0		EDN96794
OG0004260		Bcin02p00840.1	CVK96934	FOXG_04409P0, FOXG_10784P0, FOXG_15253P0		EDN96617
OG0004261		Bcin16p02800.1	CVK92350, CVL06411	FOXG_05065P0, FOXG_15211P0		EDO01280
OG0004262		Bcin01p02460.1	CVL04651, CVL05526	FOXG_11583P0, FOXG_12855P0		EDO01610
OG0004263		Bcin04p06230.1	CVK84659, CVK94764, CVK98293	FOXG_13752P0, FOXG_17028P0		
OG0004264		Bcin12p04750.1, Bcin13p02550.1	CVK92374	FOXG_05091P0		EDN99173, EDN99538
OG0004265		Bcin09p03650.1, Bcin09p03650.2, Bcin14p03700.1	CVK91292	FOXG_02878P0		EDO02819
OG0004266		Bcin04p06240.1, Bcin05p03970.1	CVL01605	FOXG_10337P0, FOXG_17499P0		EDO03632
OG0004267		Bcin01p09020.1, Bcin12p02120.1, Bcin14p00240.1	CVK94769	FOXG_17021P0		EDN92498
OG0004268		Bcin01p01600.1, Bcin14p01060.1	CVL02028	FOXG_10655P0		EDN94257, EDN94258
OG0004269		Bcin10p04090.1, Bcin10p04090.2	CVK88777	FOXG_01222P0, FOXG_02113P0		EDN97682
OG0004270		Bcin05p08140.1	CVK90536, CVL06093	FOXG_03449P0, FOXG_15402P0		EDN95865
OG0004271		Bcin10p00570.1	CVK89119, CVL03473	FOXG_01901P0, FOXG_11941P0		EDO04953
OG0004272		Bcin04p00020.1	CVK85819	FOXG_13195P0, FOXG_14442P0, FOXG_15039P0, FOXG_15940P0		
OG0004273		Bcin12p01030.1	CVK84708, CVK85824	FOXG_01123P0, FOXG_13200P0		EDN92356
OG0004274		Bcin03p07850.1, Bcin13p03680.1	CVK97946, CVK98352	FOXG_13788P0		EDN99637
OG0004275		Bcin09p01040.1	CVK83593, CVK91993	FOXG_00453P0, FOXG_04868P0		EDO02455
OG0004276		Bcin01p01080.1	CVK84779, CVK99368	FOXG_01189P0, FOXG_08741P0		EDN98135
OG0004277		Bcin06p00740.1	CVK90843, CVL04140	FOXG_03260P0, FOXG_12342P0		EDN93328
OG0004278		Bcin11p05080.1, Bcin11p05080.2	CVK83884, CVK89032	FOXG_00624P0		EDN96274
OG0004279		Bcin01p11010.1	CVK94796, CVK96797	FOXG_04494P0, FOXG_16987P0		EDO02063
OG0004280		Bcin01p07550.1	CVK83838, CVK91457	FOXG_00600P0, FOXG_02807P0		EDO01750
OG0004281		Bcin01p02540.1, Bcin01p02540.2, Bcin01p02540.3	CVK95426	FOXG_09669P0, FOXG_17506P0		
OG0004282		Bcin05p00340.1	CVK84634	FOXG_01078P0	RKF83722	EDO02097, EDO03180
OG0004283		Bcin14p01810.1	CVK92379, CVL09028, CVL09362	FOXG_05096P0		EDN94401
OG0004284		Bcin05p06200.1, Bcin06p05220.1	CVK86023	FOXG_13008P0, FOXG_13306P0		EDN99934
OG0004285		Bcin04p03290.1, Bcin08p06180.1	CVK95054, CVL05378	FOXG_16593P0		EDO01360
OG0004286		Bcin09p04500.1	CVK92541, CVL08729	FOXG_05214P0, FOXG_17418P0		EDO02714
OG0004287		Bcin07p06030.1, Bcin16p03620.1	CVL07430, CVL07945	FOXG_02688P0, FOXG_11813P0		
OG0004288		Bcin03p00740.1, Bcin03p00740.2, Bcin03p00740.3	CVK91177			EDN91097, EDO00157
OG0004289		Bcin05p06270.1	CVK84764	FOXG_01177P0, FOXG_12420P0, FOXG_14117P0		EDO03809
OG0004290		Bcin03p04790.1, Bcin03p04790.2, Bcin11p02720.1	CVK86559	FOXG_03769P0		EDN90966
OG0004291		Bcin12p05870.1	CVK86087, CVK99508	FOXG_08609P0, FOXG_13338P0		EDN98919
OG0004292		Bcin01p02760.1	CVK95526, CVL02059, CVL07313	FOXG_09729P0		EDO02331
OG0004293		Bcin05p07030.1	CVK87765, CVK94867	FOXG_07464P0, FOXG_16935P0		EDN96105
OG0004294		Bcin04p02650.1	CVK96235	FOXG_04644P0, FOXG_10218P0, FOXG_14625P0		EDN92256
OG0004295		Bcin12p04740.1	CVK93043, CVL06940	FOXG_11384P0, FOXG_14736P0		EDN99172
OG0004296		Bcin05p01200.1	CVK82980, CVK87854, CVK92635	FOXG_00083P0		EDO03465
OG0004297		Bcin11p05000.1, Bcin15p03030.1	CVK86473, CVK97403	FOXG_03854P0, FOXG_04139P0		
OG0004298		Bcin12p05530.1, Bcin12p05530.2	CVL00798	FOXG_09160P0	RKF65401	EDN99239
OG0004299		Bcin05p07630.1	CVK95069	FOXG_16600P0	RKF54222, RKF78294	EDN95918
OG0004300		Bcin11p05370.1, Bcin11p05420.1, Bcin11p05420.2, Bcin11p05470.1, Bcin12p02140.1				EDN92540
OG0004301		Bcin03p07650.1, Bcin06p07180.1	CVK85739, CVL06778	FOXG_13143P0		EDN90603
OG0004302		Bcin02p07750.1	CVL05272, CVL06137	FOXG_02547P0, FOXG_04856P0, FOXG_04857P0		
OG0004303		Bcin13p03000.1, Bcin13p03000.2	CVK91183	FOXG_02993P0	RKF83908	EDN93694
OG0004304		Bcin02p03020.1, Bcin13p01260.1, Bcin14p00770.1	CVL00538	FOXG_09020P0		EDN94304
OG0004305		Bcin14p04420.1, Bcin14p04420.2	CVK87647, CVK87654	FOXG_07515P0, FOXG_07518P0		
OG0004306		Bcin16p04610.1, Bcin16p04610.2, Bcin16p04610.3, Bcin16p04610.4	CVK94403	FOXG_05698P0		
OG0004307		Bcin13p02490.1	CVL01028, CVL07562	FOXG_09301P0, FOXG_17625P0		EDN99531
OG0004308		Bcin06p06720.1	CVK94777	FOXG_14409P0, FOXG_15072P0, FOXG_17014P0		EDO00220
OG0004309		Bcin11p03380.1, Bcin11p03380.2, Bcin11p03380.3	CVK92188	FOXG_04962P0		EDO03017
OG0004310		Bcin10p04100.1, Bcin10p04100.2	CVK97149	FOXG_04279P0	RKF54059	EDN97683
OG0004311		Bcin12p05070.1	CVK95863	FOXG_09966P0, FOXG_10785P0	RKF53582	EDN92715
OG0004312		Bcin13p05070.1	CVK98475, CVL03926	FOXG_12162P0, FOXG_13890P0		EDN99505
OG0004313		Bcin06p01800.1, Bcin06p04570.1, Bcin06p04780.1, Bcin06p04790.1				EDN93474, EDN99740
OG0004314		Bcin07p03820.1	CVK96664, CVL00801, CVL06489	FOXG_04589P0, FOXG_09162P0		
OG0004315		Bcin02p01620.1, Bcin02p01620.2, Bcin02p01620.3, Bcin05p05660.1	CVK98287	FOXG_13749P0		
OG0004316		Bcin12p01420.1, Bcin13p01370.1	CVK96590, CVL06316	FOXG_15282P0		EDN99373
OG0004317		Bcin10p01040.1	CVK95091, CVK95092, CVL09277	FOXG_16614P0		EDO05009
OG0004318		Bcin12p04240.1	CVK99795, CVL02650	FOXG_08416P0, FOXG_10976P0		EDN92662
OG0004319		Bcin01p02370.1, Bcin02p02830.1	CVK86424	FOXG_03910P0		EDN96706, EDO01559
OG0004320		Bcin12p00270.1	CVK99427, CVL00383	FOXG_08694P0, FOXG_08995P0		EDO01170
OG0004321		Bcin06p00850.1, Bcin09p06540.1	CVK99410, CVL02600	FOXG_08707P0		EDN93317
OG0004322		Bcin01p11050.1	CVK97406, CVL07109	FOXG_04135P0		EDO02066, EDO03313
OG0004323		Bcin06p06160.1, Bcin08p01700.1, Bcin16p01680.1	CVK94198	FOXG_05804P0		EDO00976
OG0004324		Bcin06p02520.1	CVK91261, CVL06032	FOXG_15457P0	RKF79761	EDN93609
OG0004325		Bcin01p10720.1, Bcin01p10720.2	CVL00172, CVL03611	FOXG_08188P0, FOXG_11998P0		
OG0004326		Bcin04p02380.1	CVK97673, CVL07590	FOXG_02707P0, FOXG_05619P0, FOXG_13487P0		
OG0004327		Bcin05p04880.1	CVK94051, CVK94894	FOXG_05884P0, FOXG_16482P0		EDO03742
OG0004328		Bcin12p00360.1	CVK94150, CVK96056	FOXG_05825P0, FOXG_10116P0		EDO01180
OG0004329		Bcin05p04440.1, Bcin09p02250.1, Bcin09p02250.2	CVK95005	FOXG_16566P0		EDO02594
OG0004330		Bcin12p03110.1	CVK99577, CVL03842	FOXG_08537P0, FOXG_12125P0		EDN92747
OG0004331		Bcin11p01300.1, Bcin11p01380.1, Bcin11p01380.2, Bcin12p04230.1, Bcin16p01910.1	CVL08903			
OG0004332		Bcin08p01020.1, Bcin10p01890.1	CVL05311	FOXG_13598P0		EDO01044, EDO04785
OG0004333		Bcin13p01190.1	CVK85084, CVK95559, CVL08773	FOXG_16795P0		EDN99392
OG0004334		Bcin05p01810.1	CVK84620, CVL07502	FOXG_01071P0, FOXG_17146P0		EDO03314
OG0004335		Bcin12p04490.1	CVK94584, CVL04999	FOXG_05602P0		EDN92764, EDO03312
OG0004336		Bcin01p00620.1, Bcin01p00620.2, Bcin01p00620.3	CVK88259, CVL02509	FOXG_02413P0		
OG0004337		Bcin13p03360.1	CVK92257, CVK97054, CVL09103	FOXG_04336P0		EDN93632
OG0004338		Bcin01p01090.1	CVK97490, CVL05292	FOXG_04087P0, FOXG_11865P0		EDO04659
OG0004339		Bcin12p02290.1, Bcin12p02290.2	CVK93502, CVL08193	FOXG_06328P0		EDN92560
OG0004340		Bcin02p05380.1, Bcin02p05380.2, Bcin02p05380.3	CVK85730	FOXG_13136P0		EDO01830
OG0004341		Bcin05p02830.1, Bcin08p04640.1, Bcin10p01620.1	CVL01261	FOXG_09502P0		EDO03274
OG0004342		Bcin03p05590.1	CVK87835, CVL08752	FOXG_07444P0, FOXG_13070P0		EDN90871
OG0004343		Bcin05p07040.1, Bcin06p05190.1	CVL01262	FOXG_09503P0		EDN96104, EDN99931
OG0004344		Bcin14p01320.1, Bcin14p01320.2	CVL05354, CVL07159	FOXG_02866P0, FOXG_12944P0		
OG0004345		Bcin09p05750.1, Bcin09p05750.2	CVK86245, CVL00401	FOXG_13425P0		EDO01831
OG0004346		Bcin13p05430.1	CVL05048, CVL08498	FOXG_11794P0, FOXG_17340P0		EDN98572
OG0004347		Bcin03p00130.1, Bcin09p06340.1	CVK85869	FOXG_13221P0		EDN91451, EDN94185
OG0004348		Bcin08p02920.1, Bcin08p02920.2	CVK90409	FOXG_03523P0	RKF61131	EDO00820
OG0004349		Bcin14p00610.1, Bcin14p00610.2, Bcin14p00610.3, Bcin14p00610.4, Bcin14p00610.5				EDN91606
OG0004350		Bcin06p02980.1, Bcin12p05120.1	CVK93570	FOXG_06257P0		EDN92720, EDO00011
OG0004351		Bcin10p04440.1, Bcin14p00560.1	CVK86170, CVK95991	FOXG_13386P0		EDO03642
OG0004352		Bcin01p04550.1, Bcin01p04550.2	CVL03888	FOXG_12143P0	RKF65886	EDO01865
OG0004353		Bcin14p02450.1	CVK92605, CVL06415	FOXG_05276P0	RKF75374	EDN91578
OG0004354		Bcin05p03410.1	CVK86230, CVL05035, CVL05060	FOXG_11802P0, FOXG_13416P0		
OG0004355		Bcin11p06040.1	CVK97906, CVL03856	FOXG_12131P0, FOXG_17389P0		EDN96207
OG0004356		Bcin06p04640.1, Bcin06p04640.2, Bcin06p04640.3, Bcin06p04640.4, Bcin06p04640.5				EDN93466
OG0004357		Bcin02p00810.1, Bcin02p00810.2, Bcin12p06100.1, Bcin16p02950.1				EDN98990, EDO02856
OG0004358		Bcin08p03430.1	CVK98320	FOXG_12979P0, FOXG_13019P0, FOXG_13770P0		EDO00743
OG0004359		Bcin07p05880.1, Bcin07p05880.2, Bcin07p05880.3, Bcin07p05880.4	CVK88876	FOXG_02050P0		
OG0004360		Bcin03p00670.1	CVK95031, CVL07908	FOXG_10242P0, FOXG_16581P0		EDN91433
OG0004361		Bcin12p06150.1, Bcin12p06150.2	CVK98331, CVK99611	FOXG_13776P0		EDN98901
OG0004362		Bcin14p01850.1, Bcin14p01850.2, Bcin14p01850.3, Bcin14p01850.4, Bcin14p01850.5				EDN94393
OG0004363		Bcin03p06960.1, Bcin03p06960.2	CVL04564	FOXG_11502P0	RKF57975	EDN90691
OG0004364		Bcin16p02710.1	CVK88218, CVL08183	FOXG_02452P0, FOXG_06935P0, FOXG_14199P0		
OG0004365		Bcin04p03300.1, Bcin08p04550.1, Bcin08p06170.1, Bcin08p06190.1	CVL05380			EDO01359
OG0004366		Bcin08p02940.1, Bcin08p02940.2	CVK90756	FOXG_03315P0	RKF76505	EDO00818
OG0004367		Bcin12p03560.2, Bcin12p03560.3, Bcin12p03560.4	CVK99506	FOXG_08611P0		EDN92503
OG0004368		Bcin02p03210.1, Bcin05p00530.1	CVK99406	FOXG_08711P0		EDN96811, EDO03231
OG0004369		Bcin09p02910.1, Bcin09p02910.2	CVK98153	FOXG_13668P0	RKF81609	EDO02853
OG0004370		Bcin12p01950.1	CVK84814, CVK85045	FOXG_01217P0	RKF81467	EDN92474
OG0004371		Bcin03p03090.1	CVK97383, CVL03542	FOXG_04145P0, FOXG_07427P0		EDN91254
OG0004372		Bcin11p05940.1	CVK93429, CVK97626	FOXG_06388P0, FOXG_13446P0		EDN96221
OG0004373		Bcin05p03380.1	CVK84581, CVK84993	FOXG_01047P0, FOXG_01375P0		EDO03554
OG0004374		Bcin02p00020.1, Bcin02p00020.2	CVK98223	FOXG_07066P0, FOXG_16681P0, FOXG_16744P0		
OG0004375		Bcin11p06310.1, Bcin11p06310.2	CVL03609	FOXG_04662P0, FOXG_11996P0, FOXG_15213P0		
OG0004376		Bcin12p01960.1, Bcin12p01960.2	CVL06144	FOXG_15363P0	RKF81466	EDN92473
OG0004377		Bcin01p04570.1	CVK97941, CVL03894	FOXG_12145P0	RKF62861	EDO01867
OG0004378		Bcin05p05120.1	CVK86298, CVL03776	FOXG_03985P0, FOXG_12096P0		EDO03102
OG0004379		Bcin02p01560.1, Bcin02p01560.2	CVK87325	FOXG_07686P0	RKF57225	EDN96865
OG0004380		Bcin09p00700.1	CVL06038, CVL06938	FOXG_07118P0, FOXG_14739P0		EDN99367
OG0004381		Bcin03p01580.1, Bcin08p02470.1, Bcin08p02470.2, Bcin08p02470.3, Bcin08p02470.4				EDN91322
OG0004382		Bcin08p07140.1	CVK98786, CVL08429	FOXG_02559P0, FOXG_06970P0, FOXG_15776P0		
OG0004383		Bcin03p03410.1, Bcin07p05540.1	CVL04169, CVL04170	FOXG_17297P0		EDN96660
OG0004384		Bcin01p00100.1, Bcin01p00100.2	CVK96958, CVL02220	FOXG_04396P0		EDN93375
OG0004385		Bcin03p03540.1	CVK94319, CVK98859, CVL02219	FOXG_05743P0, FOXG_05744P0		
OG0004386		Bcin03p04680.1	CVK83937, CVL02777, CVL07270	FOXG_11066P0		EDN90992
OG0004387		Bcin07p05400.1	CVK96113, CVL02488, CVL03674	FOXG_10155P0, FOXG_12035P0		
OG0004388		Bcin09p05340.1	CVK86025, CVK91826, CVK96752	FOXG_04753P0, FOXG_13307P0		
OG0004389		Bcin09p02330.1, Bcin09p02330.2, Bcin09p02330.3	CVL05685	FOXG_12768P0		EDO02606
OG0004390		Bcin07p05340.1	CVK95082, CVK95978	FOXG_10067P0, FOXG_13061P0, FOXG_16608P0		
OG0004391		Bcin04p03630.1	CVK89759	FOXG_01503P0, FOXG_07424P0, FOXG_08925P0		EDO01320
OG0004392		Bcin03p03250.1, Bcin03p03250.2	CVK89816	FOXG_01446P0	RKF75339	EDN91277
OG0004393		Bcin02p03070.1, Bcin05p01980.1	CVK92840, CVK94358	FOXG_05446P0		EDN96732
OG0004394		Bcin09p02830.1	CVK85122, CVK98768, CVL03146	FOXG_11261P0		EDO02867
OG0004395		Bcin06p01150.1	CVK85856, CVK98617, CVL02531		RKF83258	EDN93279
OG0004396		Bcin01p01390.1, Bcin01p01390.2	CVK96600, CVK98625	FOXG_04632P0, FOXG_15717P0		
OG0004397		Bcin03p00480.1	CVK95348, CVK97382	FOXG_04146P0, FOXG_09638P0		EDN94219
OG0004398		Bcin07p06120.1, Bcin07p06120.2, Bcin07p06120.3, Bcin07p06120.4	CVK99985	FOXG_08297P0		
OG0004399		Bcin06p07160.1	CVK95183, CVL02075	FOXG_09543P0, FOXG_10871P0		EDO00166
OG0004400		Bcin05p07450.1	CVK84675	FOXG_01100P0, FOXG_01354P0, FOXG_14897P0		EDN95944
OG0004401		Bcin06p04830.1	CVK95951, CVL01024	FOXG_09299P0, FOXG_10041P0		EDN93498
OG0004402		Bcin06p06450.1, Bcin06p06450.2, Bcin06p06450.3	CVK89027	FOXG_01960P0		EDO00247
OG0004403		Bcin15p03260.1	CVK98660, CVL06612	FOXG_14491P0, FOXG_15693P0		EDO02646
OG0004404		Bcin11p01080.1, Bcin16p00550.1, Bcin16p00550.2	CVL06085	FOXG_15410P0		EDN99435
OG0004405		Bcin14p00290.1	CVK92463, CVL03920	FOXG_05132P0, FOXG_12158P0		EDN91648
OG0004406		Bcin01p03740.1	CVK83692, CVK98487	FOXG_00515P0, FOXG_13902P0		EDO01777
OG0004407		Bcin01p04240.1, Bcin01p04240.2	CVK90770	FOXG_03307P0	RKF76863	EDO01836
OG0004408		Bcin06p04700.1	CVK85095, CVK96654, CVL06985	FOXG_04605P0		EDN93447
OG0004409		Bcin05p01040.1	CVK84733, CVL00308	FOXG_01147P0, FOXG_08885P0		EDO03496
OG0004410		Bcin09p03870.1, Bcin09p03870.2	CVK99370	FOXG_08739P0	RKF71256	EDO02837
OG0004411		Bcin02p00360.1, Bcin13p05670.1	CVK91235	FOXG_02940P0, FOXG_09018P0		EDN96561
OG0004412		Bcin05p08330.1	CVK86138, CVK94852	FOXG_13366P0, FOXG_16941P0		EDN95843
OG0004413		Bcin07p05560.1, Bcin07p05560.2, Bcin07p05560.3, Bcin07p05560.4		FOXG_07075P0		EDN96659
OG0004414		Bcin04p03200.1	CVK92615, CVL04101	FOXG_05286P0, FOXG_11868P0, FOXG_12306P0		
OG0004415		Bcin07p01100.1, Bcin07p01100.2, Bcin07p01100.3	CVL00322	FOXG_08900P0		EDN97613
OG0004416		Bcin13p05420.1	CVK86206, CVK99628	FOXG_08508P0, FOXG_13403P0		EDN98573
OG0004417		Bcin13p04700.1	CVK93604, CVL00553	FOXG_06223P0, FOXG_09026P0		EDN98654
OG0004418		Bcin06p01710.1	CVK93466, CVL07577	FOXG_06362P0	RKF81302	EDN99749
OG0004419		Bcin12p03680.1	CVK84226, CVK85024, CVK85025	FOXG_00892P0		EDN92523
OG0004420		Bcin01p00240.1	CVK91805, CVK94221	FOXG_04779P0, FOXG_15910P0		EDN98247
OG0004421		Bcin13p04080.1	CVL00355, CVL00757, CVL03734	FOXG_09137P0, FOXG_12071P0		
OG0004422		Bcin04p00710.1	CVK95432, CVL06328, CVL07300, CVL08700	FOXG_09676P0		
OG0004423		Bcin03p00010.1	CVK85027, CVK98664	FOXG_11842P0, FOXG_11844P0, FOXG_15722P0		
OG0004424		Bcin02p08800.1, Bcin16p05100.1	CVK86249	FOXG_10124P0, FOXG_13429P0		EDO01902
OG0004425		Bcin05p01150.1	CVK84460, CVK89254	FOXG_00973P0, FOXG_01822P0		EDO03478
OG0004426		Bcin03p04320.1	CVK86243, CVK88312, CVL02230	FOXG_02379P0		EDN91022
OG0004427		Bcin03p03550.1	CVL03458, CVL04644, CVL06163	FOXG_11576P0, FOXG_11937P0		
OG0004428		Bcin09p04420.1, Bcin12p01520.1	CVK85674	FOXG_13095P0		EDN92417, EDO02721
OG0004429		Bcin06p00350.1, Bcin06p00350.2	CVK94370, CVL04008	FOXG_05718P0, FOXG_12231P0		
OG0004430		Bcin02p03480.1	CVK94283, CVK96686	FOXG_04573P0, FOXG_05758P0		EDN96777
OG0004431		Bcin04p00840.1	CVK92168, CVK96027, CVK96577, CVL08737	FOXG_10090P0		
OG0004432		Bcin14p02000.1	CVK92713, CVK97704	FOXG_05366P0, FOXG_13514P0		EDN94369
OG0004433		Bcin11p03930.2	CVK90193, CVL06433	FOXG_03643P0, FOXG_15229P0, FOXG_15872P0		
OG0004434		Bcin10p04490.1	CVL07429, CVL08092	FOXG_17175P0		EDN93654, EDN97567
OG0004435		Bcin02p06210.1, Bcin02p06210.2	CVK97484	FOXG_04090P0	RKF71344	EDN95146
OG0004436		Bcin08p01960.1, Bcin08p01960.2	CVK90640, CVL00299	FOXG_03384P0		EDO00935
OG0004437		Bcin06p04490.1	CVK84270, CVL08126	FOXG_07114P0, FOXG_17467P0		EDN99921
OG0004438		Bcin08p03080.1, Bcin08p03080.2	CVK98583	FOXG_15666P0	RKF77145	EDO00806
OG0004439		Bcin05p08130.1	CVK94846, CVL07546	FOXG_08955P0, FOXG_16944P0		EDN95878
OG0004440		Bcin10p03610.1	CVL01286, CVL08226	FOXG_14275P0, FOXG_17774P0		EDO04513
OG0004441		Bcin08p06380.1	CVK84707, CVK95189, CVL07230	FOXG_01122P0, FOXG_09546P0		
OG0004442		Bcin05p05940.1	CVK96670, CVL06086	FOXG_04593P0, FOXG_15409P0		EDN95993
OG0004443		Bcin06p05990.1	CVL01659, CVL02039	FOXG_10368P0, FOXG_10664P0		EDO00368
OG0004444		Bcin09p00570.1	CVK91218, CVK91219, CVK91259, CVL00439	FOXG_02958P0		
OG0004445		Bcin10p00500.1	CVL00281, CVL07682	FOXG_16933P0	RKF83351	EDO00126
OG0004446		Bcin04p05420.1	CVK92848, CVL02691	FOXG_05452P0, FOXG_11010P0	RKF71502	
OG0004447		Bcin16p01460.1	CVK91515, CVK97088, CVL08152	FOXG_02772P0, FOXG_04315P0		
OG0004448		Bcin02p05100.1	CVK86044, CVK95841	FOXG_09943P0, FOXG_13316P0		EDN95270
OG0004449		Bcin14p04610.1	CVL00545, CVL08395	FOXG_02537P0, FOXG_09024P0		EDN94617
OG0004450		Bcin07p01080.1, Bcin07p01080.2	CVL02760	FOXG_11054P0		EDO02111, EDO03134
OG0004451		Bcin01p05290.1, Bcin01p05290.2, Bcin01p05290.3, Bcin01p05290.4	CVK88975			EDO01948
OG0004452		Bcin01p09030.1, Bcin01p09030.2	CVK93820	FOXG_06028P0	RKF60369	EDO02132
OG0004453		Bcin06p06240.1	CVL01644, CVL07845	FOXG_02665P0, FOXG_10361P0		EDO00389
OG0004454		Bcin03p00230.1	CVK94521, CVL04879	FOXG_11724P0, FOXG_17410P0		EDN94194
OG0004455		Bcin14p02940.1	CVK90486, CVK92807	FOXG_03478P0, FOXG_05427P0		EDN91507
OG0004456		Bcin05p02310.1, Bcin05p02310.2	CVK84284	FOXG_00859P0, FOXG_00861P0		EDO03375
OG0004457		Bcin05p06510.1	CVK87318, CVK95606	FOXG_07688P0, FOXG_09780P0		EDO03783
OG0004458		Bcin09p03670.1	CVK91290, CVK96734	FOXG_02876P0, FOXG_04543P0		EDO02816
OG0004459		Bcin04p06980.1	CVL08432	FOXG_02561P0, FOXG_02562P0, FOXG_06964P0, FOXG_06969P0		
OG0004460		Bcin01p02410.1, Bcin01p02410.2, Bcin01p02410.3	CVK93714	FOXG_06100P0		EDO01564
OG0004461		Bcin03p07350.1, Bcin03p07350.2	CVL04113, CVL07608	FOXG_16866P0		EDN90641
OG0004462			CVK84745, CVK84746, CVK84747, CVK95441	FOXG_01160P0, FOXG_09681P0		
OG0004463			CVK84966, CVK85718, CVK85841, CVK85865, CVL06904	FOXG_13209P0		
OG0004464			CVK84857, CVK91286, CVK91287, CVL03655	FOXG_11638P0, FOXG_12027P0		
OG0004465			CVK85177	FOXG_06455P0, FOXG_06808P0, FOXG_07368P0, FOXG_16392P0, FOXG_17472P0		
OG0004466			CVK84884	FOXG_01276P0, FOXG_06564P0, FOXG_06698P0, FOXG_07262P0, FOXG_17636P0		
OG0004467			CVK85038, CVK87590, CVL08805	FOXG_07553P0, FOXG_17279P0, FOXG_17399P0		
OG0004468			CVK84947, CVK95496, CVK98854, CVL02289	FOXG_01337P0, FOXG_09710P0		
OG0004469			CVK86481, CVK87632, CVK94101	FOXG_03843P0, FOXG_05856P0, FOXG_07525P0		
OG0004470			CVK85714, CVK85715, CVK86527, CVK95354	FOXG_03801P0, FOXG_09640P0		
OG0004471			CVK86926, CVK88628, CVK90282, CVK95419, CVK96782	FOXG_03592P0		
OG0004472			CVK85747, CVK98586, CVK98591, CVK98614	FOXG_15670P0, FOXG_15676P0		
OG0004473			CVK86450, CVK87922, CVK88340, CVK98691	FOXG_02358P0, FOXG_03888P0		
OG0004474			CVK87955, CVK92011, CVK94492, CVK94968	FOXG_05656P0, FOXG_16533P0		
OG0004475			CVK87809, CVK88245, CVK94762, CVL04116, CVL06148	FOXG_15361P0		
OG0004476			CVK85701, CVK94531, CVK94569, CVK99172, CVL02208	FOXG_08863P0		
OG0004477			CVK86152, CVK94304, CVK94306, CVK95214	FOXG_09561P0, FOXG_13374P0		
OG0004478			CVK85958, CVK94301, CVL05353	FOXG_10121P0, FOXG_12945P0, FOXG_13266P0		
OG0004479			CVK86289, CVK92131, CVL06683	FOXG_03990P0, FOXG_04936P0, FOXG_14529P0		
OG0004480			CVK85970, CVK95674, CVK99373, CVL06846	FOXG_08736P0, FOXG_14654P0		
OG0004481			CVK85719, CVK94246, CVL02518	FOXG_13128P0, FOXG_15412P0, FOXG_17304P0		
OG0004482			CVK86247, CVK90927, CVL07891	FOXG_02681P0, FOXG_03207P0, FOXG_13427P0		
OG0004483			CVK85639, CVK98126, CVL03952, CVL08860	FOXG_12203P0, FOXG_13108P0		
OG0004484			CVK86015, CVK93965, CVL06887	FOXG_09017P0, FOXG_13302P0, FOXG_14694P0		
OG0004485			CVK86345, CVK90488, CVL06122, CVL07884	FOXG_03477P0, FOXG_15380P0		
OG0004486			CVK85919, CVL03381, CVL06134, CVL08650	FOXG_04791P0, FOXG_13245P0		
OG0004487			CVK87825, CVK96841, CVL02625, CVL08447	FOXG_04468P0, FOXG_10947P0		
OG0004488			CVK86700, CVK91855, CVK99286, CVL03520, CVL04954	FOXG_11964P0		
OG0004489			CVK86143, CVK98790, CVL06997	FOXG_13370P0, FOXG_14801P0, FOXG_15778P0		
OG0004490			CVK89158, CVK91887, CVK98852	FOXG_01881P0, FOXG_04715P0, FOXG_15807P0		
OG0004491			CVK89854, CVK98634, CVL01546, CVL04994	FOXG_10302P0, FOXG_11827P0		
OG0004492			CVK91267, CVL00706, CVL06126, CVL07141	FOXG_02899P0, FOXG_09109P0		
OG0004493			CVK91307, CVK99264, CVL04867	FOXG_02890P0, FOXG_08817P0, FOXG_11691P0		
OG0004494			CVK92066, CVK93935, CVK95839	FOXG_04899P0, FOXG_05952P0, FOXG_09941P0		
OG0004495			CVK91952, CVL05310, CVL07452	FOXG_04849P0, FOXG_12987P0, FOXG_17165P0		
OG0004496			CVK91841, CVL06234, CVL08501	FOXG_04745P0, FOXG_11870P0, FOXG_15317P0		
OG0004497			CVK93028, CVL04118, CVL05099, CVL08186	FOXG_11776P0, FOXG_12322P0		
OG0004498			CVK92415	FOXG_06893P0, FOXG_16102P0, FOXG_16117P0, FOXG_16261P0, FOXG_16278P0		
OG0004499			CVK94351, CVK98023, CVK98736	FOXG_05728P0, FOXG_13606P0, FOXG_15762P0		
OG0004500			CVK93366, CVK95884	FOXG_06428P0, FOXG_09987P0, FOXG_16425P0, FOXG_17335P0		
OG0004501			CVK94249, CVK96668, CVL00799	FOXG_04592P0, FOXG_05779P0, FOXG_09161P0		
OG0004502			CVK94083, CVL00479, CVL02486	FOXG_08940P0, FOXG_10840P0, FOXG_17308P0		
OG0004503			CVK94431, CVK96104, CVK96106, CVK96767, CVK96768, CVK99228			
OG0004504			CVK95886, CVK97891	FOXG_05641P0, FOXG_05652P0, FOXG_09937P0, FOXG_09985P0		
OG0004505			CVK94948, CVL02794, CVL05027, CVL08935	FOXG_11807P0, FOXG_16526P0		
OG0004506			CVK95659, CVL02635, CVL03548	FOXG_09808P0, FOXG_10963P0		EDN94389
OG0004507			CVK96130, CVL02277, CVL05135, CVL07827	FOXG_10800P0, FOXG_17496P0		
OG0004508			CVK96015	FOXG_10100P0, FOXG_15489P0, FOXG_15490P0, FOXG_15492P0, FOXG_17669P0		
OG0004509			CVK95389, CVK96661, CVK99382	FOXG_04586P0, FOXG_08726P0, FOXG_09661P0		
OG0004510			CVK94898, CVL04157	FOXG_09851P0, FOXG_12190P0, FOXG_13059P0, FOXG_16480P0		
OG0004511			CVK95903, CVK97632, CVL04985	FOXG_13450P0		EDN90725, EDN94481
OG0004512			CVK96738, CVK98885, CVL05011, CVL05330, CVL06857	FOXG_17206P0		
OG0004513			CVK97000, CVK98920, CVL03944, CVL07124	FOXG_04368P0, FOXG_12170P0		
OG0004514			CVK97618	FOXG_13440P0, FOXG_14436P0, FOXG_14953P0, FOXG_15045P0, FOXG_15869P0		
OG0004515			CVK97944, CVL01677	FOXG_10379P0, FOXG_14649P0, FOXG_14674P0, FOXG_17398P0		
OG0004516			CVK99383, CVL04932	FOXG_08725P0, FOXG_11755P0, FOXG_14384P0, FOXG_15098P0		
OG0004517			CVK99428, CVL07667	FOXG_07025P0, FOXG_08695P0, FOXG_16907P0		EDO03748
OG0004518			CVK99297, CVL03845, CVL04063	FOXG_06183P0, FOXG_08799P0, FOXG_12126P0		
OG0004519			CVL00522	FOXG_07036P0, FOXG_07038P0, FOXG_07041P0, FOXG_09006P0, FOXG_09015P0		
OG0004520			CVL03002	FOXG_08734P0, FOXG_11181P0, FOXG_14982P0, FOXG_15533P0, FOXG_15990P0		
OG0004521			CVL02559	FOXG_06548P0, FOXG_06714P0, FOXG_07278P0, FOXG_10176P0, FOXG_16488P0		
OG0004522			CVL02580, CVL03361, CVL05257, CVL08684	FOXG_11927P0, FOXG_16782P0		
OG0004523			CVL04097, CVL07475	FOXG_12303P0, FOXG_14472P0, FOXG_14679P0, FOXG_15008P0		
OG0004524			CVL04206, CVL08801	FOXG_12365P0, FOXG_16424P0, FOXG_16846P0, FOXG_17547P0		
OG0004525			CVL03958, CVL05345, CVL08775	FOXG_12206P0, FOXG_16797P0, FOXG_17483P0		
OG0004526			CVL05071, CVL05439, CVL08515, CVL08668	FOXG_04789P0		EDN94473
OG0004527			CVL06998	FOXG_14171P0, FOXG_15925P0, FOXG_15935P0, FOXG_16655P0, FOXG_16720P0		
OG0004528			CVL07563	FOXG_06852P0, FOXG_16158P0, FOXG_16221P0, FOXG_16809P0, FOXG_17626P0		
OG0004529			CVL08240	FOXG_12570P0, FOXG_12621P0, FOXG_13970P0, FOXG_14271P0, FOXG_17055P0		
OG0004530			CVL09034, CVL09070, CVL09071, CVL09347, CVL09355	FOXG_14765P0		
OG0004531			CVL09005	FOXG_06943P0, FOXG_14295P0, FOXG_15499P0, FOXG_15956P0, FOXG_17256P0		
OG0004532				FOXG_14400P0, FOXG_14428P0, FOXG_14980P0, FOXG_15053P0, FOXG_15535P0, FOXG_15992P0		
OG0004533				FOXG_06495P0, FOXG_06767P0, FOXG_07099P0, FOXG_07329P0, FOXG_16355P0, FOXG_17640P0		
OG0004534				FOXG_16680P0, FOXG_16697P0, FOXG_16743P0, FOXG_16762P0, FOXG_17100P0, FOXG_17317P0		
OG0004535				FOXG_06995P0, FOXG_14307P0, FOXG_14463P0, FOXG_15017P0, FOXG_15173P0, FOXG_16734P0		
OG0004536				FOXG_06511P0, FOXG_06753P0, FOXG_07191P0, FOXG_07313P0, FOXG_15837P0, FOXG_16339P0		
OG0004537				FOXG_04528P0, FOXG_12404P0, FOXG_12598P0, FOXG_13993P0, FOXG_14239P0, FOXG_14247P0		
OG0004538				FOXG_07077P0, FOXG_14907P0, FOXG_15554P0, FOXG_16012P0, FOXG_16691P0, FOXG_16755P0		
OG0004539				FOXG_06467P0, FOXG_06796P0, FOXG_07096P0, FOXG_07356P0, FOXG_10189P0, FOXG_16380P0		
OG0004540				FOXG_06509P0, FOXG_06755P0, FOXG_07189P0, FOXG_07315P0, FOXG_08871P0, FOXG_16341P0		
OG0004541				FOXG_06460P0, FOXG_06804P0, FOXG_07364P0, FOXG_16387P0, FOXG_16668P0, FOXG_16731P0		
OG0004542				FOXG_14391P0, FOXG_14889P0, FOXG_15089P0, FOXG_15090P0, FOXG_16718P0, FOXG_16787P0		
OG0004543				FOXG_06463P0, FOXG_06801P0, FOXG_06978P0, FOXG_07161P0, FOXG_07360P0, FOXG_16384P0		
OG0004544				FOXG_10315P0, FOXG_14214P0, FOXG_14392P0, FOXG_15088P0, FOXG_16663P0, FOXG_16726P0		
OG0004545				FOXG_06531P0, FOXG_06736P0, FOXG_07294P0, FOXG_14386P0, FOXG_15096P0, FOXG_16319P0		
OG0004546				FOXG_04648P0, FOXG_06865P0, FOXG_07182P0, FOXG_14640P0, FOXG_16145P0, FOXG_16234P0		
OG0004547				FOXG_12495P0, FOXG_12880P0, FOXG_14044P0, FOXG_14172P0, FOXG_17118P0, FOXG_17252P0		
OG0004548				FOXG_06510P0, FOXG_06754P0, FOXG_07190P0, FOXG_07314P0, FOXG_16340P0		EDN99528
OG0004549					RKF66053, RKF77617, RKF77646, RKF77647, RKF81619, RKF84120	
OG0004550					RKF76185, RKF81341, RKF83407, RKF83704, RKF84093, RKF84097	
OG0004551					RKF53314, RKF54722, RKF60073, RKF74275, RKF78936, RKF83942	
OG0004552					RKF53744, RKF53746, RKF56676, RKF65801, RKF82420, RKF83689	
OG0004553					RKF55215, RKF77952, RKF77956, RKF78730, RKF80943, RKF83302	
OG0004554					RKF59583, RKF66763, RKF71513, RKF75407, RKF80802, RKF82510	
OG0004555					RKF57765, RKF57785, RKF57794, RKF75714, RKF75715, RKF82176	
OG0004556					RKF58297, RKF64705, RKF78241, RKF78242, RKF80717, RKF81732	
OG0004557					RKF53599, RKF65471, RKF79308, RKF79311, RKF80151, RKF81591	
OG0004558					RKF62769, RKF66837, RKF73686, RKF77360, RKF78130, RKF80055	
OG0004559					RKF71468, RKF71472, RKF76230, RKF76962, RKF76963, RKF76985	
OG0004560						EDN91302, EDN91636, EDN95248, EDN99185, EDN99190, EDN99501
OG0004561	BLGH_06579-mRNA-1	Bcin02p08110.1	CVK87165	FOXG_07780P0	RKF51349	
OG0004562	BLGH_06584-mRNA-1	Bcin13p00690.1	CVL01936	FOXG_10557P0	RKF54429	
OG0004563	BLGH_06585-mRNA-1	Bcin13p00700.1	CVL01937	FOXG_10558P0	RKF54428	
OG0004564	BLGH_06607-mRNA-1	Bcin15p03480.1	CVK93540	FOXG_06289P0	RKF80917	
OG0004565	BLGH_06620-mRNA-1	Bcin13p02330.1	CVK87220	FOXG_07742P0		EDN99516
OG0004566	BLGH_06885-mRNA-1	Bcin16p04670.1	CVL01920	FOXG_10541P0	RKF80781	
OG0004567	BLGH_06894-mRNA-1	Bcin03p09190.1	CVK89820	FOXG_01442P0	RKF79404	
OG0004568	BLGH_06897-mRNA-1	Bcin03p09180.1	CVK88560	FOXG_02242P0	RKF81781	
OG0004569	BLGH_04592-mRNA-1	Bcin07p02450.1	CVK83786	FOXG_00571P0	RKF59318	
OG0004570	BLGH_04593-mRNA-1	Bcin07p02410.1	CVK83610	FOXG_00489P0	RKF60921	
OG0004571	BLGH_04594-mRNA-1	Bcin07p02380.1	CVK83793	FOXG_00574P0	RKF79505	
OG0004572	BLGH_04597-mRNA-1	Bcin07p02480.1, Bcin07p02480.2	CVK83746		RKF79367	
OG0004573	BLGH_04598-mRNA-1	Bcin06p06300.1	CVK82873	FOXG_00019P0		EDO00410
OG0004574	BLGH_04603-mRNA-1	Bcin05p08160.1, Bcin16p02990.1			RKF83541	EDN95861
OG0004575	BLGH_04604-mRNA-1	Bcin07p01710.1	CVK83294	FOXG_00270P0	RKF79292	
OG0004576	BLGH_04605-mRNA-1	Bcin07p01700.1	CVK83991	FOXG_00686P0	RKF79291	
OG0004577	BLGH_04611-mRNA-1	Bcin03p08380.1	CVK83177	FOXG_00195P0	RKF81117	
OG0004578	BLGH_04613-mRNA-1	Bcin03p08360.1	CVK83172	FOXG_00192P0	RKF81118	
OG0004579	BLGH_04614-mRNA-1	Bcin03p08440.1	CVK83435	FOXG_00355P0	RKF81119	
OG0004580	BLGH_04621-mRNA-1	Bcin03p08660.1	CVK84014	FOXG_00698P0	RKF58398	
OG0004581	BLGH_04622-mRNA-1	Bcin03p08670.1	CVK83622	FOXG_00483P0	RKF58397	
OG0004582	BLGH_04623-mRNA-1	Bcin03p08680.1	CVK83614	FOXG_00487P0	RKF58396	
OG0004583	BLGH_04624-mRNA-1	Bcin03p08690.1	CVK83613	FOXG_00488P0	RKF58395	
OG0004584	BLGH_04627-mRNA-1	Bcin03p08450.1	CVK82894	FOXG_00033P0	RKF61975	
OG0004585	BLGH_04628-mRNA-1	Bcin03p08600.1	CVK83905	FOXG_00637P0	RKF65452	
OG0004586	BLGH_04629-mRNA-1	Bcin03p08610.1	CVK83391	FOXG_00331P0	RKF74330	
OG0004587	BLGH_04638-mRNA-1	Bcin07p04560.1	CVK89392	FOXG_01737P0	RKF66059	
OG0004588	BLGH_04639-mRNA-1	Bcin07p04540.1	CVK83702	FOXG_00520P0	RKF78942	
OG0004589	BLGH_04640-mRNA-1	Bcin02p04670.1	CVK89440	FOXG_01709P0	RKF79353	
OG0004590	BLGH_04643-mRNA-1, BLGH_05572-mRNA-1, BLGH_05581-mRNA-1, BLGH_05582-mRNA-1, BLGH_05671-mRNA-1					
OG0004591	BLGH_04420-mRNA-1, BLGH_04644-mRNA-1	Bcin13p03780.1			RKF58868, RKF76400	
OG0004592	BLGH_04648-mRNA-1	Bcin01p05240.1	CVK89427		RKF81735	EDO01943
OG0004593	BLGH_04661-mRNA-1	Bcin07p04750.1	CVK83045	FOXG_00124P0	RKF53273	
OG0004594	BLGH_04662-mRNA-1	Bcin07p04740.1	CVK83044	FOXG_00123P0	RKF53272	
OG0004595	BLGH_04666-mRNA-1	Bcin06p05710.1	CVK83075	FOXG_00138P0	RKF63863	
OG0004596	BLGH_04668-mRNA-1	Bcin06p05690.1	CVK88977	FOXG_01990P0		EDO00106
OG0004597	BLGH_04675-mRNA-1	Bcin07p04680.1	CVK83103	FOXG_00155P0	RKF60458	
OG0004598	BLGH_04676-mRNA-1	Bcin07p04650.1	CVK83017	FOXG_00105P0	RKF83947	
OG0004599	BLGH_04684-mRNA-1	Bcin01p03680.1	CVK83048	FOXG_00126P0		EDO01770
OG0004600	BLGH_04695-mRNA-1	Bcin06p03360.1	CVK83110	FOXG_00159P0		EDO00036
OG0004601	BLGH_04703-mRNA-1, BLGH_04704-mRNA-1, BLGH_04707-mRNA-1, BLGH_04708-mRNA-1, BLGH_04732-mRNA-1					
OG0004602	BLGH_04706-mRNA-1	Bcin07p02570.1	CVK83529	FOXG_00412P0	RKF64067	
OG0004603	BLGH_04709-mRNA-1	Bcin04p04320.1	CVK86784	FOXG_08031P0	RKF78805	
OG0004604	BLGH_04710-mRNA-1	Bcin11p05440.1	CVK83535	FOXG_00415P0	RKF78233	
OG0004605	BLGH_04711-mRNA-1	Bcin03p07690.1	CVK89393	FOXG_01736P0	RKF65680	
OG0004606	BLGH_04712-mRNA-1	Bcin03p07700.1, Bcin03p07700.2	CVK89395	FOXG_01735P0		
OG0004607	BLGH_04724-mRNA-1	Bcin03p07720.1	CVL00958	FOXG_09260P0	RKF58889	
OG0004608	BLGH_04725-mRNA-1	Bcin03p07710.1	CVL00959	FOXG_09261P0	RKF58887	
OG0004609	BLGH_04735-mRNA-1	Bcin07p00420.2	CVL05816	FOXG_12691P0		EDN95388
OG0004610	BLGH_04741-mRNA-1	Bcin01p11330.1	CVK91441	FOXG_02817P0	RKF63479	
OG0004611	BLGH_04743-mRNA-1	Bcin15p03650.1	CVK97284	FOXG_04201P0	RKF65615	
OG0004612	BLGH_04786-mRNA-1	Bcin08p06150.1	CVL01140	FOXG_09378P0	RKF54117	
OG0004613	BLGH_04790-mRNA-1	Bcin09p00660.1	CVK84911	FOXG_01303P0		EDO02424
OG0004614	BLGH_04793-mRNA-1, BLGH_04794-mRNA-1, BLGH_04811-mRNA-1, BLGH_04814-mRNA-1, BLGH_04815-mRNA-1					
OG0004615	BLGH_04804-mRNA-1	Bcin07p06670.1	CVK88300	FOXG_02383P0	RKF71483	
OG0004616	BLGH_04812-mRNA-1	Bcin03p09280.1	CVK84038	FOXG_00713P0	RKF72965	
OG0004617	BLGH_04818-mRNA-1	Bcin01p00880.1	CVL03083	FOXG_11226P0		EDN98162
OG0004618	BLGH_04822-mRNA-1	Bcin13p00210.1	CVK89183	FOXG_01866P0	RKF55310	
OG0004619	BLGH_03198-mRNA-1, BLGH_03203-mRNA-1, BLGH_07088-mRNA-1	Bcin08p04840.1			RKF63019	
OG0004620	BLGH_05044-mRNA-1	Bcin14p03520.1	CVK92849	FOXG_05453P0		EDN94532
OG0004621	BLGH_05053-mRNA-1	Bcin14p03920.1	CVK92670	FOXG_05341P0		EDN94494
OG0004622	BLGH_05060-mRNA-1	Bcin14p05160.1	CVK87215	FOXG_07745P0	RKF81124	
OG0004623	BLGH_05063-mRNA-1	Bcin14p01640.1	CVK90055		RKF75944	EDN91486
OG0004624	BLGH_05075-mRNA-1	Bcin14p02560.1	CVL02003	FOXG_10629P0		EDN91565
OG0004625	BLGH_05077-mRNA-1	Bcin14p02580.1	CVL02004	FOXG_10630P0		EDN91564
OG0004626	BLGH_05080-mRNA-1	Bcin14p02650.1	CVK92745	FOXG_05387P0		EDN91554
OG0004627	BLGH_05088-mRNA-1	Bcin14p01600.1	CVL02014		RKF77390	EDN91483
OG0004628	BLGH_05090-mRNA-1	Bcin14p01620.1	CVK92746	FOXG_05388P0		EDN91485
OG0004629	BLGH_05092-mRNA-1	Bcin14p05050.1	CVK86778	FOXG_08037P0	RKF59670	
OG0004630	BLGH_05093-mRNA-1	Bcin14p05010.1	CVL05664	FOXG_12779P0	RKF54953	
OG0004631	BLGH_05094-mRNA-1	Bcin14p05100.1	CVL05817	FOXG_12690P0	RKF55193	
OG0004632	BLGH_05096-mRNA-1	Bcin14p05080.1	CVL02938	FOXG_11143P0	RKF55195	
OG0004633	BLGH_05097-mRNA-1	Bcin14p05170.1	CVK86918	FOXG_07935P0	RKF62459	
OG0004634	BLGH_05099-mRNA-1	Bcin14p05130.1	CVK87212	FOXG_07748P0	RKF58764	
OG0004635	BLGH_05100-mRNA-1	Bcin14p05110.1	CVL02962	FOXG_11157P0	RKF71104	
OG0004636	BLGH_05102-mRNA-1	Bcin14p04980.1	CVL05658	FOXG_12782P0	RKF62388	
OG0004637	BLGH_05103-mRNA-1	Bcin14p04990.1	CVL05661	FOXG_12781P0	RKF62386	
OG0004638	BLGH_05105-mRNA-1	Bcin14p04950.1	CVL02747	FOXG_11048P0	RKF62387	
OG0004639	BLGH_05115-mRNA-1	Bcin14p02980.1	CVK90098	FOXG_05547P0		EDN91499
OG0004640	BLGH_05117-mRNA-1	Bcin14p02973.1	CVK90100	FOXG_05546P0		EDN91501
OG0004641	BLGH_05118-mRNA-1	Bcin14p02970.1	CVK90082	FOXG_05555P0		EDN91502
OG0004642	BLGH_05122-mRNA-1	Bcin14p04070.1	CVK92928	FOXG_05501P0		EDN94468
OG0004643	BLGH_05147-mRNA-1	Bcin14p00990.1	CVK92569	FOXG_05240P0		EDN94274
OG0004644	BLGH_05151-mRNA-1	Bcin14p05460.1	CVK86802	FOXG_08011P0	RKF62749	
OG0004645	BLGH_05152-mRNA-1	Bcin10p03680.1	CVL01291		RKF80761	EDO04502
OG0004646	BLGH_05158-mRNA-1	Bcin14p04630.1	CVK86797	FOXG_08016P0		EDN94615
OG0004647	BLGH_05159-mRNA-1	Bcin14p04620.1		FOXG_08017P0	RKF65818	EDN94616
OG0004648	BLGH_05177-mRNA-1	Bcin14p02210.1	CVL02991		RKF55237	EDN94334
OG0004649	BLGH_05193-mRNA-1	Bcin14p04760.1	CVK84458	FOXG_00972P0		EDN94633
OG0004650	BLGH_05201-mRNA-1	Bcin07p00830.1	CVK89808	FOXG_01454P0		EDN95340
OG0004651	BLGH_05206-mRNA-1	Bcin14p02440.1	CVK90104	FOXG_05544P0		EDN91580
OG0004652	BLGH_05208-mRNA-1		CVK92683	FOXG_05350P0	RKF80074	EDN94374
OG0004653	BLGH_05214-mRNA-1	Bcin02p06930.1	CVK86611	FOXG_03721P0	RKF54973	
OG0004654	BLGH_05215-mRNA-1	Bcin02p06940.1	CVK97024	FOXG_17750P0	RKF54974	
OG0004655	BLGH_06854-mRNA-1	Bcin16p03500.1	CVK88253	FOXG_02418P0	RKF83145	
OG0004656	BLGH_06855-mRNA-1	Bcin07p04270.1	CVK93548	FOXG_06281P0	RKF73348	
OG0004657	BLGH_06856-mRNA-1	Bcin07p04280.1	CVK93547	FOXG_06282P0	RKF79284	
OG0004658	BLGH_06857-mRNA-1	Bcin04p01740.1	CVK92107	FOXG_04924P0		EDO01505
OG0004659	BLGH_06858-mRNA-1	Bcin07p04340.1	CVK93549	FOXG_06280P0	RKF81288	
OG0004660	BLGH_06859-mRNA-1	Bcin07p04310.1	CVL00021	FOXG_08279P0	RKF65321	
OG0004661	BLGH_06870-mRNA-1	Bcin07p06100.1	CVK99433	FOXG_08690P0	RKF55508	
OG0004662	BLGH_06871-mRNA-1	Bcin15p01480.1	CVK93542	FOXG_06287P0	RKF82128	
OG0004663	BLGH_06873-mRNA-1	Bcin07p06090.1	CVK99431	FOXG_08691P0	RKF55509	
OG0004664	BLGH_06877-mRNA-1	Bcin15p01470.1	CVK93543	FOXG_06286P0	RKF53433	
OG0004665	BLGH_00012-mRNA-1	Bcin04p05850.1	CVK92820	FOXG_05434P0	RKF83226	
OG0004666	BLGH_00014-mRNA-1	Bcin04p05840.1	CVK92821	FOXG_05435P0	RKF83225	
OG0004667	BLGH_00016-mRNA-1	Bcin04p05820.1	CVK92825	FOXG_05438P0	RKF83223	
OG0004668	BLGH_00017-mRNA-1	Bcin04p05810.1	CVK92828	FOXG_05439P0	RKF83222	
OG0004669	BLGH_00018-mRNA-1	Bcin04p05780.1	CVK92834	FOXG_05442P0	RKF83219	
OG0004670	BLGH_00019-mRNA-1	Bcin04p05790.1	CVK92832	FOXG_05441P0	RKF83220	
OG0004671	BLGH_00020-mRNA-1	Bcin04p05800.1	CVK92830	FOXG_05440P0	RKF83221	
OG0004672	BLGH_00021-mRNA-1	Bcin04p05390.1	CVK98519	FOXG_13933P0	RKF81163	
OG0004673	BLGH_00039-mRNA-1	Bcin04p01280.1	CVK92395	FOXG_05112P0	RKF78760	
OG0004674	BLGH_00045-mRNA-1	Bcin15p05590.1	CVL00896	FOXG_09218P0	RKF75977	
OG0004675	BLGH_00046-mRNA-1	Bcin15p05600.1	CVK87645	FOXG_07519P0	RKF77235	
OG0004676	BLGH_00049-mRNA-1	Bcin04p05490.1	CVK92566	FOXG_05237P0	RKF61827	
OG0004677	BLGH_00052-mRNA-1	Bcin15p05610.1	CVK87639	FOXG_07522P0	RKF80286	
OG0004678	BLGH_00055-mRNA-1	Bcin04p01250.1	CVK92903	FOXG_05486P0	RKF78757	
OG0004679	BLGH_00057-mRNA-1	Bcin04p01270.1	CVK92394	FOXG_05111P0	RKF78759	
OG0004680	BLGH_00060-mRNA-1	Bcin04p06700.1	CVL02812	FOXG_11084P0	RKF64371	
OG0004681	BLGH_00072-mRNA-1	Bcin04p05870.1	CVK92482	FOXG_05152P0	RKF78076	
OG0004682	BLGH_00079-mRNA-1	Bcin04p00430.1	CVK98693	FOXG_15741P0		EDO01231
OG0004683	BLGH_00087-mRNA-1	Bcin04p05920.1	CVK87222	FOXG_07741P0	RKF71166	
OG0004684	BLGH_00089-mRNA-1	Bcin04p05940.1	CVK87225	FOXG_07739P0	RKF71165	
OG0004685	BLGH_00090-mRNA-1	Bcin04p05960.1	CVK98430	FOXG_13844P0	RKF82524	
OG0004686	BLGH_00091-mRNA-1	Bcin04p05970.1	CVK98429	FOXG_13843P0	RKF82525	
OG0004687	BLGH_00096-mRNA-1	Bcin04p05450.1	CVL05867	FOXG_12658P0	RKF54110	
OG0004688	BLGH_00097-mRNA-1	Bcin04p05460.1	CVK86855	FOXG_07976P0	RKF54109	
OG0004689	BLGH_00098-mRNA-1	Bcin04p05470.1	CVK86856	FOXG_07975P0	RKF54108	
OG0004690	BLGH_00101-mRNA-1	Bcin04p05370.1	CVK86854	FOXG_07977P0	RKF54107	
OG0004691	BLGH_00102-mRNA-1	Bcin04p05600.1	CVK92506	FOXG_05177P0	RKF71478	
OG0004692	BLGH_00105-mRNA-1	Bcin04p05590.1	CVK92507	FOXG_05178P0	RKF82026	
OG0004693	BLGH_00108-mRNA-1	Bcin04p05710.1	CVK92864	FOXG_05462P0	RKF83559	
OG0004694	BLGH_00109-mRNA-1	Bcin04p05730.1	CVK92862	FOXG_05461P0	RKF83558	
OG0004695	BLGH_00110-mRNA-1	Bcin04p05740.1	CVK92860	FOXG_05460P0	RKF83557	
OG0004696	BLGH_00114-mRNA-1	Bcin09p03140.1	CVK92505	FOXG_05176P0		EDO02753
OG0004697	BLGH_00121-mRNA-1	Bcin09p03100.1	CVK92872	FOXG_05467P0		EDO02759
OG0004698	BLGH_00126-mRNA-1	Bcin04p05660.1	CVK92870	FOXG_05466P0	RKF81127	
OG0004699	BLGH_00127-mRNA-1	Bcin04p05670.1	CVK92869	FOXG_05465P0	RKF81126	
OG0004700	BLGH_00130-mRNA-1	Bcin09p03170.1	CVK92501	FOXG_05172P0		EDO02750
OG0004701	BLGH_00134-mRNA-1	Bcin04p05680.1	CVK92866	FOXG_05463P0	RKF83560	
OG0004702	BLGH_00139-mRNA-1	Bcin04p04090.1	CVK92389	FOXG_05106P0	RKF82494	
OG0004703	BLGH_00149-mRNA-1	Bcin04p01290.1	CVK92644	FOXG_05317P0	RKF59105	
OG0004704	BLGH_00151-mRNA-1	Bcin04p04260.1	CVK90964	FOXG_03185P0	RKF75363	
OG0004705	BLGH_00155-mRNA-1	Bcin04p04280.1	CVK92303	FOXG_05033P0	RKF74574	
OG0004706	BLGH_00156-mRNA-1	Bcin04p04290.1	CVK92301	FOXG_05032P0	RKF78160	
OG0004707	BLGH_00161-mRNA-1	Bcin05p05340.1	CVK84496		RKF79411	EDN96054
OG0004708	BLGH_00163-mRNA-1	Bcin05p05310.1	CVK84316	FOXG_00836P0		EDN96057
OG0004709	BLGH_00176-mRNA-1	Bcin05p07170.1	CVK84538	FOXG_01022P0		EDO03834
OG0004710	BLGH_00184-mRNA-1	Bcin05p07910.1	CVK94334	FOXG_05736P0		EDN95886
OG0004711	BLGH_00198-mRNA-1	Bcin05p02350.1	CVK84277		RKF59892	EDO03371
OG0004712	BLGH_00228-mRNA-1	Bcin16p03520.1	CVK88277	FOXG_02400P0	RKF83796	
OG0004713	BLGH_00231-mRNA-1	Bcin04p01160.1	CVK90076	FOXG_05559P0	RKF61947	
OG0004714	BLGH_00232-mRNA-1	Bcin04p01150.1	CVK90077	FOXG_05558P0	RKF81318	
OG0004715	BLGH_00234-mRNA-1	Bcin16p01350.1	CVL01235	FOXG_09473P0	RKF55231	
OG0004716	BLGH_00236-mRNA-1	Bcin04p01180.1	CVK90072	FOXG_05561P0	RKF73248	
OG0004717	BLGH_00240-mRNA-1	Bcin04p03240.1	CVK92625	FOXG_05298P0		EDO01371
OG0004718	BLGH_00241-mRNA-1	Bcin04p04200.1	CVK92548	FOXG_05220P0	RKF55893	
OG0004719	BLGH_00244-mRNA-1	Bcin04p01190.1	CVK90070	FOXG_05562P0	RKF74522	
OG0004720	BLGH_00246-mRNA-1	Bcin04p01050.1	CVK90062	FOXG_05565P0	RKF82079	
OG0004721	BLGH_00251-mRNA-1	Bcin04p04160.1	CVK92751	FOXG_05391P0	RKF58671	
OG0004722	BLGH_00255-mRNA-1	Bcin07p03890.1	CVK97139	FOXG_04286P0	RKF83911	
OG0004723	BLGH_00256-mRNA-1	Bcin16p01500.1	CVK89100	FOXG_01913P0	RKF71371	
OG0004724	BLGH_00259-mRNA-1	Bcin16p01530.1	CVK96961	FOXG_04394P0	RKF57763	
OG0004725	BLGH_00263-mRNA-1	Bcin07p03910.1	CVK97140	FOXG_04285P0	RKF83201	
OG0004726	BLGH_00266-mRNA-1	Bcin16p03730.1	CVK88239	FOXG_02431P0	RKF76233	
OG0004727	BLGH_00271-mRNA-1	Bcin16p03590.1	CVK88244	FOXG_02426P0	RKF73864	
OG0004728	BLGH_00274-mRNA-1	Bcin13p00410.1	CVL01044	FOXG_17768P0	RKF80104	
OG0004729	BLGH_00275-mRNA-1	Bcin13p00440.1	CVL01048	FOXG_09313P0	RKF80103	
OG0004730	BLGH_00276-mRNA-1	Bcin13p00450.1	CVK89131	FOXG_01895P0	RKF64732	
OG0004731	BLGH_00282-mRNA-1	Bcin07p06650.1	CVK88198	FOXG_02473P0	RKF81132	
OG0004732	BLGH_00285-mRNA-1	Bcin16p02630.1	CVK99469	FOXG_08653P0	RKF79276	
OG0004733	BLGH_00286-mRNA-1	Bcin16p02640.1	CVK88453	FOXG_02302P0	RKF79275	
OG0004734	BLGH_00288-mRNA-1	Bcin13p00460.1	CVL01271	FOXG_09512P0	RKF80336	
OG0004735	BLGH_00292-mRNA-1	Bcin16p02410.1	CVK88652	FOXG_02190P0	RKF82209	
OG0004736	BLGH_00296-mRNA-1	Bcin16p00840.1	CVK97205	FOXG_04246P0	RKF65084	
OG0004737	BLGH_00297-mRNA-1	Bcin16p00830.1	CVK88840	FOXG_02074P0	RKF65085	
OG0004738	BLGH_00298-mRNA-1	Bcin16p00820.1	CVK97202	FOXG_04248P0	RKF65086	
OG0004739	BLGH_00299-mRNA-1	Bcin16p02390.1	CVK96972	FOXG_04386P0	RKF82192	
OG0004740	BLGH_00300-mRNA-1	Bcin16p01640.1	CVK88855	FOXG_02064P0	RKF56376	
OG0004741	BLGH_00301-mRNA-1	Bcin16p01650.1	CVK88853	FOXG_02065P0	RKF56377	
OG0004742	BLGH_00306-mRNA-1	Bcin16p01540.1	CVK89216	FOXG_01848P0	RKF56468	
OG0004743	BLGH_00307-mRNA-1	Bcin16p03070.1	CVL01208	FOXG_09449P0	RKF56469	
OG0004744	BLGH_00308-mRNA-1	Bcin16p03060.1	CVL01209	FOXG_09450P0	RKF56470	
OG0004745	BLGH_00310-mRNA-1	Bcin13p00270.1	CVL01270	FOXG_09511P0	RKF55957	
OG0004746	BLGH_00312-mRNA-1	Bcin13p00760.1	CVK88825	FOXG_02082P0	RKF81936	
OG0004747	BLGH_00320-mRNA-1	Bcin07p03810.1	CVK88298	FOXG_02384P0	RKF82340	
OG0004748	BLGH_00321-mRNA-1	Bcin07p07060.1	CVK88318	FOXG_02372P0	RKF82109	
OG0004749	BLGH_00323-mRNA-1	Bcin07p06790.1	CVK88217	FOXG_17742P0	RKF64422	
OG0004750	BLGH_00324-mRNA-1	Bcin07p05800.1	CVK97125	FOXG_04295P0	RKF80165	
OG0004751	BLGH_00330-mRNA-1	Bcin02p04200.1	CVK83267	FOXG_00253P0	RKF84134	
OG0004752	BLGH_00331-mRNA-1	Bcin13p00900.1	CVL01165	FOXG_09403P0	RKF54089	
OG0004753	BLGH_00336-mRNA-1	Bcin15p04590.1	CVK83327	FOXG_00291P0	RKF53452	
OG0004754	BLGH_00337-mRNA-1	Bcin15p04600.1	CVK83496	FOXG_00391P0	RKF53451	
OG0004755	BLGH_00338-mRNA-1	Bcin15p04610.1	CVK83507	FOXG_00398P0	RKF53450	
OG0004756	BLGH_00343-mRNA-1	Bcin15p01320.1	CVK83222	FOXG_00224P0	RKF80705	
OG0004757	BLGH_00349-mRNA-1	Bcin13p00500.1	CVK88822	FOXG_02084P0	RKF83477	
OG0004758	BLGH_00350-mRNA-1	Bcin13p00480.1	CVK89188	FOXG_01863P0	RKF72327	
OG0004759	BLGH_00352-mRNA-1	Bcin13p00550.1	CVK89192	FOXG_01861P0	RKF54401	
OG0004760	BLGH_00353-mRNA-1	Bcin13p00540.1	CVK89190	FOXG_01862P0	RKF54400	
OG0004761	BLGH_00355-mRNA-1	Bcin13p00830.1	CVK88848	FOXG_02068P0	RKF55347	
OG0004762	BLGH_00356-mRNA-1	Bcin13p00780.1	CVK88847	FOXG_02070P0	RKF56011	
OG0004763	BLGH_00357-mRNA-1	Bcin13p00790.1	CVK88845	FOXG_02071P0	RKF73098	
OG0004764	BLGH_00361-mRNA-1	Bcin15p04620.1	CVK83505	FOXG_00397P0	RKF60380	
OG0004765	BLGH_00366-mRNA-1	Bcin07p05780.1	CVL01163	FOXG_09401P0	RKF80956	
OG0004766	BLGH_00367-mRNA-1	Bcin16p03280.1	CVK88818	FOXG_02086P0	RKF77815	
OG0004767	BLGH_00372-mRNA-1	Bcin07p06910.1	CVK88321	FOXG_02370P0	RKF71500	
OG0004768	BLGH_00373-mRNA-1	Bcin16p01380.1	CVK89203	FOXG_01855P0	RKF74637	
OG0004769	BLGH_00375-mRNA-1	Bcin16p01400.1	CVK89209	FOXG_01852P0	RKF74635	
OG0004770	BLGH_00377-mRNA-1	Bcin16p02860.1	CVL01043	FOXG_09309P0	RKF82434	
OG0004771	BLGH_00385-mRNA-1	Bcin16p03800.1	CVK89104	FOXG_01911P0	RKF78081	
OG0004772	BLGH_00386-mRNA-1	Bcin16p03790.1	CVK89102	FOXG_01912P0	RKF78080	
OG0004773	BLGH_00387-mRNA-1	Bcin16p03780.1	CVK89105	FOXG_01910P0	RKF54229	
OG0004774	BLGH_00388-mRNA-1	Bcin16p03770.1	CVK89107	FOXG_01909P0	RKF54230	
OG0004775	BLGH_00391-mRNA-1	Bcin13p00230.1	CVK90293	FOXG_03584P0	RKF55650	
OG0004776	BLGH_00392-mRNA-1	Bcin13p00220.1	CVL01215	FOXG_09455P0	RKF56316	
OG0004777	BLGH_00394-mRNA-1	Bcin13p00090.1	CVL01213	FOXG_09453P0	RKF78248	
OG0004778	BLGH_00395-mRNA-1	Bcin13p00240.1	CVL01207	FOXG_09448P0	RKF55649	
OG0004779	BLGH_00396-mRNA-1	Bcin13p00520.1	CVL01268	FOXG_09509P0	RKF56317	
OG0004780	BLGH_00397-mRNA-1	Bcin16p01370.1	CVK89205	FOXG_01854P0	RKF84148	
OG0004781	BLGH_00398-mRNA-1	Bcin13p00620.1	CVK89196	FOXG_01859P0	RKF83869	
OG0004782	BLGH_00404-mRNA-1	Bcin02p03960.1	CVK87342	FOXG_07679P0		EDN96511
OG0004783	BLGH_00405-mRNA-1	Bcin15p01640.1	CVK89015	FOXG_01967P0	RKF80704	
OG0004784	BLGH_00406-mRNA-1	Bcin15p00300.1	CVK83502	FOXG_00395P0	RKF80065	
OG0004785	BLGH_00415-mRNA-1	Bcin15p00340.1	CVK83286	FOXG_00264P0	RKF65518	
OG0004786	BLGH_00417-mRNA-1	Bcin15p00360.1	CVK83287	FOXG_00266P0	RKF65516	
OG0004787	BLGH_00418-mRNA-1	Bcin15p00370.1	CVK83289	FOXG_00267P0	RKF65515	
OG0004788	BLGH_00419-mRNA-1	Bcin15p00380.1	CVK83290	FOXG_00268P0	RKF65514	
OG0004789	BLGH_00442-mRNA-1	Bcin15p01520.1	CVL01007	FOXG_09288P0	RKF66065	
OG0004790	BLGH_00443-mRNA-1	Bcin15p01530.1	CVL01004	FOXG_09287P0	RKF66064	
OG0004791	BLGH_00444-mRNA-1	Bcin15p01550.1	CVK83208	FOXG_00216P0	RKF82591	
OG0004792	BLGH_00445-mRNA-1	Bcin15p01560.1	CVK83549	FOXG_00424P0	RKF56560	
OG0004793	BLGH_00451-mRNA-1	Bcin15p01180.1	CVK89716	FOXG_01544P0	RKF84171	
OG0004794	BLGH_00456-mRNA-1	Bcin02p04140.1	CVK83734	FOXG_00543P0		EDN96485
OG0004795	BLGH_00468-mRNA-1	Bcin15p01850.1	CVL01014	FOXG_09293P0	RKF77657	
OG0004796	BLGH_00489-mRNA-1	Bcin15p01810.1	CVK83133	FOXG_00170P0	RKF56309	
OG0004797	BLGH_00490-mRNA-1	Bcin15p01820.1	CVK83130	FOXG_00169P0	RKF57329	
OG0004798	BLGH_00495-mRNA-1	Bcin15p01570.1	CVL00969	FOXG_09266P0	RKF80654	
OG0004799	BLGH_00497-mRNA-1	Bcin15p04500.1	CVK83162	FOXG_00187P0	RKF81612	
OG0004800	BLGH_00498-mRNA-1	Bcin15p01500.1	CVK83160	FOXG_00185P0	RKF57261	
OG0004801	BLGH_00501-mRNA-1	Bcin15p03460.1	CVL03214	FOXG_11299P0	RKF57258	
OG0004802	BLGH_00502-mRNA-1	Bcin15p00400.1	CVL02996	FOXG_11177P0	RKF57259	
OG0004803	BLGH_00504-mRNA-1	Bcin15p00410.1	CVL02998	FOXG_11178P0	RKF57260	
OG0004804	BLGH_00507-mRNA-1	Bcin15p03450.1	CVK87276	FOXG_07707P0	RKF65764	
OG0004805	BLGH_00508-mRNA-1	Bcin15p01910.1	CVL05430	FOXG_12908P0	RKF49715	
OG0004806	BLGH_00514-mRNA-1	Bcin15p03440.1	CVK87274	FOXG_07708P0	RKF65765	
OG0004807	BLGH_00515-mRNA-1	Bcin15p03420.1	CVL02994	FOXG_11176P0	RKF58664	
OG0004808	BLGH_00522-mRNA-1	Bcin15p01350.1	CVK84162	FOXG_00790P0	RKF75027	
OG0004809	BLGH_00527-mRNA-1	Bcin15p01380.1	CVL05594	FOXG_12819P0	RKF80816	
OG0004810	BLGH_00528-mRNA-1, BLGH_00530-mRNA-1, BLGH_00532-mRNA-1, BLGH_00533-mRNA-1, BLGH_00541-mRNA-1					
OG0004811	BLGH_00552-mRNA-1	Bcin15p01330.1	CVL02850	FOXG_11100P0	RKF71463	
OG0004812	BLGH_00553-mRNA-1	Bcin15p01340.1	CVK85100, CVK97910	FOXG_17391P0		
OG0004813	BLGH_00558-mRNA-1	Bcin15p02470.1	CVL03181	FOXG_11282P0	RKF57793	
OG0004814	BLGH_00561-mRNA-1	Bcin15p02480.1	CVL03183	FOXG_11283P0	RKF56664	
OG0004815	BLGH_00563-mRNA-1	Bcin02p02090.1	CVK83293	FOXG_00269P0		EDN96912
OG0004816	BLGH_00565-mRNA-1	Bcin15p02450.1	CVL03178	FOXG_11280P0	RKF66056	
OG0004817	BLGH_00566-mRNA-1	Bcin15p02490.1	CVL03177	FOXG_11279P0	RKF66057	
OG0004818	BLGH_00567-mRNA-1	Bcin15p02500.1	CVL03175	FOXG_11278P0	RKF66058	
OG0004819	BLGH_00585-mRNA-1	Bcin08p04580.1	CVK87472	FOXG_07614P0	RKF57844	
OG0004820	BLGH_00586-mRNA-1	Bcin16p05120.1	CVK86876	FOXG_07964P0	RKF75559	
OG0004821	BLGH_00588-mRNA-1	Bcin02p00890.1	CVK84432	FOXG_00957P0	RKF54355	
OG0004822	BLGH_00594-mRNA-1	Bcin15p01240.1	CVK82849	FOXG_00006P0	RKF62378	
OG0004823	BLGH_00596-mRNA-1	Bcin15p02510.1	CVK82844	FOXG_00003P0	RKF82996	
OG0004824	BLGH_00598-mRNA-1	Bcin02p02800.1	CVK82838		RKF65326	EDN96703
OG0004825	BLGH_00603-mRNA-1	Bcin15p04490.1	CVK82962	FOXG_00072P0	RKF55927	
OG0004826	BLGH_00613-mRNA-1	Bcin15p03290.1	CVK82959	FOXG_00070P0	RKF65167	
OG0004827	BLGH_00623-mRNA-1	Bcin15p01120.1	CVK83358	FOXG_00308P0	RKF77558	
OG0004828	BLGH_00624-mRNA-1	Bcin02p01310.1	CVK86840	FOXG_07985P0	RKF82463	
OG0004829	BLGH_00630-mRNA-1	Bcin15p00510.1	CVK83910	FOXG_00642P0	RKF64394	
OG0004830	BLGH_00631-mRNA-1	Bcin15p01150.1	CVK83562	FOXG_00432P0	RKF64395	
OG0004831	BLGH_00635-mRNA-1	Bcin15p02180.1	CVL02786	FOXG_11070P0	RKF79640	
OG0004832	BLGH_00636-mRNA-1	Bcin15p02190.1	CVL02785	FOXG_11069P0	RKF79639	
OG0004833	BLGH_00639-mRNA-1	Bcin02p04070.1	CVK83661	FOXG_00495P0		EDN96498
OG0004834	BLGH_00640-mRNA-1	Bcin15p00280.1	CVK82966	FOXG_00074P0	RKF81224	
OG0004835	BLGH_00646-mRNA-1	Bcin15p03340.1	CVL03155	FOXG_11267P0	RKF72419	
OG0004836	BLGH_00647-mRNA-1	Bcin15p03350.1	CVL03160	FOXG_11269P0	RKF81975	
OG0004837	BLGH_00648-mRNA-1	Bcin15p03410.1	CVL03164	FOXG_11271P0	RKF84053	
OG0004838	BLGH_00654-mRNA-1	Bcin15p03390.1	CVL03167	FOXG_11273P0	RKF71264	
OG0004839	BLGH_00664-mRNA-1	Bcin04p03970.1	CVK84183	FOXG_00800P0		EDO01279
OG0004840	BLGH_00665-mRNA-1	Bcin02p02970.1	CVL03194	FOXG_11288P0		EDN96721
OG0004841	BLGH_00674-mRNA-1	Bcin15p01650.1	CVK83430	FOXG_00352P0	RKF78111	
OG0004842	BLGH_00676-mRNA-1	Bcin07p05160.1, Bcin07p05160.2			RKF55463	EDN97158
OG0004843	BLGH_00678-mRNA-1	Bcin15p02030.1	CVK98503	FOXG_13919P0	RKF83850	
OG0004844	BLGH_00679-mRNA-1	Bcin15p02040.1	CVK98504	FOXG_13920P0	RKF83851	
OG0004845	BLGH_00680-mRNA-1	Bcin15p02020.1	CVK98500	FOXG_13916P0	RKF71151	
OG0004846	BLGH_00689-mRNA-1	Bcin15p02050.1	CVK98501	FOXG_13917P0	RKF75462	
OG0004847	BLGH_00690-mRNA-1	Bcin15p02110.1	CVK98514	FOXG_13925P0	RKF83846	
OG0004848	BLGH_00691-mRNA-1	Bcin15p02120.1	CVK86807	FOXG_08006P0	RKF53352	
OG0004849	BLGH_00692-mRNA-1	Bcin15p02130.1	CVK98499	FOXG_13914P0	RKF53477	
OG0004850	BLGH_00707-mRNA-1	Bcin12p02720.1	CVK93105		RKF65526	EDN92608
OG0004851	BLGH_05573-mRNA-1	Bcin15p05560.1	CVL00883	FOXG_09211P0	RKF83939	
OG0004852	BLGH_05577-mRNA-1	Bcin15p02360.1	CVK89605	FOXG_01612P0	RKF64523	
OG0004853	BLGH_05578-mRNA-1	Bcin15p02340.1	CVK88903	FOXG_02033P0	RKF64524	
OG0004854	BLGH_05584-mRNA-1	Bcin15p05550.1	CVL00885	FOXG_09212P0	RKF83940	
OG0004855	BLGH_05585-mRNA-1	Bcin15p04410.1	CVK99697	FOXG_08469P0	RKF82981	
OG0004856	BLGH_05619-mRNA-1	Bcin15p04040.1	CVK99523	FOXG_08594P0	RKF81422	
OG0004857	BLGH_05624-mRNA-1	Bcin07p06550.1	CVK93537	FOXG_06292P0	RKF79118	
OG0004858	BLGH_05627-mRNA-1	Bcin15p03490.1	CVK93539	FOXG_06290P0	RKF78390	
OG0004859	BLGH_05630-mRNA-1	Bcin15p04030.1	CVK93488	FOXG_06342P0	RKF80130	
OG0004860	BLGH_05640-mRNA-1	Bcin15p02890.1	CVL01919	FOXG_10540P0	RKF56485	
OG0004861	BLGH_05641-mRNA-1	Bcin15p03240.1	CVK88740	FOXG_02137P0	RKF56484	
OG0004862	BLGH_05643-mRNA-1	Bcin15p03220.1	CVK89275	FOXG_01808P0	RKF60198	
OG0004863	BLGH_05644-mRNA-1	Bcin15p03210.1	CVK89648	FOXG_01588P0	RKF58839	
OG0004864	BLGH_05645-mRNA-1	Bcin15p03200.1	CVK88929	FOXG_02018P0	RKF58840	
OG0004865	BLGH_05649-mRNA-1	Bcin15p02860.1	CVK88750	FOXG_02130P0	RKF54695	
OG0004866	BLGH_05650-mRNA-1	Bcin15p02870.1	CVK88752	FOXG_02129P0	RKF76374	
OG0004867	BLGH_05652-mRNA-1	Bcin15p01210.1	CVK89288	FOXG_01800P0	RKF61421	
OG0004868	BLGH_05653-mRNA-1	Bcin02p01000.1	CVK89730	FOXG_01529P0	RKF79435	
OG0004869	BLGH_05654-mRNA-1	Bcin15p02310.1	CVK89636	FOXG_01593P0	RKF79436	
OG0004870	BLGH_05662-mRNA-1	Bcin15p02660.1	CVL01049	FOXG_09314P0	RKF82328	
OG0004871	BLGH_05663-mRNA-1	Bcin15p02880.1	CVK88753	FOXG_02128P0	RKF62068	
OG0004872	BLGH_05664-mRNA-1	Bcin15p02640.1	CVK89300	FOXG_01793P0	RKF76227	
OG0004873	BLGH_05665-mRNA-1	Bcin15p02730.1	CVK88747	FOXG_02132P0	RKF75888	
OG0004874	BLGH_05672-mRNA-1	Bcin15p02720.1	CVK88743	FOXG_02134P0	RKF75887	
OG0004875	BLGH_05675-mRNA-1	Bcin07p04890.1	CVK89725	FOXG_01534P0	RKF82898	
OG0004876	BLGH_05677-mRNA-1	Bcin15p02610.1	CVK89727	FOXG_01532P0	RKF79472	
OG0004877	BLGH_05678-mRNA-1	Bcin15p02620.1	CVK89728	FOXG_01531P0	RKF81255	
OG0004878	BLGH_05679-mRNA-1	Bcin15p03190.1	CVK88895	FOXG_02038P0	RKF65683	
OG0004879	BLGH_05680-mRNA-1	Bcin15p03160.1	CVK88897	FOXG_02037P0	RKF65682	
OG0004880	BLGH_05689-mRNA-1	Bcin15p02650.1	CVL01051	FOXG_09315P0	RKF76219	
OG0004881	BLGH_05692-mRNA-1	Bcin07p04910.1	CVK87087	FOXG_07828P0	RKF65122	
OG0004882	BLGH_05693-mRNA-1	Bcin07p04900.1	CVK87089	FOXG_07827P0	RKF83043	
OG0004883	BLGH_05699-mRNA-1, BLGH_05708-mRNA-1	Bcin06p05200.1			RKF81170	EDN99932
OG0004884	BLGH_01372-mRNA-1	Bcin10p04390.1	CVK97219	FOXG_04239P0		EDN97643
OG0004885	BLGH_01375-mRNA-1	Bcin10p04210.1	CVL01931	FOXG_10552P0		EDN97669
OG0004886	BLGH_01414-mRNA-1	Bcin10p02030.1	CVK97017	FOXG_04359P0		EDO04801
OG0004887	BLGH_01419-mRNA-1	Bcin05p03850.1	CVK87500	FOXG_07599P0		EDO03615
OG0004888	BLGH_01424-mRNA-1	Bcin10p02580.1	CVL01220		RKF75845	EDN97761
OG0004889	BLGH_01433-mRNA-1	Bcin10p02450.1	CVL01148	FOXG_09386P0		EDO04856
OG0004890	BLGH_01467-mRNA-1	Bcin10p02260.1	CVL01943		RKF55469	EDO04835
OG0004891	BLGH_01472-mRNA-1	Bcin15p01260.1	CVL00411	FOXG_08981P0	RKF77225	
OG0004892	BLGH_01493-mRNA-1	Bcin10p05780.1	CVK97034	FOXG_04347P0		EDO04888
OG0004893	BLGH_01497-mRNA-1	Bcin10p04910.1	CVK96957		RKF53584	EDN97580
OG0004894	BLGH_01506-mRNA-1	Bcin08p00440.1	CVK96977		RKF55693	EDN97729
OG0004895	BLGH_01513-mRNA-1	Bcin04p04880.1	CVK87182	FOXG_07769P0	RKF80806	
OG0004896	BLGH_01515-mRNA-1	Bcin08p00530.1	CVK96980	FOXG_04381P0		EDN97746
OG0004897	BLGH_01543-mRNA-1	Bcin01p02350.1	CVK84343	FOXG_00820P0		EDO01557
OG0004898	BLGH_01544-mRNA-1	Bcin01p02340.1	CVK84345	FOXG_00819P0		EDO01556
OG0004899	BLGH_01559-mRNA-1	Bcin04p05350.1	CVK84410	FOXG_00943P0	RKF79439	
OG0004900	BLGH_01560-mRNA-1	Bcin01p04630.1	CVK84773	FOXG_01185P0		EDO01871
OG0004901	BLGH_01570-mRNA-1	Bcin06p02370.1			RKF53837	EDN99672, EDN99673
OG0004902	BLGH_01603-mRNA-1	Bcin06p03610.1	CVK95083	FOXG_16609P0		EDN99818
OG0004903	BLGH_01618-mRNA-1	Bcin10p05140.1, Bcin10p05140.2			RKF81894	EDO04582
OG0004904	BLGH_01635-mRNA-1	Bcin15p05540.1	CVL00887	FOXG_09213P0	RKF62247	
OG0004905	BLGH_01643-mRNA-1	Bcin16p03890.1	CVL01116	FOXG_09355P0	RKF83246	
OG0004906	BLGH_01672-mRNA-1	Bcin11p06170.1	CVL04693	FOXG_11624P0		EDN96188
OG0004907	BLGH_01714-mRNA-1	Bcin05p03740.1	CVK89782	FOXG_01479P0		EDO03597
OG0004908	BLGH_01715-mRNA-1	Bcin07p00710.1	CVK88877	FOXG_02049P0		EDN95362
OG0004909	BLGH_01733-mRNA-1	Bcin07p00770.1	CVK92996	FOXG_11412P0		EDN95347
OG0004910	BLGH_01741-mRNA-1	Bcin15p00830.1	CVL05544	FOXG_12846P0	RKF55502	
OG0004911	BLGH_01742-mRNA-1	Bcin15p00820.1	CVK86724	FOXG_08087P0	RKF55503	
OG0004912	BLGH_01753-mRNA-1	Bcin02p07290.1	CVK89261	FOXG_01817P0	RKF83235	
OG0004913	BLGH_01755-mRNA-1	Bcin03p08860.1	CVK93428	FOXG_06389P0	RKF78835	
OG0004914	BLGH_01760-mRNA-1	Bcin06p07300.1	CVK99962		RKF57837	EDO00155
OG0004915	BLGH_01771-mRNA-1	Bcin07p06340.1	CVK99563	FOXG_08551P0	RKF82759	
OG0004916	BLGH_01772-mRNA-1	Bcin07p06350.1	CVK99562	FOXG_08552P0	RKF64898	
OG0004917	BLGH_01774-mRNA-1	Bcin02p07660.1	CVK87160	FOXG_07784P0	RKF84087	
OG0004918	BLGH_01783-mRNA-1	Bcin15p04340.1	CVK99715	FOXG_08459P0	RKF83524	
OG0004919	BLGH_01795-mRNA-1	Bcin15p04990.1	CVL00890	FOXG_09215P0	RKF77126	
OG0004920	BLGH_01797-mRNA-1	Bcin15p04190.1	CVK99827	FOXG_08397P0	RKF65481	
OG0004921	BLGH_01803-mRNA-1	Bcin15p04960.1	CVL00878	FOXG_09209P0	RKF54688	
OG0004922	BLGH_01804-mRNA-1	Bcin15p05430.1	CVK97301	FOXG_04190P0	RKF82084	
OG0004923	BLGH_01806-mRNA-1	Bcin15p05020.1	CVK87578	FOXG_07559P0	RKF57894	
OG0004924	BLGH_01814-mRNA-1	Bcin03p08850.1	CVK93427	FOXG_06390P0	RKF78836	
OG0004925	BLGH_01817-mRNA-1	Bcin15p03700.1	CVK97294	FOXG_04195P0	RKF65563	
OG0004926	BLGH_01819-mRNA-1	Bcin15p05240.1	CVK99896	FOXG_08355P0	RKF79324	
OG0004927	BLGH_01820-mRNA-1	Bcin15p05190.1	CVK93471	FOXG_06358P0	RKF79684	
OG0004928	BLGH_01821-mRNA-1	Bcin15p03680.1	CVK97291	FOXG_04197P0	RKF78839	
OG0004929	BLGH_01822-mRNA-1	Bcin07p01800.1	CVK97289	FOXG_04198P0	RKF78838	
OG0004930	BLGH_01823-mRNA-1	Bcin07p01810.1	CVK97287	FOXG_04199P0	RKF78837	
OG0004931	BLGH_01825-mRNA-1	Bcin02p07590.1	CVK87174	FOXG_07773P0	RKF74759	
OG0004932	BLGH_01826-mRNA-1	Bcin02p07580.1	CVK87176	FOXG_17764P0	RKF74758	
OG0004933	BLGH_01829-mRNA-1	Bcin07p04400.1	CVK99556	FOXG_08557P0	RKF55987	
OG0004934	BLGH_01830-mRNA-1	Bcin02p09130.1	CVK89249	FOXG_01825P0	RKF74760	
OG0004935	BLGH_01836-mRNA-1	Bcin02p04700.1	CVK99554	FOXG_08559P0	RKF53981	
OG0004936	BLGH_01839-mRNA-1	Bcin14p03250.1	CVK92587		RKF82752	EDN94563
OG0004937	BLGH_01850-mRNA-1	Bcin07p04180.1	CVK93536	FOXG_06293P0	RKF62586	
OG0004938	BLGH_01852-mRNA-1	Bcin01p05720.1, Bcin01p05720.2			RKF82555	EDO01997
OG0004939	BLGH_01867-mRNA-1	Bcin04p06820.1	CVK86937	FOXG_07922P0	RKF63284	
OG0004940	BLGH_01876-mRNA-1	Bcin05p00170.1	CVK84641	FOXG_01083P0		EDO03162
OG0004941	BLGH_01885-mRNA-1	Bcin05p05280.1	CVK84476		RKF53817	EDN96060
OG0004942	BLGH_01917-mRNA-1, BLGH_07089-mRNA-1	Bcin05p00310.1			RKF53649, RKF66769	
OG0004943	BLGH_01923-mRNA-1	Bcin05p04670.1	CVK84292	FOXG_00852P0		EDO03713
OG0004944	BLGH_01930-mRNA-1	Bcin04p04400.1	CVK92578	FOXG_05250P0	RKF78872	
OG0004945	BLGH_01931-mRNA-1	Bcin04p04410.1	CVK92577	FOXG_05249P0	RKF84142	
OG0004946	BLGH_01932-mRNA-1	Bcin04p04420.1	CVK92299	FOXG_05031P0	RKF82447	
OG0004947	BLGH_01933-mRNA-1	Bcin04p04430.1	CVK92296	FOXG_05029P0	RKF82448	
OG0004948	BLGH_01934-mRNA-1	Bcin04p04440.1	CVK92295	FOXG_05028P0	RKF82449	
OG0004949	BLGH_01935-mRNA-1	Bcin04p04520.1	CVK92368	FOXG_05085P0	RKF80524	
OG0004950	BLGH_01937-mRNA-1	Bcin04p04500.1	CVK92911	FOXG_05491P0	RKF79460	
OG0004951	BLGH_01938-mRNA-1	Bcin04p04490.1	CVK92909	FOXG_05490P0	RKF79459	
OG0004952	BLGH_01939-mRNA-1	Bcin04p04480.1	CVK92907	FOXG_05489P0	RKF82503	
OG0004953	BLGH_01940-mRNA-1	Bcin04p04470.1	CVK92906	FOXG_05488P0	RKF82504	
OG0004954	BLGH_01941-mRNA-1	Bcin04p04460.1	CVK92904	FOXG_05487P0	RKF82505	
OG0004955	BLGH_01964-mRNA-1	Bcin04p06570.1	CVL05701	FOXG_12759P0	RKF54333	
OG0004956	BLGH_01966-mRNA-1	Bcin03p02900.1, Bcin04p06870.1	CVL02706	FOXG_11025P0		
OG0004957	BLGH_01971-mRNA-1, BLGH_01978-mRNA-1	Bcin08p06370.1	CVL00971	FOXG_09268P0		
OG0004958	BLGH_01982-mRNA-1	Bcin04p06760.1	CVL05632	FOXG_12797P0	RKF82438	
OG0004959	BLGH_01983-mRNA-1	Bcin04p06750.1	CVL05630	FOXG_12798P0	RKF82437	
OG0004960	BLGH_01985-mRNA-1	Bcin04p06720.1	CVL02771	FOXG_11062P0	RKF58673	
OG0004961	BLGH_01990-mRNA-1	Bcin04p06740.1	CVK86939	FOXG_07921P0	RKF57597	
OG0004962	BLGH_01993-mRNA-1	Bcin04p06170.1	CVL02819	FOXG_11087P0	RKF78790	
OG0004963	BLGH_04377-mRNA-1	Bcin13p04920.1	CVK93868	FOXG_05996P0		EDN98632
OG0004964	BLGH_04379-mRNA-1	Bcin13p02370.1	CVL03278	FOXG_11335P0	RKF77189	
OG0004965	BLGH_04392-mRNA-1	Bcin13p01280.1	CVK90881		RKF55447	EDN99384
OG0004966	BLGH_04404-mRNA-1	Bcin08p06950.1	CVL00169	FOXG_08190P0	RKF65492	
OG0004967	BLGH_04422-mRNA-1	Bcin13p01430.1	CVK93862	FOXG_06001P0		EDN99364
OG0004968	BLGH_04440-mRNA-1		CVK93852	FOXG_06008P0	RKF54332	EDN99378
OG0004969	BLGH_04458-mRNA-1	Bcin13p03480.1	CVK90983	FOXG_03171P0		EDN93621
OG0004970	BLGH_04469-mRNA-1	Bcin13p03450.1	CVK90840	FOXG_03261P0		EDN93624
OG0004971	BLGH_04496-mRNA-1	Bcin07p01820.1	CVK97285	FOXG_04200P0	RKF74570	
OG0004972	BLGH_04511-mRNA-1	Bcin09p03590.1	CVK91031	FOXG_03140P0	RKF76113	
OG0004973	BLGH_04526-mRNA-1	Bcin09p06280.1	CVK91019	FOXG_03147P0		EDO03126
OG0004974	BLGH_04542-mRNA-1	Bcin09p06150.1	CVK90601	FOXG_03407P0	RKF56827	
OG0004975	BLGH_04555-mRNA-1	Bcin09p03270.1	CVK91074	FOXG_03098P0		EDO02776
OG0004976	BLGH_06481-mRNA-1	Bcin13p04620.1	CVL05885	FOXG_12648P0		EDN98666
OG0004977	BLGH_06520-mRNA-1	Bcin13p04550.1	CVL05895	FOXG_12643P0		EDN98674
OG0004978	BLGH_06523-mRNA-1	Bcin02p04520.1	CVK97171	FOXG_04266P0	RKF72667	
OG0004979	BLGH_06544-mRNA-1	Bcin08p06410.1	CVL04605	FOXG_11539P0	RKF58832	
OG0004980	BLGH_06560-mRNA-1	Bcin08p06930.1	CVK89528	FOXG_01658P0	RKF64976	
OG0004981	BLGH_06561-mRNA-1	Bcin08p06200.1	CVL01139	FOXG_09377P0	RKF55241	
OG0004982	BLGH_06562-mRNA-1	Bcin08p06210.1	CVL01138	FOXG_17113P0	RKF83996	
OG0004983	BLGH_06982-mRNA-1	Bcin01p07320.1	CVK96703	FOXG_04558P0		EDO01738
OG0004984	BLGH_06986-mRNA-1	Bcin01p02100.1	CVK90241	FOXG_03611P0		EDO01524
OG0004985	BLGH_06989-mRNA-1	Bcin01p02060.1, Bcin01p02060.2	CVK90251	FOXG_03606P0		
OG0004986	BLGH_06806-mRNA-1	Bcin01p10040.1	CVL06034	FOXG_15455P0		EDO02100
OG0004987	BLGH_06809-mRNA-1	Bcin01p10090.1	CVL06048	FOXG_15443P0		EDO02093
OG0004988	BLGH_04994-mRNA-1, BLGH_05005-mRNA-1, BLGH_06825-mRNA-1, BLGH_07007-mRNA-1, BLGH_07078-mRNA-1					
OG0004989	BLGH_06837-mRNA-1	Bcin09p01370.1	CVK92319	FOXG_05044P0		EDO02504
OG0004990	BLGH_02630-mRNA-1	Bcin08p02390.1	CVL03162	FOXG_11270P0		EDO00887
OG0004991	BLGH_02633-mRNA-1	Bcin08p06440.1	CVL01556	FOXG_10307P0	RKF71178	
OG0004992	BLGH_02634-mRNA-1	Bcin08p02580.1	CVL01816	FOXG_10466P0		EDO00870
OG0004993	BLGH_02635-mRNA-1	Bcin08p02590.1	CVL01850	FOXG_10489P0		EDO00869
OG0004994	BLGH_02638-mRNA-1	Bcin08p05260.1	CVL01800	FOXG_10453P0	RKF60185	
OG0004995	BLGH_02639-mRNA-1	Bcin08p05250.1	CVK88578	FOXG_02230P0	RKF60186	
OG0004996	BLGH_02640-mRNA-1	Bcin08p05240.1	CVK88576	FOXG_02231P0	RKF60184	
OG0004997	BLGH_02641-mRNA-1	Bcin08p05290.1	CVL01601	FOXG_10333P0	RKF82655	
OG0004998	BLGH_02643-mRNA-1	Bcin08p05310.1	CVL04592	FOXG_11528P0	RKF82653	
OG0004999	BLGH_02644-mRNA-1	Bcin08p05320.1	CVL04593	FOXG_11529P0	RKF62513	
OG0005000	BLGH_02652-mRNA-1	Bcin08p04200.1	CVK86988		RKF80924	EDO00655
OG0005001	BLGH_02655-mRNA-1	Bcin08p06590.1	CVL00664	FOXG_09084P0	RKF80436	
OG0005002	BLGH_02661-mRNA-1	Bcin08p05910.1	CVK89827	FOXG_01435P0	RKF62706	
OG0005003	BLGH_02662-mRNA-1	Bcin08p05900.1	CVK89826	FOXG_01436P0	RKF62707	
OG0005004	BLGH_02663-mRNA-1	Bcin08p05920.1	CVK89828	FOXG_01434P0	RKF49268	
OG0005005	BLGH_02665-mRNA-1	Bcin08p05930.1	CVK87031	FOXG_07864P0	RKF64483	
OG0005006	BLGH_02666-mRNA-1	Bcin08p05890.1	CVK89824	FOXG_01438P0	RKF84027	
OG0005007	BLGH_02668-mRNA-1	Bcin08p05560.1	CVK89523	FOXG_01661P0	RKF83062	
OG0005008	BLGH_02672-mRNA-1	Bcin08p06020.1	CVK89513	FOXG_01667P0	RKF58340	
OG0005009	BLGH_02673-mRNA-1	Bcin08p06030.1	CVK89511	FOXG_01668P0	RKF58341	
OG0005010	BLGH_02674-mRNA-1	Bcin08p06040.1	CVK89510	FOXG_01669P0	RKF83862	
OG0005011	BLGH_02675-mRNA-1	Bcin08p05880.1	CVK89825	FOXG_01437P0	RKF80575	
OG0005012	BLGH_02734-mRNA-1	Bcin08p05760.1	CVK89524	FOXG_01660P0	RKF55459	
OG0005013	BLGH_02740-mRNA-1	Bcin08p05830.1	CVK89294	FOXG_01796P0	RKF55462	
OG0005014	BLGH_02745-mRNA-1	Bcin08p05530.1	CVK89587	FOXG_01623P0	RKF59528	
OG0005015	BLGH_02749-mRNA-1	Bcin08p06090.1	CVK89520	FOXG_01663P0	RKF83861	
OG0005016	BLGH_02755-mRNA-1	Bcin08p05850.1	CVK89667	FOXG_01578P0	RKF62081	
OG0005017	BLGH_02757-mRNA-1	Bcin08p06650.1	CVK93383	FOXG_06419P0	RKF55536	
OG0005018	BLGH_02758-mRNA-1	Bcin08p06640.1	CVK93945	FOXG_05946P0	RKF55535	
OG0005019	BLGH_02760-mRNA-1	Bcin08p06700.1	CVK93594	FOXG_06233P0	RKF81627	
OG0005020	BLGH_02762-mRNA-1	Bcin08p06620.1	CVL00666	FOXG_09086P0	RKF72630	
OG0005021	BLGH_02763-mRNA-1	Bcin08p06610.1	CVK87077	FOXG_07834P0	RKF65570	
OG0005022	BLGH_02764-mRNA-1	Bcin08p06680.1	CVK86509	FOXG_03818P0	RKF66023	
OG0005023	BLGH_02766-mRNA-1	Bcin08p06850.1	CVK89821	FOXG_01441P0	RKF54504	
OG0005024	BLGH_02767-mRNA-1	Bcin08p06860.1	CVK89831	FOXG_01431P0	RKF54505	
OG0005025	BLGH_02768-mRNA-1	Bcin08p04210.1	CVK87036	FOXG_07861P0		EDO00656
OG0005026	BLGH_02780-mRNA-1	Bcin08p02370.1	CVK89591		RKF57941	EDO00889
OG0005027	BLGH_02782-mRNA-1	Bcin08p03520.1	CVL04534	FOXG_11482P0		EDO00737
OG0005028	BLGH_02783-mRNA-1	Bcin08p04870.1	CVL01572	FOXG_10316P0	RKF82946	
OG0005029	BLGH_02802-mRNA-1	Bcin11p04470.1	CVL01481	FOXG_10262P0	RKF71517	
OG0005030	BLGH_02803-mRNA-1	Bcin11p04700.1	CVK83182	FOXG_00198P0	RKF71518	
OG0005031	BLGH_02805-mRNA-1	Bcin08p03500.1	CVL01580	FOXG_10321P0		EDO00739
OG0005032	BLGH_02811-mRNA-1	Bcin11p05840.1	CVK82864		RKF78354	EDN96246
OG0005033	BLGH_02824-mRNA-1	Bcin08p05500.1	CVK89585	FOXG_01624P0	RKF55908	
OG0005034	BLGH_02848-mRNA-1	Bcin08p06780.1	CVK93874	FOXG_05992P0	RKF79521	
OG0005035	BLGH_02857-mRNA-1	Bcin08p05510.1	CVK89584	FOXG_01625P0	RKF60877	
OG0005036	BLGH_02861-mRNA-1	Bcin12p05280.1	CVL07673	FOXG_16903P0		EDN98959
OG0005037	BLGH_02872-mRNA-1	Bcin08p00780.1	CVK87455		RKF64242	EDO01110
OG0005038	BLGH_02876-mRNA-1	Bcin03p01660.1	CVK86987		RKF56228	EDN91116
OG0005039	BLGH_02888-mRNA-1	Bcin08p04680.1	CVL01249	FOXG_09489P0	RKF80999	
OG0005040	BLGH_02889-mRNA-1	Bcin08p04670.1	CVL01248	FOXG_09488P0	RKF80618	
OG0005041	BLGH_02890-mRNA-1	Bcin08p04660.1	CVL01247	FOXG_09487P0	RKF80619	
OG0005042	BLGH_02894-mRNA-1	Bcin16p02690.1	CVL04537	FOXG_11484P0	RKF53109	
OG0005043	BLGH_02895-mRNA-1	Bcin08p01310.1	CVL04504	FOXG_11464P0		EDO01021
OG0005044	BLGH_02896-mRNA-1	Bcin03p07340.1, Bcin03p07340.2			RKF60465	EDN90642
OG0005045	BLGH_02897-mRNA-1	Bcin08p04030.1	CVK93331		RKF80112	EDO00676
OG0005046	BLGH_02912-mRNA-1	Bcin08p06740.1	CVL01260	FOXG_09501P0	RKF81537	
OG0005047	BLGH_02926-mRNA-1	Bcin11p04500.1	CVL04804	FOXG_11680P0	RKF54943	
OG0005048	BLGH_02928-mRNA-1	Bcin11p04650.1	CVL01465	FOXG_10253P0	RKF63809	
OG0005049	BLGH_02931-mRNA-1	Bcin11p04660.1	CVK83891	FOXG_00628P0	RKF82361	
OG0005050	BLGH_02932-mRNA-1	Bcin11p04640.1	CVK83591	FOXG_00450P0	RKF54942	
OG0005051	BLGH_02933-mRNA-1	Bcin11p04740.1	CVL01468	FOXG_10255P0	RKF77546	
OG0005052	BLGH_02946-mRNA-1	Bcin11p04750.1	CVL01469	FOXG_10256P0	RKF79261	
OG0005053	BLGH_02947-mRNA-1	Bcin11p04760.1	CVL01470	FOXG_10257P0	RKF79260	
OG0005054	BLGH_02948-mRNA-1	Bcin11p04770.1	CVL01473	FOXG_10258P0	RKF71087	
OG0005055	BLGH_02949-mRNA-1	Bcin11p04720.1	CVL04687	FOXG_11618P0	RKF71086	
OG0005056	BLGH_02955-mRNA-1	Bcin01p10710.1	CVK93915	FOXG_05965P0	RKF83609	
OG0005057	BLGH_02960-mRNA-1	Bcin02p05620.1, Bcin02p08820.1			RKF58562	EDN95237
OG0005058	BLGH_02961-mRNA-1	Bcin11p04590.1	CVK83480	FOXG_00381P0	RKF74784	
OG0005059	BLGH_02962-mRNA-1	Bcin11p04680.1	CVK83483	FOXG_00383P0	RKF76125	
OG0005060	BLGH_02971-mRNA-1	Bcin01p09990.1	CVK90947	FOXG_03194P0	RKF78513	
OG0005061	BLGH_02973-mRNA-1	Bcin01p09960.1	CVK90940	FOXG_03198P0	RKF78878	
OG0005062	BLGH_02976-mRNA-1	Bcin11p06250.1	CVL04780		RKF48473	EDN96180
OG0005063	BLGH_02979-mRNA-1	Bcin11p00570.1	CVK82922	FOXG_00050P0	RKF66851	
OG0005064	BLGH_02982-mRNA-1	Bcin01p07990.1	CVK98609	FOXG_15678P0		EDO02172
OG0005065	BLGH_02983-mRNA-1	Bcin11p00930.1	CVK90908	FOXG_03221P0	RKF80043	
OG0005066	BLGH_02987-mRNA-1	Bcin01p08790.1	CVK90470	FOXG_03488P0		EDO02264
OG0005067	BLGH_02990-mRNA-1	Bcin11p03740.1	CVK89452	FOXG_01702P0	RKF57269	
OG0005068	BLGH_02991-mRNA-1	Bcin11p03730.1	CVK89450	FOXG_01703P0	RKF82400	
OG0005069	BLGH_02996-mRNA-1	Bcin03p07380.1	CVK89547	FOXG_01648P0		EDN90637
OG0005070	BLGH_02997-mRNA-1	Bcin11p03360.1	CVK90826	FOXG_03270P0	RKF74231	
OG0005071	BLGH_03001-mRNA-1	Bcin11p02070.1	CVK93622	FOXG_06204P0	RKF71208	
OG0005072	BLGH_03004-mRNA-1	Bcin11p04310.1	CVK90902	FOXG_03226P0	RKF62425	
OG0005073	BLGH_03005-mRNA-1	Bcin11p03920.1	CVK90818	FOXG_03274P0	RKF82058	
OG0005074	BLGH_03007-mRNA-1	Bcin11p03950.1	CVK90821	FOXG_03273P0	RKF71204	
OG0005075	BLGH_03008-mRNA-1	Bcin11p03940.1	CVK90823	FOXG_03272P0	RKF81501	
OG0005076	BLGH_03010-mRNA-1	Bcin11p03960.1	CVK90816	FOXG_03275P0	RKF76763	
OG0005077	BLGH_03011-mRNA-1	Bcin11p03970.1	CVK90814	FOXG_03276P0	RKF76762	
OG0005078	BLGH_03012-mRNA-1	Bcin11p03980.1	CVK93624	FOXG_06202P0	RKF76761	
OG0005079	BLGH_03014-mRNA-1	Bcin11p04010.1	CVK93610	FOXG_06216P0	RKF76760	
OG0005080	BLGH_03015-mRNA-1	Bcin11p04020.1	CVK93611	FOXG_06215P0	RKF76759	
OG0005081	BLGH_03016-mRNA-1	Bcin11p04030.1	CVK93612	FOXG_06214P0	RKF76758	
OG0005082	BLGH_03018-mRNA-1	Bcin11p00990.1	CVK90795	FOXG_03293P0	RKF84014	
OG0005083	BLGH_03021-mRNA-1	Bcin11p04040.1	CVK93613	FOXG_06213P0	RKF76757	
OG0005084	BLGH_03024-mRNA-1	Bcin11p04080.1	CVK93616	FOXG_06210P0	RKF71462	
OG0005085	BLGH_03052-mRNA-1	Bcin11p03680.1	CVK83899	FOXG_00633P0	RKF53446	
OG0005086	BLGH_03057-mRNA-1	Bcin01p11230.1	CVK90468	FOXG_03489P0	RKF81668	
OG0005087	BLGH_03066-mRNA-1	Bcin01p08940.1	CVK91232	FOXG_02944P0		EDO02121
OG0005088	BLGH_03073-mRNA-1	Bcin01p10640.1	CVK91187	FOXG_02989P0	RKF73036	
OG0005089	BLGH_03078-mRNA-1	Bcin01p11350.1	CVK91438	FOXG_02819P0	RKF79208	
OG0005090	BLGH_03079-mRNA-1	Bcin01p11360.1	CVK91440	FOXG_15946P0	RKF79207	
OG0005091	BLGH_03087-mRNA-1	Bcin11p00980.1	CVK93617	FOXG_06209P0	RKF57182	
OG0005092	BLGH_03089-mRNA-1	Bcin11p00960.1	CVK93619	FOXG_06207P0	RKF57180	
OG0005093	BLGH_03090-mRNA-1	Bcin11p00970.1	CVK93618	FOXG_06208P0	RKF57181	
OG0005094	BLGH_03095-mRNA-1	Bcin04p05320.1	CVK92535	FOXG_05209P0	RKF83702	
OG0005095	BLGH_03126-mRNA-1	Bcin09p06450.1	CVK91046	FOXG_03126P0	RKF58778	
OG0005096	BLGH_03148-mRNA-1	Bcin09p06380.1	CVK90728	FOXG_03331P0	RKF83789	
OG0005097	BLGH_03149-mRNA-1	Bcin09p06390.1	CVK90729	FOXG_03330P0	RKF83788	
OG0005098	BLGH_03151-mRNA-1	Bcin09p06410.1	CVK88425	FOXG_02315P0	RKF82291	
OG0005099	BLGH_03152-mRNA-1	Bcin09p06420.1	CVK93674	FOXG_06148P0	RKF82290	
OG0005100	BLGH_03153-mRNA-1	Bcin09p06290.1	CVK90627	FOXG_03390P0	RKF57229	
OG0005101	BLGH_03156-mRNA-1	Bcin09p01830.1	CVL00150	FOXG_08203P0		EDO02660
OG0005102	BLGH_03159-mRNA-1	Bcin09p06870.1	CVK93591	FOXG_06237P0	RKF78387	
OG0005103	BLGH_03160-mRNA-1	Bcin01p09440.1	CVK93605	FOXG_06222P0	RKF82422	
OG0005104	BLGH_06305-mRNA-1	Bcin13p00390.1	CVK89186	FOXG_01865P0	RKF57629	
OG0005105	BLGH_06310-mRNA-1	Bcin08p05160.1	CVK90198	FOXG_03641P0	RKF65442	
OG0005106	BLGH_06314-mRNA-1	Bcin16p02210.1	CVK86878	FOXG_07962P0	RKF57204	
OG0005107	BLGH_06315-mRNA-1	Bcin16p02200.1	CVK86898	FOXG_07949P0	RKF57203	
OG0005108	BLGH_06316-mRNA-1	Bcin16p02190.1	CVK86897	FOXG_07950P0	RKF57202	
OG0005109	BLGH_06318-mRNA-1	Bcin08p02910.1	CVK90412	FOXG_03521P0		EDO00822
OG0005110	BLGH_06320-mRNA-1	Bcin16p02170.1	CVK86882	FOXG_07960P0	RKF65443	
OG0005111	BLGH_06326-mRNA-1	Bcin16p01960.1	CVK86871	FOXG_07966P0	RKF74110	
OG0005112	BLGH_06333-mRNA-1		CVL01039	FOXG_09307P0	RKF53545	EDN91258
OG0005113	BLGH_06335-mRNA-1	Bcin16p02330.1	CVK86900	FOXG_07948P0	RKF81562	
OG0005114	BLGH_06336-mRNA-1	Bcin16p02320.1	CVK86903	FOXG_07947P0	RKF81561	
OG0005115	BLGH_06337-mRNA-1	Bcin16p02310.1	CVL01239	FOXG_09477P0	RKF78617	
OG0005116	BLGH_06338-mRNA-1	Bcin16p02300.1	CVL01240	FOXG_09478P0	RKF55335	
OG0005117	BLGH_06339-mRNA-1	Bcin16p02280.1	CVL01241	FOXG_09479P0	RKF57376	
OG0005118	BLGH_06345-mRNA-1	Bcin16p03130.1	CVK86994	FOXG_07885P0	RKF51352	
OG0005119	BLGH_06346-mRNA-1	Bcin16p03190.1	CVK86992	FOXG_07886P0	RKF51353	
OG0005120	BLGH_06348-mRNA-1	Bcin16p02050.1	CVK86886	FOXG_07957P0	RKF81813	
OG0005121	BLGH_06349-mRNA-1	Bcin16p01950.1	CVK86872	FOXG_07965P0	RKF75570	
OG0005122	BLGH_06357-mRNA-1	Bcin08p04330.1	CVL00156	FOXG_08199P0	RKF55260	
OG0005123	BLGH_06361-mRNA-1	Bcin08p04340.1	CVL00157	FOXG_08198P0	RKF82970	
OG0005124	BLGH_06384-mRNA-1	Bcin03p02520.1	CVK89145	FOXG_01888P0		EDN91194
OG0005125	BLGH_05416-mRNA-1	Bcin13p00630.1	CVL01927	FOXG_10548P0	RKF71103	
OG0005126	BLGH_05420-mRNA-1	Bcin14p04530.1, Bcin14p04530.2			RKF81909	EDN94592
OG0005127	BLGH_05446-mRNA-1	Bcin11p03160.1	CVK83586	FOXG_00448P0	RKF58518	
OG0005128	BLGH_05453-mRNA-1	Bcin03p00050.1	CVK98675, CVL06695		RKF80809	
OG0005129	BLGH_05460-mRNA-1	Bcin11p02030.1	CVK84986	FOXG_01367P0	RKF64267	
OG0005130	BLGH_05461-mRNA-1	Bcin04p06310.1	CVL05647	FOXG_12789P0	RKF64268	
OG0005131	BLGH_05463-mRNA-1	Bcin04p06290.1	CVK86848	FOXG_07981P0	RKF53237	
OG0005132	BLGH_05530-mRNA-1	Bcin14p05430.1	CVL05585	FOXG_12824P0	RKF62716	
OG0005133	BLGH_05531-mRNA-1	Bcin14p05440.1	CVL05591	FOXG_12821P0	RKF62715	
OG0005134	BLGH_05533-mRNA-1	Bcin14p05230.1	CVK98380	FOXG_13807P0	RKF56583	
OG0005135	BLGH_05540-mRNA-1	Bcin14p04110.1	CVK92469	FOXG_05138P0		EDN94462
OG0005136	BLGH_05543-mRNA-1	Bcin14p00540.1	CVK92900	FOXG_05484P0		EDN91608
OG0005137	BLGH_05559-mRNA-1	Bcin09p06530.1	CVK90175	FOXG_03652P0	RKF53676	
OG0005138	BLGH_05562-mRNA-1	Bcin14p03610.1	CVK92697	FOXG_05356P0		EDN94523
OG0005139	BLGH_05567-mRNA-1	Bcin14p03000.1	CVK98431	FOXG_13845P0	RKF73404	
OG0005140	BLGH_06217-mRNA-1	Bcin02p05970.1	CVK86623	FOXG_03708P0		EDN95177
OG0005141	BLGH_06250-mRNA-1	Bcin06p00360.1	CVK88288	FOXG_02392P0		EDN93394
OG0005142	BLGH_06296-mRNA-1	Bcin10p02850.1	CVK88638	FOXG_02199P0		EDN97789
OG0005143	BLGH_05236-mRNA-1	Bcin08p05150.1	CVK93695	FOXG_06120P0	RKF60502	
OG0005144	BLGH_05237-mRNA-1	Bcin08p05140.1	CVK93694	FOXG_06121P0	RKF81197	
OG0005145	BLGH_05238-mRNA-1	Bcin08p05130.1	CVK93693	FOXG_06122P0	RKF71267	
OG0005146	BLGH_05239-mRNA-1	Bcin08p05120.1	CVK93692	FOXG_06123P0	RKF71268	
OG0005147	BLGH_05240-mRNA-1	Bcin08p05110.1	CVK93691	FOXG_06124P0	RKF65168	
OG0005148	BLGH_05256-mRNA-1	Bcin16p04010.1	CVK89290	FOXG_01799P0	RKF65921	
OG0005149	BLGH_05260-mRNA-1	Bcin16p04690.1	CVK89781	FOXG_01480P0	RKF77550	
OG0005150	BLGH_05285-mRNA-1	Bcin03p03100.1	CVK88756		RKF57774	EDN91255
OG0005151	BLGH_05372-mRNA-1	Bcin01p00760.1	CVK91041	FOXG_03131P0	RKF60040	
OG0005152	BLGH_06933-mRNA-1	Bcin08p06960.1	CVK97448	FOXG_04111P0	RKF75690	
OG0005153	BLGH_07010-mRNA-1	Bcin08p07010.1	CVK93348	FOXG_06442P0	RKF82260	
OG0005154	BLGH_07011-mRNA-1	Bcin08p07000.1	CVK93344	FOXG_06444P0	RKF63927	
OG0005155	BLGH_07014-mRNA-1	Bcin08p07070.1	CVK97446	FOXG_04112P0	RKF83821	
OG0005156	BLGH_07015-mRNA-1	Bcin08p07060.1	CVK97444	FOXG_04113P0	RKF83820	
OG0005157	BLGH_06398-mRNA-1	Bcin16p01230.1	CVK88545	FOXG_02251P0	RKF51356	
OG0005158	BLGH_06405-mRNA-1	Bcin07p05250.1	CVK88808	FOXG_02093P0	RKF83885	
OG0005159	BLGH_06417-mRNA-1	Bcin16p03610.1	CVK97222	FOXG_04237P0	RKF80489	
OG0005160	BLGH_06419-mRNA-1	Bcin16p01130.1	CVK88692	FOXG_02166P0	RKF83452	
OG0005161	BLGH_06420-mRNA-1	Bcin16p01140.1	CVL01203	FOXG_09444P0	RKF60393	
OG0005162	BLGH_06421-mRNA-1	Bcin16p01150.1	CVK88687	FOXG_02170P0	RKF72888	
OG0005163	BLGH_06422-mRNA-1	Bcin16p01070.1	CVL01197	FOXG_09438P0	RKF58261	
OG0005164	BLGH_06423-mRNA-1	Bcin16p01080.1	CVL01198	FOXG_09439P0	RKF82007	
OG0005165	BLGH_06428-mRNA-1	Bcin16p03490.1	CVK97232	FOXG_04231P0	RKF82273	
OG0005166	BLGH_06429-mRNA-1	Bcin16p03480.1	CVK88324	FOXG_02368P0	RKF82272	
OG0005167	BLGH_06431-mRNA-1	Bcin16p03410.1	CVK88291	FOXG_02389P0	RKF44591	
OG0005168	BLGH_06432-mRNA-1	Bcin16p03420.1	CVK88289	FOXG_02390P0	RKF44592	
OG0005169	BLGH_06434-mRNA-1	Bcin03p09100.1	CVL01158	FOXG_09395P0	RKF66036	
OG0005170	BLGH_06440-mRNA-1	Bcin16p01170.1	CVK88690	FOXG_02167P0	RKF71217	
OG0005171	BLGH_06443-mRNA-1	Bcin07p05270.1	CVK88811	FOXG_02091P0	RKF62579	
OG0005172	BLGH_06444-mRNA-1	Bcin07p05280.1	CVK88812	FOXG_02090P0	RKF62580	
OG0005173	BLGH_06446-mRNA-1	Bcin07p03950.1	CVL01530	FOXG_10293P0	RKF55574	
OG0005174	BLGH_06448-mRNA-1	Bcin07p05890.1	CVK86543	FOXG_03786P0	RKF79659	
OG0005175	BLGH_06449-mRNA-1	Bcin16p01110.1	CVL01200	FOXG_09441P0	RKF57161	
OG0005176	BLGH_06450-mRNA-1	Bcin16p01100.1	CVL01201	FOXG_09442P0	RKF57160	
OG0005177	BLGH_06451-mRNA-1	Bcin16p03300.1	CVK88650	FOXG_02191P0	RKF77257	
OG0005178	BLGH_06452-mRNA-1	Bcin16p01260.1	CVK88548	FOXG_02249P0	RKF58105	
OG0005179	BLGH_06453-mRNA-1	Bcin16p01240.1	CVK95599	FOXG_09776P0	RKF58747	
OG0005180	BLGH_06454-mRNA-1	Bcin16p01250.1	CVK88547	FOXG_02250P0	RKF58103	
OG0005181	BLGH_06457-mRNA-1	Bcin07p03930.1	CVK88843	FOXG_02072P0	RKF76841	
OG0005182	BLGH_06459-mRNA-1	Bcin16p01720.1	CVL01156	FOXG_09393P0	RKF81010	
OG0005183	BLGH_06460-mRNA-1	Bcin07p05510.1	CVK97210	FOXG_04244P0	RKF51367	
OG0005184	BLGH_06463-mRNA-1	Bcin16p00880.1	CVK97209	FOXG_04245P0	RKF55351	
OG0005185	BLGH_06466-mRNA-1	Bcin16p00960.1	CVK88795	FOXG_02102P0	RKF55348	
OG0005186	BLGH_06467-mRNA-1	Bcin07p02370.1	CVK93578	FOXG_06249P0	RKF78376	
OG0005187	BLGH_06468-mRNA-1	Bcin07p05700.1	CVK89212	FOXG_01850P0	RKF71357	
OG0005188	BLGH_06469-mRNA-1	Bcin07p05670.1	CVK89207	FOXG_01853P0	RKF80231	
OG0005189	BLGH_06470-mRNA-1	Bcin07p05660.1	CVL01195	FOXG_09436P0	RKF79349	
OG0005190	BLGH_06471-mRNA-1	Bcin07p05620.1	CVK88704	FOXG_02159P0	RKF65256	
OG0005191	BLGH_06472-mRNA-1	Bcin07p05610.1	CVK88702	FOXG_02160P0	RKF65255	
OG0005192	BLGH_06473-mRNA-1	Bcin07p01890.1	CVL01206	FOXG_09447P0	RKF73217	
OG0005193	BLGH_06474-mRNA-1	Bcin07p01930.1	CVK88700	FOXG_02161P0	RKF65254	
OG0005194	BLGH_06476-mRNA-1	Bcin07p01900.1	CVL01205	FOXG_09446P0	RKF73216	
OG0005195	BLGH_06478-mRNA-1	Bcin07p01920.1	CVK88697	FOXG_02163P0	RKF73215	
OG0005196	BLGH_05861-mRNA-1	Bcin12p03740.1	CVL01785	FOXG_10442P0		EDN92525
OG0005197	BLGH_05862-mRNA-1	Bcin08p05230.1	CVK88575	FOXG_02232P0	RKF73533	
OG0005198	BLGH_05880-mRNA-1	Bcin07p01690.1	CVK91967	FOXG_04841P0	RKF55255	
OG0005199	BLGH_05884-mRNA-1	Bcin12p06470.1	CVK93579	FOXG_06248P0	RKF65874	
OG0005200	BLGH_05912-mRNA-1	Bcin06p04820.1, Bcin06p04820.2			RKF80137	EDN93496
OG0005201	BLGH_05949-mRNA-1	Bcin06p04740.1	CVK91091		RKF55326	EDN93443
OG0005202	BLGH_05954-mRNA-1	Bcin06p04690.1, Bcin06p04690.2			RKF83384	EDN93451
OG0005203	BLGH_03187-mRNA-1	Bcin03p00790.1	CVK87247	FOXG_07726P0		EDN91424
OG0005204	BLGH_03194-mRNA-1	Bcin08p06750.1	CVK90970	FOXG_03181P0	RKF74089	
OG0005205	BLGH_03197-mRNA-1	Bcin08p04850.1	CVL04600	FOXG_11535P0	RKF77582	
OG0005206	BLGH_03201-mRNA-1	Bcin08p04990.1	CVL01621	FOXG_10348P0	RKF76784	
OG0005207	BLGH_03223-mRNA-1	Bcin03p06490.1	CVK93802	FOXG_06037P0		EDN90749
OG0005208	BLGH_03250-mRNA-1	Bcin11p04880.1	CVK83245	FOXG_00239P0	RKF66870	
OG0005209	BLGH_03251-mRNA-1	Bcin11p04830.1	CVK82999	FOXG_00094P0	RKF80009	
OG0005210	BLGH_03252-mRNA-1	Bcin11p04840.1	CVK83001	FOXG_00095P0	RKF80008	
OG0005211	BLGH_03254-mRNA-1	Bcin11p04860.1	CVK82997	FOXG_00093P0	RKF64541	
OG0005212	BLGH_03255-mRNA-1	Bcin11p04870.1	CVK83006	FOXG_00098P0	RKF64540	
OG0005213	BLGH_03258-mRNA-1	Bcin11p04810.1	CVK83004	FOXG_00097P0	RKF75361	
OG0005214	BLGH_03263-mRNA-1	Bcin11p05790.1	CVK82859	FOXG_00011P0		EDN96236
OG0005215	BLGH_03264-mRNA-1	Bcin11p04890.1	CVK83247	FOXG_00240P0	RKF81524	
OG0005216	BLGH_03278-mRNA-1	Bcin01p09680.1	CVK83024	FOXG_00109P0	RKF83955	
OG0005217	BLGH_03279-mRNA-1	Bcin01p06270.1	CVK89487	FOXG_01682P0	RKF59398	
OG0005218	BLGH_03283-mRNA-1	Bcin01p02610.1	CVK88992	FOXG_01981P0	RKF56489	
OG0005219	BLGH_03287-mRNA-1	Bcin01p02565.1	CVK83687	FOXG_00511P0	RKF83681	
OG0005220	BLGH_03290-mRNA-1	Bcin06p03230.1	CVK83909		RKF55999	EDN99952
OG0005221	BLGH_03295-mRNA-1	Bcin01p09860.1	CVK99349	FOXG_08760P0	RKF78845	
OG0005222	BLGH_03297-mRNA-1	Bcin01p09870.1	CVK99350	FOXG_08759P0	RKF54879	
OG0005223	BLGH_03299-mRNA-1	Bcin01p02990.1	CVK83766	FOXG_00561P0		EDO02308
OG0005224	BLGH_03304-mRNA-1	Bcin06p02940.1	CVK89004		RKF71284	EDO00016
OG0005225	BLGH_03307-mRNA-1	Bcin01p09900.1	CVK88989	FOXG_01983P0	RKF62941	
OG0005226	BLGH_03308-mRNA-1	Bcin01p09890.1	CVL00977	FOXG_09271P0	RKF62942	
OG0005227	BLGH_03314-mRNA-1	Bcin01p09560.1	CVK89493	FOXG_01679P0	RKF65063	
OG0005228	BLGH_03315-mRNA-1	Bcin01p09940.1	CVL00970	FOXG_09267P0	RKF62940	
OG0005229	BLGH_03322-mRNA-1	Bcin11p04430.1	CVK82858	FOXG_00010P0	RKF55179	
OG0005230	BLGH_03323-mRNA-1	Bcin11p04440.1	CVK82854	FOXG_00009P0	RKF55178	
OG0005231	BLGH_03326-mRNA-1	Bcin11p04410.1	CVK83473	FOXG_00378P0	RKF55627	
OG0005232	BLGH_03327-mRNA-1	Bcin11p04420.1	CVK83487	FOXG_00385P0	RKF56440	
OG0005233	BLGH_03329-mRNA-1	Bcin11p04290.1	CVK83729	FOXG_00540P0	RKF72532	
OG0005234	BLGH_03330-mRNA-1	Bcin11p04300.1	CVK83727	FOXG_00539P0	RKF72533	
OG0005235	BLGH_03331-mRNA-1	Bcin11p04150.1	CVL01460	FOXG_10250P0	RKF78967	
OG0005236	BLGH_03332-mRNA-1	Bcin11p04180.1	CVK83698	FOXG_00518P0	RKF78966	
OG0005237	BLGH_03336-mRNA-1	Bcin11p03290.1	CVK83459	FOXG_00370P0	RKF62049	
OG0005238	BLGH_03337-mRNA-1	Bcin11p03280.1	CVK83461	FOXG_00371P0	RKF61189	
OG0005239	BLGH_03339-mRNA-1	Bcin11p04260.1	CVK83464	FOXG_00373P0	RKF61190	
OG0005240	BLGH_03342-mRNA-1	Bcin11p04210.1	CVK83125	FOXG_00167P0	RKF78962	
OG0005241	BLGH_03343-mRNA-1	Bcin11p04200.1	CVK83510	FOXG_00400P0	RKF78964	
OG0005242	BLGH_03344-mRNA-1	Bcin11p04190.1	CVK83509	FOXG_00399P0	RKF78965	
OG0005243	BLGH_03355-mRNA-1	Bcin01p09620.1	CVK83356	FOXG_00307P0	RKF82367	
OG0005244	BLGH_03356-mRNA-1	Bcin01p09610.1	CVK83353	FOXG_00306P0	RKF82368	
OG0005245	BLGH_03364-mRNA-1	Bcin01p06370.1	CVK83672	FOXG_00502P0	RKF65090	
OG0005246	BLGH_03383-mRNA-1	Bcin04p03360.1, Bcin13p00120.1			RKF53990	EDO01350
OG0005247	BLGH_03406-mRNA-1	Bcin01p08220.1	CVK95464	FOXG_09693P0		EDO02199
OG0005248	BLGH_03416-mRNA-1	Bcin01p04050.1	CVK99182		RKF77948	EDO01810
OG0005249	BLGH_03418-mRNA-1	Bcin01p09350.1	CVK83093	FOXG_00149P0	RKF71289	
OG0005250	BLGH_03419-mRNA-1	Bcin01p09340.1	CVK83095	FOXG_00150P0	RKF71290	
OG0005251	BLGH_03420-mRNA-1	Bcin01p09330.1	CVK83096	FOXG_00151P0	RKF71291	
OG0005252	BLGH_03421-mRNA-1	Bcin01p09320.1	CVK83042	FOXG_00122P0	RKF71292	
OG0005253	BLGH_03432-mRNA-1	Bcin06p03410.1	CVK83857	FOXG_00609P0		EDO00028
OG0005254	BLGH_03444-mRNA-1	Bcin01p07930.1	CVK83679	FOXG_00506P0		EDO02153
OG0005255	BLGH_03452-mRNA-1	Bcin01p09810.1	CVK83868	FOXG_00615P0	RKF57662	
OG0005256	BLGH_03453-mRNA-1	Bcin01p09800.1	CVK83870	FOXG_00616P0	RKF57661	
OG0005257	BLGH_03458-mRNA-1	Bcin01p10690.1	CVK89479	FOXG_01687P0	RKF77988	
OG0005258	BLGH_03459-mRNA-1	Bcin01p10700.1	CVK89477	FOXG_01688P0	RKF65227	
OG0005259	BLGH_03470-mRNA-1	Bcin01p03950.1	CVK89352	FOXG_01763P0		EDO01800
OG0005260	BLGH_03491-mRNA-1	Bcin01p03840.1	CVK83315	FOXG_00283P0		EDO01794
OG0005261	BLGH_03493-mRNA-1	Bcin01p09500.1	CVK83231	FOXG_00230P0	RKF82099	
OG0005262	BLGH_03494-mRNA-1	Bcin01p09510.1	CVK83233	FOXG_00231P0	RKF62645	
OG0005263	BLGH_03502-mRNA-1	Bcin01p09470.1	CVK83829	FOXG_00595P0	RKF82097	
OG0005264	BLGH_03503-mRNA-1	Bcin01p09480.1	CVK83831	FOXG_00596P0	RKF82098	
OG0005265	BLGH_03516-mRNA-1	Bcin01p06340.1	CVK83399	FOXG_00335P0	RKF60312	
OG0005266	BLGH_03517-mRNA-1	Bcin01p06330.1	CVK83401	FOXG_00336P0	RKF60313	
OG0005267	BLGH_03518-mRNA-1	Bcin01p06320.1	CVK83402	FOXG_00337P0	RKF60311	
OG0005268	BLGH_03519-mRNA-1	Bcin01p09730.1	CVK83854	FOXG_00607P0	RKF81500	
OG0005269	BLGH_03531-mRNA-1	Bcin07p04830.1	CVK83015	FOXG_00104P0	RKF81261	
OG0005270	BLGH_03532-mRNA-1	Bcin07p04820.1	CVK83013	FOXG_00103P0	RKF81263	
OG0005271	BLGH_03538-mRNA-1	Bcin15p03850.1	CVK82875	FOXG_00020P0	RKF55249	
OG0005272	BLGH_03540-mRNA-1	Bcin15p03750.1	CVK82878	FOXG_00022P0	RKF73089	
OG0005273	BLGH_03541-mRNA-1	Bcin15p03780.1	CVK82879	FOXG_00023P0	RKF79325	
OG0005274	BLGH_03543-mRNA-1	Bcin15p03790.1	CVK83413	FOXG_00343P0	RKF53532	
OG0005275	BLGH_03548-mRNA-1	Bcin07p04870.1	CVK89041	FOXG_01953P0	RKF64045	
OG0005276	BLGH_03554-mRNA-1	Bcin07g02600.1	CVK83310	FOXG_00280P0	RKF82717	
OG0005277	BLGH_03556-mRNA-1	Bcin03p08800.1	CVK89069	FOXG_01935P0	RKF80974	
OG0005278	BLGH_03557-mRNA-1	Bcin07p04490.1	CVK83390	FOXG_00330P0	RKF71229	
OG0005279	BLGH_03568-mRNA-1	Bcin01p09300.1	CVK99348	FOXG_08761P0	RKF63731	
OG0005280	BLGH_03570-mRNA-1	Bcin01p09650.1	CVK83019	FOXG_00106P0	RKF83755	
OG0005281	BLGH_03571-mRNA-1	Bcin01p09660.1	CVK83021	FOXG_00107P0	RKF53143	
OG0005282	BLGH_03572-mRNA-1	Bcin01p09670.1	CVK83022	FOXG_00108P0	RKF83954	
OG0005283	BLGH_03573-mRNA-1	Bcin01p09690.1	CVK83026	FOXG_00110P0	RKF55976	
OG0005284	BLGH_03574-mRNA-1	Bcin07p04630.1	CVK83114	FOXG_00161P0	RKF55975	
OG0005285	BLGH_03575-mRNA-1	Bcin07p04620.1	CVK83115	FOXG_00162P0	RKF58555	
OG0005286	BLGH_03577-mRNA-1	Bcin07p04690.1	CVK89046	FOXG_01951P0	RKF81147	
OG0005287	BLGH_03578-mRNA-1	Bcin07p04700.1	CVK89043	FOXG_01952P0	RKF81148	
OG0005288	BLGH_03579-mRNA-1	Bcin07p04710.1	CVK83982	FOXG_00681P0	RKF66043	
OG0005289	BLGH_03580-mRNA-1	Bcin07p04580.1	CVK89055	FOXG_01945P0	RKF79865	
OG0005290	BLGH_03582-mRNA-1	Bcin07p04720.1	CVK89051	FOXG_01947P0	RKF79867	
OG0005291	BLGH_03583-mRNA-1	Bcin07p04590.1	CVK89057	FOXG_01944P0	RKF77186	
OG0005292	BLGH_03584-mRNA-1	Bcin07p04600.1	CVK89049	FOXG_01948P0	RKF77185	
OG0005293	BLGH_03585-mRNA-1	Bcin16p03720.1	CVK88240	FOXG_02430P0	RKF76231	
OG0005294	BLGH_03587-mRNA-1	Bcin06p05810.1	CVK89359	FOXG_01759P0		EDO00117
OG0005295	BLGH_03589-mRNA-1	Bcin15p03770.1, Bcin15p03770.2	CVK83411		RKF82497	
OG0005296	BLGH_03590-mRNA-1	Bcin02p04580.1	CVK83528	FOXG_00410P0	RKF57538	
OG0005297	BLGH_03591-mRNA-1	Bcin07p02580.1	CVK83307	FOXG_00278P0	RKF53993	
OG0005298	BLGH_03596-mRNA-1	Bcin07p02560.1	CVK83311	FOXG_00281P0	RKF65895	
OG0005299	BLGH_03598-mRNA-1	Bcin06p05870.1	CVK89355	FOXG_01761P0		EDO00124
OG0005300	BLGH_03603-mRNA-1	Bcin01p06200.1	CVK83339	FOXG_00297P0		EDO02046
OG0005301	BLGH_03605-mRNA-1	Bcin07p02680.1	CVK83743	FOXG_00547P0	RKF81959	
OG0005302	BLGH_03606-mRNA-1	Bcin07p02690.1	CVK83741	FOXG_00546P0	RKF81960	
OG0005303	BLGH_03607-mRNA-1	Bcin07p02700.1	CVK83298	FOXG_00272P0	RKF81961	
OG0005304	BLGH_03608-mRNA-1	Bcin02p04560.1	CVK83990	FOXG_00685P0	RKF73420	
OG0005305	BLGH_03609-mRNA-1	Bcin07p02520.1	CVK83784	FOXG_00570P0	RKF71246	
OG0005306	BLGH_03614-mRNA-1	Bcin07g02710.1	CVK83296	FOXG_00271P0	RKF73545	
OG0005307	BLGH_01129-mRNA-1, BLGH_05984-mRNA-1	Bcin05p03840.1			RKF76495	EDO03614
OG0005308	BLGH_05988-mRNA-1	Bcin12p05030.1	CVK90652	FOXG_03376P0		EDN92710
OG0005309	BLGH_06000-mRNA-1	Bcin03p07900.1	CVK97262	FOXG_04213P0	RKF73727	
OG0005310	BLGH_06001-mRNA-1	Bcin12p05610.1	CVK93566		RKF78779	EDN99232
OG0005311	BLGH_06011-mRNA-1	Bcin12p04480.1	CVL00075	FOXG_08246P0	RKF66798	
OG0005312	BLGH_06012-mRNA-1	Bcin12p04470.1	CVL00073	FOXG_08247P0		EDN92763
OG0005313	BLGH_06025-mRNA-1	Bcin12p04450.1	CVL00066	FOXG_08250P0		EDN92761
OG0005314	BLGH_06041-mRNA-1	Bcin07p04200.1	CVK99899	FOXG_08353P0	RKF71422	
OG0005315	BLGH_06042-mRNA-1	Bcin07p04160.1	CVK93485	FOXG_06345P0	RKF51392	
OG0005316	BLGH_06046-mRNA-1	Bcin07p06230.1	CVK99491	FOXG_08630P0	RKF81123	
OG0005317	BLGH_06047-mRNA-1	Bcin07p06210.1	CVK99557	FOXG_08556P0	RKF79158	
OG0005318	BLGH_06048-mRNA-1	Bcin07p06220.1	CVK99558	FOXG_08555P0	RKF79159	
OG0005319	BLGH_06049-mRNA-1	Bcin07p04250.1	CVK99677	FOXG_08479P0	RKF81835	
OG0005320	BLGH_06051-mRNA-1	Bcin07p06400.1	CVK99570	FOXG_08544P0	RKF78918	
OG0005321	BLGH_06056-mRNA-1	Bcin15p02960.1	CVK88916	FOXG_02025P0	RKF54060	
OG0005322	BLGH_06057-mRNA-1	Bcin15p02970.1	CVK88918	FOXG_02024P0	RKF55471	
OG0005323	BLGH_06062-mRNA-1	Bcin15p02990.1	CVK88883	FOXG_02046P0	RKF54062	
OG0005324	BLGH_06066-mRNA-1	Bcin03p08260.1	CVK99580	FOXG_08535P0	RKF54494	
OG0005325	BLGH_06073-mRNA-1	Bcin15p05070.1	CVK87575	FOXG_07561P0	RKF83737	
OG0005326	BLGH_06077-mRNA-1	Bcin02p09160.1	CVK86708	FOXG_08103P0	RKF61298	
OG0005327	BLGH_06078-mRNA-1	Bcin02p09170.1	CVK86709	FOXG_08102P0	RKF61299	
OG0005328	BLGH_06079-mRNA-1	Bcin11p05290.1	CVK93489	FOXG_06341P0	RKF62666	
OG0005329	BLGH_06080-mRNA-1	Bcin11p05280.1	CVK93490	FOXG_06340P0	RKF57366	
OG0005330	BLGH_06088-mRNA-1	Bcin07p06600.1	CVK99516	FOXG_08601P0	RKF83178	
OG0005331	BLGH_06091-mRNA-1	Bcin03p08040.1	CVK97306	FOXG_04187P0	RKF80689	
OG0005332	BLGH_06093-mRNA-1	Bcin03p07890.1	CVK97364	FOXG_04155P0	RKF54599	
OG0005333	BLGH_06094-mRNA-1	Bcin03p08160.1	CVK97314	FOXG_04185P0	RKF54598	
OG0005334	BLGH_06095-mRNA-1	Bcin03p08220.1	CVK97315	FOXG_04184P0	RKF54597	
OG0005335	BLGH_06096-mRNA-1	Bcin03p08340.1	CVK97317	FOXG_04183P0	RKF54064	
OG0005336	BLGH_06098-mRNA-1	Bcin03p08240.1	CVK99907	FOXG_08347P0	RKF54495	
OG0005337	BLGH_06100-mRNA-1	Bcin15p04370.1	CVL00897	FOXG_09219P0	RKF56362	
OG0005338	BLGH_06104-mRNA-1	Bcin15p05460.1	CVK97296	FOXG_04194P0	RKF83736	
OG0005339	BLGH_04051-mRNA-1	Bcin16p04720.1	CVL01910	FOXG_10530P0	RKF61590	
OG0005340	BLGH_04055-mRNA-1	Bcin15p04220.1	CVK99821	FOXG_08401P0	RKF77978	
OG0005341	BLGH_04062-mRNA-1	Bcin02p00990.1	CVK89779	FOXG_01482P0	RKF82219	
OG0005342	BLGH_04065-mRNA-1	Bcin16p02820.1	CVK96960	FOXG_04395P0	RKF81694	
OG0005343	BLGH_04071-mRNA-1	Bcin04p01330.1	CVK92647	FOXG_05320P0	RKF82870	
OG0005344	BLGH_04074-mRNA-1	Bcin05p01550.1	CVL03024	FOXG_11189P0		EDO03430
OG0005345	BLGH_04091-mRNA-1	Bcin04p05500.1	CVK93550	FOXG_06279P0	RKF78489	
OG0005346	BLGH_04094-mRNA-1	Bcin11p04690.1	CVK89644	FOXG_01590P0	RKF54920	
OG0005347	BLGH_04098-mRNA-1	Bcin15p04570.1	CVL00994	FOXG_09279P0	RKF64328	
OG0005348	BLGH_04099-mRNA-1	Bcin16p01660.1	CVK88851	FOXG_02066P0	RKF53530	
OG0005349	BLGH_04115-mRNA-1	Bcin01p06670.1	CVK89406	FOXG_01729P0		EDO01571
OG0005350	BLGH_04116-mRNA-1	Bcin08p04560.1	CVK89833	FOXG_01429P0	RKF65660	
OG0005351	BLGH_04120-mRNA-1	Bcin02p08090.1	CVK84058	FOXG_00725P0	RKF83250	
OG0005352	BLGH_04125-mRNA-1	Bcin04p06810.1	CVK86936	FOXG_07923P0	RKF83774	
OG0005353	BLGH_04169-mRNA-1	Bcin03p06010.1	CVL00586	FOXG_09043P0		EDN90812
OG0005354	BLGH_04171-mRNA-1	Bcin03p09270.1	CVK89752	FOXG_01509P0	RKF55278	
OG0005355	BLGH_04172-mRNA-1	Bcin03p09260.1	CVK89751	FOXG_01510P0	RKF55277	
OG0005356	BLGH_04193-mRNA-1	Bcin03p02670.1	CVL01178		RKF77532	EDN91209
OG0005357	BLGH_04213-mRNA-1	Bcin03p02730.1	CVL00616	FOXG_09059P0	RKF53984	
OG0005358	BLGH_04220-mRNA-1	Bcin15p03070.1	CVK84914	FOXG_01306P0	RKF83581	
OG0005359	BLGH_04227-mRNA-1	Bcin06p02100.1	CVL00162	FOXG_08195P0		EDN99699
OG0005360	BLGH_04228-mRNA-1	Bcin01p08990.1	CVK83841	FOXG_00602P0	RKF76491	
OG0005361	BLGH_04229-mRNA-1	Bcin06p03080.1	CVK93826	FOXG_06023P0		EDN99996
OG0005362	BLGH_04231-mRNA-1	Bcin15p03130.1	CVK88890	FOXG_02042P0	RKF82521	
OG0005363	BLGH_04232-mRNA-1	Bcin15p03120.1	CVK88894	FOXG_02039P0	RKF83582	
OG0005364	BLGH_04242-mRNA-1	Bcin03p02830.1	CVK86999	FOXG_07882P0		EDN91228
OG0005365	BLGH_04244-mRNA-1	Bcin08p04810.1	CVK90858	FOXG_03252P0	RKF57856	
OG0005366	BLGH_04251-mRNA-1	Bcin03p06140.1	CVK89841	FOXG_01421P0		EDN90798
OG0005367	BLGH_04264-mRNA-1	Bcin08p04380.1	CVK98558	FOXG_15638P0	RKF60527	
OG0005368	BLGH_04266-mRNA-1	Bcin08p04370.1	CVK90733	FOXG_03328P0	RKF80969	
OG0005369	BLGH_04267-mRNA-1	Bcin08p04360.1	CVK90740	FOXG_03324P0	RKF80970	
OG0005370	BLGH_04281-mRNA-1	Bcin08p06250.1	CVK91056	FOXG_03117P0	RKF74203	
OG0005371	BLGH_04282-mRNA-1	Bcin08p06260.1	CVL00153	FOXG_08201P0	RKF74204	
OG0005372	BLGH_04284-mRNA-1	Bcin08p06320.1	CVK91055	FOXG_03118P0	RKF55903	
OG0005373	BLGH_04285-mRNA-1	Bcin08p06300.1	CVK93672	FOXG_06150P0	RKF66780	
OG0005374	BLGH_04286-mRNA-1	Bcin08p06310.1	CVK90696	FOXG_03352P0	RKF66781	
OG0005375	BLGH_04288-mRNA-1	Bcin08p04420.1	CVK90202	FOXG_03639P0	RKF77337	
OG0005376	BLGH_04311-mRNA-1	Bcin16p04440.1	CVK89554	FOXG_01645P0	RKF54002	
OG0005377	BLGH_04321-mRNA-1	Bcin08p06480.1	CVK98570	FOXG_15653P0	RKF75816	
OG0005378	BLGH_04322-mRNA-1	Bcin08p06470.1	CVK98569	FOXG_15651P0	RKF57577	
OG0005379	BLGH_04328-mRNA-1	Bcin16p04540.1	CVK89610	FOXG_01609P0	RKF58895	
OG0005380	BLGH_04348-mRNA-1	Bcin16p03170.1	CVK89611	FOXG_01608P0	RKF54823	
OG0005381	BLGH_04349-mRNA-1	Bcin16p03160.1	CVK89613	FOXG_01607P0	RKF54824	
OG0005382	BLGH_04357-mRNA-1	Bcin16p03140.1	CVK89619	FOXG_01603P0	RKF81275	
OG0005383	BLGH_04358-mRNA-1	Bcin16p03150.1	CVK89615	FOXG_01606P0	RKF64408	
OG0005384	BLGH_06698-mRNA-1	Bcin09p01200.1	CVK92376	FOXG_05093P0		EDO02483
OG0005385	BLGH_06705-mRNA-1	Bcin01p02840.1	CVK83495	FOXG_00390P0		EDO02321
OG0005386	BLGH_06706-mRNA-1	Bcin09p05380.1	CVK92980	FOXG_05533P0		EDO02997
OG0005387	BLGH_06710-mRNA-1	Bcin09g05390.1	CVK92946	FOXG_05513P0		EDO03000
OG0005388	BLGH_06716-mRNA-1	Bcin02p03810.1	CVK87614	FOXG_07540P0	RKF58208	
OG0005389	BLGH_06726-mRNA-1	Bcin09p04330.1	CVK92600	FOXG_05271P0		EDO02730
OG0005390	BLGH_06731-mRNA-1	Bcin04p05610.1	CVK92658	FOXG_05332P0	RKF54751	
OG0005391	BLGH_06732-mRNA-1	Bcin13p00930.1	CVL01168	FOXG_09406P0	RKF61778	
OG0005392	BLGH_06733-mRNA-1	Bcin13p00920.1	CVL01167	FOXG_09405P0	RKF61777	
OG0005393	BLGH_06735-mRNA-1	Bcin04p05620.1	CVK92958	FOXG_05520P0	RKF64293	
OG0005394	BLGH_06736-mRNA-1	Bcin04p05630.1	CVK92960	FOXG_05521P0	RKF64292	
OG0005395	BLGH_06737-mRNA-1	Bcin04p05510.1	CVK92516	FOXG_05187P0	RKF56177	
OG0005396	BLGH_06738-mRNA-1	Bcin04p05520.1	CVK92517	FOXG_05188P0	RKF56178	
OG0005397	BLGH_06743-mRNA-1	Bcin04p01460.1	CVK92668	FOXG_05340P0	RKF84110	
OG0005398	BLGH_06744-mRNA-1	Bcin04p01450.1	CVK92667	FOXG_05339P0	RKF84109	
OG0005399	BLGH_06942-mRNA-1	Bcin15p01230.1	CVK87470	FOXG_07615P0	RKF78973	
OG0005400	BLGH_06943-mRNA-1	Bcin04p05010.1	CVK84414	FOXG_00946P0	RKF81385	
OG0005401	BLGH_06945-mRNA-1	Bcin02p05870.1	CVL05527	FOXG_12854P0		EDN95181
OG0005402	BLGH_06951-mRNA-1	Bcin04p04900.1	CVK84395	FOXG_00934P0	RKF75034	
OG0005403	BLGH_06956-mRNA-1	Bcin04p04980.1	CVK87253	FOXG_07722P0	RKF80635	
OG0005404	BLGH_06748-mRNA-1	Bcin15p02010.1	CVK98505	FOXG_13921P0	RKF76650	
OG0005405	BLGH_06763-mRNA-1	Bcin06p07070.1	CVK99543	FOXG_08572P0		EDO00180
OG0005406	BLGH_06773-mRNA-1	Bcin02p08590.1	CVL05774	FOXG_12714P0	RKF76711	
OG0005407	BLGH_06776-mRNA-1	Bcin08p04770.1	CVK90861	FOXG_03250P0	RKF63238	
OG0005408	BLGH_06778-mRNA-1	Bcin04p01510.1	CVK98138	FOXG_13659P0	RKF83281	
OG0005409	BLGH_06779-mRNA-1	Bcin04p01500.1	CVK98119	FOXG_13649P0	RKF83282	
OG0005410	BLGH_06782-mRNA-1	Bcin12p03480.1	CVK99492	FOXG_08629P0	RKF83647	
OG0005411	BLGH_06792-mRNA-1	Bcin02p06970.1	CVK86635	FOXG_03701P0	RKF83881	
OG0005412	BLGH_06793-mRNA-1	Bcin02p06960.1	CVK86634	FOXG_03700P0	RKF83039	
OG0005413	BLGH_06114-mRNA-1	Bcin02p03800.1	CVK87615	FOXG_07539P0	RKF80239	
OG0005414	BLGH_06116-mRNA-1	Bcin02p03830.1	CVL00652	FOXG_09076P0	RKF59847	
OG0005415	BLGH_06121-mRNA-1	Bcin02p03890.1	CVK87609	FOXG_07543P0	RKF65306	
OG0005416	BLGH_06126-mRNA-1	Bcin02p01030.1	CVK87329	FOXG_07683P0	RKF62563	
OG0005417	BLGH_06128-mRNA-1	Bcin02p03950.1	CVK87594	FOXG_07551P0	RKF62564	
OG0005418	BLGH_06129-mRNA-1	Bcin02p03940.1	CVK87595	FOXG_07550P0	RKF62565	
OG0005419	BLGH_06132-mRNA-1	Bcin02p03930.1	CVK87597	FOXG_07549P0	RKF81688	
OG0005420	BLGH_06145-mRNA-1	Bcin02p04710.1	CVL00042	FOXG_08266P0	RKF59762	
OG0005421	BLGH_06146-mRNA-1	Bcin07p04150.1	CVK93484	FOXG_06346P0	RKF64996	
OG0005422	BLGH_06158-mRNA-1	Bcin02p03170.1	CVL00572	FOXG_09035P0		EDN96817
OG0005423	BLGH_06160-mRNA-1	Bcin02p03080.1	CVL00653	FOXG_09077P0		EDN96735
OG0005424	BLGH_06162-mRNA-1	Bcin15p02270.1	CVK88955	FOXG_02003P0	RKF84153	
OG0005425	BLGH_06165-mRNA-1	Bcin04p00170.1	CVK83642	FOXG_00472P0		EDN92325
OG0005426	BLGH_06178-mRNA-1	Bcin04p01930.1	CVK92135	FOXG_04938P0		EDO01479
OG0005427	BLGH_06180-mRNA-1	Bcin04p01900.1	CVK92208	FOXG_04974P0		EDO01482
OG0005428	BLGH_06197-mRNA-1	Bcin04p04230.1	CVL02018	FOXG_10643P0	RKF59921	
OG0005429	BLGH_06198-mRNA-1	Bcin04p04220.1	CVL01986	FOXG_10615P0	RKF59922	
OG0005430	BLGH_06200-mRNA-1	Bcin04p04130.1	CVK92643	FOXG_05316P0	RKF58670	
OG0005431	BLGH_06201-mRNA-1	Bcin04p04240.1	CVK92486	FOXG_05156P0	RKF81072	
OG0005432	BLGH_06205-mRNA-1	Bcin16p01280.1	CVL01147	FOXG_09385P0	RKF79660	
OG0005433	BLGH_04842-mRNA-1	Bcin12p00830.1, Bcin12p00830.2			RKF84099	EDN92333
OG0005434	BLGH_04849-mRNA-1	Bcin12p01360.1	CVK99857	FOXG_08379P0		EDN92397
OG0005435	BLGH_04861-mRNA-1	Bcin12p01310.1	CVL00944	FOXG_09250P0		EDN92413
OG0005436	BLGH_04872-mRNA-1	Bcin12p02520.1	CVK99742	FOXG_08444P0		EDN92587
OG0005437	BLGH_04878-mRNA-1	Bcin12p02610.1	CVK99747		RKF58230	EDN92597
OG0005438	BLGH_04893-mRNA-1	Bcin12p05150.1	CVL00832	FOXG_09181P0		EDN92723
OG0005439	BLGH_04898-mRNA-1	Bcin11p01570.1	CVK83281	FOXG_00261P0	RKF53118	
OG0005440	BLGH_04899-mRNA-1	Bcin11p01580.1	CVK83278	FOXG_00260P0	RKF53119	
OG0005441	BLGH_04900-mRNA-1	Bcin11p04930.1	CVL01461	FOXG_10251P0	RKF83023	
OG0005442	BLGH_04901-mRNA-1	Bcin11p01610.1	CVK83834	FOXG_00598P0	RKF58901	
OG0005443	BLGH_04902-mRNA-1	Bcin11p01620.1	CVK83237	FOXG_00234P0	RKF80093	
OG0005444	BLGH_04904-mRNA-1	Bcin11p01590.1	CVK83277	FOXG_00259P0	RKF76956	
OG0005445	BLGH_04906-mRNA-1	Bcin11p01970.1	CVK83826	FOXG_00593P0	RKF53353	
OG0005446	BLGH_04907-mRNA-1	Bcin11p01960.1	CVK83824	FOXG_00592P0	RKF54241	
OG0005447	BLGH_04908-mRNA-1	Bcin11p01940.1	CVK83823	FOXG_00591P0	RKF54242	
OG0005448	BLGH_04911-mRNA-1	Bcin11p01630.1	CVK83239	FOXG_00235P0	RKF83253	
OG0005449	BLGH_04912-mRNA-1	Bcin11p01640.1	CVK83240	FOXG_00236P0	RKF83252	
OG0005450	BLGH_04913-mRNA-1	Bcin11p01650.1	CVK83818	FOXG_00588P0	RKF83251	
OG0005451	BLGH_04915-mRNA-1	Bcin11p01750.1	CVK82984	FOXG_00086P0	RKF83528	
OG0005452	BLGH_04916-mRNA-1	Bcin11p01760.1	CVK82983	FOXG_00085P0	RKF83529	
OG0005453	BLGH_04918-mRNA-1	Bcin11p03860.1, Bcin11p03860.2	CVK82982		RKF55620	
OG0005454	BLGH_04919-mRNA-1	Bcin11p03890.1	CVK82950	FOXG_00065P0	RKF71499	
OG0005455	BLGH_04920-mRNA-1	Bcin11p03850.1	CVK82974	FOXG_00078P0	RKF75172	
OG0005456	BLGH_04932-mRNA-1	Bcin11p03410.1	CVK82943	FOXG_00062P0	RKF56925	
OG0005457	BLGH_04933-mRNA-1	Bcin11p03440.1	CVK99597	FOXG_08527P0	RKF81049	
OG0005458	BLGH_04934-mRNA-1	Bcin11p03430.1	CVK82947	FOXG_00063P0	RKF81048	
OG0005459	BLGH_04935-mRNA-1	Bcin11p03000.1	CVL04614	FOXG_11547P0	RKF82045	
OG0005460	BLGH_04936-mRNA-1	Bcin11p03010.1	CVK99190	FOXG_08852P0	RKF82044	
OG0005461	BLGH_04945-mRNA-1	Bcin06p02310.1	CVL03252	FOXG_11322P0		EDN99678
OG0005462	BLGH_04949-mRNA-1	Bcin11p03020.1	CVL04619	FOXG_11551P0	RKF79813	
OG0005463	BLGH_04950-mRNA-1	Bcin11p03030.1	CVL04671	FOXG_11605P0	RKF79814	
OG0005464	BLGH_04952-mRNA-1	Bcin11p03190.1	CVL04639	FOXG_11572P0	RKF58574	
OG0005465	BLGH_04953-mRNA-1	Bcin11p03200.1	CVL04640	FOXG_11573P0	RKF58575	
OG0005466	BLGH_04956-mRNA-1	Bcin11p01930.1	CVL01522	FOXG_10288P0	RKF63156	
OG0005467	BLGH_04957-mRNA-1	Bcin11p01920.1	CVL01524	FOXG_10289P0	RKF63158	
OG0005468	BLGH_04969-mRNA-1	Bcin11p00600.1	CVK82917	FOXG_00047P0	RKF64817	
OG0005469	BLGH_04971-mRNA-1	Bcin11p02960.1	CVL04662	FOXG_11593P0	RKF54839	
OG0005470	BLGH_04982-mRNA-1	Bcin06p00600.1	CVK84266	FOXG_00872P0		EDN93361
OG0005471	BLGH_04989-mRNA-1	Bcin01p09150.1	CVL00951	FOXG_09256P0	RKF83994	
OG0005472	BLGH_04990-mRNA-1	Bcin01p09140.1	CVL00954	FOXG_09257P0	RKF83993	
OG0005473	BLGH_04992-mRNA-1	Bcin01p09160.1	CVL00950	FOXG_09255P0	RKF83478	
OG0005474	BLGH_04997-mRNA-1	Bcin01p09120.1	CVK83655	FOXG_00491P0	RKF83920	
OG0005475	BLGH_04999-mRNA-1	Bcin01p07450.1	CVK99358	FOXG_08752P0		EDO01686
OG0005476	BLGH_05001-mRNA-1	Bcin01p07430.1, Bcin01p07430.2			RKF58829	EDO01688
OG0005477	BLGH_05004-mRNA-1	Bcin07p00890.1, Bcin16p01590.1			RKF81362	EDN95335
OG0005478	BLGH_05010-mRNA-1	Bcin11p00520.1	CVK82836		RKF80149	EDO00544
OG0005479	BLGH_05016-mRNA-1, BLGH_05017-mRNA-1, BLGH_05018-mRNA-1, BLGH_05020-mRNA-1, BLGH_05021-mRNA-1					
OG0005480	BLGH_05025-mRNA-1	Bcin01p09100.1	CVK99422	FOXG_08700P0	RKF65543	
OG0005481	BLGH_05026-mRNA-1	Bcin01p09080.1	CVK99873	FOXG_08369P0	RKF81917	
OG0005482	BLGH_05027-mRNA-1	Bcin01p10290.1	CVK83796	FOXG_00576P0	RKF64545	
OG0005483	BLGH_05719-mRNA-1	Bcin04p05060.1	CVK93956	FOXG_05939P0	RKF60378	
OG0005484	BLGH_05744-mRNA-1	Bcin01p02570.1	CVK83686	FOXG_00510P0	RKF64491	
OG0005485	BLGH_05747-mRNA-1	Bcin10p04550.1	CVK97176		RKF47378	EDN97629
OG0005486	BLGH_05767-mRNA-1	Bcin02p08530.1	CVL05421	FOXG_12912P0	RKF82049	
OG0005487	BLGH_05769-mRNA-1	Bcin15p00610.1	CVK86649	FOXG_08163P0	RKF75143	
OG0005488	BLGH_05770-mRNA-1	Bcin15p00590.1	CVK87198	FOXG_07757P0	RKF74051	
OG0005489	BLGH_05771-mRNA-1	Bcin02p08540.1	CVL05475	FOXG_12883P0	RKF82048	
OG0005490	BLGH_05776-mRNA-1	Bcin02p06250.1	CVK87190	FOXG_07762P0		EDN95142
OG0005491	BLGH_05782-mRNA-1	Bcin02p08740.1	CVK86729	FOXG_08082P0	RKF55892	
OG0005492	BLGH_05783-mRNA-1	Bcin02p08480.1	CVK86706	FOXG_08105P0	RKF57014	
OG0005493	BLGH_05784-mRNA-1	Bcin02p08470.1	CVK86707	FOXG_08104P0	RKF82144	
OG0005494	BLGH_05786-mRNA-1	Bcin02p08630.1	CVK86703	FOXG_08108P0	RKF55945	
OG0005495	BLGH_05787-mRNA-1	Bcin02p07940.1	CVK86629	FOXG_03702P0	RKF55946	
OG0005496	BLGH_05788-mRNA-1	Bcin02p07960.1	CVK86628	FOXG_03703P0	RKF55947	
OG0005497	BLGH_05789-mRNA-1	Bcin02p07980.1	CVK97491	FOXG_04086P0	RKF56238	
OG0005498	BLGH_05790-mRNA-1	Bcin02p07990.1	CVK86713	FOXG_08098P0	RKF56237	
OG0005499	BLGH_05791-mRNA-1	Bcin02p08000.1	CVK86712	FOXG_08099P0	RKF76975	
OG0005500	BLGH_05792-mRNA-1	Bcin02p08010.1	CVK97496	FOXG_04083P0	RKF76974	
OG0005501	BLGH_05793-mRNA-1	Bcin02p08020.1	CVK97492	FOXG_04085P0	RKF83067	
OG0005502	BLGH_05796-mRNA-1	Bcin02p08450.1	CVK97480	FOXG_04092P0	RKF60151	
OG0005503	BLGH_05798-mRNA-1	Bcin02p08730.1	CVK86721	FOXG_08090P0	RKF65372	
OG0005504	BLGH_05799-mRNA-1	Bcin02p08720.1	CVL05781	FOXG_12710P0	RKF65373	
OG0005505	BLGH_05801-mRNA-1	Bcin02p08690.1	CVL05804	FOXG_12696P0	RKF63694	
OG0005506	BLGH_05809-mRNA-1	Bcin02p08610.1	CVK84055	FOXG_00723P0	RKF83838	
OG0005507	BLGH_05811-mRNA-1	Bcin15p00970.1	CVK97509	FOXG_04075P0	RKF58123	
OG0005508	BLGH_05818-mRNA-1	Bcin15p00990.1	CVK97499	FOXG_04082P0	RKF54660	
OG0005509	BLGH_05819-mRNA-1	Bcin02p05220.1	CVK86682	FOXG_08129P0	RKF75623	
OG0005510	BLGH_05825-mRNA-1	Bcin04p04610.1	CVK92254	FOXG_04998P0	RKF61181	
OG0005511	BLGH_05826-mRNA-1	Bcin04p04600.1	CVK92231	FOXG_04985P0	RKF61180	
OG0005512	BLGH_05829-mRNA-1	Bcin04p05150.1	CVK98478	FOXG_13893P0	RKF75873	
OG0005513	BLGH_05830-mRNA-1	Bcin04p05130.1	CVK87259	FOXG_07718P0	RKF71363	
OG0005514	BLGH_05833-mRNA-1	Bcin04p04620.1	CVL05879	FOXG_12651P0	RKF73303	
OG0005515	BLGH_05834-mRNA-1	Bcin04p04630.1	CVL05874	FOXG_12654P0	RKF73302	
OG0005516	BLGH_05837-mRNA-1	Bcin15p00980.1	CVK86602	FOXG_03730P0	RKF64347	
OG0005517	BLGH_05841-mRNA-1	Bcin04p05030.1	CVK86968	FOXG_07901P0	RKF73301	
OG0005518	BLGH_05842-mRNA-1	Bcin04p05260.1	CVK87264	FOXG_07715P0	RKF83085	
OG0005519	BLGH_05843-mRNA-1	Bcin04p05250.1	CVK87266	FOXG_07714P0	RKF83731	
OG0005520	BLGH_05844-mRNA-1	Bcin04p05240.1	CVK87267	FOXG_07713P0	RKF83732	
OG0005521	BLGH_05845-mRNA-1	Bcin04p05230.1	CVK87268	FOXG_07712P0	RKF83733	
OG0005522	BLGH_05846-mRNA-1	Bcin04p05220.1	CVK87261	FOXG_07717P0	RKF83734	
OG0005523	BLGH_05852-mRNA-1	Bcin07p00410.1	CVL05815		RKF58577	EDN95389
OG0005524	BLGH_06638-mRNA-1	Bcin10p03880.1	CVL01939	FOXG_10560P0		EDN97707
OG0005525	BLGH_06650-mRNA-1	Bcin10p05240.1	CVL01084	FOXG_09336P0		EDO04602
OG0005526	BLGH_06653-mRNA-1	Bcin07p05260.1	CVK88809	FOXG_02092P0	RKF82679	
OG0005527	BLGH_06661-mRNA-1	Bcin05p08030.1	CVK94327	FOXG_05740P0		EDN95868
OG0005528	BLGH_06664-mRNA-1	Bcin15p01740.1	CVL00996	FOXG_09280P0	RKF81253	
OG0005529	BLGH_06668-mRNA-1	Bcin02p03570.1	CVK82882	FOXG_00025P0	RKF59695	
OG0005530	BLGH_06680-mRNA-1	Bcin08p04760.1	CVK90859	FOXG_03251P0	RKF71421	
OG0005531	BLGH_06683-mRNA-1	Bcin13p03020.1	CVK90975	FOXG_03178P0		EDN93681
OG0005532	BLGH_02016-mRNA-1	Bcin03p07050.1	CVK88588		RKF59025	EDN90675
OG0005533	BLGH_02021-mRNA-1	Bcin16p04580.1	CVK88584	FOXG_02225P0	RKF75241	
OG0005534	BLGH_02022-mRNA-1	Bcin16p04780.1	CVL01092	FOXG_09340P0	RKF55913	
OG0005535	BLGH_02023-mRNA-1	Bcin16p04290.1	CVK89697	FOXG_01563P0	RKF66868	
OG0005536	BLGH_02026-mRNA-1	Bcin16p02100.1	CVK89694	FOXG_01565P0	RKF76471	
OG0005537	BLGH_02027-mRNA-1	Bcin16p02110.1	CVK89692	FOXG_01566P0	RKF56452	
OG0005538	BLGH_02028-mRNA-1	Bcin16p02120.1	CVK89567	FOXG_01635P0	RKF56453	
OG0005539	BLGH_02033-mRNA-1	Bcin16p04750.1	CVL01917	FOXG_10538P0	RKF56456	
OG0005540	BLGH_02035-mRNA-1	Bcin16p04770.1	CVL01908	FOXG_10528P0	RKF56454	
OG0005541	BLGH_02046-mRNA-1	Bcin08p05410.1	CVK98549	FOXG_15627P0	RKF75046	
OG0005542	BLGH_02047-mRNA-1	Bcin08p05400.1	CVK98546	FOXG_15624P0	RKF56944	
OG0005543	BLGH_02048-mRNA-1	Bcin08p05390.1	CVK98545	FOXG_15623P0	RKF56943	
OG0005544	BLGH_02049-mRNA-1	Bcin08p05380.1	CVK90113	FOXG_03690P0	RKF56942	
OG0005545	BLGH_02052-mRNA-1	Bcin08p05590.1	CVK93586	FOXG_06242P0	RKF56945	
OG0005546	BLGH_02061-mRNA-1	Bcin16p03100.1	CVK89657	FOXG_01584P0	RKF81039	
OG0005547	BLGH_02064-mRNA-1, BLGH_02072-mRNA-1, BLGH_02098-mRNA-1, BLGH_02099-mRNA-1, BLGH_02100-mRNA-1					
OG0005548	BLGH_02069-mRNA-1	Bcin03p06240.1	CVK89842	FOXG_01420P0	RKF55164	
OG0005549	BLGH_02071-mRNA-1	Bcin16p02230.1	CVK86885	FOXG_07958P0	RKF57857	
OG0005550	BLGH_02074-mRNA-1	Bcin09p06970.1	CVK99544	FOXG_08571P0	RKF76047	
OG0005551	BLGH_02081-mRNA-1	Bcin16p04970.1	CVK89577	FOXG_01630P0	RKF75639	
OG0005552	BLGH_02087-mRNA-1	Bcin03p03050.1	CVL06881		RKF83752	EDN91245
OG0005553	BLGH_02094-mRNA-1	Bcin16p04320.1	CVK89671	FOXG_01576P0	RKF55517	
OG0005554	BLGH_02097-mRNA-1	Bcin16p04340.1	CVK89678	FOXG_01573P0	RKF83189	
OG0005555	BLGH_02101-mRNA-1	Bcin16p04240.1	CVK89682	FOXG_01571P0	RKF58090	
OG0005556	BLGH_02102-mRNA-1	Bcin16p02010.1	CVK89683	FOXG_01570P0	RKF58089	
OG0005557	BLGH_02103-mRNA-1	Bcin16p05180.1	CVK87122	FOXG_07807P0	RKF71252	
OG0005558	BLGH_02104-mRNA-1	Bcin16p05170.1	CVK87117	FOXG_07809P0	RKF71251	
OG0005559	BLGH_02105-mRNA-1	Bcin16p02910.1	CVK87116	FOXG_07810P0	RKF71250	
OG0005560	BLGH_02109-mRNA-1	Bcin16p03910.1	CVK89099	FOXG_01914P0	RKF83247	
OG0005561	BLGH_02110-mRNA-1	Bcin16p02880.1	CVK87113	FOXG_07813P0	RKF57812	
OG0005562	BLGH_02116-mRNA-1	Bcin16p04810.1	CVL01912	FOXG_10532P0	RKF55544	
OG0005563	BLGH_02117-mRNA-1	Bcin16p04820.1	CVL01911	FOXG_10531P0	RKF55545	
OG0005564	BLGH_02119-mRNA-1	Bcin16p04830.1	CVL01914	FOXG_10534P0	RKF55542	
OG0005565	BLGH_02120-mRNA-1	Bcin16p03930.1	CVK89095	FOXG_01916P0	RKF77451	
OG0005566	BLGH_02127-mRNA-1	Bcin16p02040.1	CVK89272	FOXG_01810P0	RKF83444	
OG0005567	BLGH_02128-mRNA-1	Bcin16p01990.1	CVK89270	FOXG_01811P0	RKF54794	
OG0005568	BLGH_02130-mRNA-1	Bcin16p01980.1	CVK89658	FOXG_01583P0	RKF83757	
OG0005569	BLGH_02131-mRNA-1	Bcin16p01970.1	CVL01022	FOXG_09297P0	RKF83756	
OG0005570	BLGH_02133-mRNA-1				RKF79714, RKF82327, RKF83716, RKF83717	
OG0005571	BLGH_02137-mRNA-1	Bcin16p04950.1	CVK86864	FOXG_07970P0	RKF56841	
OG0005572	BLGH_02140-mRNA-1	Bcin08p04390.1	CVK98557	FOXG_15637P0	RKF81438	
OG0005573	BLGH_02142-mRNA-1	Bcin16p04920.1	CVK86866	FOXG_07968P0	RKF54746	
OG0005574	BLGH_02148-mRNA-1	Bcin16p05140.1	CVK86904	FOXG_07946P0	RKF60615	
OG0005575	BLGH_02149-mRNA-1	Bcin16p01920.1	CVK86895	FOXG_07952P0	RKF60614	
OG0005576	BLGH_02157-mRNA-1	Bcin16p04730.1	CVK86877	FOXG_07963P0	RKF80648	
OG0005577	BLGH_02158-mRNA-1	Bcin16p04170.1	CVK89559	FOXG_01641P0	RKF55169	
OG0005578	BLGH_02160-mRNA-1		CVK92248, CVK94321	FOXG_04996P0	RKF78928	
OG0005579	BLGH_02161-mRNA-1	Bcin08p06550.1	CVK91105	FOXG_03066P0	RKF78927	
OG0005580	BLGH_02164-mRNA-1		CVK95634	FOXG_09795P0, FOXG_12428P0, FOXG_14109P0		
OG0005581	BLGH_02165-mRNA-1	Bcin08p04750.1	CVK90713	FOXG_03340P0	RKF76802	
OG0005582	BLGH_02167-mRNA-1	Bcin08p04950.1	CVK90700	FOXG_03348P0	RKF79576	
OG0005583	BLGH_02168-mRNA-1	Bcin08p04540.1	CVK98550	FOXG_15628P0	RKF72926	
OG0005584	BLGH_02170-mRNA-1	Bcin08p04530.1	CVK90222	FOXG_03624P0	RKF72927	
OG0005585	BLGH_02173-mRNA-1	Bcin08p04440.1	CVK84792	FOXG_01202P0	RKF80902	
OG0005586	BLGH_02176-mRNA-1	Bcin08p04500.1	CVK90122	FOXG_03683P0	RKF77409	
OG0005587	BLGH_02177-mRNA-1	Bcin08g04490.2	CVK93825	FOXG_06024P0	RKF75060	
OG0005588	BLGH_02182-mRNA-1	Bcin08p04470.1	CVK90744	FOXG_03322P0	RKF56565	
OG0005589	BLGH_02255-mRNA-1	Bcin09p05430.1			RKF82441	EDO03005, EDO03006
OG0005590	BLGH_02284-mRNA-1	Bcin05p00460.1	CVK84590	FOXG_01053P0		EDO03208
OG0005591	BLGH_02294-mRNA-1	Bcin04p01470.1	CVK92590	FOXG_05261P0	RKF84111	
OG0005592	BLGH_02305-mRNA-1	Bcin05p01820.1	CVK84596	FOXG_01058P0		EDO03315
OG0005593	BLGH_02313-mRNA-1	Bcin05p01690.1	CVK93998	FOXG_05912P0	RKF80819	
OG0005594	BLGH_02336-mRNA-1	Bcin11p06480.1	CVK83813	FOXG_00585P0	RKF71455	
OG0005595	BLGH_02343-mRNA-1	Bcin10p00590.1	CVK88720	FOXG_02149P0		EDO04957
OG0005596	BLGH_02352-mRNA-1	Bcin02p09250.1	CVK89318	FOXG_01782P0	RKF82973	
OG0005597	BLGH_02371-mRNA-1	Bcin02p07210.1	CVK87183	FOXG_07768P0	RKF62170	
OG0005598	BLGH_02375-mRNA-1	Bcin05p00140.1	CVK84588		RKF56028	EDO03161
OG0005599	BLGH_02377-mRNA-1	Bcin10p00620.1	CVK88728	FOXG_02144P0	RKF80606	
OG0005600	BLGH_02378-mRNA-1, BLGH_02407-mRNA-1	Bcin01p05810.1			RKF73810	EDO02006
OG0005601	BLGH_02386-mRNA-1	Bcin05p02780.1	CVK84583	FOXG_01048P0		EDO03279
OG0005602	BLGH_02391-mRNA-1	Bcin05p07320.1	CVK93722	FOXG_06091P0		EDO03813
OG0005603	BLGH_02421-mRNA-1	Bcin02p07410.1	CVK86606	FOXG_03726P0	RKF55383	
OG0005604	BLGH_02422-mRNA-1	Bcin15p00870.1	CVK86748	FOXG_08065P0	RKF73596	
OG0005605	BLGH_02423-mRNA-1	Bcin02p06980.1	CVK86763	FOXG_08050P0	RKF53965	
OG0005606	BLGH_02426-mRNA-1	Bcin02p09290.1	CVK84031	FOXG_00709P0	RKF55576	
OG0005607	BLGH_02432-mRNA-1	Bcin02p09300.1	CVK84045	FOXG_00717P0	RKF81164	
OG0005608	BLGH_02433-mRNA-1	Bcin02p09180.1	CVK89339	FOXG_01770P0	RKF55577	
OG0005609	BLGH_02434-mRNA-1	Bcin02p09260.1	CVK89317	FOXG_01783P0	RKF83827	
OG0005610	BLGH_02436-mRNA-1	Bcin02p09190.1	CVK89314	FOXG_01784P0	RKF78329	
OG0005611	BLGH_02442-mRNA-1	Bcin02p09270.1	CVK84035	FOXG_00711P0	RKF74147	
OG0005612	BLGH_02443-mRNA-1	Bcin02p09280.1	CVK84033	FOXG_00710P0	RKF74148	
OG0005613	BLGH_02445-mRNA-1	Bcin02p07710.1	CVK86705	FOXG_08106P0	RKF75687	
OG0005614	BLGH_02450-mRNA-1	Bcin02p07730.1	CVL05764	FOXG_12719P0	RKF75689	
OG0005615	BLGH_02451-mRNA-1	Bcin02p07380.1	CVK87152	FOXG_07788P0	RKF63626	
OG0005616	BLGH_02453-mRNA-1	Bcin02p07050.1	CVL05777	FOXG_12712P0	RKF53788	
OG0005617	BLGH_02454-mRNA-1	Bcin02p07040.1	CVK87158	FOXG_07785P0	RKF53787	
OG0005618	BLGH_02460-mRNA-1	Bcin02p07150.1	CVK86755	FOXG_08058P0	RKF81336	
OG0005619	BLGH_02462-mRNA-1	Bcin02p07550.1	CVK86752	FOXG_08061P0	RKF56449	
OG0005620	BLGH_02463-mRNA-1	Bcin02p07540.1	CVK86750	FOXG_08063P0	RKF56450	
OG0005621	BLGH_02464-mRNA-1	Bcin02p07570.1	CVK87177	FOXG_07772P0	RKF63947	
OG0005622	BLGH_02466-mRNA-1	Bcin02p09210.1	CVK86711	FOXG_08100P0	RKF53279	
OG0005623	BLGH_02467-mRNA-1	Bcin02p09200.1	CVK86710	FOXG_08101P0	RKF56779	
OG0005624	BLGH_02468-mRNA-1	Bcin02p06190.1	CVK87170	FOXG_07776P0	RKF71333	
OG0005625	BLGH_02469-mRNA-1	Bcin02p09320.1	CVK86714	FOXG_08097P0	RKF71534	
OG0005626	BLGH_02470-mRNA-1	Bcin02p06870.1	CVK86633	FOXG_03699P0	RKF80330	
OG0005627	BLGH_02477-mRNA-1	Bcin02p06080.1		FOXG_03704P0	RKF79905	EDN95159
OG0005628	BLGH_02479-mRNA-1	Bcin02p06900.1	CVL01162	FOXG_09399P0	RKF63054	
OG0005629	BLGH_02480-mRNA-1	Bcin02p06890.1	CVK87171	FOXG_07775P0	RKF79908	
OG0005630	BLGH_02485-mRNA-1	Bcin07p04410.1	CVK99535	FOXG_08582P0	RKF51433	
OG0005631	BLGH_02486-mRNA-1	Bcin07p04420.1	CVK99534	FOXG_08583P0	RKF51434	
OG0005632	BLGH_02489-mRNA-1	Bcin15p01460.1	CVK99603	FOXG_08522P0	RKF61882	
OG0005633	BLGH_02490-mRNA-1	Bcin02p06990.1	CVK86764	FOXG_08049P0	RKF83898	
OG0005634	BLGH_02492-mRNA-1		CVK95905, CVL01725	FOXG_10007P0	RKF72430	
OG0005635	BLGH_02493-mRNA-1	Bcin15p01440.1	CVK99670	FOXG_08484P0	RKF83586	
OG0005636	BLGH_02499-mRNA-1	Bcin07p01310.1	CVK99615	FOXG_08515P0		EDN96964
OG0005637	BLGH_02504-mRNA-1	Bcin07p06310.1	CVK99602	FOXG_08523P0	RKF56488	
OG0005638	BLGH_02510-mRNA-1	Bcin15p01420.1	CVK99532	FOXG_08585P0	RKF57114	
OG0005639	BLGH_02512-mRNA-1	Bcin07p06250.1	CVK99533	FOXG_08584P0	RKF57112	
OG0005640	BLGH_02513-mRNA-1	Bcin15p04140.1	CVK99692	FOXG_08472P0	RKF75336	
OG0005641	BLGH_02514-mRNA-1	Bcin15p05340.1	CVL00719	FOXG_09116P0	RKF83834	
OG0005642	BLGH_02516-mRNA-1	Bcin07p06160.1	CVK99598	FOXG_08526P0	RKF83841	
OG0005643	BLGH_02522-mRNA-1	Bcin07p06130.1	CVK99987	FOXG_08296P0	RKF53483	
OG0005644	BLGH_02523-mRNA-1	Bcin07p03640.1	CVL00838	FOXG_09185P0		EDN96391
OG0005645	BLGH_02524-mRNA-1	Bcin15p04120.1	CVL00722	FOXG_09118P0	RKF53086	
OG0005646	BLGH_02525-mRNA-1	Bcin15p04110.1	CVL00724	FOXG_09119P0	RKF53087	
OG0005647	BLGH_02531-mRNA-1	Bcin07p03610.1	CVK93441	FOXG_06381P0		EDN96973
OG0005648	BLGH_02534-mRNA-1	Bcin07p06560.1	CVK97278	FOXG_04204P0	RKF57877	
OG0005649	BLGH_02535-mRNA-1	Bcin15p03510.1	CVK97276	FOXG_04205P0	RKF76207	
OG0005650	BLGH_02536-mRNA-1	Bcin15p03520.1	CVK97274	FOXG_04206P0	RKF76208	
OG0005651	BLGH_02538-mRNA-1	Bcin15p03540.1	CVK97270	FOXG_04208P0	RKF64617	
OG0005652	BLGH_02539-mRNA-1	Bcin15p03550.1	CVL00038	FOXG_08269P0	RKF64616	
OG0005653	BLGH_02540-mRNA-1	Bcin15p03560.1	CVL00036	FOXG_08270P0	RKF64615	
OG0005654	BLGH_02541-mRNA-1	Bcin15p03670.1	CVK97280	FOXG_04203P0	RKF57878	
OG0005655	BLGH_02543-mRNA-1	Bcin15p03590.1	CVK93508	FOXG_06322P0	RKF80517	
OG0005656	BLGH_02544-mRNA-1	Bcin15p03620.1	CVK93510	FOXG_06319P0	RKF53854	
OG0005657	BLGH_02545-mRNA-1	Bcin15p03610.1	CVK93509	FOXG_06321P0	RKF53855	
OG0005658	BLGH_02546-mRNA-1	Bcin15p03600.1	CVK93507	FOXG_06323P0	RKF53856	
OG0005659	BLGH_02548-mRNA-1	Bcin07p06510.1	CVK99501	FOXG_08617P0	RKF82983	
OG0005660	BLGH_02553-mRNA-1	Bcin07p06580.1	CVK99631	FOXG_08506P0	RKF71521	
OG0005661	BLGH_02554-mRNA-1	Bcin07p06570.1	CVK99504	FOXG_08613P0	RKF71520	
OG0005662	BLGH_02556-mRNA-1	Bcin15p03910.1	CVL00784	FOXG_09152P0	RKF79128	
OG0005663	BLGH_02559-mRNA-1	Bcin15p03900.1	CVL00783	FOXG_09151P0	RKF79127	
OG0005664	BLGH_02561-mRNA-1	Bcin03p07940.1	CVK97365	FOXG_04154P0	RKF76146	
OG0005665	BLGH_02564-mRNA-1	Bcin03p07820.1	CVK97305	FOXG_04188P0	RKF61810	
OG0005666	BLGH_02565-mRNA-1	Bcin03p07800.1	CVL00040	FOXG_08267P0	RKF80603	
OG0005667	BLGH_02566-mRNA-1	Bcin03p07810.1	CVL00039	FOXG_08268P0	RKF80604	
OG0005668	BLGH_02567-mRNA-1	Bcin03p07910.1	CVK97269	FOXG_04209P0	RKF80602	
OG0005669	BLGH_02568-mRNA-1	Bcin03p07920.1	CVK93415	FOXG_06397P0	RKF76148	
OG0005670	BLGH_02569-mRNA-1	Bcin03p07930.1	CVK97362	FOXG_04156P0	RKF76149	
OG0005671	BLGH_02584-mRNA-1	Bcin07p01760.1	CVK93499	FOXG_06331P0	RKF56133	
OG0005672	BLGH_02597-mRNA-1	Bcin03p07960.1	CVK97264	FOXG_04212P0	RKF58483	
OG0005673	BLGH_02600-mRNA-1	Bcin03p07980.1	CVK97267	FOXG_04210P0	RKF57045	
OG0005674	BLGH_02607-mRNA-1	Bcin15p03930.1	CVL00788	FOXG_09155P0	RKF65457	
OG0005675	BLGH_02608-mRNA-1	Bcin15p03920.1	CVL00785	FOXG_09153P0	RKF53728	
OG0005676	BLGH_02615-mRNA-1, BLGH_02616-mRNA-1, BLGH_02617-mRNA-1, BLGH_02618-mRNA-1, BLGH_02622-mRNA-1					
OG0005677	BLGH_06968-mRNA-1	Bcin16p01210.1	CVK88541	FOXG_02253P0	RKF73527	
OG0005678	BLGH_06969-mRNA-1	Bcin16p01290.1	CVL01146	FOXG_09384P0	RKF84125	
OG0005679	BLGH_06970-mRNA-1	Bcin16p01300.1	CVL01088	FOXG_09338P0	RKF84126	
OG0005680	BLGH_06971-mRNA-1	Bcin16p03660.1	CVK97226	FOXG_04234P0	RKF75953	
OG0005681	BLGH_06973-mRNA-1	Bcin16p01200.1	CVK88540	FOXG_02254P0	RKF58104	
OG0005682	BLGH_06975-mRNA-1	Bcin01p10070.1	CVL06036		RKF59121	EDO02095
OG0005683	BLGH_00722-mRNA-1	Bcin11p04490.1	CVL04685	FOXG_11617P0	RKF54944	
OG0005684	BLGH_00740-mRNA-1	Bcin09p05820.1	CVK90345	FOXG_03554P0		EDO03047
OG0005685	BLGH_00741-mRNA-1	Bcin09p03920.1	CVK90647	FOXG_03380P0		EDO02941
OG0005686	BLGH_00746-mRNA-1	Bcin09p06600.1	CVK91006	FOXG_03157P0	RKF73223	
OG0005687	BLGH_00755-mRNA-1	Bcin09p04980.1	CVK91035		RKF71081	EDO02569
OG0005688	BLGH_00758-mRNA-1	Bcin09p04910.1	CVK90589	FOXG_03415P0	RKF82297	
OG0005689	BLGH_00773-mRNA-1	Bcin09p04150.1	CVK90679	FOXG_03360P0		EDO02926
OG0005690	BLGH_00778-mRNA-1	Bcin10p01870.1	CVL01679	FOXG_10380P0		EDO04783
OG0005691	BLGH_00783-mRNA-1	Bcin09p01650.1	CVK93593	FOXG_06236P0		EDO02681
OG0005692	BLGH_00789-mRNA-1	Bcin09p06490.1	CVK91100	FOXG_03071P0	RKF72585	
OG0005693	BLGH_00805-mRNA-1	Bcin09p06900.1	CVK91064	FOXG_03107P0	RKF47162	
OG0005694	BLGH_00810-mRNA-1	Bcin11p02930.1	CVL04632	FOXG_11563P0	RKF53895	
OG0005695	BLGH_00811-mRNA-1	Bcin09p06910.1	CVK91063	FOXG_03108P0	RKF57493	
OG0005696	BLGH_00812-mRNA-1	Bcin11p04370.1	CVK82972	FOXG_00077P0	RKF63223	
OG0005697	BLGH_00814-mRNA-1	Bcin11p00540.1	CVK82830		RKF65951	EDO00541
OG0005698	BLGH_00833-mRNA-1	Bcin12p01000.1	CVK97349	FOXG_04164P0		EDN92353
OG0005699	BLGH_00848-mRNA-1	Bcin12p06660.1, Bcin12p06660.2			RKF71451	EDN98997
OG0005700	BLGH_00871-mRNA-1	Bcin11p03620.1	CVK83647	FOXG_00470P0	RKF81761	
OG0005701	BLGH_00872-mRNA-1	Bcin11p03610.1	CVK83580	FOXG_00445P0	RKF81760	
OG0005702	BLGH_00873-mRNA-1	Bcin11p00690.1	CVK90901	FOXG_03227P0	RKF80918	
OG0005703	BLGH_00875-mRNA-1	Bcin04p01690.1	CVL01988	FOXG_10616P0	RKF82611	
OG0005704	BLGH_00879-mRNA-1	Bcin04p01680.1	CVL01981	FOXG_10609P0	RKF82612	
OG0005705	BLGH_00880-mRNA-1	Bcin04p01670.1	CVL01985	FOXG_10614P0	RKF82613	
OG0005706	BLGH_00883-mRNA-1	Bcin09p06930.1	CVK90415	FOXG_03519P0	RKF57466	
OG0005707	BLGH_00886-mRNA-1	Bcin09p06950.1	CVK90420	FOXG_03517P0	RKF59771	
OG0005708	BLGH_00888-mRNA-1	Bcin12p02870.1	CVK93871		RKF82658	EDN99206
OG0005709	BLGH_00917-mRNA-1	Bcin08p04570.1	CVK87473	FOXG_07613P0	RKF80070	
OG0005710	BLGH_00918-mRNA-1, BLGH_00919-mRNA-1, BLGH_00920-mRNA-1, BLGH_00921-mRNA-1, BLGH_00970-mRNA-1					
OG0005711	BLGH_00925-mRNA-1	Bcin09p07000.1	CVK90165	FOXG_03659P0	RKF82573	
OG0005712	BLGH_00928-mRNA-1	Bcin04p01540.1	CVK98145	FOXG_13662P0	RKF65455	
OG0005713	BLGH_00934-mRNA-1	Bcin09p07050.1	CVK90160	FOXG_03662P0	RKF53424	
OG0005714	BLGH_00936-mRNA-1	Bcin09p06820.1	CVK90163	FOXG_03660P0	RKF53427	
OG0005715	BLGH_00939-mRNA-1	Bcin15p05100.1	CVK99892	FOXG_08357P0	RKF56034	
OG0005716	BLGH_00948-mRNA-1	Bcin11p02910.1	CVK83525	FOXG_00408P0	RKF71908	
OG0005717	BLGH_00949-mRNA-1	Bcin11p03140.1	CVL04695	FOXG_11626P0	RKF83012	
OG0005718	BLGH_00950-mRNA-1	Bcin11p03130.1	CVL04696	FOXG_11627P0	RKF53550	
OG0005719	BLGH_00951-mRNA-1	Bcin11p02840.1	CVK83817	FOXG_00587P0	RKF84035	
OG0005720	BLGH_00959-mRNA-1	Bcin11p02490.1	CVK83963	FOXG_00670P0	RKF83965	
OG0005721	BLGH_00965-mRNA-1	Bcin11p02520.1	CVL01511	FOXG_10281P0	RKF83966	
OG0005722	BLGH_00967-mRNA-1	Bcin11p02820.1	CVK83256	FOXG_00247P0	RKF76271	
OG0005723	BLGH_00971-mRNA-1	Bcin11p03260.1	CVL04637	FOXG_11570P0	RKF82726	
OG0005724	BLGH_00972-mRNA-1	Bcin11p03270.1	CVL04636	FOXG_11569P0	RKF78792	
OG0005725	BLGH_00976-mRNA-1	Bcin11p01880.1	CVL01521	FOXG_10287P0	RKF83361	
OG0005726	BLGH_00978-mRNA-1	Bcin11p02710.1	CVL04613	FOXG_11546P0	RKF54301	
OG0005727	BLGH_00979-mRNA-1	Bcin11p02600.1	CVL01514	FOXG_10283P0	RKF62092	
OG0005728	BLGH_00980-mRNA-1	Bcin11p02590.1	CVL01516	FOXG_10284P0	RKF62091	
OG0005729	BLGH_00981-mRNA-1	Bcin11p02580.1	CVL01517	FOXG_10285P0	RKF62090	
OG0005730	BLGH_00982-mRNA-1	Bcin11p03700.1	CVK83551	FOXG_00425P0	RKF82540	
OG0005731	BLGH_00983-mRNA-1	Bcin11p01870.1	CVK83516	FOXG_00403P0	RKF83360	
OG0005732	BLGH_00984-mRNA-1	Bcin11p02410.1	CVL04681	FOXG_11613P0	RKF83967	
OG0005733	BLGH_00985-mRNA-1	Bcin11p03810.1	CVK83827	FOXG_00594P0	RKF72819	
OG0005734	BLGH_00986-mRNA-1	Bcin11p03470.1	CVK83195	FOXG_00208P0	RKF84160	
OG0005735	BLGH_00992-mRNA-1	Bcin11p03820.1	CVK83559	FOXG_00429P0	RKF72818	
OG0005736	BLGH_00993-mRNA-1	Bcin11p03110.1	CVK83976	FOXG_00676P0	RKF54885	
OG0005737	BLGH_01008-mRNA-1	Bcin05p05770.1	CVL05681	FOXG_12770P0		EDN96010
OG0005738	BLGH_01011-mRNA-1	Bcin05p05570.1	CVL05676		RKF82827	EDN96028
OG0005739	BLGH_01023-mRNA-1	Bcin01p02550.1	CVL02881	FOXG_11117P0	RKF48978	
OG0005740	BLGH_01067-mRNA-1	Bcin11p03500.1	CVK83557	FOXG_00428P0	RKF54547	
OG0005741	BLGH_01071-mRNA-1	Bcin05p02790.1	CVL01124	FOXG_09361P0		EDO03278
OG0005742	BLGH_01073-mRNA-1	Bcin11p03530.1	CVK83896	FOXG_00631P0	RKF57359	
OG0005743	BLGH_01074-mRNA-1	Bcin11p03520.1	CVK83894	FOXG_00630P0	RKF57358	
OG0005744	BLGH_01075-mRNA-1	Bcin11p00790.1	CVK90576	FOXG_03423P0	RKF44714	
OG0005745	BLGH_01076-mRNA-1	Bcin05p02800.1	CVL04864	FOXG_11694P0		EDO03277
OG0005746	BLGH_01078-mRNA-1	Bcin11p03550.1	CVK89447	FOXG_01705P0	RKF57361	
OG0005747	BLGH_01079-mRNA-1	Bcin11p03560.1	CVK83911	FOXG_00643P0	RKF83927	
OG0005748	BLGH_01083-mRNA-1	Bcin01p10660.1	CVK93905	FOXG_05971P0	RKF73123	
OG0005749	BLGH_01106-mRNA-1	Bcin11p00700.1	CVK90898	FOXG_03229P0	RKF56338	
OG0005750	BLGH_01107-mRNA-1	Bcin11p00820.1	CVK90577	FOXG_03422P0	RKF44712	
OG0005751	BLGH_01110-mRNA-1	Bcin13p00910.1	CVL01166	FOXG_09404P0	RKF54090	
OG0005752	BLGH_01114-mRNA-1	Bcin07p00600.1	CVK89787	FOXG_01474P0		EDN95367
OG0005753	BLGH_01115-mRNA-1	Bcin05p00710.1	CVK88950		RKF78637	EDO03211
OG0005754	BLGH_01120-mRNA-1	Bcin11p03090.1	CVL01501	FOXG_10275P0	RKF56294	
OG0005755	BLGH_01122-mRNA-1	Bcin11p03120.1	CVL04683	FOXG_11615P0	RKF56296	
OG0005756	BLGH_01123-mRNA-1	Bcin11p02440.1	CVK83600	FOXG_00458P0	RKF61639	
OG0005757	BLGH_01134-mRNA-1	Bcin04p01130.1	CVK90067	FOXG_05563P0	RKF81753	
OG0005758	BLGH_01135-mRNA-1	Bcin04p01120.1	CVK90058	FOXG_05567P0	RKF81752	
OG0005759	BLGH_01145-mRNA-1	Bcin01p10000.1	CVK90936	FOXG_03201P0	RKF83344	
OG0005760	BLGH_01148-mRNA-1	Bcin05p01010.1	CVK89801		RKF64864	EDO03498
OG0005761	BLGH_01156-mRNA-1	Bcin05p06060.1	CVK87519		RKF58311	EDN95978
OG0005762	BLGH_01159-mRNA-1	Bcin07p00490.1	CVK89802	FOXG_01460P0		EDN95379
OG0005763	BLGH_01185-mRNA-1	Bcin09p00180.1	CVK92734	FOXG_05380P0		EDO02373
OG0005764	BLGH_01197-mRNA-1	Bcin10p03030.1	CVK89324	FOXG_01779P0	RKF51427	
OG0005765	BLGH_01222-mRNA-1	Bcin10p03180.1	CVK89235	FOXG_01837P0		EDO04470
OG0005766	BLGH_01247-mRNA-1	Bcin14p01940.1	CVK92717	FOXG_05369P0		EDN94378
OG0005767	BLGH_01248-mRNA-1	Bcin02p06920.1	CVK86610	FOXG_03722P0	RKF56757	
OG0005768	BLGH_01251-mRNA-1	Bcin02p06450.1	CVK86662		RKF58145	EDN95127
OG0005769	BLGH_01279-mRNA-1	Bcin15p00770.1	CVL05812	FOXG_12692P0	RKF59573	
OG0005770	BLGH_01280-mRNA-1	Bcin15p00760.1	CVK86760	FOXG_08053P0	RKF59572	
OG0005771	BLGH_01283-mRNA-1	Bcin02p08420.1	CVK89345	FOXG_01766P0	RKF55929	
OG0005772	BLGH_01284-mRNA-1	Bcin02p08410.1	CVK89344	FOXG_01767P0	RKF81388	
OG0005773	BLGH_01289-mRNA-1	Bcin02p08160.1	CVK86735	FOXG_08077P0	RKF78218	
OG0005774	BLGH_01290-mRNA-1	Bcin02p08150.1	CVK86739	FOXG_08074P0	RKF76335	
OG0005775	BLGH_01293-mRNA-1	Bcin02p08430.1	CVK89347	FOXG_01765P0	RKF55928	
OG0005776	BLGH_01294-mRNA-1	Bcin02p08320.1	CVK86675	FOXG_08138P0	RKF71105	
OG0005777	BLGH_01295-mRNA-1	Bcin02p08330.1	CVK86674	FOXG_08139P0	RKF54558	
OG0005778	BLGH_01298-mRNA-1	Bcin02p08220.1	CVK86741	FOXG_08072P0	RKF56354	
OG0005779	BLGH_01299-mRNA-1	Bcin02p08210.1	CVK86742	FOXG_08071P0	RKF56355	
OG0005780	BLGH_01300-mRNA-1	Bcin02p08200.1	CVK86743	FOXG_08070P0	RKF56356	
OG0005781	BLGH_01302-mRNA-1	Bcin02p08180.1	CVK86744	FOXG_08069P0	RKF56357	
OG0005782	BLGH_01303-mRNA-1	Bcin15p00720.1	CVK87184	FOXG_07767P0	RKF47551	
OG0005783	BLGH_01304-mRNA-1	Bcin02p08120.1	CVK87166	FOXG_07778P0	RKF51348	
OG0005784	BLGH_01310-mRNA-1	Bcin02p08260.1	CVK87161	FOXG_07783P0	RKF57447	
OG0005785	BLGH_01311-mRNA-1	Bcin02p08270.1	CVK87163	FOXG_07782P0	RKF54050	
OG0005786	BLGH_01312-mRNA-1	Bcin02p08280.1	CVK87164	FOXG_07781P0	RKF54051	
OG0005787	BLGH_01315-mRNA-1	Bcin15p00470.1	CVK97524	FOXG_04062P0	RKF65176	
OG0005788	BLGH_01316-mRNA-1	Bcin15p00460.1	CVK97526	FOXG_04061P0	RKF65177	
OG0005789	BLGH_01318-mRNA-1	Bcin15p00490.1	CVK97515	FOXG_04071P0	RKF78780	
OG0005790	BLGH_01319-mRNA-1	Bcin15p00500.1	CVK97518	FOXG_04069P0	RKF75144	
OG0005791	BLGH_01321-mRNA-1	Bcin02p07850.1	CVL05726	FOXG_12743P0	RKF54528	
OG0005792	BLGH_01323-mRNA-1	Bcin02p07010.1	CVK86767	FOXG_08046P0	RKF54526	
OG0005793	BLGH_01326-mRNA-1	Bcin02p06950.1	CVK86762, CVK87746	FOXG_08051P0		
OG0005794	BLGH_01336-mRNA-1	Bcin02p07880.1	CVK87188	FOXG_07764P0	RKF71266	
OG0005795	BLGH_01337-mRNA-1	Bcin02p08580.1	CVK86768	FOXG_08045P0	RKF83783	
OG0005796	BLGH_01338-mRNA-1	Bcin02p08570.1	CVL05779	FOXG_12711P0	RKF83781	
OG0005797	BLGH_01339-mRNA-1	Bcin02p08670.1	CVK86699	FOXG_08112P0	RKF83782	
OG0005798	BLGH_01344-mRNA-1	Bcin02p07860.1	CVK87202	FOXG_07755P0	RKF59536	
OG0005799	BLGH_01345-mRNA-1	Bcin02p07870.1	CVK87186	FOXG_07766P0	RKF59535	
OG0005800	BLGH_01347-mRNA-1	Bcin02p08510.1	CVK86771	FOXG_08043P0	RKF82051	
OG0005801	BLGH_01350-mRNA-1	Bcin15p00640.1	CVK86650	FOXG_08162P0	RKF78782	
OG0005802	BLGH_01351-mRNA-1	Bcin15p00650.1	CVK86651	FOXG_08161P0	RKF78781	
OG0005803	BLGH_01352-mRNA-1	Bcin15p00670.1	CVK86652	FOXG_08160P0	RKF55959	
OG0005804	BLGH_01354-mRNA-1	Bcin02p08340.1	CVK87200	FOXG_07756P0	RKF64804	
OG0005805	BLGH_01355-mRNA-1	Bcin02p08070.1	CVK84060	FOXG_00726P0	RKF82053	
OG0005806	BLGH_01356-mRNA-1	Bcin02p08060.1	CVK84061	FOXG_00727P0	RKF82054	
OG0005807	BLGH_01357-mRNA-1	Bcin02p08050.1	CVK92802	FOXG_05424P0	RKF82055	
OG0005808	BLGH_03626-mRNA-1	Bcin12p05080.1	CVK93121		RKF56702	EDN92716
OG0005809	BLGH_03668-mRNA-1	Bcin04p01440.1	CVK92292	FOXG_05026P0	RKF54816	
OG0005810	BLGH_03669-mRNA-1	Bcin04p01430.1	CVK92407	FOXG_05123P0	RKF54815	
OG0005811	BLGH_03678-mRNA-1	Bcin04p01480.1	CVK92591	FOXG_05262P0	RKF84112	
OG0005812	BLGH_03679-mRNA-1	Bcin04p01490.1	CVK92408	FOXG_05124P0	RKF84113	
OG0005813	BLGH_03681-mRNA-1	Bcin04p01420.1	CVK92592	FOXG_05263P0	RKF82042	
OG0005814	BLGH_03686-mRNA-1	Bcin04p01550.1	CVK98147	FOXG_13663P0	RKF49713	
OG0005815	BLGH_03689-mRNA-1	Bcin04p01640.1	CVK92987	FOXG_05538P0	RKF66015	
OG0005816	BLGH_03692-mRNA-1	Bcin04p01590.1	CVK92385	FOXG_05102P0	RKF74710	
OG0005817	BLGH_03693-mRNA-1	Bcin04p01580.1	CVK92387	FOXG_05104P0	RKF74709	
OG0005818	BLGH_03694-mRNA-1	Bcin04p01630.1	CVK92953	FOXG_05517P0	RKF81284	
OG0005819	BLGH_03695-mRNA-1	Bcin04p01620.1	CVK92955	FOXG_05518P0	RKF81285	
OG0005820	BLGH_03705-mRNA-1	Bcin04p01320.1	CVK92310	FOXG_05037P0	RKF56231	
OG0005821	BLGH_03707-mRNA-1	Bcin16p03680.1	CVK88252	FOXG_02419P0	RKF79651	
OG0005822	BLGH_03710-mRNA-1	Bcin16p03670.1	CVK88251	FOXG_02420P0	RKF79652	
OG0005823	BLGH_03712-mRNA-1	Bcin07p04330.1	CVL00019	FOXG_08280P0	RKF77176	
OG0005824	BLGH_03720-mRNA-1	Bcin12p03610.1	CVL00815	FOXG_09171P0	RKF76134	
OG0005825	BLGH_03721-mRNA-1	Bcin12p03600.1	CVL00811	FOXG_09174P0		EDN92507
OG0005826	BLGH_03737-mRNA-1	Bcin12p04060.1	CVK93461	FOXG_06366P0		EDN92644
OG0005827	BLGH_03773-mRNA-1	Bcin12p04270.1	CVK99791	FOXG_08418P0		EDN92672
OG0005828	BLGH_03798-mRNA-1	Bcin12p03890.1	CVL00087	FOXG_08240P0		EDN92625
OG0005829	BLGH_03802-mRNA-1	Bcin12p03870.1	CVK93518		RKF59353	EDN92627
OG0005830	BLGH_03809-mRNA-1	Bcin12p05310.1	CVL04457		RKF84051	EDN98955
OG0005831	BLGH_03811-mRNA-1	Bcin07p05240.1	CVK88805	FOXG_02094P0	RKF63866	
OG0005832	BLGH_03813-mRNA-1	Bcin07p05490.1	CVK88804	FOXG_02095P0	RKF65766	
OG0005833	BLGH_03832-mRNA-1	Bcin01p04720.1	CVK84531	FOXG_01018P0	RKF58878	
OG0005834	BLGH_03843-mRNA-1	Bcin01p10870.1	CVK99213	FOXG_08839P0	RKF55431	
OG0005835	BLGH_03847-mRNA-1	Bcin01p06650.1	CVK83047	FOXG_00125P0	RKF81219	
OG0005836	BLGH_03852-mRNA-1	Bcin02p05450.1	CVL05741	FOXG_12733P0		EDN95199
OG0005837	BLGH_03855-mRNA-1	Bcin02p04880.1	CVL05757	FOXG_12724P0	RKF57987	
OG0005838	BLGH_03857-mRNA-1	Bcin05p01390.1	CVL04096	FOXG_12302P0	RKF65285	
OG0005839	BLGH_03864-mRNA-1	Bcin02p05700.1	CVK86589	FOXG_03742P0		EDN95196
OG0005840	BLGH_03871-mRNA-1	Bcin15p00950.1	CVL05521	FOXG_12864P0	RKF63969	
OG0005841	BLGH_03876-mRNA-1	Bcin09p04340.1	CVK92536		RKF77970	EDO02729
OG0005842	BLGH_03877-mRNA-1	Bcin06p06580.1, Bcin13p04850.1			RKF64340	EDN98642
OG0005843	BLGH_03878-mRNA-1	Bcin01p10310.1	CVK99880	FOXG_08364P0	RKF58749	
OG0005844	BLGH_03879-mRNA-1	Bcin01p10340.1	CVK83659	FOXG_00494P0	RKF58748	
OG0005845	BLGH_03880-mRNA-1	Bcin01p10520.1	CVK99445	FOXG_08677P0	RKF80835	
OG0005846	BLGH_03881-mRNA-1	Bcin01p10510.1, Bcin01p10510.2, Bcin01p10510.3			RKF76699	
OG0005847	BLGH_03889-mRNA-1	Bcin10p05270.1	CVK96819	FOXG_04482P0		EDO04607
OG0005848	BLGH_03910-mRNA-1	Bcin01p10610.1	CVK89460	FOXG_01697P0	RKF53336	
OG0005849	BLGH_03913-mRNA-1	Bcin01p10560.1	CVK99448	FOXG_08674P0	RKF73500	
OG0005850	BLGH_03914-mRNA-1	Bcin01p10550.1	CVK99447	FOXG_08675P0	RKF73502	
OG0005851	BLGH_03915-mRNA-1	Bcin01p10540.1	CVK99446	FOXG_08676P0	RKF73503	
OG0005852	BLGH_03917-mRNA-1	Bcin04p06670.1	CVL02683	FOXG_11003P0	RKF55952	
OG0005853	BLGH_03919-mRNA-1	Bcin01p10490.1	CVK89461	FOXG_01696P0	RKF55953	
OG0005854	BLGH_03920-mRNA-1	Bcin01p10480.1	CVK89462	FOXG_01695P0	RKF77750	
OG0005855	BLGH_03926-mRNA-1	Bcin01p10450.1	CVK99879	FOXG_08365P0	RKF60521	
OG0005856	BLGH_03940-mRNA-1	Bcin08p04730.1	CVK93922	FOXG_05961P0	RKF83655	
OG0005857	BLGH_03942-mRNA-1	Bcin04p05040.1	CVK84418	FOXG_00949P0	RKF79943	
OG0005858	BLGH_03944-mRNA-1	Bcin04p05070.1	CVK84421	FOXG_00951P0	RKF71456	
OG0005859	BLGH_03945-mRNA-1	Bcin04p05080.1	CVK84424	FOXG_00952P0	RKF71457	
OG0005860	BLGH_03965-mRNA-1	Bcin04p04550.1	CVK84425	FOXG_00953P0	RKF72576	
OG0005861	BLGH_03966-mRNA-1	Bcin04p00110.1	CVK98484	FOXG_13899P0	RKF59600	
OG0005862	BLGH_03969-mRNA-1	Bcin15p01660.1	CVK83431	FOXG_00353P0	RKF76103	
OG0005863	BLGH_03972-mRNA-1	Bcin04p04820.1	CVK84427	FOXG_00954P0	RKF60536	
OG0005864	BLGH_03980-mRNA-1	Bcin14p01830.1	CVK92582	FOXG_05254P0		EDN94396
OG0005865	BLGH_03999-mRNA-1	Bcin09p02980.1	CVK98506	FOXG_13922P0	RKF57184	
OG0005866	BLGH_04007-mRNA-1	Bcin04p00070.1		FOXG_12669P0	RKF64740	EDN92276
OG0005867	BLGH_04009-mRNA-1	Bcin04p04180.1	CVK86786	FOXG_08028P0	RKF71482	
OG0005868	BLGH_04023-mRNA-1	Bcin02p06410.1	CVK86658	FOXG_08154P0		EDN95132
OG0005869	BLGH_04027-mRNA-1	Bcin02p06660.1	CVK86688	FOXG_08123P0	RKF81773	
OG0005870	BLGH_04031-mRNA-1	Bcin02p06790.1	CVK86640	FOXG_08172P0		EDN95085
OG0005871		Bcin08g05480.1	CVK96243, CVL07272, CVL08794	FOXG_10214P0		
OG0005872		Bcin06p05210.1	CVK85850, CVL08292	FOXG_13213P0		EDN99933
OG0005873		Bcin12p06300.1, Bcin16p02770.1	CVK91225	FOXG_02952P0		EDN98882
OG0005874		Bcin05p00020.1, Bcin05p05140.1	CVL03379	FOXG_11913P0		EDO03100
OG0005875		Bcin08p05580.1	CVK95250, CVK97569	FOXG_04025P0, FOXG_09581P0		
OG0005876		Bcin03p00220.1	CVK94525, CVK95396	FOXG_09665P0, FOXG_17408P0		
OG0005877		Bcin12p04630.1	CVL06344, CVL07677	FOXG_16927P0		EDN92780
OG0005878		Bcin05p06100.1	CVK84220	FOXG_00895P0	RKF76224	EDN95974
OG0005879		Bcin01p09710.1, Bcin06p07110.1	CVK98444	FOXG_13857P0		EDO00174
OG0005880		Bcin01p11390.1, Bcin01p11390.2	CVL06236	FOXG_11886P0, FOXG_15316P0		
OG0005881		Bcin09p03800.1, Bcin14p01250.1	CVK91121	FOXG_03049P0		EDO02831
OG0005882		Bcin16p01630.1, Bcin16p01630.2, Bcin16p01630.3, Bcin16p01630.4, Bcin16p01630.5				
OG0005883		Bcin09p01970.1	CVK90717	FOXG_03338P0	RKF79849	EDO02641
OG0005884		Bcin06p07020.1, Bcin12p06360.1	CVL06476	FOXG_15259P0		EDN99021
OG0005885		Bcin16p00740.1, Bcin16p00740.2	CVL02585	FOXG_10931P0		EDN99414
OG0005886		Bcin09p05770.1, Bcin09p05850.1, Bcin09p05860.1, Bcin09p05910.1				EDO03073
OG0005887		Bcin08p01830.1, Bcin15p00090.1	CVL08393	FOXG_02536P0		EDO00953
OG0005888		Bcin08p00060.1	CVK95789	FOXG_09888P0, FOXG_17225P0, FOXG_17727P0		
OG0005889		Bcin08p07100.1, Bcin08p07100.2, Bcin11p01680.1	CVL04887	FOXG_15926P0		
OG0005890		Bcin04p00810.1				EDN94245, EDN94246, EDN99567, EDO02443
OG0005891		Bcin06p02450.1	CVK91329, CVK94079, CVK96006	FOXG_05867P0		
OG0005892		Bcin02p08980.1	CVK96241, CVL05300	FOXG_10215P0, FOXG_13022P0		
OG0005893		Bcin09p00030.1	CVL04184	FOXG_07125P0, FOXG_12199P0	RKF73002	
OG0005894		Bcin05p03560.1	CVK89796	FOXG_01465P0	RKF83317	EDO03577
OG0005895		Bcin13p02460.1	CVK97006, CVL00461	FOXG_04365P0, FOXG_08948P0		
OG0005896		Bcin15p00200.1, Bcin15p00200.2, Bcin15p00200.3	CVK82964	FOXG_00073P0		
OG0005897		Bcin02p02130.1	CVL02254, CVL02604	FOXG_10792P0, FOXG_10959P0		
OG0005898		Bcin13p04230.1	CVK98522	FOXG_13935P0	RKF56873	EDN93714
OG0005899		Bcin14p05560.1	CVK84969, CVK85848, CVK98882	FOXG_13212P0		
OG0005900		Bcin06p06090.1, Bcin12p03520.1	CVL04514	FOXG_11470P0		EDN92685
OG0005901		Bcin10p05590.1, Bcin10p05590.2	CVK88357	FOXG_02349P0		EDO04663
OG0005902		Bcin05p07090.1, Bcin10p00670.1				EDN96099, EDN96100, EDO04974
OG0005903		Bcin12p06390.1	CVK94020, CVL03997	FOXG_05901P0, FOXG_12225P0		
OG0005904		Bcin02p01640.1, Bcin03p02710.1	CVL07876	FOXG_02677P0		EDN96873
OG0005905		Bcin02p07360.1, Bcin02p07360.2, Bcin02p07360.3	CVK89247	FOXG_01827P0		
OG0005906		Bcin08p03930.1	CVK90186	FOXG_03646P0	RKF76252	EDO00695
OG0005907		Bcin14p04680.1, Bcin14p04680.2	CVL06795	FOXG_14602P0		EDN94610
OG0005908		Bcin04p01830.1, Bcin04p01830.2	CVK98889, CVL05085	FOXG_11783P0		
OG0005909		Bcin03p02100.1, Bcin03p02120.1	CVL05331	FOXG_15560P0, FOXG_16018P0		
OG0005910		Bcin03p01320.1, Bcin03p01320.2, Bcin03p01320.3, Bcin03p01320.4, Bcin03p01320.5				
OG0005911		Bcin07p01400.1, Bcin07p01400.2	CVK99608	FOXG_08519P0		EDN96401
OG0005912		Bcin05p07230.1, Bcin05p07230.2	CVL07607	FOXG_16865P0		EDO03842
OG0005913		Bcin06p06500.1, Bcin06p06500.2	CVK93545	FOXG_06284P0		EDO00244
OG0005914		Bcin03p01310.1, Bcin03p01310.2	CVL02703	FOXG_11022P0		EDN91359
OG0005915		Bcin01p04810.1, Bcin02p06280.1, Bcin15p00550.1	CVL04979			EDO01894
OG0005916		Bcin01p00410.1	CVK92837, CVK99976	FOXG_08302P0		EDN98240
OG0005917		Bcin04p00420.1, Bcin06p07590.1, Bcin15p01710.1, Bcin16p00800.1				EDN99493
OG0005918		Bcin01p04580.1, Bcin01p04580.2	CVK84709	FOXG_01124P0		EDO01868
OG0005919		Bcin02p07700.1, Bcin04p06990.1	CVL03634	FOXG_12015P0, FOXG_12016P0		
OG0005920		Bcin03p04700.1, Bcin11p02690.1	CVL06467	FOXG_15244P0		EDN90996
OG0005921		Bcin01p00870.1	CVK91043	FOXG_03129P0, FOXG_12995P0		EDN98167
OG0005922		Bcin11p02450.1	CVK98678, CVK99283, CVL07384	FOXG_15732P0		
OG0005923		Bcin05p05150.1, Bcin05p05150.2	CVK86532	FOXG_03796P0		EDN96084
OG0005924		Bcin03p03030.1, Bcin03p03030.2, Bcin03p03030.3	CVL06879			EDN91250
OG0005925		Bcin05p04290.1, Bcin05p04300.1	CVK92882	FOXG_05474P0		EDO03680
OG0005926		Bcin03p00450.1	CVK86963	FOXG_07904P0		EDN90774, EDN94217
OG0005927		Bcin07p02130.1	CVL03743, CVL05782	FOXG_12709P0		EDN97126
OG0005928		Bcin01p00250.1, Bcin13p02180.1	CVK87756	FOXG_07468P0		EDN98245
OG0005929		Bcin02p04500.1	CVL08701, CVL09100	FOXG_04766P0, FOXG_11599P0		
OG0005930		Bcin03p05380.1	CVL01884	FOXG_10512P0	RKF58181	EDN90902
OG0005931		Bcin05p04380.1, Bcin06p04600.1	CVL06850	FOXG_14657P0		EDN99186
OG0005932		Bcin07p04460.1	CVK86420, CVL08816	FOXG_03913P0, FOXG_16837P0		
OG0005933		Bcin02p02430.1, Bcin04p06190.1, Bcin04p06920.1, Bcin05p00740.1, Bcin08p02480.1				
OG0005934		Bcin05p00110.1, Bcin06p04230.1	CVK94210	FOXG_05800P0		EDO03157
OG0005935		Bcin09p01680.1, Bcin09p01690.1, Bcin09p05000.1				EDO02571, EDO02679
OG0005936		Bcin01p04560.1	CVL03891	FOXG_12144P0	RKF83872	EDO01866
OG0005937		Bcin04p04710.1, Bcin04p04730.1, Bcin06p07140.1, Bcin11p02760.1, Bcin11p06190.1				
OG0005938		Bcin14p05350.1, Bcin14p05350.2	CVK98443	FOXG_13856P0	RKF82781	
OG0005939		Bcin05p04790.1, Bcin05p04790.2	CVK95115	FOXG_16630P0		EDO03731
OG0005940		Bcin12p04100.1, Bcin12p04100.2, Bcin12p04100.3, Bcin12p04100.4				EDN92647
OG0005941		Bcin05p04770.1, Bcin05p04770.2	CVK94268	FOXG_05768P0		EDO03728
OG0005942		Bcin03p00060.1, Bcin08p01790.1, Bcin08p01790.2	CVK86369	FOXG_03954P0		
OG0005943		Bcin03p05640.1, Bcin15p04510.1	CVK83054	FOXG_00128P0		EDN90867
OG0005944		Bcin13p01470.1, Bcin15p02540.1, Bcin15p02540.2				EDN99358, EDO02305
OG0005945		Bcin09p05920.1, Bcin09p05920.2	CVK95154	FOXG_16651P0		EDO03075
OG0005946		Bcin14p00270.1	CVK90477, CVL04973	FOXG_03483P0		EDN91650
OG0005947		Bcin11p03770.1, Bcin11p03770.2	CVL03874	FOXG_04694P0, FOXG_12138P0		
OG0005948		Bcin14p04210.1	CVK92759	FOXG_05397P0	RKF75762	EDN94445
OG0005949		Bcin16p00570.1, Bcin16p00570.2	CVK93966	FOXG_05932P0		EDN99434
OG0005950		Bcin05p01240.1	CVL05549	FOXG_12844P0	RKF63338	EDO03459
OG0005951		Bcin02p04600.1, Bcin02p04600.2	CVK86308, CVL04767	FOXG_11662P0		
OG0005952		Bcin06p07600.1, Bcin15p01720.1	CVK99336	FOXG_08773P0		EDN99494
OG0005953		Bcin06p05260.1	CVK83371, CVL04064	FOXG_00321P0		EDN99944
OG0005954		Bcin05p05390.1	CVK84647, CVL09337	FOXG_01086P0		EDN96034
OG0005955		Bcin11p00390.1	CVK93920	FOXG_05962P0		EDN91300, EDO00570
OG0005956		Bcin03p02640.1	CVK95800, CVL01172	FOXG_09410P0, FOXG_09897P0		
OG0005957		Bcin10p05060.1	CVK83676, CVL06999	FOXG_00505P0		EDO04567
OG0005958		Bcin06p00680.1	CVK93683, CVK97612, CVL06928			EDN93350
OG0005959		Bcin06p05170.1, Bcin06p05170.2	CVL04861	FOXG_11695P0		EDN99928
OG0005960		Bcin09p00960.1, Bcin09p02900.1	CVK92225	FOXG_04980P0		EDO02858
OG0005961		Bcin05p02620.1, Bcin12p01020.1	CVK83616	FOXG_10808P0		EDN92355
OG0005962		Bcin09p05440.1	CVK94844	FOXG_16945P0		EDN99868, EDO03010
OG0005963		Bcin15p04940.1	CVK85073	FOXG_17707P0		EDN94320, EDN94322
OG0005964		Bcin05p06600.1	CVK86433, CVL05248	FOXG_03902P0		EDO03771
OG0005965		Bcin05p04570.1	CVK98221, CVL06282	FOXG_13708P0, FOXG_15293P0		
OG0005966		Bcin02p00780.1	CVK87429	FOXG_07636P0	RKF79893	EDN96611
OG0005967		Bcin02p00250.1, Bcin04p04690.1	CVK95511	FOXG_09720P0		EDN91453
OG0005968		Bcin02p03840.1, Bcin09p00970.1, Bcin16p00930.1, Bcin16p04990.1				EDO02447
OG0005969		Bcin06p03820.1, Bcin06p03820.2	CVK95090, CVL00580			EDN99839
OG0005970		Bcin01p02080.1	CVK90247	FOXG_03608P0	RKF72283	EDO01522
OG0005971		Bcin05p08000.1, Bcin05p08000.2	CVL01518	FOXG_10286P0		EDN95879
OG0005972		Bcin06p01060.1	CVK90930, CVL05447	FOXG_03205P0		EDN93292
OG0005973		Bcin11p02240.1, Bcin11p02240.2	CVK89442	FOXG_01708P0		EDN96637
OG0005974		Bcin03p05000.1	CVK90913	FOXG_03217P0	RKF55993	EDN90940
OG0005975		Bcin06p05580.1	CVK87391	FOXG_07663P0	RKF79600	EDO00087
OG0005976		Bcin02p06200.1, Bcin08p01170.1, Bcin09p00390.1, Bcin09p03350.1				EDO01058
OG0005977		Bcin05p03570.1, Bcin05p03570.2	CVK89797	FOXG_01464P0		EDO03576
OG0005978		Bcin02p08940.1	CVK95847, CVL03768, CVL07935	FOXG_09949P0		
OG0005979		Bcin11p03330.1	CVK92293, CVK97008	FOXG_04364P0, FOXG_05027P0		
OG0005980		Bcin01p09520.1, Bcin01p09520.2, Bcin01p09520.3	CVK83301	FOXG_00274P0		
OG0005981		Bcin09p02280.1	CVK92603	FOXG_05274P0		EDN91101, EDO02600
OG0005982		Bcin01p09570.1, Bcin01p09570.2	CVK83234	FOXG_00232P0	RKF64964	
OG0005983		Bcin16p04280.1, Bcin16p04280.2	CVL04420	FOXG_11413P0, FOXG_17454P0		
OG0005984		Bcin01p04060.1, Bcin01p04060.2	CVL03115	FOXG_11244P0		EDO01811
OG0005985		Bcin05p02900.1, Bcin06p03530.1, Bcin07p00020.1, Bcin09p02530.1				EDO03257
OG0005986		Bcin14p03420.1, Bcin14p03420.2	CVK91348	FOXG_02850P0		EDN93604
OG0005987		Bcin10p05300.1	CVK88500	FOXG_02275P0	RKF80793	EDO04618
OG0005988		Bcin05p05950.1	CVK86012	FOXG_13301P0		EDN95992, EDO03197
OG0005989		Bcin08p01930.1, Bcin08p01930.2	CVL05456	FOXG_01496P0, FOXG_12896P0		
OG0005990		Bcin01p04180.1	CVK83599, CVK94758	FOXG_00457P0		EDO01825
OG0005991		Bcin06p03760.1, Bcin07p01440.1	CVK88296	FOXG_02386P0		EDN96406
OG0005992		Bcin08p04130.1, Bcin12p00880.1, Bcin12p00890.1		FOXG_04674P0		EDO00663
OG0005993		Bcin01p04920.1, Bcin08p03560.1, Bcin08p03560.2	CVL02153			EDO00730
OG0005994		Bcin06p01950.1, Bcin14p05390.1	CVK90672	FOXG_03365P0		EDN99722
OG0005995		Bcin02p07090.1	CVK92162, CVL06784	FOXG_04951P0, FOXG_14595P0		
OG0005996		Bcin05p04890.1	CVK84351	FOXG_00815P0	RKF65788	EDO03743
OG0005997		Bcin06p01050.1	CVK98760, CVL04851	FOXG_11708P0		EDN93293
OG0005998		Bcin07p02940.1	CVK94223	FOXG_05795P0, FOXG_07400P0		EDO00802
OG0005999		Bcin01p07230.1, Bcin04p01610.1	CVL06336	FOXG_15265P0		EDO01729
OG0006000		Bcin02p05460.1, Bcin02p05460.2	CVL05724	FOXG_12744P0		EDN95205
OG0006001		Bcin07p01120.1	CVK95450, CVK97344	FOXG_04166P0, FOXG_09685P0		
OG0006002		Bcin10p00970.1	CVK88372	FOXG_02344P0, FOXG_02759P0		EDO04995
OG0006003		Bcin11p02670.1	CVK85778, CVL00444	FOXG_08964P0, FOXG_13156P0		
OG0006004		Bcin15p03960.1	CVK94359, CVK94751, CVK98217	FOXG_13704P0		
OG0006005		Bcin05p04280.1	CVL08524	FOXG_04664P0, FOXG_08805P0		EDO03677
OG0006006		Bcin03p03280.1, Bcin03p03280.2	CVL03783	FOXG_12101P0		EDN91284
OG0006007		Bcin01p08020.1, Bcin01p08020.2	CVK97437	FOXG_04117P0		EDO02174
OG0006008		Bcin01p10990.1, Bcin01p10990.2	CVL05251	FOXG_07383P0		EDO02061
OG0006009		Bcin01p04830.1, Bcin01p04830.2, Bcin01p04830.3				EDN94255, EDO01896
OG0006010		Bcin05p02630.1	CVK84614	FOXG_01067P0	RKF79657	EDO03412
OG0006011		Bcin02p00770.1	CVL02532	FOXG_10876P0, FOXG_15919P0		EDN96610
OG0006012		Bcin10p02400.1	CVK97187	FOXG_04257P0	RKF71458	EDO04845
OG0006013		Bcin10p03220.1	CVK89241	FOXG_01833P0	RKF80427	EDO04472
OG0006014		Bcin12p00770.1	CVK97374	FOXG_04151P0	RKF78398	EDN92330
OG0006015		Bcin01p02270.1	CVK84391	FOXG_00937P0	RKF75900	EDO01546
OG0006016		Bcin05p00120.1	CVK92353, CVK94287	FOXG_05068P0, FOXG_05756P0		
OG0006017		Bcin01p06790.1, Bcin02p07100.1	CVK94464	FOXG_05669P0		EDO01620
OG0006018		Bcin13p00590.1	CVL06195	FOXG_02727P0, FOXG_11871P0, FOXG_15338P0		
OG0006019		Bcin03p04600.1	CVK91014	FOXG_03151P0, FOXG_12462P0		EDN90977
OG0006020		Bcin07p02830.1, Bcin07p02830.2, Bcin07p02830.3, Bcin07p02830.4				EDN97080
OG0006021		Bcin13p02100.1, Bcin16p03950.1	CVK83627	FOXG_00480P0		EDN99480
OG0006022		Bcin11p05200.1	CVL01496	FOXG_10272P0	RKF83594	EDN96262
OG0006023		Bcin01p02880.1	CVK87891, CVK98765	FOXG_07414P0		EDO02318
OG0006024		Bcin09p05110.1, Bcin09p05110.2	CVK94148	FOXG_05826P0		EDO02588
OG0006025		Bcin10p05620.1	CVK95549, CVL02135	FOXG_09744P0, FOXG_10728P0		
OG0006026		Bcin02p01610.1, Bcin02p01610.2, Bcin02p01610.3, Bcin02p01610.4				EDN96871
OG0006027		Bcin02p09050.1, Bcin13p03890.1	CVL07838	FOXG_02661P0		EDN99597
OG0006028		Bcin08p00760.1	CVK89594	FOXG_01619P0	RKF84052	EDO01108
OG0006029		Bcin03p08230.1, Bcin04p06380.1, Bcin06p00320.1, Bcin06p00320.2				EDN93404
OG0006030		Bcin08p06160.1, Bcin11p01430.1	CVL05371	FOXG_12935P0		EDN96290
OG0006031		Bcin07p03040.1	CVK95372	FOXG_09652P0, FOXG_17301P0		EDN97056
OG0006032		Bcin16p00050.1, Bcin16p00050.2	CVL00171	FOXG_08189P0		EDN99262
OG0006033		Bcin06p05270.1, Bcin14p01100.1	CVL04214	FOXG_12373P0		EDN99945
OG0006034		Bcin13p05360.1, Bcin13p05360.2	CVK93371	FOXG_06425P0		EDN98593
OG0006035		Bcin14p04890.1	CVK98705, CVL00329	FOXG_15746P0		EDN94649
OG0006036		Bcin01p08210.1, Bcin01p08210.2, Bcin01p08210.3, Bcin01p08210.4				EDO02196
OG0006037		Bcin01p08340.1, Bcin09p03070.1	CVL06774	FOXG_14586P0		EDO02746
OG0006038		Bcin07p05430.1	CVK87909, CVL03737	FOXG_07404P0, FOXG_12072P0		
OG0006039		Bcin08p00090.1, Bcin12p05950.1	CVK95866	FOXG_09969P0		EDN97522
OG0006040		Bcin06p01600.1	CVL06603, CVL07128	FOXG_14489P0		EDN99760
OG0006041		Bcin08p02220.1, Bcin08p02220.2	CVK88210	FOXG_02461P0		EDO00903
OG0006042		Bcin13p00160.1, Bcin15p05640.1		FOXG_15215P0		EDN93330, EDN93331
OG0006043		Bcin03p00420.1, Bcin03p00420.2	CVK87251	FOXG_07724P0		EDN94213
OG0006044		Bcin10p02920.1, Bcin10p02920.2	CVL07697	FOXG_17181P0		EDN97797
OG0006045		Bcin09p04940.1	CVK90994	FOXG_03163P0	RKF82299	EDO02561
OG0006046		Bcin12p04870.1	CVK96562, CVL08488	FOXG_17661P0		EDN92691
OG0006047		Bcin01p07100.1	CVK84685, CVK87180	FOXG_01107P0, FOXG_07770P0		
OG0006048		Bcin06p04890.1	CVK97359	FOXG_04158P0	RKF62795	EDN93504
OG0006049		Bcin05p06280.1	CVK84942	FOXG_01331P0	RKF54261	EDO03806
OG0006050		Bcin05p04780.1	CVK95215	FOXG_09562P0, FOXG_10874P0		EDO03730
OG0006051		Bcin01p02490.1	CVK90133, CVL04880	FOXG_03677P0, FOXG_11725P0		
OG0006052		Bcin11p05070.1	CVK83801	FOXG_00579P0	RKF83768	EDN96275
OG0006053		Bcin02p08900.1, Bcin15p04000.1, Bcin15p04000.2	CVK94361			EDN94567
OG0006054		Bcin13p03670.1	CVL05462, CVL06104	FOXG_12891P0		EDN99638
OG0006055		Bcin11p05880.1	CVK83892	FOXG_00629P0	RKF57407	EDN96227
OG0006056		Bcin01p03800.1, Bcin01p03800.2, Bcin02p00090.1, Bcin03p05400.1, Bcin11p03230.1				
OG0006057		Bcin01p07400.1, Bcin11p01560.1	CVK95140	FOXG_16644P0		EDO01693
OG0006058		Bcin11p04970.1	CVK95969	FOXG_04649P0, FOXG_10058P0		EDN96285
OG0006059		Bcin15p05710.1	CVK95489, CVK95616	FOXG_09706P0, FOXG_09786P0		
OG0006060		Bcin03p05140.1	CVL03461	FOXG_11939P0, FOXG_17489P0		EDN92538
OG0006061		Bcin10p01590.1, Bcin16p03940.1	CVK95503	FOXG_09714P0		EDO05032
OG0006062		Bcin12p06520.1	CVK93068, CVK96548	FOXG_11370P0		EDN99011
OG0006063		Bcin09p02590.1	CVK94546	FOXG_03866P0, FOXG_05636P0		EDO02901
OG0006064		Bcin02p05110.1	CVK86584	FOXG_03748P0	RKF45607	EDN95269
OG0006065		Bcin01p03940.1, Bcin01p03940.2	CVL08297	FOXG_02491P0		EDO01798
OG0006066		Bcin13p04100.1	CVL00763, CVL03730	FOXG_09140P0, FOXG_12069P0		
OG0006067		Bcin10p05320.1	CVK88515	FOXG_02268P0	RKF51414	EDO04620
OG0006068		Bcin01p07630.1	CVK92172, CVL04044	FOXG_04954P0, FOXG_12252P0		
OG0006069		Bcin09p06580.1, Bcin09p06580.2	CVK85016, CVK92184, CVL05276			
OG0006070		Bcin08p00170.1	CVK86432, CVL05246	FOXG_03903P0		EDN97539
OG0006071		Bcin07p03400.1	CVL00058	FOXG_08256P0	RKF57464	EDN96999
OG0006072		Bcin02p04320.1	CVK87925, CVL08733	FOXG_17414P0		EDN96458
OG0006073		Bcin03p04570.1	CVK87531, CVL04525	FOXG_07582P0, FOXG_11477P0		
OG0006074		Bcin06p03850.1, Bcin06p04530.1	CVL06813	FOXG_14618P0		EDN99843
OG0006075		Bcin09p05120.1	CVK92538	FOXG_05211P0	RKF58057	EDO02589
OG0006076		Bcin07p03420.1	CVK99993	FOXG_08292P0	RKF83337	EDN96997
OG0006077		Bcin12p05700.1	CVK94778, CVK98648	FOXG_15700P0, FOXG_17013P0		
OG0006078		Bcin13p03950.1	CVL07299, CVL07625	FOXG_16902P0		EDN99605
OG0006079		Bcin09p00470.1	CVK96621, CVL02248	FOXG_15260P0		EDO02407
OG0006080		Bcin08p04860.1	CVK95413, CVL04601, CVL07996	FOXG_11536P0		
OG0006081		Bcin02p00390.1	CVK96170, CVL03606	FOXG_10181P0		EDN96564
OG0006082		Bcin03p01860.1	CVK91858, CVL07967	FOXG_16977P0, FOXG_17344P0		
OG0006083		Bcin04p06330.1	CVL05651, CVL07984	FOXG_12787P0, FOXG_17360P0		
OG0006084		Bcin12p00260.1	CVL04922, CVL07397	FOXG_11749P0		EDO01168
OG0006085		Bcin11p05970.1	CVK91865, CVL04807	FOXG_04703P0		EDN96216
OG0006086		Bcin05p05170.1	CVK91350, CVK92178	FOXG_04957P0		EDN96078
OG0006087		Bcin02p00060.1, Bcin02p00060.2	CVL06853	FOXG_14660P0, FOXG_17000P0		
OG0006088		Bcin03p06670.1	CVK92220, CVL08551	FOXG_02616P0		EDN90722
OG0006089		Bcin02p02680.1	CVK89286	FOXG_01802P0	RKF62095	EDN96690
OG0006090		Bcin14p00250.1, Bcin14p00250.2	CVK96248	FOXG_10209P0		EDN91652
OG0006091		Bcin14p01450.1, Bcin14p01450.2	CVK92404	FOXG_05119P0		EDN91463
OG0006092		Bcin06p01210.1	CVL06028	FOXG_15461P0		EDN99799, EDO01900
OG0006093		Bcin09p05550.1, Bcin09p05550.2	CVK87728, CVK94061	FOXG_05879P0		
OG0006094		Bcin04p05020.1	CVK96812	FOXG_04476P0, FOXG_04684P0	RKF81750	
OG0006095		Bcin04p02670.1, Bcin04p02670.2	CVK97465	FOXG_04102P0		EDN92254
OG0006096		Bcin01p00160.1, Bcin05p07120.1	CVK95806	FOXG_09902P0, FOXG_17570P0		
OG0006097		Bcin09p05810.1, Bcin09p05810.2	CVK93703	FOXG_06112P0		EDO03062
OG0006098		Bcin08p02430.1	CVL04529	FOXG_11479P0	RKF75614	EDO00881
OG0006099		Bcin04p06270.1, Bcin14p00380.1, Bcin14p00380.2, Bcin15p04920.1				EDN91629
OG0006100		Bcin09p03510.1, Bcin16p00130.1		FOXG_16520P0		EDN97041, EDO02802
OG0006101		Bcin03p04430.1	CVK89852, CVK94089	FOXG_01407P0		EDN91016
OG0006102		Bcin12p05980.1, Bcin12p05980.2	CVK99754	FOXG_08437P0		EDN98923
OG0006103		Bcin11p06300.1	CVK94285	FOXG_05757P0, FOXG_16975P0		EDN96172
OG0006104		Bcin01p06770.1, Bcin01p10740.1	CVK86340	FOXG_03967P0		EDO01618
OG0006105		Bcin05p00870.1	CVL05672	FOXG_12774P0		EDO03513, EDO03514
OG0006106		Bcin02p00210.1	CVK98446	FOXG_13858P0, FOXG_17501P0		EDN96546
OG0006107		Bcin07p04770.1	CVK96715, CVK97984	FOXG_08882P0, FOXG_13582P0		
OG0006108		Bcin03p06550.1	CVK93644	FOXG_06181P0	RKF83651	EDN90741
OG0006109		Bcin01p04540.1	CVK97939, CVL03884	FOXG_12142P0		EDO01864
OG0006110		Bcin01p06510.1	CVK88303	FOXG_01355P0, FOXG_02381P0		EDO01591
OG0006111		Bcin02p07430.1, Bcin04p06210.1	CVK94037	FOXG_04623P0, FOXG_05892P0		
OG0006112		Bcin09p01430.1, Bcin09p01430.2	CVK92330	FOXG_05051P0		EDO02508
OG0006113		Bcin11p03150.1, Bcin11p03150.2	CVK83587, CVK91928	FOXG_00449P0		
OG0006114		Bcin03p05600.1, Bcin03p05600.2	CVK85879	FOXG_13226P0		EDN90872
OG0006115		Bcin10p03250.1	CVK88196	FOXG_02475P0	RKF54095	EDO04476
OG0006116		Bcin03p04740.1, Bcin03p04740.2	CVK87236	FOXG_07732P0		EDN90974
OG0006117		Bcin14p03310.1, Bcin14p03310.2	CVK95848	FOXG_09952P0		EDN94578
OG0006118		Bcin09p06860.1	CVK99317	FOXG_08782P0		EDN94447, EDN99212
OG0006119		Bcin08p01500.1, Bcin08p01500.2	CVK91233	FOXG_02942P0		EDO00998
OG0006120		Bcin08p02540.1	CVL04531	FOXG_11480P0	RKF82705	EDO00868
OG0006121		Bcin13p03870.1	CVK90833	FOXG_03265P0	RKF54938	EDN99600
OG0006122		Bcin07p00310.1, Bcin16p02890.1	CVL02214	FOXG_10772P0		EDN95402
OG0006123		Bcin05p01300.1	CVK85061, CVL06334	FOXG_15266P0, FOXG_17522P0		
OG0006124		Bcin06p00840.1	CVK84990, CVL02598	FOXG_01372P0		EDN93318
OG0006125		Bcin10p03110.1	CVK89093	FOXG_01917P0, FOXG_01918P0		EDO04457
OG0006126		Bcin14p01870.1, Bcin14p01870.2	CVK92707	FOXG_05363P0		EDN94387
OG0006127		Bcin06p04940.1, Bcin10p01350.1, Bcin12p06430.1				EDN93507, EDO04739
OG0006128		Bcin01p08510.1	CVL03765, CVL06029	FOXG_15460P0		EDO02229
OG0006129		Bcin13p03710.1, Bcin16p01670.1, Bcin16p01670.2				EDN96253, EDN99634
OG0006130		Bcin08p04280.1, Bcin08p04280.2	CVL01263	FOXG_09504P0		EDO00643
OG0006131		Bcin09p00420.1	CVK92256, CVL08548	FOXG_05002P0		EDO02400
OG0006132		Bcin05p01770.1	CVK95275	FOXG_09597P0, FOXG_09598P0		EDO03303
OG0006133		Bcin14p03950.1	CVK92932	FOXG_05503P0		EDN94484, EDN94485
OG0006134		Bcin08p06100.1	CVK85000, CVL05032	FOXG_01382P0, FOXG_11804P0		
OG0006135		Bcin09p03810.1, Bcin09p03810.2	CVK91135	FOXG_03037P0		EDO02832
OG0006136		Bcin13p03590.1	CVK97420, CVK97423	FOXG_04124P0		EDN99651
OG0006137		Bcin04p02260.1, Bcin10p03150.1	CVL05482	FOXG_12873P0		EDO04462
OG0006138		Bcin14p00320.1, Bcin14p00320.2	CVK92461	FOXG_05130P0		EDN91645
OG0006139		Bcin01p07840.1, Bcin01p07840.2	CVK86547, CVK96008	FOXG_03781P0		
OG0006140		Bcin08p00030.1, Bcin09p01270.1	CVK95443	FOXG_09682P0		EDO02492
OG0006141		Bcin08p07040.1, Bcin08p07040.2, Bcin08p07040.3	CVK97372	FOXG_04152P0		
OG0006142		Bcin01p03720.1, Bcin15p05380.1	CVK87580	FOXG_07558P0		EDO01774
OG0006143		Bcin08p01840.1	CVK89410, CVK98336	FOXG_01726P0		EDO00952
OG0006144		Bcin08p03110.1	CVK90338	FOXG_03558P0	RKF72715	EDO00794
OG0006145		Bcin05p08170.1	CVL08454, CVL08739	FOXG_02566P0		EDN95859
OG0006146		Bcin03p04450.1	CVL03599, CVL07535	FOXG_11992P0, FOXG_14681P0		
OG0006147		Bcin16p03080.1, Bcin16p03080.2, Bcin16p03080.3, Bcin16p03080.5, Bcin16p03080.6				
OG0006148		Bcin03p03850.1	CVL02537	FOXG_10817P0, FOXG_10879P0		EDN91070
OG0006149		Bcin12p03850.1	CVK90977, CVK98659	FOXG_03176P0, FOXG_15694P0		
OG0006150		Bcin03p07170.1, Bcin03p07170.2, Bcin03p07170.3, Bcin03p07170.4				EDN90660
OG0006151		Bcin10p00490.1, Bcin10p00490.2	CVL01217	FOXG_09457P0		EDO04933
OG0006152		Bcin01p05010.1	CVK83916, CVK96640	FOXG_00647P0		EDO01919
OG0006153		Bcin11p05490.1, Bcin11p05490.2	CVL07690	FOXG_17188P0		EDN96378
OG0006154		Bcin06p07550.1, Bcin11p00050.1, Bcin11p06390.1				EDN92284, EDO01614
OG0006155		Bcin01p08630.1	CVK93608	FOXG_06218P0	RKF58427	EDO02249
OG0006156		Bcin09p00800.1	CVK86095, CVL03689	FOXG_12046P0, FOXG_13343P0		
OG0006157		Bcin09p04850.1	CVK84921	FOXG_01313P0	RKF81683	EDO02554
OG0006158		Bcin13p03900.1	CVL03356	FOXG_13046P0, FOXG_17530P0		EDN99598
OG0006159		Bcin11p05910.1	CVK83469	FOXG_00376P0	RKF57410	EDN96230
OG0006160		Bcin10p02570.1, Bcin10p02570.2	CVK86219	FOXG_13410P0		EDN97758
OG0006161		Bcin02p07610.1	CVK85139, CVL00452	FOXG_08959P0, FOXG_14936P0		
OG0006162		Bcin06p03370.1, Bcin07p02350.1	CVK83108	FOXG_00158P0		EDO00037
OG0006163		Bcin02p01020.1	CVK87598, CVK96103	FOXG_07548P0, FOXG_10160P0		
OG0006164		Bcin03p07840.1, Bcin03p09060.1, Bcin03p09070.1	CVK85598, CVK94966			
OG0006165		Bcin10p02710.1	CVL01810	FOXG_10460P0, FOXG_10461P0		EDN97774
OG0006166		Bcin09p05220.1, Bcin09p05220.2	CVK92468	FOXG_05137P0		EDO02609
OG0006167		Bcin07p00210.1, Bcin07p00210.2	CVK95690	FOXG_09821P0		EDN95417
OG0006168		Bcin01p04110.1	CVK98939, CVL06155	FOXG_15356P0		EDO01817
OG0006169		Bcin08p05570.1, Bcin08p05570.2	CVK98568	FOXG_14925P0, FOXG_15650P0		
OG0006170		Bcin13p01790.1	CVK98521	FOXG_13934P0		EDN99333, EDN99806
OG0006171		Bcin15p02000.1, Bcin15p02000.2, Bcin15p02000.3	CVK98515	FOXG_13929P0		
OG0006172		Bcin02p05090.1	CVL05502	FOXG_12866P0	RKF81905	EDN95271
OG0006173		Bcin08p01890.1	CVK96832, CVL03946	FOXG_12171P0, FOXG_13014P0		
OG0006174		Bcin08p06820.1, Bcin10p01370.1	CVK96770	FOXG_04504P0		EDO04737
OG0006175		Bcin02p02150.1	CVK98940, CVL03485	FOXG_11951P0		EDN96918
OG0006176		Bcin02p00430.1, Bcin02p00430.2	CVK98922	FOXG_15830P0		EDN96568
OG0006177		Bcin06p01530.1		FOXG_14966P0, FOXG_14970P0, FOXG_17673P0		EDN99772
OG0006178		Bcin09p05150.1, Bcin09p05150.2	CVK92884	FOXG_05476P0		EDO02591
OG0006179		Bcin04p05720.1, Bcin04p05720.2	CVK93835	FOXG_06018P0, FOXG_10236P0		
OG0006180		Bcin14p00090.1, Bcin14p00090.2	CVL02042	FOXG_10667P0		EDN91668
OG0006181		Bcin12p00160.1	CVL04969	FOXG_11840P0		EDN99962, EDO01150
OG0006182		Bcin10p03050.1, Bcin10p03050.2, Bcin10p03050.3	CVL01246	FOXG_09486P0		
OG0006183		Bcin14p00570.1, Bcin14p00570.2, Bcin14p00570.3, Bcin14p00570.4	CVL02472			
OG0006184		Bcin16p03560.1, Bcin16p03560.2, Bcin16p03560.3, Bcin16p03560.4				EDO03703
OG0006185		Bcin08p05360.1	CVL00577, CVL06600	FOXG_09038P0, FOXG_14487P0		
OG0006186		Bcin02p00300.1, Bcin02p00300.2, Bcin02p00300.3, Bcin02p00300.4				EDN96552
OG0006187		Bcin05p07240.1, Bcin15p01060.1	CVK84616	FOXG_01068P0		EDO03824
OG0006188		Bcin13p01270.1	CVK90855, CVL06327	FOXG_03254P0		EDN99386
OG0006189		Bcin15p03370.1	CVK87278	FOXG_07706P0, FOXG_16770P0, FOXG_17732P0		
OG0006190		Bcin06p02270.1	CVK86036, CVK90865	FOXG_03248P0		EDN99683
OG0006191		Bcin01p02700.1, Bcin01p02700.2	CVK99191	FOXG_08851P0		EDO02341
OG0006192		Bcin02p01860.1, Bcin02p01860.2, Bcin02p01860.3, Bcin02p01860.4	CVL04194			
OG0006193		Bcin16p04210.1	CVK97108, CVL00333	FOXG_04308P0, FOXG_08907P0		
OG0006194		Bcin17p00230.1	CVL07135, CVL09012, CVL09391, CVL09587			
OG0006195		Bcin07p06010.1, Bcin07p06010.2, Bcin07p06010.3	CVL01758	FOXG_10428P0		
OG0006196		Bcin02p02420.1, Bcin02p02420.2	CVK84180	FOXG_00798P0		EDN96663
OG0006197		Bcin03p04940.1, Bcin03p04940.2	CVK93595	FOXG_06232P0		EDN90946
OG0006198		Bcin16p04460.1	CVK88305, CVL06748	FOXG_02380P0, FOXG_14564P0		
OG0006199		Bcin03p05800.1, Bcin04p06250.1	CVL07620	FOXG_16920P0		EDN90849
OG0006200		Bcin06p01420.1	CVK91415, CVL04197	FOXG_12357P0		EDN99779
OG0006201		Bcin01p09370.1, Bcin01p09370.2, Bcin01p09370.3, Bcin01p09370.4				EDO04564
OG0006202		Bcin09p05400.1	CVK92475, CVL02222	FOXG_05145P0		EDO03002
OG0006203		Bcin02p04550.1, Bcin02p04550.2	CVK95879, CVK96126	FOXG_09983P0		
OG0006204		Bcin06p03320.1, Bcin06p03320.2	CVK83121	FOXG_00165P0		EDO00038
OG0006205		Bcin07p00050.1, Bcin07p00050.2	CVK98463	FOXG_13877P0		EDN95440
OG0006206		Bcin09p00550.1	CVK92467	FOXG_05136P0		EDN97589, EDO02412
OG0006207		Bcin03p01300.1, Bcin03p01300.2, Bcin03p01300.3, Bcin03p01300.4				EDN91360
OG0006208		Bcin07p01490.1, Bcin07p01491.1, Bcin07p01491.2	CVL02634	FOXG_17143P0		
OG0006209		Bcin16p00530.1	CVK84855, CVK90979	FOXG_01267P0		EDN99438
OG0006210		Bcin06p06170.1	CVK97699, CVL02605	FOXG_13509P0		EDO00395
OG0006211		Bcin12p03370.1	CVK92355, CVL06479	FOXG_05070P0		EDN98981
OG0006212		Bcin12p04910.1, Bcin12p04910.2	CVK95834	FOXG_09933P0		EDN92695
OG0006213		Bcin09p06840.1	CVK95927, CVK95957	FOXG_10027P0, FOXG_10046P0		
OG0006214		Bcin11p00770.1	CVK97540	FOXG_04047P0, FOXG_06993P0	RKF58374	
OG0006215		Bcin08p02820.1	CVK93821, CVL06785	FOXG_06026P0		EDO00836
OG0006216		Bcin02p02900.1, Bcin02p02900.2	CVL03188	FOXG_11286P0		EDN96712
OG0006217		Bcin02p01440.1	CVK88911	FOXG_02028P0	RKF74794	EDN96853
OG0006218		Bcin10p00960.1	CVK88672	FOXG_02179P0		EDO04996, EDO04997
OG0006219		Bcin10p02820.1	CVK88646	FOXG_02193P0, FOXG_17209P0		EDN97786
OG0006220		Bcin10p02470.1	CVL01150	FOXG_09388P0	RKF83457	EDO04858
OG0006221		Bcin02p04180.1, Bcin02p04180.2	CVK86438	FOXG_03897P0		EDN96480
OG0006222		Bcin09p01590.1, Bcin15p04240.1	CVK97409	FOXG_04133P0		EDO02691
OG0006223		Bcin15p00020.1	CVK98175, CVL06082	FOXG_13685P0, FOXG_15413P0		
OG0006224		Bcin01p03920.1, Bcin01p03920.2	CVL02687, CVL04719	FOXG_11566P0		
OG0006225		Bcin16p01760.1	CVK93718, CVK97118	FOXG_04301P0, FOXG_06095P0		
OG0006226		Bcin07p01970.1	CVK86831	FOXG_07991P0	RKF55880	EDN97146
OG0006227		Bcin11p00510.1, Bcin11p00510.2	CVK84141	FOXG_00777P0		EDO00545
OG0006228		Bcin16p01870.1, Bcin16p01870.2, Bcin16p01870.3, Bcin16p01870.4	CVK87816			
OG0006229		Bcin02p03050.1	CVK91185, CVL06342	FOXG_02991P0		EDN96730
OG0006230		Bcin03p01530.1	CVK95756, CVL05004	FOXG_09864P0		EDN91329
OG0006231		Bcin01p07260.1	CVK97470	FOXG_04098P0, FOXG_15785P0		EDO01731
OG0006232		Bcin08p00140.1, Bcin08p00140.2	CVK84826	FOXG_01225P0		EDN97532
OG0006233		Bcin09p06230.1	CVK91026	FOXG_03143P0	RKF82864	EDO03120
OG0006234		Bcin04p06970.1	CVL08434	FOXG_06961P0, FOXG_06968P0		EDO03014
OG0006235		Bcin10p05260.1, Bcin10p05260.2	CVK96817	FOXG_04480P0		EDO04608
OG0006236		Bcin06p01900.1	CVK85116, CVL05388	FOXG_12927P0		EDN99728
OG0006237		Bcin01p10270.1, Bcin01p10270.2	CVL05530	FOXG_12852P0		EDO03431
OG0006238		Bcin11p05950.1	CVK83218	FOXG_00222P0	RKF81366	EDN96220
OG0006239		Bcin11p06470.1	CVK96561, CVL07082, CVL08068			EDN96155
OG0006240			CVK85044, CVL07215, CVL09195, CVL09358	FOXG_14762P0		
OG0006241			CVK85065, CVK86256, CVK87933	FOXG_07386P0, FOXG_13434P0		
OG0006242			CVK85007, CVK86052, CVL03877	FOXG_12139P0, FOXG_13321P0		
OG0006243			CVK85008, CVL02647, CVL06062	FOXG_10973P0, FOXG_15431P0		
OG0006244			CVK84861, CVK93051, CVK98974	FOXG_01262P0, FOXG_11381P0		
OG0006245			CVK84677, CVK95319	FOXG_01101P0, FOXG_09624P0, FOXG_17665P0		
OG0006246			CVK85037, CVK94571, CVL02557	FOXG_05613P0, FOXG_10895P0		
OG0006247			CVK84839, CVK97576, CVL07156	FOXG_01237P0, FOXG_04028P0		
OG0006248			CVK85127, CVK95828, CVK97970, CVL06136	FOXG_09928P0		
OG0006249			CVK85147, CVK95950, CVL05041	FOXG_10040P0, FOXG_11798P0		
OG0006250			CVK85179, CVK95468, CVL08245	FOXG_09695P0, FOXG_14233P0		
OG0006251			CVK85083, CVK86736, CVL06405	FOXG_08076P0, FOXG_09750P0		
OG0006252			CVK84995, CVK96627, CVL05299	FOXG_01377P0, FOXG_13023P0		
OG0006253			CVK83123, CVK86415, CVL00871	FOXG_00166P0, FOXG_09205P0		
OG0006254			CVK84860, CVK91983, CVK95816	FOXG_14508P0, FOXG_17737P0		
OG0006255			CVK84973, CVK88258, CVL07641	FOXG_16886P0, FOXG_16887P0		
OG0006256			CVK85039, CVK87589	FOXG_07554P0, FOXG_17280P0, FOXG_17400P0		
OG0006257			CVK85003, CVL07274, CVL07403, CVL07438	FOXG_01385P0		
OG0006258			CVK85119, CVK94490, CVK99236	FOXG_05658P0, FOXG_08831P0		
OG0006259			CVK85099, CVL01735, CVL02563	FOXG_10414P0, FOXG_10900P0		
OG0006260			CVK83188, CVK83935	FOXG_00203P0, FOXG_00658P0, FOXG_17214P0		
OG0006261			CVK85035, CVK88830, CVL05261	FOXG_02079P0, FOXG_13053P0		
OG0006262			CVK87600, CVK97159, CVL07123	FOXG_04273P0, FOXG_07547P0		
OG0006263			CVK87444, CVL03432, CVL08304	FOXG_02494P0, FOXG_07628P0		
OG0006264			CVK85713	FOXG_06629P0, FOXG_06630P0, FOXG_07196P0, FOXG_07198P0		
OG0006265			CVK85640, CVK94082, CVL07584	FOXG_05865P0, FOXG_17620P0		
OG0006266			CVK87551, CVK87618, CVK96771	FOXG_07537P0, FOXG_09005P0		
OG0006267			CVK87721, CVK96736, CVL08876	FOXG_04545P0, FOXG_16460P0		
OG0006268			CVK87638	FOXG_07523P0, FOXG_12470P0, FOXG_14068P0, FOXG_14815P0		
OG0006269			CVK86393, CVK90399, CVK98685	FOXG_03527P0, FOXG_15738P0		
OG0006270			CVK86924, CVK90280, CVK95417	FOXG_03593P0, FOXG_07931P0		
OG0006271			CVK86258, CVL06168, CVL08509	FOXG_02592P0, FOXG_13435P0		
OG0006272			CVK85728, CVK91295, CVK96680, CVK96682	FOXG_13135P0		
OG0006273			CVK86109, CVK97552	FOXG_04038P0, FOXG_09884P0, FOXG_13349P0		
OG0006274			CVK87827, CVK96838, CVL00342, CVL02627	FOXG_10945P0		
OG0006275			CVK86398, CVL04710	FOXG_03928P0, FOXG_11642P0, FOXG_16854P0		
OG0006276			CVK86582, CVL02164, CVL05377	FOXG_03751P0, FOXG_12931P0		
OG0006277			CVK86483, CVK93884, CVK97633	FOXG_13451P0		EDO03565
OG0006278			CVK89428	FOXG_01715P0, FOXG_02632P0, FOXG_09971P0, FOXG_12262P0		
OG0006279			CVK89765, CVK96045, CVL04216	FOXG_10110P0, FOXG_12375P0		
OG0006280			CVK91396	FOXG_16703P0, FOXG_16712P0, FOXG_16768P0, FOXG_16780P0		
OG0006281			CVK91468, CVK94191, CVL04634	FOXG_11567P0, FOXG_17127P0		
OG0006282			CVK90314, CVL04654	FOXG_03571P0, FOXG_11586P0, FOXG_17437P0		
OG0006283			CVK91530, CVL03556, CVL08253, CVL09349, CVL09354			
OG0006284			CVK91803, CVL03035	FOXG_04778P0, FOXG_11197P0, FOXG_13015P0		
OG0006285			CVK92437, CVK98814, CVL06791	FOXG_15795P0		EDN99299
OG0006286			CVK92422, CVL08120	FOXG_07056P0, FOXG_07107P0, FOXG_14281P0		
OG0006287			CVK92399	FOXG_05115P0, FOXG_13127P0		EDN95167, EDO00933
OG0006288			CVK91954, CVK91962, CVL07862, CVL08050	FOXG_02670P0		
OG0006289			CVK91976, CVL02065	FOXG_04858P0, FOXG_04859P0, FOXG_15371P0		
OG0006290			CVK94628, CVK95446, CVL06073, CVL09343	FOXG_09684P0		
OG0006291			CVK94501, CVL05373, CVL08666	FOXG_04790P0, FOXG_12934P0		
OG0006292			CVK93690	FOXG_02682P0, FOXG_02683P0, FOXG_06127P0, FOXG_06128P0		
OG0006293			CVK94475, CVK94476, CVK94477, CVK95713, CVL02119			
OG0006294			CVK94564, CVK94924, CVL04626	FOXG_03865P0, FOXG_11557P0		
OG0006295			CVK93789, CVL02025, CVL02034	FOXG_06045P0, FOXG_10658P0		
OG0006296			CVK94594, CVL03859, CVL05344	FOXG_05595P0, FOXG_17484P0		
OG0006297			CVK94552, CVL02553	FOXG_05628P0, FOXG_10823P0, FOXG_10890P0		
OG0006298			CVK94096, CVL04055, CVL05280	FOXG_05860P0, FOXG_12263P0		
OG0006299			CVK94761	FOXG_06582P0, FOXG_06677P0, FOXG_07244P0, FOXG_17031P0		
OG0006300			CVK95775, CVK97457	FOXG_00981P0, FOXG_04503P0, FOXG_09878P0		
OG0006301			CVK96193, CVK96802, CVL03455	FOXG_04501P0, FOXG_11935P0		
OG0006302			CVK95403, CVK96165	FOXG_10178P0, FOXG_10832P0, FOXG_17196P0		
OG0006303			CVK95444, CVK96683	FOXG_09683P0, FOXG_12524P0, FOXG_14015P0		
OG0006304			CVK96121, CVK96564, CVL03369	FOXG_04667P0, FOXG_11918P0		
OG0006305			CVK95812, CVK98842, CVL00742	FOXG_09126P0, FOXG_15802P0		
OG0006306			CVK95696, CVL07655	FOXG_08869P0, FOXG_09823P0, FOXG_16912P0		
OG0006307			CVK94927, CVL06254, CVL07857	FOXG_15305P0, FOXG_16506P0		
OG0006308			CVK95350, CVK98698, CVL02182	FOXG_10752P0, FOXG_15743P0		
OG0006309			CVK95023, CVL02593, CVL07311	FOXG_14680P0, FOXG_16576P0		
OG0006310			CVK96551, CVK98837, CVL00296, CVL00365	FOXG_08921P0		
OG0006311			CVK96634, CVK98177	FOXG_10917P0, FOXG_12982P0, FOXG_13686P0		
OG0006312			CVK96650, CVL03625	FOXG_04609P0, FOXG_12007P0, FOXG_12009P0		
OG0006313			CVK97429, CVL05130, CVL05793	FOXG_11857P0, FOXG_12701P0		
OG0006314			CVK96805, CVL06482, CVL08799	FOXG_04498P0, FOXG_16848P0		
OG0006315			CVK97070, CVL01750	FOXG_04324P0, FOXG_10423P0	RKF81700	
OG0006316			CVK96942, CVK99340, CVL08145	FOXG_08769P0, FOXG_10767P0		
OG0006317			CVK97424, CVL03676, CVL09266	FOXG_04123P0, FOXG_12036P0		
OG0006318			CVK98324	FOXG_07026P0, FOXG_14977P0, FOXG_15541P0, FOXG_15999P0		
OG0006319			CVK98349, CVL07920, CVL08019	FOXG_12086P0, FOXG_13787P0		
OG0006320			CVK98341, CVL03948	FOXG_12172P0, FOXG_13781P0, FOXG_15189P0		
OG0006321			CVK98594	FOXG_15675P0		EDN93434, EDN93437, EDN94358
OG0006322			CVK98466	FOXG_13880P0, FOXG_14167P0, FOXG_14179P0, FOXG_17117P0		
OG0006323			CVK99772	FOXG_08428P0, FOXG_14455P0, FOXG_15025P0, FOXG_17233P0		
OG0006324			CVL00079, CVL03617, CVL06183	FOXG_08244P0, FOXG_12000P0		
OG0006325			CVK99327, CVL02623, CVL04062, CVL06295	FOXG_15288P0		
OG0006326			CVL02058, CVL06686, CVL07980	FOXG_10676P0, FOXG_17363P0		
OG0006327			CVL01993, CVL01997, CVL01999	FOXG_10624P0, FOXG_10625P0		
OG0006328			CVL02575, CVL07819, CVL08025, CVL08756	FOXG_13073P0		
OG0006329			CVL02578, CVL03362, CVL08682	FOXG_10926P0, FOXG_11926P0		
OG0006330			CVL02645, CVL02653, CVL02658, CVL02835	FOXG_11093P0		
OG0006331			CVL02668, CVL04180	FOXG_10989P0, FOXG_11885P0, FOXG_12202P0		
OG0006332			CVL03567, CVL08939, CVL09141	FOXG_11973P0, FOXG_13549P0		
OG0006333			CVL03956	FOXG_12205P0, FOXG_14979P0, FOXG_15536P0, FOXG_15993P0		
OG0006334			CVL03371, CVL06428	FOXG_11917P0, FOXG_15226P0, FOXG_15809P0		
OG0006335			CVL05119	FOXG_11873P0, FOXG_14913P0, FOXG_16666P0, FOXG_16729P0		
OG0006336			CVL04745, CVL04748	FOXG_11651P0, FOXG_11653P0	RKF66049	
OG0006337			CVL04925	FOXG_11751P0, FOXG_16684P0, FOXG_16747P0		EDN93641
OG0006338			CVL05090, CVL07922	FOXG_02702P0, FOXG_07380P0, FOXG_11780P0		
OG0006339			CVL05320, CVL08440	FOXG_02564P0, FOXG_13005P0		EDO02626
OG0006340			CVL06250, CVL07716, CVL09275	FOXG_15308P0, FOXG_16816P0		
OG0006341			CVL06932	FOXG_12466P0, FOXG_14072P0, FOXG_14743P0, FOXG_16405P0		
OG0006342			CVL06862	FOXG_14669P0, FOXG_17103P0, FOXG_17314P0		EDN99288
OG0006343			CVL07337, CVL09197, CVL09329, CVL09330, CVL09348			
OG0006344			CVL07081	FOXG_06544P0, FOXG_06722P0, FOXG_07282P0, FOXG_16304P0		
OG0006345			CVL07405, CVL08198	FOXG_07073P0, FOXG_14219P0, FOXG_14259P0		
OG0006346			CVL08189	FOXG_12558P0, FOXG_12609P0, FOXG_13982P0, FOXG_17067P0		
OG0006347			CVL08123, CVL08138	FOXG_07133P0, FOXG_15524P0, FOXG_15981P0		
OG0006348			CVL08869			EDO00633, EDO03008, EDO03144, EDO04687
OG0006349			CVL09032, CVL09319	FOXG_12484P0, FOXG_14055P0, FOXG_16053P0		
OG0006350			CVL09004	FOXG_06942P0, FOXG_15500P0, FOXG_15957P0		EDN93487
OG0006351			CVL09097	FOXG_14326P0, FOXG_14410P0, FOXG_15071P0, FOXG_15154P0		
OG0006352			CVL09247	FOXG_12467P0, FOXG_14071P0, FOXG_14742P0, FOXG_16406P0		
OG0006353			CVL09357	FOXG_12578P0, FOXG_12629P0, FOXG_13962P0, FOXG_17047P0		
OG0006354				FOXG_12548P0, FOXG_12599P0, FOXG_13992P0, FOXG_14198P0, FOXG_17077P0		
OG0006355				FOXG_14362P0, FOXG_15120P0, FOXG_15529P0, FOXG_15859P0, FOXG_15986P0		
OG0006356				FOXG_06928P0, FOXG_14279P0, FOXG_16082P0, FOXG_16296P0, FOXG_16402P0		
OG0006357				FOXG_06483P0, FOXG_06777P0, FOXG_07339P0, FOXG_14306P0, FOXG_14905P0		
OG0006358				FOXG_06880P0, FOXG_14169P0, FOXG_14843P0, FOXG_16130P0, FOXG_16248P0		
OG0006359				FOXG_06458P0, FOXG_06806P0, FOXG_07366P0, FOXG_14860P0, FOXG_16389P0		
OG0006360				FOXG_15485P0, FOXG_15486P0, FOXG_15812P0, FOXG_17133P0, FOXG_17668P0		
OG0006361				FOXG_06915P0, FOXG_14267P0, FOXG_14820P0, FOXG_16096P0, FOXG_16284P0		
OG0006362				FOXG_14234P0, FOXG_17106P0, FOXG_17130P0, FOXG_17180P0, FOXG_17460P0		
OG0006363				FOXG_12574P0, FOXG_12625P0, FOXG_13966P0, FOXG_14769P0, FOXG_17051P0		
OG0006364				FOXG_06898P0, FOXG_14824P0, FOXG_16112P0, FOXG_16266P0, FOXG_17544P0		
OG0006365				FOXG_14349P0, FOXG_14355P0, FOXG_15127P0, FOXG_15849P0, FOXG_17199P0		
OG0006366				FOXG_06485P0, FOXG_06775P0, FOXG_07337P0, FOXG_14430P0, FOXG_16363P0		
OG0006367				FOXG_06477P0, FOXG_06783P0, FOXG_07156P0, FOXG_07345P0, FOXG_16370P0		
OG0006368				FOXG_09608P0, FOXG_16698P0, FOXG_16763P0, FOXG_17099P0, FOXG_17318P0		
OG0006369				FOXG_14333P0, FOXG_14884P0, FOXG_15147P0, FOXG_15604P0, FOXG_16059P0		
OG0006370				FOXG_06516P0, FOXG_06748P0, FOXG_07308P0, FOXG_14858P0, FOXG_16334P0		
OG0006371				FOXG_06911P0, FOXG_14249P0, FOXG_14817P0, FOXG_16100P0, FOXG_16280P0		
OG0006372				FOXG_06921P0, FOXG_16089P0, FOXG_16090P0, FOXG_16091P0, FOXG_16289P0		
OG0006373				FOXG_06480P0, FOXG_06780P0, FOXG_07342P0, FOXG_08328P0, FOXG_16367P0		
OG0006374				FOXG_05403P0, FOXG_07101P0, FOXG_14952P0, FOXG_16677P0, FOXG_16740P0		
OG0006375				FOXG_09813P0, FOXG_12413P0, FOXG_14124P0, FOXG_14655P0, FOXG_17708P0		
OG0006376				FOXG_06616P0, FOXG_06642P0, FOXG_07210P0, FOXG_14237P0, FOXG_16458P0		
OG0006377				FOXG_06546P0, FOXG_06716P0, FOXG_06717P0, FOXG_07280P0, FOXG_15594P0		
OG0006378				FOXG_14255P0, FOXG_15555P0, FOXG_16013P0, FOXG_17126P0, FOXG_17270P0		
OG0006379				FOXG_06562P0, FOXG_06700P0, FOXG_07264P0, FOXG_14449P0, FOXG_15031P0		
OG0006380				FOXG_06456P0, FOXG_06807P0, FOXG_07052P0, FOXG_07367P0, FOXG_16390P0		
OG0006381				FOXG_12443P0, FOXG_14094P0, FOXG_14846P0, FOXG_16446P0, FOXG_17244P0		
OG0006382				FOXG_06605P0, FOXG_06654P0, FOXG_07042P0, FOXG_07220P0, FOXG_14880P0		
OG0006383				FOXG_12550P0, FOXG_12601P0, FOXG_13990P0, FOXG_14195P0, FOXG_17075P0		
OG0006384				FOXG_06561P0, FOXG_06701P0, FOXG_07265P0, FOXG_14399P0, FOXG_15081P0		
OG0006385				FOXG_06586P0, FOXG_06673P0, FOXG_07240P0, FOXG_14429P0, FOXG_15052P0		
OG0006386				FOXG_06515P0, FOXG_06749P0, FOXG_07309P0, FOXG_14859P0, FOXG_16335P0		
OG0006387				FOXG_14329P0, FOXG_15151P0, FOXG_17005P0		EDN91370, EDO02977
OG0006388				FOXG_14470P0, FOXG_14946P0, FOXG_15010P0, FOXG_16678P0, FOXG_16741P0		
OG0006389				FOXG_06910P0, FOXG_14248P0, FOXG_14816P0, FOXG_16101P0, FOXG_16279P0		
OG0006390				FOXG_12551P0, FOXG_12602P0, FOXG_13989P0, FOXG_14194P0, FOXG_17074P0		
OG0006391					RKF65865, RKF71452, RKF81618, RKF84121, RKF84135	
OG0006392					RKF73192, RKF76925, RKF79932, RKF79934, RKF84090	
OG0006393					RKF56174, RKF73821, RKF76774, RKF83297, RKF84043	
OG0006394					RKF59567, RKF79302, RKF79303, RKF81370, RKF81371	
OG0006395					RKF46089, RKF54887, RKF57620, RKF59990, RKF80140	
OG0006396					RKF57931, RKF65538, RKF65678, RKF77807, RKF79050	
OG0006397					RKF57636, RKF60562, RKF62026, RKF64808, RKF73136	
OG0006398					RKF63257, RKF63822, RKF64468, RKF71340, RKF71341	
OG0006399					RKF61121, RKF61135, RKF64314, RKF65883, RKF65884	
OG0006400					RKF57694, RKF57695, RKF57956, RKF57957, RKF58740	
OG0006401						EDN96287, EDN96795, EDO00664, EDO00793, EDO03466
OG0006402	BLGH_05198-mRNA-1, BLGH_06611-mRNA-1, BLGH_06628-mRNA-1, BLGH_06629-mRNA-1					
OG0006403	BLGH_06889-mRNA-1	Bcin03p04250.1			RKF55124	EDN91029
OG0006404	BLGH_04612-mRNA-1	Bcin03p08370.1	CVK83176	FOXG_00194P0		
OG0006405	BLGH_04616-mRNA-1	Bcin06p06310.1			RKF84116	EDO00411
OG0006406	BLGH_04665-mRNA-1	Bcin06p05720.1	CVK83077	FOXG_00139P0		
OG0006407	BLGH_04674-mRNA-1	Bcin07p04670.1	CVK83104	FOXG_00156P0		
OG0006408	BLGH_01272-mRNA-1, BLGH_01816-mRNA-1, BLGH_04696-mRNA-1, BLGH_06874-mRNA-1					
OG0006409	BLGH_04754-mRNA-1	Bcin12p00590.1	CVL08902		RKF82257	
OG0006410	BLGH_04778-mRNA-1	Bcin06p05560.1			RKF71224	EDO00085
OG0006411	BLGH_05054-mRNA-1	Bcin14p03930.1			RKF65953	EDN94492
OG0006412	BLGH_05076-mRNA-1	Bcin14p03570.1			RKF54562	EDN94528
OG0006413	BLGH_03664-mRNA-1, BLGH_03667-mRNA-1, BLGH_05086-mRNA-1, BLGH_05532-mRNA-1					
OG0006414	BLGH_05091-mRNA-1	Bcin14p05040.1	CVK86777	FOXG_08038P0		
OG0006415	BLGH_00220-mRNA-1, BLGH_02702-mRNA-1, BLGH_05104-mRNA-1, BLGH_05135-mRNA-1					
OG0006416	BLGH_05124-mRNA-1	Bcin14p02820.1			RKF77060	EDN91520
OG0006417	BLGH_05179-mRNA-1	Bcin14p02190.1			RKF78124	EDN94336
OG0006418	BLGH_05195-mRNA-1	Bcin14p04780.1			RKF84073	EDN94637
OG0006419	BLGH_05213-mRNA-1	Bcin05p04200.1			RKF56651	EDO03673
OG0006420	BLGH_00009-mRNA-1	Bcin09p00440.1			RKF57104	EDO02401
OG0006421	BLGH_00015-mRNA-1	Bcin04p05830.1	CVK92823		RKF83224	
OG0006422	BLGH_00061-mRNA-1, BLGH_00062-mRNA-1, BLGH_00063-mRNA-1				RKF58403	
OG0006423	BLGH_00086-mRNA-1	Bcin04p05890.1	CVK98433	FOXG_13847P0		
OG0006424	BLGH_00088-mRNA-1	Bcin04p05930.1	CVK87223	FOXG_07740P0		
OG0006425	BLGH_00150-mRNA-1	Bcin04p01300.1	CVK92645	FOXG_05318P0		
OG0006426	BLGH_00152-mRNA-1	Bcin04p04270.1		FOXG_05108P0	RKF75364	
OG0006427	BLGH_00164-mRNA-1	Bcin05p05320.1			RKF58131	EDN96056
OG0006428	BLGH_00229-mRNA-1	Bcin02p04530.1, Bcin02p04530.2			RKF55309	
OG0006429	BLGH_00230-mRNA-1	Bcin02p04540.1	CVK88860	FOXG_02062P0		
OG0006430	BLGH_00272-mRNA-1	Bcin16p03700.1	CVK88242	FOXG_02428P0		
OG0006431	BLGH_00289-mRNA-1, BLGH_00293-mRNA-1, BLGH_00294-mRNA-1				RKF81812	
OG0006432	BLGH_00313-mRNA-1	Bcin13p00750.1	CVK88823	FOXG_02083P0		
OG0006433	BLGH_00326-mRNA-1	Bcin16p02750.1	CVK89211	FOXG_01851P0		
OG0006434	BLGH_00341-mRNA-1	Bcin15p01280.1	CVK83220		RKF59348	
OG0006435	BLGH_00351-mRNA-1	Bcin13p00560.1	CVK89194	FOXG_01860P0		
OG0006436	BLGH_00381-mRNA-1	Bcin16p03440.1	CVK88817	FOXG_02087P0		
OG0006437	BLGH_00393-mRNA-1	Bcin13p00100.1	CVL01211		RKF78249	
OG0006438	BLGH_00416-mRNA-1	Bcin15p00350.1		FOXG_00265P0	RKF65517	
OG0006439	BLGH_00426-mRNA-1	Bcin02p03650.1			RKF72683	EDN96761
OG0006440	BLGH_00429-mRNA-1	Bcin02p03600.1			RKF53764	EDN96766
OG0006441	BLGH_00448-mRNA-1, BLGH_00633-mRNA-1, BLGH_01342-mRNA-1, BLGH_06270-mRNA-1					
OG0006442	BLGH_00477-mRNA-1		CVK84089	FOXG_00746P0		EDN96934
OG0006443	BLGH_00539-mRNA-1	Bcin02p02280.1			RKF66852	EDN96929
OG0006444	BLGH_00614-mRNA-1	Bcin15p03280.1	CVK82953	FOXG_00067P0		
OG0006445	BLGH_00615-mRNA-1	Bcin15p02200.1	CVL02816	FOXG_11086P0		
OG0006446	BLGH_00616-mRNA-1	Bcin02p02950.1			RKF83858	EDN96719
OG0006447	BLGH_00645-mRNA-1	Bcin15p03400.1, Bcin15p03400.2			RKF71085	
OG0006448	BLGH_00688-mRNA-1	Bcin15p02080.1	CVK98510	FOXG_13928P0		
OG0006449	BLGH_05588-mRNA-1	Bcin15p04450.1	CVK99694	FOXG_08471P0		
OG0006450	BLGH_05609-mRNA-1	Bcin12p01930.1	CVL00005		RKF77445	
OG0006451	BLGH_02355-mRNA-1, BLGH_05647-mRNA-1, BLGH_05669-mRNA-1				RKF81626	
OG0006452	BLGH_05667-mRNA-1	Bcin15p02780.1	CVK88910	FOXG_02029P0		
OG0006453	BLGH_05673-mRNA-1	Bcin15p02710.1		FOXG_02135P0	RKF75885	
OG0006454	BLGH_05676-mRNA-1	Bcin15p02600.1	CVK89726	FOXG_01533P0		
OG0006455	BLGH_05687-mRNA-1	Bcin02p01950.1, Bcin02p01950.2			RKF60577	
OG0006456	BLGH_05690-mRNA-1	Bcin14p05580.1, Bcin15p02320.1			RKF71189	
OG0006457	BLGH_05696-mRNA-1	Bcin07p04980.1	CVK87541	FOXG_07576P0		
OG0006458	BLGH_05705-mRNA-1	Bcin02p04270.1			RKF62924	EDN96467
OG0006459	BLGH_01396-mRNA-1	Bcin10p03790.1			RKF83230	EDN97721
OG0006460	BLGH_01439-mRNA-1	Bcin10p01390.1			RKF71364	EDO04735
OG0006461	BLGH_01442-mRNA-1	Bcin10p02480.1	CVL01151		RKF83456	
OG0006462	BLGH_01461-mRNA-1	Bcin08p00100.1				EDN94543, EDN97525
OG0006463	BLGH_01473-mRNA-1	Bcin15g01250.1	CVL00409		RKF77224	
OG0006464	BLGH_01490-mRNA-1, BLGH_02967-mRNA-1	Bcin10p01060.1				EDO05011
OG0006465	BLGH_01551-mRNA-1	Bcin01p06820.1			RKF71146	EDO01623
OG0006466	BLGH_01597-mRNA-1		CVK84751	FOXG_01164P0	RKF83018	
OG0006467	BLGH_01620-mRNA-1	Bcin10p05170.1			RKF82683	EDO04591
OG0006468	BLGH_01667-mRNA-1	Bcin06p01500.1			RKF76890	EDN99766
OG0006469	BLGH_01691-mRNA-1	Bcin15p05450.1		FOXG_04193P0	RKF54998	
OG0006470	BLGH_01718-mRNA-1	Bcin11p04480.1	CVL04686		RKF59044	
OG0006471	BLGH_01773-mRNA-1	Bcin01p01060.1	CVL04441		RKF64899	
OG0006472	BLGH_01796-mRNA-1	Bcin15p04200.1	CVK99818		RKF71136	
OG0006473	BLGH_01807-mRNA-1	Bcin15p05010.1, Bcin15p05010.2			RKF57893	
OG0006474	BLGH_01812-mRNA-1	Bcin15p05230.1	CVK99898	FOXG_08354P0		
OG0006475	BLGH_01818-mRNA-1		CVK88211	FOXG_02460P0	RKF81805	
OG0006476	BLGH_01828-mRNA-1	Bcin07p04390.1	CVK99555	FOXG_08558P0		
OG0006477	BLGH_01840-mRNA-1	Bcin07p01420.1			RKF56508	EDN96404
OG0006478	BLGH_01857-mRNA-1	Bcin01p05740.1			RKF56531	EDO02000
OG0006479	BLGH_01874-mRNA-1	Bcin05p00200.1			RKF81798	EDO03168
OG0006480	BLGH_01891-mRNA-1	Bcin05p05430.1			RKF54497	EDN96038
OG0006481	BLGH_01962-mRNA-1	Bcin10p00350.1			RKF62844	EDO04917
OG0006482	BLGH_01987-mRNA-1	Bcin04p02350.1			RKF58674	EDO01437
OG0006483	BLGH_04514-mRNA-1	Bcin13p04130.1			RKF81108	EDN99581
OG0006484	BLGH_04524-mRNA-1	Bcin09p06260.1			RKF71091	EDO03123
OG0006485	BLGH_04582-mRNA-1		CVL05667	FOXG_12777P0	RKF82881	
OG0006486	BLGH_04586-mRNA-1	Bcin13p05450.1			RKF80690	EDN98570
OG0006487	BLGH_06542-mRNA-1	Bcin08p06400.1	CVL04606		RKF58833	
OG0006488	BLGH_06553-mRNA-1, BLGH_06554-mRNA-1, BLGH_06555-mRNA-1, BLGH_06556-mRNA-1					
OG0006489	BLGH_06816-mRNA-1	Bcin14p03870.1			RKF55386	EDN94500
OG0006490	BLGH_02632-mRNA-1	Bcin08p06450.1	CVL01554	FOXG_10306P0		
OG0006491	BLGH_02667-mRNA-1		CVL04052, CVL07699	FOXG_12260P0		
OG0006492	BLGH_02765-mRNA-1	Bcin08p06670.1, Bcin08p06670.2			RKF66022	
OG0006493	BLGH_02786-mRNA-1	Bcin08p03280.1	CVL00634		RKF53654	
OG0006494	BLGH_02829-mRNA-1	Bcin03p05470.1			RKF82893	EDN90892
OG0006495	BLGH_02834-mRNA-1	Bcin08p01380.1			RKF60289	EDO01014
OG0006496	BLGH_02851-mRNA-1	Bcin03p07260.1, Bcin03p07260.2				EDN90651
OG0006497	BLGH_02852-mRNA-1	Bcin08p06790.1	CVK93875	FOXG_05991P0		
OG0006498	BLGH_02885-mRNA-1	Bcin08p00580.1			RKF83472	EDO01081
OG0006499	BLGH_00892-mRNA-1, BLGH_02952-mRNA-1, BLGH_04233-mRNA-1, BLGH_04235-mRNA-1					
OG0006500	BLGH_02954-mRNA-1	Bcin01p08710.1			RKF59980	EDO02256
OG0006501	BLGH_03009-mRNA-1	Bcin11p03910.1	CVK90828	FOXG_03268P0		
OG0006502	BLGH_03061-mRNA-1	Bcin01p05760.1			RKF58551	EDO02002
OG0006503	BLGH_03065-mRNA-1	Bcin05p08340.1			RKF84150	EDN95842
OG0006504	BLGH_03097-mRNA-1		CVK84821, CVL01540	FOXG_10298P0		
OG0006505	BLGH_03124-mRNA-1	Bcin13p03830.1			RKF53827	EDN99612
OG0006506	BLGH_06347-mRNA-1	Bcin16p02340.1	CVK92544	FOXG_05216P0		
OG0006507	BLGH_05480-mRNA-1	Bcin14p00100.1	CVK98284		RKF53235	
OG0006508	BLGH_05495-mRNA-1	Bcin14p03320.1			RKF83377	EDN94560
OG0006509	BLGH_05501-mRNA-1	Bcin02p07690.1	CVK87144	FOXG_07794P0		
OG0006510	BLGH_05536-mRNA-1	Bcin14p05220.1	CVL05835	FOXG_12676P0		
OG0006511	BLGH_05561-mRNA-1	Bcin14p02600.1	CVL02009			EDN91561
OG0006512	BLGH_05564-mRNA-1	Bcin14p04140.1, Bcin14p04140.2				EDN94457
OG0006513	BLGH_06247-mRNA-1	Bcin03p05630.1			RKF57806	EDN90876
OG0006514	BLGH_06256-mRNA-1	Bcin10p03960.1			RKF60994	EDN97696
OG0006515	BLGH_06268-mRNA-1	Bcin10p02390.1			RKF82985	EDO04818
OG0006516	BLGH_06276-mRNA-1	Bcin10p05450.1			RKF57548	EDO04641
OG0006517	BLGH_06289-mRNA-1		CVK96968	FOXG_04389P0	RKF55648	
OG0006518	BLGH_06299-mRNA-1	Bcin10p00700.1			RKF73827	EDO04980
OG0006519	BLGH_05241-mRNA-1	Bcin08p05100.1	CVK91061	FOXG_03110P0		
OG0006520	BLGH_05268-mRNA-1	Bcin03p06160.1			RKF61565	EDN90796
OG0006521	BLGH_05286-mRNA-1		CVL08402	FOXG_02540P0	RKF78416	
OG0006522	BLGH_05290-mRNA-1		CVK99509	FOXG_08608P0		EDN93520
OG0006523	BLGH_05296-mRNA-1		CVK91969, CVL06203	FOXG_04852P0		
OG0006524	BLGH_05342-mRNA-1	Bcin01p00500.1	CVL00126	FOXG_08219P0		
OG0006525	BLGH_05360-mRNA-1	Bcin01p00560.1			RKF56038	EDN98201
OG0006526	BLGH_05363-mRNA-1	Bcin01p00530.1			RKF56040	EDN98204
OG0006527	BLGH_05379-mRNA-1		CVK91085	FOXG_03087P0	RKF75503	
OG0006528	BLGH_05393-mRNA-1		CVL04517	FOXG_11472P0	RKF76864	
OG0006529	BLGH_06928-mRNA-1	Bcin13p02680.1	CVK93848	FOXG_06010P0		
OG0006530	BLGH_06929-mRNA-1	Bcin13p02690.1			RKF77286	EDN99551
OG0006531	BLGH_05712-mRNA-1, BLGH_05713-mRNA-1, BLGH_05714-mRNA-1, BLGH_07099-mRNA-1					
OG0006532	BLGH_06439-mRNA-1	Bcin16p01160.1	CVK88688	FOXG_02169P0		
OG0006533	BLGH_06441-mRNA-1	Bcin16p01180.1	CVK88538	FOXG_02255P0		
OG0006534	BLGH_06447-mRNA-1	Bcin08p05970.1	CVK86111	FOXG_13350P0		
OG0006535	BLGH_06464-mRNA-1	Bcin16p00870.1	CVK97207		RKF55350	
OG0006536	BLGH_06479-mRNA-1	Bcin07p01910.1	CVL01204	FOXG_09445P0		
OG0006537	BLGH_05872-mRNA-1	Bcin12p06160.1			RKF51376	EDN98898
OG0006538	BLGH_05890-mRNA-1	Bcin12p06280.1			RKF83172	EDN98886
OG0006539	BLGH_05920-mRNA-1		CVK90139, CVK90140	FOXG_03673P0		
OG0006540	BLGH_05950-mRNA-1	Bcin06p04720.1	CVK90617			EDN93446
OG0006541	BLGH_05952-mRNA-1	Bcin06p02080.1			RKF83382	EDN99701
OG0006542	BLGH_03210-mRNA-1	Bcin03p06410.1			RKF82782	EDN90756
OG0006543	BLGH_00837-mRNA-1, BLGH_00838-mRNA-1, BLGH_00867-mRNA-1, BLGH_03222-mRNA-1					
OG0006544	BLGH_03224-mRNA-1	Bcin03p06450.1			RKF66046	EDN90752
OG0006545	BLGH_03335-mRNA-1	Bcin11p03300.1	CVK83457	FOXG_00369P0		
OG0006546	BLGH_03338-mRNA-1	Bcin11p04270.1	CVK83463	FOXG_00372P0		
OG0006547	BLGH_03340-mRNA-1	Bcin11p04250.1	CVK83466	FOXG_00374P0		
OG0006548	BLGH_03341-mRNA-1	Bcin11p04220.1	CVK83126		RKF78963	
OG0006549	BLGH_03347-mRNA-1	Bcin01p05990.1	CVK83052		RKF55943	
OG0006550	BLGH_03351-mRNA-1	Bcin01p09840.1	CVK83348		RKF82315	
OG0006551	BLGH_03376-mRNA-1	Bcin01p03630.1			RKF82163	EDO01765
OG0006552	BLGH_03396-mRNA-1	Bcin01p05600.1			RKF65184	EDO01984
OG0006553	BLGH_03405-mRNA-1	Bcin01p04070.1			RKF56758	EDO01812
OG0006554	BLGH_03499-mRNA-1	Bcin01p08670.1			RKF57370	EDO02213
OG0006555	BLGH_03510-mRNA-1	Bcin01p05100.1			RKF79978	EDO01924
OG0006556	BLGH_03539-mRNA-1	Bcin15p03740.1	CVK82876	FOXG_00021P0		
OG0006557	BLGH_03562-mRNA-1	Bcin06p06120.1	CVK99310			EDO00400
OG0006558	BLGH_03569-mRNA-1	Bcin01p02960.1	CVK83864	FOXG_00613P0		
OG0006559	BLGH_03610-mRNA-1	Bcin03p04710.1	CVL07478		RKF59317	
OG0006560	BLGH_06019-mRNA-1	Bcin12p01840.1			RKF56330	EDN92462
OG0006561	BLGH_06052-mRNA-1	Bcin07p06390.1	CVK99571		RKF78919	
OG0006562	BLGH_06055-mRNA-1	Bcin07p06420.1	CVK99573		RKF81478	
OG0006563	BLGH_04070-mRNA-1	Bcin07p03280.1			RKF82871	EDN97025
OG0006564	BLGH_04106-mRNA-1	Bcin16p01060.1	CVK88836	FOXG_02076P0		
OG0006565	BLGH_04122-mRNA-1	Bcin02p07760.1	CVL08525		RKF57705	
OG0006566	BLGH_04249-mRNA-1	Bcin03p06120.1	CVK89834			EDN90800
OG0006567	BLGH_04262-mRNA-1	Bcin08p01590.1			RKF84131	EDO00987
OG0006568	BLGH_04309-mRNA-1	Bcin08p03330.1			RKF66775	EDO00756
OG0006569	BLGH_04335-mRNA-1	Bcin16p04420.1	CVK89551		RKF83021	
OG0006570	BLGH_06690-mRNA-1	Bcin06p01410.1			RKF82849	EDN99780
OG0006571	BLGH_06691-mRNA-1	Bcin09p02300.1			RKF56492	EDO02602
OG0006572	BLGH_06724-mRNA-1	Bcin09p05270.1			RKF73444	EDO02983
OG0006573	BLGH_06730-mRNA-1	Bcin04p05540.1	CVK92563		RKF54750	
OG0006574	BLGH_06952-mRNA-1	Bcin15p04800.1	CVK96602		RKF80083	
OG0006575	BLGH_06177-mRNA-1	Bcin04p01940.1			RKF65340	EDO01478
OG0006576	BLGH_06199-mRNA-1		CVK92485	FOXG_05155P0	RKF59923	
OG0006577	BLGH_06202-mRNA-1	Bcin04p04250.1	CVK92487	FOXG_05157P0		
OG0006578	BLGH_04846-mRNA-1	Bcin12p05520.1			RKF65402	EDN99240
OG0006579	BLGH_00779-mRNA-1, BLGH_00785-mRNA-1, BLGH_04940-mRNA-1				RKF76824	
OG0006580	BLGH_04970-mRNA-1	Bcin11p00590.1	CVK82919	FOXG_00048P0		
OG0006581	BLGH_04993-mRNA-1	Bcin01p09170.1	CVK99423	FOXG_08699P0		
OG0006582	BLGH_05766-mRNA-1	Bcin02p08520.1	CVL05423		RKF82050	
OG0006583	BLGH_05795-mRNA-1	Bcin02p08440.1	CVK97482	FOXG_04091P0		
OG0006584	BLGH_05808-mRNA-1	Bcin02p08620.1	CVK84054	FOXG_00722P0		
OG0006585	BLGH_06639-mRNA-1, BLGH_07109-mRNA-1				RKF62434, RKF65151	
OG0006586	BLGH_06686-mRNA-1	Bcin04p04810.1	CVK84429	FOXG_00955P0		
OG0006587	BLGH_07023-mRNA-1		CVK93760	FOXG_06062P0	RKF71372	
OG0006588	BLGH_02008-mRNA-1	Bcin08p05040.1	CVK90761	FOXG_03312P0		
OG0006589	BLGH_02009-mRNA-1	Bcin08p05050.1	CVK90758	FOXG_03313P0		
OG0006590	BLGH_02066-mRNA-1	Bcin03p07030.1			RKF56556	EDN90679
OG0006591	BLGH_02114-mRNA-1	Bcin03p01900.1	CVK89124			EDN91141
OG0006592	BLGH_02138-mRNA-1	Bcin10p03200.1			RKF53891	EDO04466
OG0006593	BLGH_02172-mRNA-1	Bcin08p04520.1	CVK90125	FOXG_03681P0		
OG0006594	BLGH_02264-mRNA-1	Bcin09p00380.1			RKF59907	EDO02395
OG0006595	BLGH_02309-mRNA-1	Bcin05p01880.1	CVK84767	FOXG_01179P0		
OG0006596	BLGH_02311-mRNA-1	Bcin05p01910.1			RKF80820	EDO03323
OG0006597	BLGH_02314-mRNA-1	Bcin05p01660.1			RKF78092	EDO03294
OG0006598	BLGH_02334-mRNA-1	Bcin09p02270.1			RKF60824	EDO02598
OG0006599	BLGH_02342-mRNA-1	Bcin02p04990.1			RKF53773	EDN95287
OG0006600	BLGH_02382-mRNA-1	Bcin05p03390.1			RKF55041	EDO03556
OG0006601	BLGH_02424-mRNA-1	Bcin15p00840.1	CVK86726	FOXG_08085P0		
OG0006602	BLGH_02429-mRNA-1		CVK87359	FOXG_07676P0	RKF72181	
OG0006603	BLGH_02461-mRNA-1	Bcin02p07560.1	CVK86753	FOXG_08060P0		
OG0006604	BLGH_02471-mRNA-1	Bcin02p06880.1	CVK86632	FOXG_03698P0		
OG0006605	BLGH_02476-mRNA-1		CVK90331	FOXG_03562P0	RKF62336	
OG0006606	BLGH_02481-mRNA-1	Bcin15p01430.1	CVK99681	FOXG_08477P0		
OG0006607	BLGH_02560-mRNA-1, BLGH_02613-mRNA-1	Bcin07p04480.1			RKF56443	
OG0006608	BLGH_02562-mRNA-1	Bcin03p07950.1	CVK97367		RKF76147	
OG0006609	BLGH_02578-mRNA-1	Bcin06p07230.1			RKF53300	EDO00161
OG0006610	BLGH_00752-mRNA-1	Bcin09p01700.1			RKF71082	EDO02677
OG0006611	BLGH_00777-mRNA-1		CVK94429	FOXG_05683P0	RKF65988	
OG0006612	BLGH_00790-mRNA-1	Bcin13p02190.1			RKF77495	EDN99488
OG0006613	BLGH_00804-mRNA-1		CVL04664	FOXG_11595P0	RKF53894	
OG0006614	BLGH_00809-mRNA-1	Bcin11p04120.1	CVK83248	FOXG_00241P0		
OG0006615	BLGH_00818-mRNA-1	Bcin01p10860.1	CVK90950		RKF80668	
OG0006616	BLGH_00877-mRNA-1		CVK90244	FOXG_03609P0	RKF82459	
OG0006617	BLGH_00878-mRNA-1	Bcin05p00600.1			RKF78947	EDO03237
OG0006618	BLGH_00891-mRNA-1	Bcin05p05050.1	CVK92122			EDO03766
OG0006619	BLGH_00894-mRNA-1	Bcin05p01340.1			RKF81178	EDO03455
OG0006620	BLGH_00960-mRNA-1	Bcin11p02500.1	CVK83961	FOXG_00669P0		
OG0006621	BLGH_00991-mRNA-1		CVL08544	FOXG_02611P0, FOXG_03851P0		
OG0006622	BLGH_01072-mRNA-1		CVK83897	FOXG_00632P0	RKF57360	
OG0006623	BLGH_01111-mRNA-1	Bcin09p00620.1			RKF63647	EDO02422
OG0006624	BLGH_01124-mRNA-1	Bcin11p02430.1	CVK83602	FOXG_00459P0		
OG0006625	BLGH_01130-mRNA-1	Bcin01p10810.1	CVK93933	FOXG_05954P0		
OG0006626	BLGH_01206-mRNA-1		CVK88863	FOXG_02060P0	RKF80626	
OG0006627	BLGH_01212-mRNA-1	Bcin10p04040.1			RKF83432	EDN97687
OG0006628	BLGH_01297-mRNA-1		CVK86740	FOXG_08073P0	RKF56353	
OG0006629	BLGH_01348-mRNA-1	Bcin02p08500.1	CVK86770	FOXG_08044P0		
OG0006630	BLGH_03631-mRNA-1, BLGH_03632-mRNA-1, BLGH_03635-mRNA-1, BLGH_03636-mRNA-1					
OG0006631	BLGH_03659-mRNA-1	Bcin04p01570.1	CVK92388	FOXG_05105P0		
OG0006632	BLGH_03680-mRNA-1	Bcin04p01410.1	CVK92956	FOXG_05519P0		
OG0006633	BLGH_03690-mRNA-1	Bcin04p01600.1	CVK90057		RKF76396	
OG0006634	BLGH_03729-mRNA-1	Bcin12p02950.1			RKF83867	EDN99194
OG0006635	BLGH_03738-mRNA-1	Bcin12p04070.1	CVK93462		RKF66822	
OG0006636	BLGH_03759-mRNA-1		CVL04435	FOXG_11423P0	RKF58209	
OG0006637	BLGH_03807-mRNA-1	Bcin12p05320.1			RKF64755	EDN98954
OG0006638	BLGH_03828-mRNA-1	Bcin07p05580.1	CVK88828	FOXG_02080P0		
OG0006639	BLGH_03841-mRNA-1	Bcin01p01200.1			RKF81518	EDN98111
OG0006640	BLGH_03858-mRNA-1	Bcin02p05550.1			RKF84049	EDN95211
OG0006641	BLGH_03874-mRNA-1	Bcin03p03790.1			RKF58385	EDN91082
OG0006642	BLGH_03978-mRNA-1	Bcin02p00750.1	CVK95791	FOXG_09889P0		
OG0006643	BLGH_04000-mRNA-1	Bcin09p02970.1			RKF57185	EDO02848
OG0006644		Bcin04g03170.1, Bcin04g03170.2	CVL06708	FOXG_14546P0		
OG0006645		Bcin11g01250.1, Bcin11p05990.1				EDN96214, EDN96318
OG0006646		Bcin09p01810.1, Bcin11g01780.1, Bcin11p00720.1				EDO02662
OG0006647		Bcin12g02100.1, Bcin12g02100.2	CVK86418	FOXG_03916P0		
OG0006648		Bcin12g04260.1, Bcin12g04260.2	CVL08791	FOXG_16857P0		
OG0006649		Bcin12p01880.1	CVL07492	FOXG_17152P0		EDN92465
OG0006650		Bcin01p04670.1	CVL04709	FOXG_11641P0		EDO01877
OG0006651		Bcin09p02200.1	CVK98414	FOXG_13832P0		EDO02621
OG0006652		Bcin12p05800.1	CVK99736	FOXG_08447P0		EDN98937
OG0006653		Bcin01p05020.1	CVK83605	FOXG_00461P0		EDO01918
OG0006654		Bcin12p00480.1	CVK93559	FOXG_06269P0		EDO01199
OG0006655		Bcin08p01000.1	CVK86063	FOXG_13327P0		EDO01043
OG0006656		Bcin10p00440.1	CVK88434	FOXG_02310P0		EDO04927
OG0006657		Bcin01p11160.1	CVK95796	FOXG_09893P0		EDO02076
OG0006658		Bcin01p05900.1				EDO01604, EDO02010, EDO04749
OG0006659		Bcin05p02110.1	CVK92049	FOXG_04890P0		EDO03339
OG0006660		Bcin10p04750.1, Bcin10p04760.1, Bcin10p04770.1				EDN97600
OG0006661		Bcin05p04540.1	CVK84890	FOXG_01282P0		EDO03701
OG0006662		Bcin07p03250.1	CVK99524	FOXG_08593P0		EDN97031
OG0006663		Bcin06p03060.1	CVK85650, CVL07642	FOXG_13104P0		
OG0006664		Bcin02p00170.1	CVK87055	FOXG_07850P0		EDN96538
OG0006665		Bcin12p01870.1	CVL00842	FOXG_09187P0		EDN92464
OG0006666		Bcin14p01430.1	CVK92471	FOXG_05140P0		EDN91465
OG0006667		Bcin02p02320.1	CVK84091	FOXG_00747P0		EDN96935
OG0006668		Bcin14p00750.1, Bcin14p00750.2, Bcin14p00750.3				EDN94306
OG0006669		Bcin05p07520.1	CVK97954	FOXG_17534P0		EDN95937
OG0006670		Bcin03p01070.1, Bcin03p01070.2	CVK99374	FOXG_08735P0		
OG0006671		Bcin01p11510.1, Bcin03p04420.1	CVL06044	FOXG_15447P0		
OG0006672		Bcin06p06470.1	CVK93546	FOXG_06283P0		EDO00237
OG0006673		Bcin05p02820.1	CVK84176	FOXG_00797P0		EDO03275
OG0006674		Bcin01p08100.1	CVK90897	FOXG_03230P0		EDO02185
OG0006675		Bcin05p01930.1	CVK84595	FOXG_01057P0		EDO03325
OG0006676		Bcin02p05230.1	CVK86681	FOXG_08130P0		EDN95256
OG0006677		Bcin15p02520.1, Bcin15p02520.2	CVK89634	FOXG_01595P0		
OG0006678		Bcin04p05170.1	CVL03972	FOXG_09883P0, FOXG_12212P0		
OG0006679		Bcin10p05710.1	CVK86379	FOXG_03944P0		EDO04701
OG0006680		Bcin15p01030.1	CVK96616, CVL05361	FOXG_12939P0		
OG0006681		Bcin03p03690.1, Bcin04p00010.1	CVL05009	FOXG_11818P0		
OG0006682		Bcin03p01990.1	CVK97912, CVL03494	FOXG_17392P0		
OG0006683		Bcin01p01640.1	CVK85584, CVL00972	FOXG_09269P0		
OG0006684		Bcin14p01910.1	CVK92316	FOXG_05041P0		EDN94381
OG0006685		Bcin02p05860.1	CVL06886	FOXG_14695P0		EDN95182
OG0006686		Bcin06p03260.1	CVK99868	FOXG_08373P0		EDO00046
OG0006687		Bcin12p00380.1	CVK89263	FOXG_01816P0		EDO01182
OG0006688		Bcin08p00720.1	CVK98927	FOXG_15833P0		EDO01102
OG0006689		Bcin04p02320.1, Bcin04p02330.1	CVL09105	FOXG_12100P0		
OG0006690		Bcin08p02570.1, Bcin08p02570.2, Bcin08p02570.3		FOXG_16513P0		
OG0006691		Bcin13p02670.1	CVK90686	FOXG_03357P0		EDN99552
OG0006692		Bcin11p00320.1	CVK93902	FOXG_05973P0		EDO00558
OG0006693		Bcin10p02310.1	CVK88478	FOXG_02287P0		EDO04826
OG0006694		Bcin12p02600.1	CVK99749	FOXG_08440P0		EDN92596
OG0006695		Bcin03p01490.1	CVK87013	FOXG_07874P0		EDN91335
OG0006696		Bcin03p04440.1, Bcin14p03580.1		FOXG_12877P0		EDN91015
OG0006697		Bcin12p04700.1	CVK99799	FOXG_08413P0		EDN99168
OG0006698		Bcin03p07400.1	CVK86975	FOXG_07896P0		EDN90635
OG0006699		Bcin13p05880.1	CVL07656, CVL09102	FOXG_16913P0		
OG0006700		Bcin11p06360.1	CVL04763	FOXG_11660P0		EDN96167
OG0006701		Bcin08p00420.1	CVK97217	FOXG_04240P0		EDN97730
OG0006702		Bcin14p04440.1	CVL04249	FOXG_12399P0		EDN94583
OG0006703		Bcin14p00760.1	CVK87548	FOXG_07580P0		EDN94305
OG0006704		Bcin12p02370.1, Bcin14p00590.1, Bcin14p00590.2, Bcin14p00590.3				
OG0006705		Bcin13p00180.1	CVK95421, CVL00098	FOXG_09672P0		
OG0006706		Bcin05p07270.1	CVK94387	FOXG_05708P0		EDO03823
OG0006707		Bcin12p05430.1	CVK99949	FOXG_08321P0		EDN99250
OG0006708		Bcin05p01800.1	CVL04054	FOXG_12261P0		EDO03311
OG0006709		Bcin16p00003.1	CVK89256	FOXG_01821P0, FOXG_05621P0		
OG0006710		Bcin03p03660.1	CVK84168	FOXG_00793P0		EDN91091
OG0006711		Bcin05p06430.1	CVL00576	FOXG_09037P0		EDO03791
OG0006712		Bcin10p05630.1	CVK95229	FOXG_09571P0		EDO04679
OG0006713		Bcin03p03520.1	CVK95122	FOXG_14325P0, FOXG_15155P0		
OG0006714		Bcin10p04080.1	CVK91522			EDN97681, EDN99375
OG0006715		Bcin10p02050.1, Bcin10p02050.2	CVK87712	FOXG_07476P0		
OG0006716		Bcin03p00950.1	CVK95283	FOXG_09603P0		EDN91402
OG0006717		Bcin07p01840.1, Bcin14p02430.1, Bcin14p02430.2				EDN95926
OG0006718		Bcin14p01400.1	CVL01995	FOXG_10622P0		EDN91459
OG0006719		Bcin05p00380.1	CVK84564	FOXG_01036P0		EDO03184
OG0006720		Bcin10p01640.1	CVK86660	FOXG_08152P0		EDO05047
OG0006721		Bcin14p03160.1	CVK96622	FOXG_14789P0		EDN94422
OG0006722		Bcin11p05740.1	CVL04188	FOXG_12196P0		EDN96350
OG0006723		Bcin09p01960.1	CVK96689	FOXG_04570P0		EDO02647
OG0006724		Bcin01p01760.1	CVK90609	FOXG_03402P0		EDN98297
OG0006725		Bcin05p08320.1	CVL00770	FOXG_09145P0		EDN95844
OG0006726		Bcin12p01170.1	CVK93021	FOXG_11398P0		EDN92375
OG0006727		Bcin13p02340.1, Bcin13p04460.1, Bcin13p04460.2				EDN91671
OG0006728		Bcin03p00080.1, Bcin08p01770.1	CVK86367	FOXG_03955P0		
OG0006729		Bcin02p02050.1, Bcin07p06990.1, Bcin08p04880.1				EDN96909
OG0006730		Bcin02p04360.1	CVL06285	FOXG_04650P0		EDN96456
OG0006731		Bcin03p03220.1	CVL06221	FOXG_15329P0		EDN91274
OG0006732		Bcin02p09340.1, Bcin09p03610.1, Bcin09p03610.2				EDO02812
OG0006733		Bcin01p04510.1	CVK98281	FOXG_13747P0		EDO01862
OG0006734		Bcin05p01670.1	CVK93995	FOXG_05914P0		EDO03295
OG0006735		Bcin14p01200.1	CVK97596	FOXG_04016P0		EDN91446
OG0006736		Bcin09p04490.1	CVL06870	FOXG_14683P0		EDO02715
OG0006737		Bcin09p04780.1	CVK86339	FOXG_03968P0		EDO02546
OG0006738		Bcin10p06240.1	CVL02086	FOXG_10701P0, FOXG_10702P0		
OG0006739		Bcin02p00160.1	CVL03573	FOXG_11979P0		EDN96537
OG0006740		Bcin11p06120.1	CVK96672	FOXG_04595P0		EDN96192
OG0006741		Bcin02p01780.1	CVK95998	FOXG_10073P0, FOXG_14224P0		
OG0006742		Bcin03p00860.1	CVL02935	FOXG_11141P0		EDN91417
OG0006743		Bcin14p04290.1	CVK92367	FOXG_05084P0		EDN94432
OG0006744		Bcin03p00250.1	CVK94529	FOXG_17406P0		EDN94196
OG0006745		Bcin03p01230.1	CVL06916	FOXG_04809P0, FOXG_14713P0		
OG0006746		Bcin10p02370.1	CVK88693	FOXG_02165P0		EDO04820
OG0006747		Bcin02p01130.1, Bcin09p04880.1, Bcin16p00920.1, Bcin16p00920.2				
OG0006748		Bcin02p06910.1, Bcin02p06910.2	CVK86609	FOXG_03723P0		
OG0006749		Bcin10p05530.1	CVL00378	FOXG_08911P0		EDO04649
OG0006750		Bcin12p00230.1	CVK83527	FOXG_00409P0		EDO01160
OG0006751		Bcin01p06430.1		FOXG_03820P0		EDO00963, EDO01599
OG0006752		Bcin10p02660.1	CVK88733	FOXG_02141P0		EDN97769
OG0006753		Bcin04p00910.1, Bcin04p00910.2	CVK92124	FOXG_04932P0		
OG0006754		Bcin06p07310.1	CVL08005	FOXG_17347P0		EDO00156
OG0006755		Bcin01p01050.1, Bcin01p01050.2	CVL04827			EDN96590
OG0006756		Bcin07p02910.1, Bcin07p02910.2		FOXG_02738P0		EDN97071
OG0006757		Bcin05p06980.1, Bcin05p06980.2, Bcin05p06980.3				EDN96110
OG0006758		Bcin11p00160.1	CVK82932	FOXG_00055P0		EDO00518
OG0006759		Bcin08p00650.1	CVL01611	FOXG_10341P0		EDO01089
OG0006760		Bcin08p03480.1	CVK87064, CVL02067	FOXG_07843P0		
OG0006761		Bcin14p04180.1	CVK92994	FOXG_05542P0		EDN94452
OG0006762		Bcin05p01790.1	CVL03034	FOXG_11196P0		EDO03305
OG0006763		Bcin03p01100.1	CVK87028	FOXG_07866P0		EDN91384
OG0006764		Bcin07p06170.1, Bcin07p06170.2	CVK99600	FOXG_08525P0		
OG0006765		Bcin05p03470.1	CVK99441	FOXG_08682P0		EDO03572
OG0006766		Bcin05p03230.1	CVK86731	FOXG_08080P0		EDO03541
OG0006767		Bcin04p00290.1	CVK92608	FOXG_05279P0		EDN92287
OG0006768		Bcin02p03260.1	CVK92016	FOXG_04877P0		EDN96805
OG0006769		Bcin08p05810.1	CVL02168	FOXG_10743P0, FOXG_15843P0		
OG0006770		Bcin11p06440.1	CVL07840	FOXG_02663P0		EDN96159
OG0006771		Bcin12p00910.1	CVK89074	FOXG_01931P0		EDN92341
OG0006772		Bcin09p02440.2	CVK92573	FOXG_05245P0		EDO02911
OG0006773		Bcin04p00590.1	CVK92365	FOXG_05082P0		EDO01243
OG0006774		Bcin14p03030.1	CVK92675	FOXG_05344P0		EDN91495
OG0006775		Bcin06p06880.1	CVL07726	FOXG_16823P0		EDO00201
OG0006776		Bcin10p04270.1	CVK97230	FOXG_04232P0		EDN97652
OG0006777		Bcin15p00580.1	CVL02544, CVL08622	FOXG_04807P0		
OG0006778		Bcin05p05080.1, Bcin05p05080.2, Bcin05p05080.3				EDN96090
OG0006779		Bcin10p01820.1, Bcin10p01850.1, Bcin10p01860.1				EDO04782
OG0006780		Bcin12p03990.1	CVL00115	FOXG_08225P0		EDN92636
OG0006781		Bcin10p04260.1	CVK97228	FOXG_04233P0		EDN97653
OG0006782		Bcin03p04670.1	CVL02908	FOXG_11129P0		EDN90991
OG0006783		Bcin02p02440.1, Bcin09p05470.1	CVL08505			EDO03016
OG0006784		Bcin01p03730.1	CVK95614	FOXG_09785P0		EDO01775
OG0006785		Bcin09p02550.1	CVK92943	FOXG_05511P0		EDO02893
OG0006786		Bcin01p01930.1	CVK91086	FOXG_03086P0		EDN98317
OG0006787		Bcin07p00240.1	CVK91503	FOXG_02780P0		EDN95414
OG0006788		Bcin01p09270.1	CVL05532	FOXG_12851P0		EDO02081
OG0006789		Bcin05p06550.1	CVL06814	FOXG_14619P0		EDO03774
OG0006790		Bcin01p09000.1	CVK86279	FOXG_03997P0		EDO02130
OG0006791		Bcin14p01220.1	CVK85587, CVL07676	FOXG_16926P0		
OG0006792		Bcin10p06100.1	CVL02188	FOXG_10756P0		EDO01067
OG0006793		Bcin15p05520.1, Bcin15p05520.2	CVK99704	FOXG_08465P0		
OG0006794		Bcin02p08780.1, Bcin02p08780.2	CVL04423	FOXG_11415P0		
OG0006795		Bcin04p03710.1	CVK89582	FOXG_01627P0		EDO01319
OG0006796		Bcin01p01680.1	CVK99495	FOXG_08626P0		EDN98286
OG0006797		Bcin16p03240.1, Bcin16p03240.2, Bcin16p03240.3, Bcin16p03240.4				
OG0006798		Bcin05p08020.1	CVK84724	FOXG_01138P0		EDN95867
OG0006799		Bcin11p05190.1	CVL00987	FOXG_09276P0		EDN96263
OG0006800		Bcin03p03070.1	CVL01192	FOXG_09432P0		EDN91241
OG0006801		Bcin01p06560.1	CVK95694	FOXG_09822P0		EDO01580
OG0006802		Bcin01p05190.1	CVK98640	FOXG_15706P0		EDO01938
OG0006803		Bcin06p03890.1	CVL04846	FOXG_11704P0		EDN99845
OG0006804		Bcin05p06900.1	CVK84548	FOXG_01027P0		EDN96123
OG0006805		Bcin06p00670.1	CVK95887	FOXG_09984P0		EDN93351
OG0006806		Bcin10p05760.1				EDN92445, EDN92447, EDO04890
OG0006807		Bcin02p06710.1, Bcin13p04990.1, Bcin15p05480.1				EDN95093
OG0006808		Bcin01p04230.1	CVK90726	FOXG_03332P0		EDO01835
OG0006809		Bcin09p00740.1	CVK89722	FOXG_01537P0		EDO02426
OG0006810		Bcin07p01570.1	CVK99622	FOXG_08511P0		EDN96420
OG0006811		Bcin06p00710.1	CVL04712	FOXG_11644P0		EDN93338
OG0006812		Bcin07p04510.1, Bcin07p04510.2	CVK83388	FOXG_00328P0		
OG0006813		Bcin15p04760.1	CVK85054	FOXG_02573P0, FOXG_10248P0		
OG0006814		Bcin13p03910.1	CVK90528	FOXG_03453P0		EDN99599
OG0006815		Bcin05p00210.1	CVK84763		RKF81800	EDO03169
OG0006816		Bcin06p01540.1	CVK93817, CVK94264	FOXG_05771P0		
OG0006817		Bcin07p00080.1	CVL02620	FOXG_10955P0		EDN95436
OG0006818		Bcin14p03590.1	CVK98267	FOXG_13737P0		EDN94527
OG0006819		Bcin13p05270.1	CVL02680	FOXG_11000P0		EDN98600
OG0006820		Bcin04p03090.1	CVK92616	FOXG_05287P0		EDO01380
OG0006821		Bcin05p04180.1	CVK84624	FOXG_01073P0		EDO03661
OG0006822		Bcin05p05610.1	CVL05678	FOXG_12772P0		EDN96021
OG0006823		Bcin16p04640.1, Bcin16p04640.2	CVK87067	FOXG_07841P0		
OG0006824		Bcin15p03890.1	CVL00730	FOXG_09123P0	RKF79129	
OG0006825		Bcin13p05150.1	CVK97501	FOXG_04081P0		EDN98610
OG0006826		Bcin01p08580.1	CVK86749	FOXG_08064P0		EDO02220
OG0006827		Bcin06p01170.1	CVK87374	FOXG_07671P0		EDN93276
OG0006828		Bcin05p04950.1	CVL08328	FOXG_02509P0		EDO03754
OG0006829		Bcin08p05960.1	CVK89506	FOXG_01671P0	RKF83910	
OG0006830		Bcin11p04360.1	CVK86498, CVK93772	FOXG_06054P0		
OG0006831		Bcin07p04090.1	CVK93009, CVL00824	FOXG_09178P0		
OG0006832		Bcin06p04850.1	CVK90957	FOXG_03190P0		EDN93500
OG0006833		Bcin01p10580.1, Bcin01p10580.2	CVK94597	FOXG_05594P0		
OG0006834		Bcin12p03650.1	CVK99652	FOXG_08493P0		EDN92513
OG0006835		Bcin13p02020.1	CVK85098, CVK99333			EDN99466
OG0006836		Bcin07p03630.1, Bcin07p03630.2, Bcin07p03630.3				EDN96970
OG0006837		Bcin05p05060.1	CVK94119	FOXG_05845P0		EDN96093
OG0006838		Bcin01p00320.1	CVK99647	FOXG_08497P0		EDN98230
OG0006839		Bcin02p05810.1, Bcin02p05810.2, Bcin14p04000.1	CVL04743			
OG0006840		Bcin08p01230.1, Bcin08p01280.1, Bcin14p01140.1				EDO01025
OG0006841		Bcin07p05300.1, Bcin14p05520.1	CVK97153	FOXG_04277P0		
OG0006842		Bcin04p03150.1, Bcin04p03150.2	CVK92609	FOXG_05280P0		
OG0006843		Bcin09p05090.1	CVK92552	FOXG_05224P0		EDO02584
OG0006844		Bcin13p04360.1	CVL01618	FOXG_10346P0		EDN93736
OG0006845		Bcin09p01350.1	CVK92749	FOXG_05390P0		EDO02502
OG0006846		Bcin14p01150.1	CVK91505	FOXG_02779P0		EDN94236
OG0006847		Bcin07p00010.1	CVL07725, CVL08010	FOXG_16822P0		
OG0006848		Bcin01p08770.1	CVK91449	FOXG_02812P0		EDO02262
OG0006849		Bcin12p03260.1	CVK93514	FOXG_06316P0		EDN92753
OG0006850		Bcin06p03240.1, Bcin06p03240.2, Bcin10p04000.1				EDN97690
OG0006851		Bcin08p03720.1	CVK94607	FOXG_05583P0		EDO00718
OG0006852		Bcin06p00340.1, Bcin06p00340.2	CVK95197	FOXG_09552P0		
OG0006853		Bcin01p05790.1	CVK90953	FOXG_03192P0		EDO02003
OG0006854		Bcin06p02550.1	CVL03230	FOXG_11309P0		EDN93600
OG0006855		Bcin03p02140.1	CVK88932	FOXG_02016P0		EDN91147
OG0006856		Bcin09p02240.1	CVL01973	FOXG_10598P0		EDO02617
OG0006857		Bcin12p06750.1	CVL04232	FOXG_12388P0		EDN98985
OG0006858		Bcin01p11490.1, Bcin06p04060.1, Bcin06p07490.1				EDO00131
OG0006859		Bcin12p03240.1	CVL06145	FOXG_15362P0	RKF81468	
OG0006860		Bcin02p08310.1	CVK86676, CVK87943	FOXG_08137P0		
OG0006861		Bcin13p04950.1, Bcin13p04960.1, Bcin13p04970.1				EDN98628
OG0006862		Bcin12p02330.1	CVK97895	FOXG_17381P0		EDN92567
OG0006863		Bcin14p02800.1	CVL06070	FOXG_15424P0		EDN91526
OG0006864		Bcin01p03710.1	CVK98489	FOXG_13904P0		EDO01773
OG0006865		Bcin10p04410.1	CVK92553	FOXG_05225P0		EDN97639
OG0006866		Bcin09p01570.1	CVK90171	FOXG_03654P0		EDO02699
OG0006867		Bcin04p04560.1, Bcin12p06610.1, Bcin15p01000.1				EDN99003
OG0006868		Bcin12p03270.1	CVK99712	FOXG_08461P0		EDN92754
OG0006869		Bcin12p04320.1	CVK87394	FOXG_07660P0, FOXG_17198P0		
OG0006870		Bcin11p01450.1	CVK96709	FOXG_04522P0		EDN96288
OG0006871		Bcin11p00190.1	CVK88509	FOXG_02271P0		EDO00522
OG0006872		Bcin09p02500.1	CVK92554	FOXG_05226P0		EDO02905
OG0006873		Bcin13p03050.1	CVK97549	FOXG_04039P0		EDN93679
OG0006874		Bcin04p03890.1	CVK94063	FOXG_05877P0		EDO01289
OG0006875		Bcin03p05320.1	CVL01890		RKF84003	EDN90908
OG0006876		Bcin09p06670.1	CVK96671	FOXG_04594P0		EDN97546
OG0006877		Bcin09p06500.1, Bcin09p06500.2	CVK91067	FOXG_03104P0		
OG0006878		Bcin12p04820.1	CVK88608	FOXG_02211P0		EDN92622
OG0006879		Bcin11p05400.1	CVK84936, CVL00879	FOXG_09210P0		
OG0006880		Bcin02p02000.1	CVK90127	FOXG_03680P0		EDN96905
OG0006881		Bcin12p00840.1	CVK92997	FOXG_11411P0		EDN92334
OG0006882		Bcin16p02670.1, Bcin16p02670.2, Bcin16p02670.3, Bcin16p02670.4				
OG0006883		Bcin11p05510.1	CVL05523	FOXG_12856P0		EDN96376
OG0006884		Bcin03p06370.1	CVK91147	FOXG_03025P0		EDN90771
OG0006885		Bcin09p05540.1	CVK87729, CVK94059	FOXG_05880P0		
OG0006886		Bcin10p00470.1	CVK88431	FOXG_02312P0		EDO04930
OG0006887		Bcin16p02900.1, Bcin16p02900.2	CVL02212	FOXG_10771P0		
OG0006888		Bcin01p04340.1	CVK90263	FOXG_03600P0		EDO01840
OG0006889		Bcin05p05720.1	CVL05562	FOXG_12836P0		EDN96017
OG0006890		Bcin10p05910.1	CVK88517	FOXG_02266P0		EDO04876
OG0006891		Bcin14p00400.1	CVL05398	FOXG_12921P0		EDN91627
OG0006892		Bcin16p02850.1	CVK95994	FOXG_04017P0, FOXG_17560P0		
OG0006893		Bcin15p05040.1, Bcin15p05040.2, Bcin15p05040.3, Bcin15p05040.4				
OG0006894		Bcin11p01840.1, Bcin13p05870.1	CVL07850	FOXG_02667P0		
OG0006895		Bcin08p01870.1	CVL08821	FOXG_16834P0		EDO00948
OG0006896		Bcin03p00760.1	CVL01560	FOXG_10309P0		EDN91421
OG0006897		Bcin05p06610.1, Bcin09p01610.1	CVL05249			EDO02689
OG0006898		Bcin12p00300.1	CVL04895	FOXG_11735P0		EDO01173
OG0006899		Bcin08p03980.1	CVK93705	FOXG_06110P0		EDO00686
OG0006900		Bcin10p01980.1	CVK86273	FOXG_04002P0		EDO04797
OG0006901		Bcin11p02800.1	CVK83203	FOXG_00213P0	RKF53791	
OG0006902		Bcin09p04600.1	CVK86328	FOXG_03973P0		EDO02529
OG0006903		Bcin12p01770.1	CVK99915	FOXG_08343P0		EDN92453
OG0006904		Bcin14p02460.1	CVK92457	FOXG_05126P0		EDN91577
OG0006905		Bcin06p03130.1	CVK83637	FOXG_00475P0		EDN99989
OG0006906		Bcin01p04010.1	CVK94985	FOXG_16552P0		EDO01806
OG0006907		Bcin08p00890.1	CVL08314	FOXG_02500P0		EDO01128
OG0006908		Bcin12p01530.1	CVK85671	FOXG_13096P0		EDN92419
OG0006909		Bcin08p00940.1	CVK95266	FOXG_09588P0		EDO01137
OG0006910		Bcin11p01050.1	CVK87705, CVK90512	FOXG_03463P0		
OG0006911		Bcin01p06000.1	CVK83050	FOXG_00127P0		EDO02018
OG0006912		Bcin01p08960.1	CVL00588	FOXG_09044P0		EDO02123
OG0006913		Bcin12p04960.1	CVK94466	FOXG_05668P0		EDN92700
OG0006914		Bcin08p01810.1	CVK90115	FOXG_03689P0		EDO00973
OG0006915		Bcin09p01990.1	CVK91945, CVK99416			EDO02645
OG0006916		Bcin03p00090.1, Bcin08p01760.1	CVK86366	FOXG_03957P0		
OG0006917		Bcin08p01450.1	CVK88782	FOXG_02110P0		EDO01004
OG0006918		Bcin07p02850.1	CVL01793	FOXG_10447P0		EDN97076
OG0006919		Bcin03p04540.1	CVL00556	FOXG_09028P0		EDN91001
OG0006920		Bcin04p03560.1	CVK95173	FOXG_09538P0		EDN91612
OG0006921		Bcin03p06740.1	CVL04917	FOXG_11746P0		EDN90713
OG0006922		Bcin07p04070.1	CVL04105	FOXG_12309P0		EDN97102
OG0006923		Bcin02p00005.1, Bcin02p00008.1, Bcin12p01850.1				EDO01912
OG0006924		Bcin14p00410.1	CVL05402	FOXG_12918P0		EDN91625
OG0006925		Bcin08p00470.1, Bcin13p04340.1				EDN93339, EDN93733
OG0006926		Bcin02p03290.1	CVK87045	FOXG_07855P0		EDN96802
OG0006927		Bcin09p02320.1	CVK92478	FOXG_05148P0		EDO02605
OG0006928		Bcin02p03380.1, Bcin02p03380.2	CVK83061			EDN96789
OG0006929		Bcin12p01750.1	CVK86196	FOXG_13398P0		EDN92451
OG0006930		Bcin02p09060.1	CVK94128, CVK96737	FOXG_05839P0		
OG0006931		Bcin06p02530.1	CVK83285	FOXG_00263P0		EDN93610
OG0006932		Bcin03p00210.1	CVK86482	FOXG_03842P0		EDN94193
OG0006933		Bcin11p03180.1				EDN93581, EDN96293, EDO00965
OG0006934		Bcin05p03600.1	CVL07624	FOXG_16923P0		EDO03579
OG0006935		Bcin03p06330.1	CVK94094	FOXG_05861P0		EDN90773
OG0006936		Bcin04p00160.1	CVK92844	FOXG_05449P0		EDN92324
OG0006937		Bcin06p04460.1	CVK95738	FOXG_09855P0		EDN99918
OG0006938		Bcin16p03390.1	CVK94965	FOXG_16532P0	RKF57628	
OG0006939		Bcin05p07770.1, Bcin05p07790.1, Bcin05p07810.1				EDN95897
OG0006940		Bcin12p06200.1	CVL00053	FOXG_08259P0		EDN98892
OG0006941		Bcin04p06110.1, Bcin04p06120.1	CVK84705	FOXG_01120P0		
OG0006942		Bcin01p01460.1	CVK96847, CVL05800	FOXG_12698P0		
OG0006943		Bcin02p00012.1, Bcin05p00004.1, Bcin05p00005.1, Bcin05p08410.1				
OG0006944		Bcin03p02090.1	CVL03832, CVL06247	FOXG_12120P0		
OG0006945		Bcin02p09350.1, Bcin02p09350.2	CVK84029	FOXG_00708P0		
OG0006946		Bcin06p04840.1	CVK90958	FOXG_03188P0		EDN93499
OG0006947		Bcin06p07430.1	CVK99521	FOXG_08596P0		EDO00135
OG0006948		Bcin10p02550.1	CVL01219	FOXG_09459P0		EDN97754
OG0006949		Bcin01p00790.1	CVK86239	FOXG_13420P0		EDN98178
OG0006950		Bcin13p05330.1	CVL06211	FOXG_15334P0		EDN98597
OG0006951		Bcin03p00640.1	CVL06054	FOXG_15437P0		EDN91437
OG0006952		Bcin06p00024.1	CVK86365	FOXG_10816P0		EDN95835
OG0006953		Bcin15p01920.1, Bcin15p02680.1, Bcin15p02680.2	CVK94032			
OG0006954		Bcin12p05110.1	CVK93116	FOXG_11340P0		EDN92719
OG0006955		Bcin09p03230.1	CVK95204	FOXG_09556P0		EDO02765
OG0006956		Bcin05p04310.1	CVK97072	FOXG_04323P0		EDO03290
OG0006957		Bcin11p04580.1	CVK83482	FOXG_00382P0		EDN98622
OG0006958		Bcin01p11200.1, Bcin01p11200.2, Bcin10p01490.1		FOXG_15818P0		
OG0006959		Bcin07p03690.1, Bcin07p03690.2, Bcin15p05140.1				EDO00052
OG0006960		Bcin04p06370.1	CVL06023	FOXG_11788P0, FOXG_15466P0		
OG0006961		Bcin03p05130.1	CVK98488	FOXG_13903P0, FOXG_17486P0		
OG0006962		Bcin01p01740.1	CVK99884	FOXG_08361P0		EDN98293
OG0006963		Bcin08p02120.1	CVK85905	FOXG_13239P0		EDO00912
OG0006964		Bcin13p01970.1	CVK93654	FOXG_06168P0		EDN99309
OG0006965		Bcin05p03310.1	CVK84718	FOXG_01133P0		EDO03550
OG0006966		Bcin10p05940.1	CVL00370	FOXG_08916P0		EDO04873
OG0006967		Bcin07p00070.1	CVL02148	FOXG_10740P0		EDN95437
OG0006968		Bcin06p04480.1	CVL02895	FOXG_11122P0		EDN99920
OG0006969		Bcin06p03700.1	CVK85676	FOXG_13094P0		EDN99828
OG0006970		Bcin05p03820.1	CVL08789	FOXG_16859P0		EDO03612
OG0006971		Bcin02p03770.1	CVL01011	FOXG_09291P0		EDN96516
OG0006972		Bcin02p08550.1, Bcin02p08550.2, Bcin02p08550.3, Bcin02p08550.4				
OG0006973		Bcin06p00810.1	CVK99409	FOXG_08708P0		EDN93322
OG0006974		Bcin03p02080.1	CVK91370, CVL02223	FOXG_02839P0		
OG0006975		Bcin06p00400.1	CVK94908	FOXG_16496P0		EDN93400
OG0006976		Bcin02p03270.1	CVK89602	FOXG_01614P0		EDN96804
OG0006977		Bcin01p02510.1, Bcin01p02510.2	CVL01532	FOXG_10294P0		
OG0006978		Bcin05p06530.1	CVK94007	FOXG_05907P0		EDO03777
OG0006979		Bcin05p03990.1	CVL04847	FOXG_11705P0		EDO03635
OG0006980		Bcin07p06590.1, Bcin07p06590.2	CVL06352	FOXG_15179P0		
OG0006981		Bcin03p03480.1	CVK86227	FOXG_13415P0		EDN91106
OG0006982		Bcin03p03390.1	CVK91095	FOXG_03076P0		EDN91296
OG0006983		Bcin16p04060.1, Bcin16p04060.2, Bcin16p04060.3, Bcin16p04060.4				
OG0006984		Bcin10p02070.1	CVL06348, CVL06707			EDO04811
OG0006985		Bcin02p06730.1	CVK86696	FOXG_08115P0		EDN95091
OG0006986		Bcin02p01730.1	CVK95356	FOXG_09641P0		EDN96884
OG0006987		Bcin13p05780.1	CVL05822	FOXG_12687P0		EDN98526
OG0006988		Bcin01p06910.1	CVL06075	FOXG_15420P0		EDO01632
OG0006989		Bcin03p05180.1	CVK95958, CVL07114	FOXG_10047P0		
OG0006990		Bcin01p10150.1	CVK96833	FOXG_04490P0		EDO02087
OG0006991		Bcin05p04800.1	CVK84191	FOXG_00806P0		EDO03732
OG0006992		Bcin13p05380.1	CVK88238	FOXG_02432P0		EDN98596
OG0006993		Bcin14p03660.1	CVK98456	FOXG_13870P0		EDN94515
OG0006994		Bcin05p00130.1	CVK92083	FOXG_04908P0		EDO03159
OG0006995		Bcin15p00050.1	CVK85075, CVK86540, CVL03434			
OG0006996		Bcin16p02180.1, Bcin16p02180.2, Bcin16p02180.3, Bcin16p02180.4				
OG0006997		Bcin09p03720.1	CVK98673	FOXG_15728P0		EDO02824
OG0006998		Bcin05p01850.1	CVK93405	FOXG_06402P0		EDO03318
OG0006999		Bcin01p02450.1	CVL04432	FOXG_11421P0		EDO01611
OG0007000		Bcin01p06570.1	CVK93606	FOXG_06221P0		EDO01581
OG0007001		Bcin03p07590.1	CVL03553	FOXG_11978P0		EDN90609
OG0007002		Bcin03p03590.1	CVL04647, CVL06167	FOXG_11579P0		
OG0007003		Bcin06p00430.1	CVK84484	FOXG_00990P0		EDN93389
OG0007004		Bcin02p01220.1	CVK87425, CVL04722	FOXG_07639P0		
OG0007005		Bcin04p00690.1		FOXG_06902P0, FOXG_16108P0, FOXG_16270P0		
OG0007006		Bcin05p06470.1	CVK96657		RKF79022	EDO03787
OG0007007		Bcin05p05360.1	CVK94371	FOXG_05717P0		EDN96052
OG0007008		Bcin15p03660.1	CVK97282	FOXG_04202P0	RKF80361	
OG0007009		Bcin10p01510.1	CVK98441	FOXG_13854P0		EDO05041
OG0007010		Bcin16p02480.1	CVK97676	FOXG_13490P0		EDN90846
OG0007011		Bcin06p07190.1, Bcin06p07190.2	CVK85070, CVL03498			
OG0007012		Bcin08p04120.1	CVL04535	FOXG_11483P0		EDO00665
OG0007013		Bcin09p00140.1	CVK92984	FOXG_05536P0		EDO02364
OG0007014		Bcin12p00430.1	CVL02745	FOXG_11046P0		EDO01185
OG0007015		Bcin08p04820.1, Bcin08p04820.2	CVK90697	FOXG_03351P0		
OG0007016		Bcin05p05760.1	CVL05565	FOXG_12834P0		EDN96011
OG0007017		Bcin04p02600.1	CVK96713	FOXG_04526P0		EDN92260
OG0007018		Bcin06p05340.1	CVK99443	FOXG_08680P0		EDO00053
OG0007019		Bcin12p05300.1	CVL04486	FOXG_11453P0		EDN98957
OG0007020		Bcin09p03430.1	CVL04702	FOXG_11632P0		EDO02796
OG0007021		Bcin06p07010.1, Bcin08p01580.1	CVL02020	FOXG_10644P0		
OG0007022		Bcin12p03410.1, Bcin12p03420.1	CVK88635			EDN92677
OG0007023		Bcin07p01270.1	CVK97321	FOXG_04181P0		EDN96957
OG0007024		Bcin02p06670.1	CVK86689	FOXG_08122P0		EDN95098
OG0007025		Bcin09p00580.1	CVL04877	FOXG_11723P0		EDO02418
OG0007026		Bcin16p05090.1, Bcin16p05090.2, Bcin16p05090.3, Bcin16p05090.4				
OG0007027		Bcin13p00020.1	CVL06153	FOXG_15358P0	RKF76186	
OG0007028		Bcin14p00260.1	CVK90479	FOXG_03482P0		EDN91651
OG0007029		Bcin05p05480.1	CVK93467	FOXG_06361P0		EDN96044
OG0007030		Bcin01p11520.1	CVL02229, CVL04963	FOXG_11847P0		
OG0007031		Bcin12p01090.1	CVL07249	FOXG_17373P0		EDN92364
OG0007032		Bcin06p05430.1	CVK99552	FOXG_08561P0		EDO00070
OG0007033		Bcin13p01990.1	CVL07557			EDN99307, EDO03568
OG0007034		Bcin01p10360.1	CVK91484	FOXG_02789P0	RKF53838	
OG0007035		Bcin07p05820.1, Bcin07p05820.2, Bcin07p05820.3, Bcin07p05820.4				
OG0007036		Bcin10p00050.1, Bcin16p03640.1, Bcin16p03640.2				EDO03189
OG0007037		Bcin12p02150.1	CVL00304	FOXG_08883P0		EDN92543
OG0007038		Bcin13p03260.1	CVL00174	FOXG_08187P0		EDN93644
OG0007039		Bcin03p07990.1, Bcin08p04970.1, Bcin08p04970.2, Bcin08p04970.3				
OG0007040		Bcin07p03190.1	CVK90537	FOXG_03451P0		EDN97037
OG0007041		Bcin05p06860.1, Bcin05p06860.2, Bcin07p06460.1				EDN96129
OG0007042		Bcin06p02030.1	CVK96238	FOXG_10216P0		EDN99713
OG0007043		Bcin09p01450.1	CVK92322	FOXG_05046P0		EDO02515
OG0007044		Bcin07p05480.1, Bcin07p05480.2, Bcin07p05480.3, Bcin07p05480.4				
OG0007045		Bcin12p04970.1	CVK98451	FOXG_13862P0		EDN92699
OG0007046		Bcin06p03090.1	CVK86277	FOXG_03999P0		EDN99995
OG0007047		Bcin15p01590.1	CVL01174	FOXG_07473P0, FOXG_09412P0		
OG0007048		Bcin06p02160.1	CVK91079	FOXG_03093P0		EDN99694
OG0007049		Bcin11p03400.1	CVK82935	FOXG_00057P0	RKF56926	
OG0007050		Bcin04p04780.1, Bcin04p04780.2, Bcin09p01540.1				EDO02702
OG0007051		Bcin05p00950.1, Bcin05p00950.2, Bcin05p00950.3, Bcin05p00950.4				
OG0007052		Bcin16p05200.1		FOXG_14385P0, FOXG_15097P0, FOXG_17513P0		
OG0007053		Bcin03p01150.1	CVK88469	FOXG_02291P0		EDN91374
OG0007054		Bcin09p03760.1	CVK95483	FOXG_09703P0		EDO02827
OG0007055		Bcin10p04380.1	CVK97249	FOXG_04221P0		EDN97642
OG0007056		Bcin12p06680.1	CVL04980	FOXG_11835P0		EDN98995
OG0007057		Bcin14p03070.1	CVK92527	FOXG_05201P0		EDN94415
OG0007058		Bcin13p03570.1	CVL01742, CVL07559	FOXG_10417P0		
OG0007059		Bcin14p03340.1	CVL04181	FOXG_12201P0		EDN94558
OG0007060		Bcin14p00620.1	CVK92896	FOXG_05482P0		EDN91604
OG0007061		Bcin13p00080.1	CVK96741, CVL01214	FOXG_09454P0		
OG0007062		Bcin09p05660.1	CVK89066	FOXG_01938P0		EDO03030
OG0007063		Bcin12p04410.1	CVK90784	FOXG_03299P0		EDN92757
OG0007064		Bcin14p00860.1	CVL04128	FOXG_12330P0		EDN94292
OG0007065		Bcin14p05450.1, Bcin14p05450.2	CVK90361	FOXG_03545P0		
OG0007066		Bcin11p00210.1	CVK84886	FOXG_01278P0		EDO00526
OG0007067		Bcin12p06350.1	CVL04060	FOXG_12267P0		EDN98875
OG0007068		Bcin14p03180.1	CVK92586	FOXG_05258P0		EDN94582
OG0007069		Bcin09p05650.1	CVK90836	FOXG_03263P0		EDO03032
OG0007070		Bcin15p05130.1, Bcin15p05130.2, Bcin15p05130.3, Bcin15p05130.4				
OG0007071		Bcin02p01240.1, Bcin02p01240.2, Bcin02p01240.3				EDN96829
OG0007072		Bcin12p03800.1	CVK97455	FOXG_04108P0		EDN92531
OG0007073		Bcin02p07160.1, Bcin02p07160.2	CVK86754	FOXG_08059P0		
OG0007074		Bcin12p00940.1	CVK93041	FOXG_11385P0		EDN92344
OG0007075		Bcin09p05100.1	CVK92494	FOXG_05164P0		EDO02587
OG0007076		Bcin01p02440.1	CVK92197	FOXG_04967P0		EDO01612
OG0007077		Bcin10p06090.1	CVK91125	FOXG_03045P0		EDO01076
OG0007078		Bcin07p03570.1	CVK93445	FOXG_06378P0		EDN96977
OG0007079		Bcin02p05980.1	CVK86625	FOXG_03706P0		EDN95178
OG0007080		Bcin14p00900.1	CVL02697	FOXG_11016P0		EDN94287
OG0007081		Bcin05p05300.1, Bcin05p06180.1, Bcin06p01990.1				EDN96058
OG0007082		Bcin13p01560.1	CVK84939	FOXG_01328P0		EDN99355
OG0007083		Bcin01p06100.1	CVK83914	FOXG_00646P0		EDO02039
OG0007084		Bcin01p11320.1, Bcin05p03260.1	CVK84386	FOXG_00926P0		
OG0007085		Bcin08p00560.1	CVK99546	FOXG_08569P0		EDN97749
OG0007086		Bcin05p00650.1	CVK87295	FOXG_07697P0		EDO03219
OG0007087		Bcin01p01410.1	CVK85776, CVK96596	FOXG_13157P0		
OG0007088		Bcin09p02580.1	CVK92783	FOXG_05411P0		EDO02900
OG0007089		Bcin06p03510.1, Bcin06p03510.2, Bcin06p03510.3				EDN93540
OG0007090		Bcin14p03810.1	CVK93408	FOXG_06401P0		EDN94510
OG0007091		Bcin11p05250.1	CVK83965	FOXG_00671P0		EDN96258
OG0007092		Bcin02p02810.1	CVK96673	FOXG_04596P0		EDN96704
OG0007093		Bcin04p02360.1	CVK86849	FOXG_07980P0		EDO01436
OG0007094		Bcin09p00880.1	CVL02056	FOXG_10678P0		EDO02432
OG0007095		Bcin12p06180.1	CVK87829	FOXG_07445P0		EDN98895
OG0007096		Bcin08p01920.1	CVK84900	FOXG_01293P0		EDO00943
OG0007097		Bcin06p03180.1	CVK83652	FOXG_00467P0		EDN99984
OG0007098		Bcin04p06080.1, Bcin04p06080.2	CVK92354	FOXG_05069P0		
OG0007099		Bcin01p04150.1, Bcin01p04150.2, Bcin01p04150.3, Bcin01p04150.4				
OG0007100		Bcin06p04470.1	CVK93646	FOXG_17757P0		EDN99919
OG0007101		Bcin10p00360.1	CVK88331	FOXG_02363P0		EDO04918
OG0007102		Bcin11p05680.1	CVK83758	FOXG_00555P0		EDN96346
OG0007103		Bcin03p04300.1	CVL00374	FOXG_08913P0		EDN91024
OG0007104		Bcin15p05250.3, Bcin15p05250.4, Bcin15p05250.7, Bcin15p05250.8				
OG0007105		Bcin02p07620.1	CVK87432, CVL07575	FOXG_07635P0		
OG0007106		Bcin06p06630.1	CVK89807	FOXG_01455P0		EDO00227
OG0007107		Bcin13p02470.1	CVL01026	FOXG_09300P0		EDN99529
OG0007108		Bcin10p02060.1	CVK96928	FOXG_04413P0		EDO04842
OG0007109		Bcin05p07500.1	CVK84385	FOXG_00925P0		EDN95939
OG0007110		Bcin12p04950.1	CVL05654	FOXG_12785P0		EDN92701
OG0007111		Bcin01p00110.1	CVK87944	FOXG_07384P0		EDN93376
OG0007112		Bcin02p03030.1	CVK87935, CVL03630			EDN96727
OG0007113		Bcin14p03640.1	CVK98458	FOXG_13872P0		EDN94519
OG0007114		Bcin03p05900.1	CVK89621	FOXG_01602P0		EDN90824
OG0007115		Bcin06p01140.1	CVK90411	FOXG_03522P0		EDN93280
OG0007116		Bcin13p04530.1	CVK85763, CVL03622	FOXG_13164P0		
OG0007117		Bcin05p07490.1	CVK92112	FOXG_04928P0		EDN95940
OG0007118		Bcin08p02890.1	CVK98559	FOXG_15639P0		EDO00824
OG0007119		Bcin05p02950.1	CVK92114	FOXG_04929P0		EDO03251
OG0007120		Bcin05p04810.1	CVK95203	FOXG_09555P0		EDO03733
OG0007121		Bcin12p03000.1	CVK91872	FOXG_04707P0		EDN99189
OG0007122		Bcin13p04240.1	CVK98524	FOXG_13937P0		EDN93715
OG0007123		Bcin06p06350.1	CVL03236	FOXG_11312P0		EDO00415
OG0007124		Bcin09p00160.1	CVK92729	FOXG_05376P0		EDO02367
OG0007125		Bcin11p06160.1	CVL01790	FOXG_10445P0		EDN96189
OG0007126		Bcin06p05050.1	CVK96721	FOXG_04534P0		EDN93525
OG0007127		Bcin14p01530.1	CVK92403	FOXG_05118P0		EDN91475
OG0007128		Bcin01p11460.1, Bcin08p04630.1	CVL01125	FOXG_09362P0		
OG0007129		Bcin11p02290.1	CVK83261	FOXG_00250P0		EDN96631
OG0007130		Bcin09p00100.1, Bcin09p00100.2, Bcin09p00100.3				EDO02360
OG0007131		Bcin03p06200.1	CVK89846	FOXG_01416P0		EDN90792
OG0007132		Bcin10p01940.1	CVL05306	FOXG_10786P0		EDO04793
OG0007133		Bcin14p03880.1	CVK98396	FOXG_13820P0		EDN94498
OG0007134		Bcin12p00610.1	CVL01755	FOXG_10426P0		EDO01210
OG0007135		Bcin05p04050.1	CVK98687	FOXG_15739P0		EDO03648
OG0007136		Bcin10p02180.1	CVK96925	FOXG_04415P0		EDO04812
OG0007137		Bcin09p06050.1, Bcin11p03600.1, Bcin11p03600.2				EDO03095
OG0007138		Bcin09p03310.1	CVL09127	FOXG_12452P0, FOXG_14085P0		
OG0007139		Bcin02p05420.1, Bcin02p05420.2, Bcin02p05420.3, Bcin02p05420.4				
OG0007140		Bcin10p01020.1	CVL01687	FOXG_10384P0		EDO05007
OG0007141		Bcin04p01240.1, Bcin11p03370.1	CVK94622	FOXG_05575P0		
OG0007142		Bcin05p06970.1	CVK84540	FOXG_01023P0		EDN96111
OG0007143		Bcin02p00400.1	CVK96171	FOXG_10182P0		EDN96565
OG0007144		Bcin14p00980.1	CVK92567	FOXG_05238P0		EDN94275
OG0007145		Bcin06p03010.1	CVK91102	FOXG_03069P0		EDO00005
OG0007146		Bcin05p05920.1, Bcin05p05920.2, Bcin05p05920.3				EDN95995
OG0007147		Bcin03p01500.1	CVK87012	FOXG_07875P0		EDN91333
OG0007148		Bcin14p01300.1, Bcin14p01300.2	CVL03513	FOXG_11967P0		
OG0007149		Bcin09p02540.1	CVK92732	FOXG_05379P0		EDO02892
OG0007150		Bcin04p00470.1	CVK85653, CVK94473	FOXG_13103P0		
OG0007151		Bcin03p06340.1	CVK91143	FOXG_03029P0		EDN90767
OG0007152		Bcin15p01390.1	CVL04230, CVL06157	FOXG_12387P0		
OG0007153		Bcin04p03460.1	CVK97378	FOXG_04149P0		EDO01347
OG0007154		Bcin13p04290.1	CVK98535	FOXG_13949P0		EDN93721
OG0007155		Bcin12p04780.1	CVL08077	FOXG_02753P0		EDN99175
OG0007156		Bcin02p02850.1	CVL05596	FOXG_12818P0		EDN96708
OG0007157		Bcin06p01690.1	CVK84336	FOXG_00824P0		EDN99751
OG0007158		Bcin07p04080.1, Bcin07p04080.2, Bcin07p04080.3				EDN97100
OG0007159		Bcin12p00440.1	CVK99943	FOXG_08325P0		EDO01186
OG0007160		Bcin11p01860.1	CVK99862	FOXG_08376P0		EDN99659
OG0007161		Bcin15p00570.1, Bcin15p00570.2	CVK86608	FOXG_03724P0		
OG0007162		Bcin04p00490.1	CVK91925	FOXG_16636P0		EDO01238
OG0007163		Bcin09p04030.1	CVK93728	FOXG_06085P0		EDO02958
OG0007164		Bcin07p05010.1	CVK86815	FOXG_08001P0		EDN97179
OG0007165		Bcin14p01880.1	CVK92581	FOXG_05253P0		EDN94386
OG0007166		Bcin10p02000.1	CVK96924	FOXG_04416P0		EDO04800
OG0007167		Bcin12p06630.1	CVL02012	FOXG_10638P0		EDN99000
OG0007168		Bcin04p00820.1				EDN94247, EDN99568, EDO04685
OG0007169		Bcin02p05360.1	CVL06671	FOXG_14522P0		EDN97013
OG0007170		Bcin07p00300.1	CVL02571	FOXG_10921P0		EDN95404
OG0007171		Bcin10p03160.1	CVK88329	FOXG_02364P0		EDO04463
OG0007172		Bcin09p03850.1	CVL06077	FOXG_15418P0		EDO02834
OG0007173		Bcin01p04160.1	CVK84514	FOXG_01009P0		EDO01823
OG0007174		Bcin06p01730.1	CVK95556	FOXG_09748P0		EDN99746
OG0007175		Bcin16p02870.1	CVL01041	FOXG_09308P0	RKF81849	
OG0007176		Bcin03p05230.1	CVL02271	FOXG_10798P0		EDN90915
OG0007177		Bcin16p03200.1	CVK86188, CVK88209	FOXG_02462P0		
OG0007178		Bcin07p05630.1, Bcin15p00220.1	CVL00975	FOXG_09270P0		
OG0007179		Bcin06p06700.1	CVL01505	FOXG_10278P0		EDO00221
OG0007180		Bcin05p03420.1	CVK86229	FOXG_04738P0		EDO03559
OG0007181		Bcin07p05790.1, Bcin09p00750.1, Bcin09p00750.2				EDO02429
OG0007182		Bcin10p02140.1	CVK88872	FOXG_02052P0		EDO04804
OG0007183		Bcin09p06440.1, Bcin09p06440.2	CVL06140	FOXG_15367P0		
OG0007184		Bcin06p07580.1	CVK92202	FOXG_04969P0		EDO03194
OG0007185		Bcin01p11150.1	CVK95797	FOXG_09894P0		EDO02075
OG0007186		Bcin06p04410.1	CVK90439	FOXG_03507P0		EDN99914
OG0007187		Bcin09p03580.1	CVK90661	FOXG_03372P0		EDO02809
OG0007188		Bcin14p01960.1	CVK92715	FOXG_05367P0		EDN94376
OG0007189		Bcin03p05910.1	CVK89616	FOXG_01605P0		EDN90826
OG0007190		Bcin08p01440.1	CVK88780	FOXG_02112P0		EDO01005
OG0007191		Bcin05p06570.1, Bcin05p06580.1				EDO03382, EDO03773
OG0007192		Bcin05p02520.1	CVK99173	FOXG_08862P0		EDO03351
OG0007193		Bcin16p03030.1, Bcin16p03030.3, Bcin16p03030.4, Bcin16p03030.6				
OG0007194		Bcin12p04730.1	CVL00828	FOXG_09177P0		EDN99171
OG0007195		Bcin06p00920.1	CVK93679	FOXG_06140P0		EDN93311
OG0007196		Bcin01p08200.1	CVL00860	FOXG_09198P0		EDO02195
OG0007197		Bcin06p04140.1	CVL08511	FOXG_02593P0		EDN99879
OG0007198		Bcin01p09400.1	CVK90938	FOXG_03200P0	RKF54192	
OG0007199		Bcin12p02230.1	CVL00914	FOXG_09231P0		EDN92553
OG0007200		Bcin04p03550.1, Bcin13p05830.1	CVK94944	FOXG_16522P0		
OG0007201		Bcin16p05196.1	CVK98240	FOXG_12040P0, FOXG_13719P0		
OG0007202		Bcin08p06050.1	CVK97123, CVL07689	FOXG_04296P0		
OG0007203		Bcin13p01120.1	CVK86189	FOXG_13396P0		EDN99395
OG0007204		Bcin06p05590.1	CVK83714	FOXG_00529P0		EDO00088
OG0007205		Bcin05p01970.1, Bcin05p01970.2, Bcin05p01970.3, Bcin05p01970.4				
OG0007206		Bcin08p02300.1	CVL04559	FOXG_11499P0		EDO00893
OG0007207		Bcin06p06590.1	CVK95974	FOXG_10063P0		EDO00232
OG0007208		Bcin09p00150.1	CVL06150	FOXG_15360P0		EDO02365
OG0007209		Bcin12p05710.1	CVK93002	FOXG_11407P0		EDN99216
OG0007210		Bcin10p03700.1	CVL04090	FOXG_12296P0		EDO04500
OG0007211		Bcin01p08370.1	CVL01641	FOXG_10360P0		EDO02246
OG0007212		Bcin05p06020.1	CVK92241	FOXG_04992P0		EDN95985
OG0007213		Bcin09p00170.1	CVK92730	FOXG_05378P0		EDO02370
OG0007214		Bcin13p01100.1	CVK84098	FOXG_00752P0, FOXG_00753P0		
OG0007215		Bcin14p04250.1	CVK92282	FOXG_05017P0		EDN94440
OG0007216		Bcin03p05830.1	CVK96010	FOXG_10105P0		EDN90840
OG0007217		Bcin03p06900.1	CVK95858	FOXG_09961P0		EDN90699
OG0007218		Bcin01p11130.1	CVL05087	FOXG_17778P0		EDO02074
OG0007219		Bcin11p00230.1	CVK82937	FOXG_00058P0		EDO00531
OG0007220		Bcin16p01750.1, Bcin16p01750.2	CVK83668	FOXG_00500P0		
OG0007221		Bcin08p02670.1	CVK93741	FOXG_06074P0		EDO00853
OG0007222		Bcin16p01430.1	CVL05101, CVL06975	FOXG_11775P0		
OG0007223		Bcin15p01690.1, Bcin15p01690.2	CVK94785	FOXG_17007P0		
OG0007224		Bcin01p08190.1	CVK89062	FOXG_01942P0		EDO02194
OG0007225		Bcin05p07640.1, Bcin12p06380.1	CVK94022	FOXG_05899P0		
OG0007226		Bcin02p04390.1	CVL00823	FOXG_09176P0		EDN96453
OG0007227		Bcin05p04120.1	CVK84356	FOXG_00908P0		EDO03654
OG0007228		Bcin03p05060.1	CVL06057	FOXG_15434P0		EDN90932
OG0007229		Bcin03p05520.1, Bcin09p05680.1	CVL08313			EDN90883
OG0007230		Bcin05p04250.1	CVL05839	FOXG_12673P0		EDO03666
OG0007231		Bcin14p03020.1	CVK97026	FOXG_04352P0		EDN91496
OG0007232		Bcin15p04050.1	CVL00728	FOXG_09121P0, FOXG_09122P0		
OG0007233		Bcin02p02450.1	CVK99905	FOXG_08348P0		EDN96664
OG0007234		Bcin06p01340.1	CVK85097, CVK92345	FOXG_05061P0		
OG0007235		Bcin05p06740.1	CVL01112	FOXG_09353P0		EDN96140
OG0007236		Bcin01p06730.1	CVL02643	FOXG_10970P0		EDO01567
OG0007237		Bcin07p02800.1	CVK87137	FOXG_07798P0		EDN97083
OG0007238		Bcin06p04150.1	CVL08646	FOXG_10164P0		EDN99880
OG0007239		Bcin05p00730.1	CVK99425	FOXG_08697P0		EDO03209
OG0007240		Bcin10p05340.1	CVK88511	FOXG_02270P0		EDO04626
OG0007241		Bcin03p03710.1	CVL07675	FOXG_16925P0		EDN91089
OG0007242		Bcin09p02470.1	CVK92940	FOXG_05508P0		EDO02908
OG0007243		Bcin15p02950.1, Bcin15p02950.2	CVK82955	FOXG_00068P0		
OG0007244		Bcin02p04470.1	CVL00859	FOXG_09197P0		EDN96444
OG0007245		Bcin06p04110.1	CVK83533	FOXG_00414P0		EDN99875
OG0007246		Bcin10p00480.1	CVL07576, CVL08770	FOXG_16792P0		
OG0007247		Bcin02p00420.2	CVL02583	FOXG_10929P0		EDN96567
OG0007248		Bcin14p00970.1	CVK95807	FOXG_09903P0		EDN94276
OG0007249		Bcin15p04720.1	CVK84883	FOXG_01275P0, FOXG_17635P0		
OG0007250		Bcin02p04490.1	CVL01791	FOXG_10446P0		EDN96435
OG0007251		Bcin08p02060.1	CVL00858	FOXG_09196P0		EDO00919
OG0007252		Bcin04p06040.1	CVK86536, CVL00354	FOXG_03792P0		
OG0007253		Bcin08p02190.1	CVK84858, CVK86548	FOXG_03780P0		
OG0007254		Bcin16p04410.1	CVL05293, CVL08356	FOXG_10202P0		
OG0007255		Bcin02p02720.1	CVK86525	FOXG_03802P0		EDN96696
OG0007256		Bcin10p00950.1	CVK95474	FOXG_09699P0		EDO04993
OG0007257		Bcin01p05700.1, Bcin01p05700.2	CVK95741	FOXG_09857P0		
OG0007258		Bcin07p04040.1	CVK96014	FOXG_10101P0		EDN97096
OG0007259		Bcin05p06870.1	CVK95245	FOXG_09579P0		EDN96128
OG0007260		Bcin08p01430.1	CVL04586	FOXG_11522P0		EDO01010
OG0007261		Bcin06p07210.1	CVL04823	FOXG_11713P0		EDO00163
OG0007262		Bcin09p02640.1	CVL00733	FOXG_09125P0		EDO02891
OG0007263		Bcin01p07680.1	CVK91201	FOXG_02974P0		EDO02278
OG0007264		Bcin05p04080.1	CVK85851	FOXG_13214P0		EDO03651
OG0007265		Bcin10p02560.1	CVL08760	FOXG_13077P0		EDN97755
OG0007266		Bcin09p04470.1	CVK92540	FOXG_05213P0		EDO02717
OG0007267		Bcin07p04950.1	CVK89729	FOXG_01530P0, FOXG_14939P0		
OG0007268		Bcin11p05180.1	CVL00985	FOXG_09275P0		EDN96264
OG0007269		Bcin16p04940.1, Bcin16p04940.2, Bcin16p04940.3, Bcin16p04940.4				
OG0007270		Bcin01p00200.1	CVK92841	FOXG_05447P0		EDN98252
OG0007271		Bcin01p02820.1	CVK83492	FOXG_00388P0		EDO02324
OG0007272		Bcin14p03650.1	CVK98457	FOXG_13871P0		EDN94518
OG0007273		Bcin14p01360.1	CVL00415	FOXG_08978P0		EDN91455
OG0007274		Bcin12p01700.1				EDN91211, EDN91312, EDO04788
OG0007275		Bcin16p01880.1, Bcin16p01880.2, Bcin16p01880.3, Bcin16p01880.4				
OG0007276		Bcin09p00460.1	CVL07899	FOXG_02711P0		EDO02405
OG0007277		Bcin05p01160.1	CVK84737	FOXG_01151P0		EDO03477
OG0007278		Bcin02p07280.1, Bcin02p07280.2	CVK85662	FOXG_13099P0		
OG0007279		Bcin08p01470.1	CVL01717	FOXG_10402P0		EDO01001
OG0007280		Bcin07p06810.1, Bcin07p06810.2	CVK97138	FOXG_04287P0		
OG0007281		Bcin01p06170.1	CVL00854	FOXG_09194P0		EDO02032
OG0007282		Bcin13p01300.1	CVK90885	FOXG_03238P0	RKF77693	
OG0007283		Bcin06p03630.1	CVK85957	FOXG_13265P0		EDN99820
OG0007284		Bcin06p07330.1	CVL03841	FOXG_12124P0		EDO00147
OG0007285		Bcin10p05480.1	CVL06792	FOXG_14600P0		EDO04644
OG0007286		Bcin10p00330.1	CVK93544	FOXG_06285P0		EDO04915
OG0007287		Bcin11p01040.1	CVK90514	FOXG_03462P0	RKF64139	
OG0007288		Bcin01p04290.1	CVL02584	FOXG_10930P0		EDO01843
OG0007289		Bcin14p00210.1	CVK95539	FOXG_09735P0		EDN91656
OG0007290		Bcin12p06140.1	CVK93468	FOXG_06360P0		EDN98903
OG0007291		Bcin06p02960.1	CVK89006	FOXG_01974P0		EDO00014
OG0007292		Bcin12p06170.1	CVK95730	FOXG_09850P0		EDN98896
OG0007293		Bcin01p10890.1	CVK89389	FOXG_01739P0	RKF57450	
OG0007294		Bcin16p04160.1, Bcin16p04160.2	CVL02693	FOXG_11012P0		
OG0007295		Bcin12p06260.1, Bcin12p06260.2	CVL04166	FOXG_12182P0		
OG0007296		Bcin10p05550.1	CVK88395	FOXG_02330P0		EDO04652
OG0007297		Bcin06p05110.1	CVK90608	FOXG_03403P0		EDN93511
OG0007298		Bcin09p04060.1	CVK90621	FOXG_03393P0		EDO02937
OG0007299		Bcin02p00070.1, Bcin02p00070.2	CVL07872	FOXG_02675P0		
OG0007300		Bcin03p03830.1, Bcin08p02970.1				EDN91066, EDO00812
OG0007301		Bcin03p00110.1	CVL05704	FOXG_12757P0		EDN94183
OG0007302		Bcin14p05470.1	CVK86801	FOXG_08012P0	RKF81515	
OG0007303		Bcin03p08980.1	CVK94070	FOXG_05873P0, FOXG_13039P0		
OG0007304		Bcin10p02830.1	CVK88645	FOXG_02194P0		EDN97787
OG0007305		Bcin08p00110.1	CVK99464	FOXG_08657P0		EDN97527
OG0007306		Bcin14p04080.1	CVK92930	FOXG_05502P0		EDN94466
OG0007307		Bcin05p06290.1	CVL04679, CVL04680			EDO03805
OG0007308		Bcin13p00050.1	CVL08070, CVL08983	FOXG_02756P0		
OG0007309		Bcin14p04190.1	CVK92992	FOXG_05541P0		EDN94451
OG0007310		Bcin13p02960.1	CVK97494	FOXG_04084P0		EDN93689
OG0007311		Bcin11p06280.1	CVK96781	FOXG_04508P0, FOXG_10231P0		
OG0007312		Bcin03p06850.1	CVL04577	FOXG_11513P0		EDN90702
OG0007313		Bcin15p05650.1	CVL04802	FOXG_11679P0, FOXG_15214P0		
OG0007314		Bcin03p02190.1	CVL01255	FOXG_09496P0		EDN91152
OG0007315		Bcin03p04210.1	CVL07843, CVL07852	FOXG_02664P0		
OG0007316		Bcin05p05130.1	CVK87843	FOXG_07440P0		EDO03101
OG0007317		Bcin10p01110.1	CVK97248		RKF79710	EDO05017
OG0007318		Bcin09p02010.1	CVK98467	FOXG_13881P0		EDO02638
OG0007319		Bcin04p01780.1	CVK91251	FOXG_02924P0		EDO01500
OG0007320		Bcin11p05980.1, Bcin11p05980.2			RKF83020	EDN96215
OG0007321		Bcin10p03040.1	CVK86546, CVK88186	FOXG_03783P0		
OG0007322		Bcin11p05350.1, Bcin11p05350.2	CVL06623	FOXG_14495P0		
OG0007323		Bcin10p04250.1	CVK98599, CVL07481	FOXG_15687P0		
OG0007324		Bcin11p05830.1	CVK99529	FOXG_08588P0		EDN96247
OG0007325		Bcin13p02770.1	CVK96992	FOXG_04373P0		EDN99560
OG0007326		Bcin07p06700.1, Bcin07p06700.2	CVK94590	FOXG_05597P0		
OG0007327		Bcin12p00170.1	CVL04453	FOXG_11432P0		EDO01151
OG0007328		Bcin05p02340.1	CVK84279	FOXG_00865P0		EDO03372
OG0007329		Bcin06p01380.1	CVL00100, CVL02632, CVL06873			
OG0007330		Bcin03p05050.1	CVK91171	FOXG_03003P0		EDN90933
OG0007331		Bcin07p05450.1, Bcin07p05450.2	CVK94771	FOXG_17020P0		
OG0007332		Bcin13p03650.1	CVL01590	FOXG_10326P0		EDN99641
OG0007333		Bcin03p08120.1	CVK85040, CVL04948	FOXG_11855P0		
OG0007334		Bcin03p01780.1	CVK89817	FOXG_01445P0		EDN91127
OG0007335		Bcin10p00530.1	CVK84916	FOXG_01308P0		EDO04946
OG0007336		Bcin02p00460.1	CVK87168	FOXG_07777P0, FOXG_16410P0		
OG0007337		Bcin06p06850.1, Bcin06p06850.2, Bcin06p06850.3, Bcin06p06850.4				
OG0007338		Bcin02p02550.1	CVK87281		RKF74061	EDN96674
OG0007339		Bcin01p02720.1	CVK82872	FOXG_00017P0		EDO02338
OG0007340		Bcin01p08150.1, Bcin01p08150.2, Bcin01p08150.3				EDO02684
OG0007341		Bcin02p01380.1	CVK88914	FOXG_02026P0		EDN96844
OG0007342		Bcin10p00190.1	CVK97060	FOXG_04331P0		EDO04896
OG0007343		Bcin11p04130.1	CVL08797	FOXG_14675P0, FOXG_16850P0		
OG0007344		Bcin09p03930.1	CVK91049	FOXG_03123P0		EDO02942
OG0007345		Bcin01p06850.1	CVL03274	FOXG_11333P0		EDO01625
OG0007346		Bcin14p00850.1	CVL05268	FOXG_13051P0		EDN94294
OG0007347		Bcin06p03710.1	CVK98509	FOXG_10869P0		EDN99829
OG0007348		Bcin12p04460.1	CVL00070	FOXG_08248P0		EDN92762
OG0007349		Bcin14p01700.1	CVK95357	FOXG_09643P0		EDN91489
OG0007350		Bcin01p06600.1	CVK93609	FOXG_06217P0		EDO01578
OG0007351		Bcin09p05010.1	CVK98623	FOXG_15719P0		EDO02572
OG0007352		Bcin01p06050.1	CVK95945	FOXG_10035P0		EDO02029
OG0007353		Bcin03p04470.1	CVL01996	FOXG_10623P0		EDN91009
OG0007354		Bcin04p03750.1	CVK88261	FOXG_02411P0		EDO01310
OG0007355		Bcin07p02930.1	CVK84106	FOXG_00757P0		EDN97068
OG0007356		Bcin13p01210.1	CVK84852	FOXG_01250P0		EDN99391
OG0007357		Bcin05p03720.1	CVK89784	FOXG_01477P0		EDO03594
OG0007358		Bcin12p05350.1, Bcin12p05350.2, Bcin12p05350.3, Bcin12p05450.1				
OG0007359		Bcin09p00530.1	CVL03870	FOXG_12136P0		EDO02414
OG0007360		Bcin01p01290.1	CVK99496	FOXG_08624P0		EDN98100
OG0007361		Bcin15p03810.1, Bcin15p03810.2, Bcin15p03810.3, Bcin15p03810.4				
OG0007362		Bcin12p01540.1	CVK85669	FOXG_13097P0		EDN92420
OG0007363		Bcin02p05740.1	CVL05495	FOXG_12869P0		EDN95191
OG0007364		Bcin07p03230.1, Bcin07p03230.2		FOXG_08868P0		EDN97033
OG0007365		Bcin10p01090.1	CVK88367	FOXG_02345P0		EDO05014
OG0007366		Bcin06p03470.1	CVK93527	FOXG_06303P0		EDN93549
OG0007367		Bcin16p01010.1, Bcin16p01010.2, Bcin16p01010.3, Bcin16p01010.4				
OG0007368		Bcin15p02910.1, Bcin15p02910.2	CVL06816	FOXG_14626P0		
OG0007369		Bcin09p04510.1	CVK92537	FOXG_05210P0		EDO02713
OG0007370		Bcin13p00840.1	CVK85146, CVK88850	FOXG_02067P0		
OG0007371		Bcin13p01880.1	CVK92373	FOXG_05090P0		EDN99320
OG0007372		Bcin10p03380.1	CVK88674	FOXG_02177P0		EDO04490
OG0007373		Bcin11p02570.1	CVL01534	FOXG_10296P0	RKF54300	
OG0007374		Bcin11p03070.1	CVK87905	FOXG_07407P0		EDN96082
OG0007375		Bcin11p00410.1	CVK91173	FOXG_03001P0		EDO00551
OG0007376		Bcin05p06830.1	CVK88214	FOXG_02457P0		EDN96130
OG0007377		Bcin05p04400.1	CVK84690	FOXG_01109P0		EDO03689
OG0007378		Bcin05p01450.1	CVK86018	FOXG_13304P0		EDO03444
OG0007379		Bcin10p04480.1				EDN93655, EDN93656, EDN97566
OG0007380		Bcin02p00380.1	CVK96168	FOXG_10180P0		EDN96563
OG0007381		Bcin04p03220.1, Bcin04p03220.2	CVK95316	FOXG_09623P0		
OG0007382		Bcin09p04320.1	CVK86489	FOXG_03837P0		EDO02733
OG0007383		Bcin12p03640.1	CVK97010	FOXG_04363P0		EDN92512
OG0007384		Bcin07p03430.1	CVK84915	FOXG_01307P0		EDN96994
OG0007385		Bcin01p09050.1	CVK89721	FOXG_01539P0		EDO02134
OG0007386		Bcin01p08380.1	CVK95853	FOXG_09957P0		EDO02245
OG0007387		Bcin11p00140.1	CVK82928	FOXG_00053P0		EDO00516
OG0007388		Bcin16p01320.1	CVK88708	FOXG_02157P0	RKF79728	
OG0007389		Bcin08p00490.1	CVL00327	FOXG_08904P0		EDN97747
OG0007390		Bcin06p06380.1	CVK86528	FOXG_03800P0		EDO00418
OG0007391		Bcin10p00430.1	CVL00416	FOXG_08977P0		EDO04926
OG0007392		Bcin10p02900.1	CVL04161	FOXG_12187P0		EDN97795
OG0007393		Bcin04p03910.1	CVL00602	FOXG_09051P0		EDO01287
OG0007394		Bcin03p01450.1	CVK87428	FOXG_07637P0		EDN91342
OG0007395		Bcin02p00580.1, Bcin02p00580.2, Bcin02p00580.3, Bcin02p00580.4				
OG0007396		Bcin08p04070.1	CVK88287	FOXG_02393P0		EDO00673
OG0007397		Bcin12p04500.1	CVK93417	FOXG_06396P0		EDN92766
OG0007398		Bcin04p02770.1, Bcin04p02770.2, Bcin04p02770.3				EDO01394
OG0007399		Bcin06p00130.1	CVK95144	FOXG_16647P0		EDN93430
OG0007400		Bcin13p05350.1	CVK84778	FOXG_01188P0		EDN98592
OG0007401		Bcin03p03210.1	CVK93758	FOXG_06063P0, FOXG_11907P0		
OG0007402		Bcin12p00730.1	CVK96757	FOXG_04515P0		EDN92279
OG0007403		Bcin10p03890.1	CVL01179	FOXG_09416P0		EDN97706
OG0007404		Bcin12p02570.1				EDN93482, EDN94579, EDN98944
OG0007405		Bcin12p06330.1	CVL04924	FOXG_11750P0		EDN98877
OG0007406		Bcin05p02940.1	CVL03141	FOXG_11258P0		EDO03253
OG0007407		Bcin01p07190.1	CVK93827	FOXG_06022P0		EDO01721
OG0007408		Bcin16p02530.1, Bcin16p02530.2, Bcin16p02530.3, Bcin16p02530.4				
OG0007409		Bcin07p02990.1	CVK84153	FOXG_00785P0		EDN97061
OG0007410		Bcin04p02660.1	CVK91178	FOXG_02999P0		EDN92255
OG0007411		Bcin02p07030.1	CVK89253, CVL05534	FOXG_01823P0		
OG0007412		Bcin03p01050.1	CVL02775	FOXG_11065P0		EDN91391
OG0007413		Bcin07p01630.1	CVK99564	FOXG_08550P0		EDN96427
OG0007414		Bcin03p00940.1	CVL07609	FOXG_16867P0		EDN91411
OG0007415		Bcin02p07320.1	CVK86631, CVK93837	FOXG_06017P0		
OG0007416		Bcin06p06000.1	CVL01654	FOXG_10366P0		EDO00369
OG0007417		Bcin13p01980.1	CVK94228	FOXG_05792P0		EDN99308
OG0007418		Bcin05p02100.1	CVL06704	FOXG_14542P0		EDO03337
OG0007419		Bcin08p03440.1	CVK84803	FOXG_01209P0		EDO00744
OG0007420		Bcin16p03600.1, Bcin16p03600.2	CVL05738	FOXG_12735P0		
OG0007421		Bcin05p05240.1	CVK92204	FOXG_04971P0		EDN96065
OG0007422		Bcin15p05080.1, Bcin15p05080.2, Bcin15p05080.3, Bcin15p05080.4				
OG0007423		Bcin15p04270.1	CVK84102, CVL06138	FOXG_00755P0		
OG0007424		Bcin02p01900.1	CVK85020, CVL08679	FOXG_04783P0		
OG0007425		Bcin09p04400.1	CVL08620	FOXG_04808P0		EDO02723
OG0007426		Bcin01p03120.1	CVK84923	FOXG_01315P0		EDO02293
OG0007427		Bcin03p03630.1	CVK87629	FOXG_07527P0		EDN91098
OG0007428		Bcin12p00510.1	CVK99930	FOXG_08333P0		EDO01203
OG0007429		Bcin01p02430.1	CVK85607, CVK94566	FOXG_17223P0		
OG0007430		Bcin10p03210.1	CVL01938	FOXG_10559P0		EDO04465
OG0007431		Bcin02p06520.1	CVK86692	FOXG_08119P0		EDN95119
OG0007432		Bcin06p00800.1	CVK99412	FOXG_08705P0		EDN93323
OG0007433		Bcin01p02500.1	CVK90134, CVL06165	FOXG_03676P0		
OG0007434		Bcin16p01610.1	CVK84903	FOXG_01296P0		EDO00194
OG0007435		Bcin01p09260.1		FOXG_11890P0		EDO02082, EDO02083
OG0007436		Bcin14p01190.1	CVK92632	FOXG_05307P0		EDN91445
OG0007437		Bcin06p01280.1	CVK92706	FOXG_05362P0		EDN99793
OG0007438		Bcin01p08270.1	CVK83499	FOXG_00393P0		EDO02204
OG0007439		Bcin05p05440.1	CVK86594, CVL03053	FOXG_11210P0		
OG0007440		Bcin13p03810.1	CVL02774	FOXG_11064P0		EDN99614
OG0007441		Bcin13p02820.1	CVL05823	FOXG_12686P0		EDN93707
OG0007442		Bcin02p00740.1	CVK99366	FOXG_08743P0		EDN96607
OG0007443		Bcin08p06490.1	CVK99394, CVL02080	FOXG_10696P0		
OG0007444		Bcin05p06850.1, Bcin05p06850.2	CVL00747	FOXG_09131P0		
OG0007445		Bcin16p03570.1	CVL08725	FOXG_17422P0		EDO03704
OG0007446		Bcin02p00140.1	CVL04238	FOXG_12392P0		EDN96532
OG0007447		Bcin09p01020.1	CVK84828	FOXG_01227P0		EDO02454
OG0007448		Bcin13p03220.1	CVK93648	FOXG_06175P0		EDN93649
OG0007449		Bcin01p08880.1	CVK91204	FOXG_02971P0		EDO02113
OG0007450		Bcin04p05640.1	CVK92962	FOXG_05522P0	RKF64291	
OG0007451		Bcin01p08820.1	CVK96259, CVL03562			EDO02104
OG0007452		Bcin10p04280.1	CVK97180	FOXG_04261P0		EDN97651
OG0007453		Bcin12p01060.1	CVK94488	FOXG_05659P0		EDN92359
OG0007454		Bcin10p03830.1	CVK88666	FOXG_02182P0		EDN97712
OG0007455		Bcin03p04010.1	CVL02808	FOXG_11081P0		EDN91056
OG0007456		Bcin13p04330.1	CVK98531	FOXG_13946P0		EDN93732
OG0007457		Bcin03p07070.1	CVL04573	FOXG_11509P0		EDN90672
OG0007458		Bcin13p02060.1, Bcin13p02060.2				EDO02218, EDO02615
OG0007459		Bcin11p02900.1, Bcin11p02900.2	CVK85925	FOXG_13248P0		
OG0007460		Bcin10p02650.1	CVK88731	FOXG_02142P0		EDN97768
OG0007461		Bcin02p01080.1	CVK93472	FOXG_06357P0		EDN96751
OG0007462		Bcin14p03460.1	CVL07276		RKF75761	EDN94537
OG0007463		Bcin11p01340.1	CVK88323	FOXG_02369P0		EDN96307
OG0007464		Bcin10p01780.1	CVK95456	FOXG_09689P0		EDO04779
OG0007465		Bcin03p08350.1	CVK83433	FOXG_00354P0	RKF79077	
OG0007466		Bcin02p04800.1	CVK86107	FOXG_13348P0		EDN95312
OG0007467		Bcin12p04890.1, Bcin12p04890.2		FOXG_10080P0		EDN92693
OG0007468		Bcin05p05540.1	CVK84760	FOXG_01174P0		EDN96031
OG0007469		Bcin12p02390.1	CVK90932	FOXG_03204P0		EDN92572
OG0007470		Bcin09p07110.1, Bcin09p07110.2, Bcin09p07110.3, Bcin09p07110.4				
OG0007471		Bcin11p00380.1	CVK93891	FOXG_05981P0		EDO00569
OG0007472		Bcin09p03130.1	CVK92504	FOXG_05175P0		EDO02755
OG0007473		Bcin09p06890.1	CVK96854, CVK98980	FOXG_04462P0		
OG0007474		Bcin04p03570.1	CVL03987	FOXG_12220P0		EDO01326
OG0007475		Bcin05p05450.1	CVK85999	FOXG_13292P0		EDN96039
OG0007476		Bcin01p08620.1	CVL00371	FOXG_08915P0		EDO02250
OG0007477		Bcin16p04560.1	CVK86894	FOXG_07953P0	RKF65387	
OG0007478		Bcin01p07620.1	CVK89378	FOXG_01747P0		EDO01743
OG0007479		Bcin12p01340.1	CVK99854	FOXG_08382P0		EDN92395
OG0007480		Bcin06p00750.1	CVL04908	FOXG_11741P0		EDN93327
OG0007481		Bcin15p04320.1	CVK97964, CVK98490	FOXG_13905P0		
OG0007482		Bcin10p04160.1	CVK88443	FOXG_02306P0		EDN97675
OG0007483		Bcin03p01840.1	CVK95484	FOXG_09704P0		EDN91134
OG0007484		Bcin05p07660.1	CVK88188	FOXG_02483P0		EDN95908
OG0007485		Bcin07p05000.1	CVK86814	FOXG_08002P0		EDN97180
OG0007486		Bcin12p04830.1	CVK98382	FOXG_13809P0		EDN92686
OG0007487		Bcin01p03160.1	CVK83449	FOXG_00365P0		EDO02289
OG0007488		Bcin05p05560.1	CVK84553	FOXG_01030P0		EDN96029
OG0007489		Bcin03p02580.1	CVK86998	FOXG_07883P0		EDN91201
OG0007490		Bcin03p01270.1	CVK90394	FOXG_03531P0		EDN91364
OG0007491		Bcin07p02550.1, Bcin07p02550.2	CVK83313	FOXG_00282P0		
OG0007492		Bcin05p07510.1	CVK84612	FOXG_01066P0		EDN95938
OG0007493		Bcin02p03110.1	CVK89735	FOXG_01525P0		EDN96738
OG0007494		Bcin05p05550.2	CVL05795	FOXG_12700P0		EDN96030
OG0007495		Bcin03p04640.1	CVK86965	FOXG_07903P0		EDN90983
OG0007496		Bcin15p02370.1	CVL05347	FOXG_12955P0		EDN93634
OG0007497		Bcin13p05100.1	CVL03131	FOXG_11252P0		EDN98614
OG0007498		Bcin02p03550.1, Bcin02p03550.2	CVL00604	FOXG_09052P0		
OG0007499		Bcin07p03010.1	CVL04144	FOXG_12346P0		EDN97059
OG0007500		Bcin12p00970.1	CVK95734	FOXG_09853P0		EDN92347
OG0007501		Bcin11p02620.1	CVK91923	FOXG_02728P0, FOXG_04826P0		
OG0007502		Bcin12p02590.1	CVL02078	FOXG_10694P0		EDN92595
OG0007503		Bcin02p01750.1	CVK89495	FOXG_01678P0		EDN96887
OG0007504		Bcin06p01580.1	CVL03671	FOXG_12034P0		EDN99762
OG0007505		Bcin07p05410.1	CVL00441, CVL05039	FOXG_11799P0		
OG0007506		Bcin14p00650.1	CVK95033	FOXG_16582P0		EDN91602
OG0007507		Bcin12p05985.1	CVK99717	FOXG_08458P0		EDN98925
OG0007508		Bcin02p00410.1	CVK96167	FOXG_10179P0		EDN96566
OG0007509		Bcin09p05160.3	CVK92747	FOXG_05389P0		EDO02593
OG0007510		Bcin16p00300.1, Bcin16p00300.2, Bcin16p00300.3, Bcin16p00300.4				
OG0007511			CVK83843, CVK85123, CVL08963	FOXG_13565P0		
OG0007512			CVK84400	FOXG_00930P0, FOXG_00931P0, FOXG_17262P0		
OG0007513			CVK84975, CVK96656, CVK98811	FOXG_04603P0		
OG0007514			CVK84650, CVK84651	FOXG_01087P0, FOXG_01088P0		
OG0007515			CVK84729, CVK97716	FOXG_01143P0, FOXG_13524P0		
OG0007516			CVK85144, CVK95983, CVL03602	FOXG_11994P0		
OG0007517			CVK85107, CVK98108, CVL07982	FOXG_17362P0		
OG0007518			CVK85058, CVL06441, CVL07824	FOXG_15233P0		
OG0007519			CVK85112, CVK95513, CVL02483	FOXG_09721P0		
OG0007520			CVK85022, CVK91346, CVK97948, CVK97977			
OG0007521			CVK84835, CVK95068	FOXG_01233P0, FOXG_16599P0		
OG0007522			CVK84974, CVK96086	FOXG_10142P0, FOXG_10909P0		
OG0007523			CVK84872, CVK95318	FOXG_01256P0		EDO03267
OG0007524			CVK85129, CVK98408	FOXG_04701P0, FOXG_13828P0		
OG0007525			CVK84683, CVL02679	FOXG_01106P0, FOXG_10999P0		
OG0007526			CVK84951, CVK91464	FOXG_01341P0, FOXG_02801P0		
OG0007527			CVK85049, CVL07485, CVL07602	FOXG_02641P0		
OG0007528			CVK84195, CVK97595, CVK98755	FOXG_00810P0		
OG0007529			CVK84339, CVL06408	FOXG_00822P0, FOXG_17710P0		
OG0007530			CVK84873, CVL02204, CVL06130	FOXG_01255P0		
OG0007531			CVK82910	FOXG_00042P0, FOXG_00043P0, FOXG_14152P0		
OG0007532			CVK85163	FOXG_01395P0, FOXG_15511P0, FOXG_15968P0		
OG0007533			CVK84937, CVK94918, CVK95326	FOXG_01325P0		
OG0007534			CVK83709, CVK95743, CVK95962	FOXG_00525P0		
OG0007535			CVK84732, CVK96214	FOXG_01146P0, FOXG_10227P0		
OG0007536			CVK87885, CVK95946	FOXG_10036P0, FOXG_11859P0		
OG0007537			CVK87820, CVK95308	FOXG_07448P0	RKF82676	
OG0007538			CVK86436, CVK87603	FOXG_03899P0, FOXG_07546P0		
OG0007539			CVK87686, CVK91424	FOXG_02828P0, FOXG_07495P0		
OG0007540			CVK85652, CVK87861, CVK95631	FOXG_09793P0		
OG0007541			CVK87539	FOXG_07574P0, FOXG_16427P0, FOXG_17333P0		
OG0007542			CVK85867, CVK91323, CVL00325	FOXG_08902P0		
OG0007543			CVK86723, CVK98784	FOXG_08088P0, FOXG_15775P0		
OG0007544			CVK85801, CVL06080	FOXG_13191P0, FOXG_15415P0		
OG0007545			CVK87624, CVK95179	FOXG_07534P0, FOXG_09541P0		
OG0007546			CVK86521, CVK92180	FOXG_03806P0, FOXG_07533P0		
OG0007547			CVK85608, CVK94447, CVL03756	FOXG_05674P0		
OG0007548			CVK85706, CVK95651, CVL06460	FOXG_09803P0		
OG0007549			CVK87415, CVL05539	FOXG_07646P0, FOXG_12848P0		
OG0007550			CVK85820, CVL09107, CVL09232	FOXG_13196P0		
OG0007551			CVK86397, CVL04131	FOXG_03929P0, FOXG_12333P0		
OG0007552			CVK85770, CVK87085	FOXG_07829P0, FOXG_13160P0		
OG0007553			CVK86019, CVK86637, CVK97947	FOXG_17706P0		
OG0007554			CVK87734, CVK96792, CVK98202	FOXG_13698P0		
OG0007555			CVK86126, CVK88380	FOXG_02340P0, FOXG_13359P0		
OG0007556			CVK87717, CVK97645, CVL06190	FOXG_15341P0		
OG0007557			CVK87360	FOXG_07675P0, FOXG_17590P0, FOXG_17647P0		
OG0007558			CVK86544, CVK98750	FOXG_03785P0, FOXG_04677P0		
OG0007559			CVK85661, CVK89707, CVK97993	FOXG_01554P0		
OG0007560			CVK86286, CVK94802	FOXG_03993P0, FOXG_16990P0		
OG0007561			CVK87897, CVK93372, CVL08360	FOXG_02521P0		
OG0007562			CVK87940, CVL08978	FOXG_13571P0, FOXG_17554P0		
OG0007563			CVK87886, CVL02187	FOXG_07417P0, FOXG_10755P0		
OG0007564			CVK87967, CVK94768	FOXG_04774P0, FOXG_17024P0		
OG0007565			CVK85864, CVL06354, CVL08444	FOXG_13220P0		
OG0007566			CVK86486	FOXG_03840P0, FOXG_15767P0, FOXG_17684P0		
OG0007567			CVK86474, CVK97404	FOXG_03855P0, FOXG_04138P0		
OG0007568			CVK87714, CVL06192	FOXG_07477P0, FOXG_15340P0		
OG0007569			CVK87421, CVK95727	FOXG_00666P0, FOXG_07642P0		
OG0007570			CVK85642, CVL03598	FOXG_11991P0, FOXG_13107P0		
OG0007571			CVK86356, CVK96116	FOXG_03961P0, FOXG_10152P0		
OG0007572			CVK86534, CVK95500	FOXG_03794P0, FOXG_09712P0		
OG0007573			CVK86124, CVK97650, CVK99355	FOXG_13465P0		
OG0007574			CVK86176, CVK97553, CVK98369	FOXG_13390P0		
OG0007575			CVK87722, CVK98242, CVL03748	FOXG_13721P0		
OG0007576			CVK87836, CVL05298	FOXG_07443P0, FOXG_13026P0		
OG0007577			CVK86171, CVL06331	FOXG_13387P0		EDN99886
OG0007578			CVK87501, CVL00476	FOXG_07598P0, FOXG_08941P0		
OG0007579			CVK87414, CVK96638, CVK98713	FOXG_07647P0		
OG0007580			CVK87859	FOXG_07430P0, FOXG_14957P0, FOXG_14958P0		
OG0007581			CVK85742, CVK96054, CVK96794, CVL07140			
OG0007582			CVK85690, CVK97707	FOXG_13085P0, FOXG_13517P0		
OG0007583			CVK87683, CVK98152	FOXG_07497P0, FOXG_13667P0		
OG0007584			CVK85936, CVL03368	FOXG_11919P0, FOXG_13254P0		
OG0007585			CVK88397, CVK88398, CVK88400, CVK88401			
OG0007586			CVK89851, CVK95893	FOXG_01408P0, FOXG_09997P0		
OG0007587			CVK88195, CVK91257	FOXG_02476P0, FOXG_02917P0		
OG0007588			CVK88485, CVK94494	FOXG_02283P0		EDO04932
OG0007589			CVK88384, CVK99408, CVL04774	FOXG_08709P0		
OG0007590			CVK89650, CVL03850	FOXG_01587P0, FOXG_12128P0		
OG0007591			CVK89382, CVK90258	FOXG_01744P0, FOXG_14999P0		
OG0007592			CVK88264, CVL04543	FOXG_02409P0, FOXG_11488P0		
OG0007593			CVK89121, CVK91408, CVK96148	FOXG_01900P0		
OG0007594			CVK88189, CVL04164	FOXG_02482P0, FOXG_12184P0		
OG0007595			CVK88410, CVK94554	FOXG_02324P0, FOXG_05627P0		
OG0007596			CVK88254, CVK93049	FOXG_02417P0, FOXG_11382P0		
OG0007597			CVK89617, CVK95995	FOXG_01604P0, FOXG_10071P0		
OG0007598			CVK90102	FOXG_05545P0	RKF83877	EDN91500
OG0007599			CVK91012	FOXG_03152P0, FOXG_08796P0, FOXG_08812P0		
OG0007600			CVK91283, CVL08877, CVL09234	FOXG_02913P0		
OG0007601			CVK91305, CVK94242	FOXG_02888P0, FOXG_05784P0		
OG0007602			CVK91433, CVL04082	FOXG_02825P0, FOXG_12287P0		
OG0007603			CVK90147, CVL03802	FOXG_03670P0, FOXG_12110P0		
OG0007604			CVK90430, CVL00471	FOXG_03512P0, FOXG_08945P0		
OG0007605			CVK90366, CVK96255	FOXG_03544P0, FOXG_10206P0		
OG0007606			CVK90379, CVL07455	FOXG_03538P0, FOXG_17164P0		
OG0007607			CVK90702, CVL06811	FOXG_03347P0, FOXG_14615P0		
OG0007608			CVK91458, CVL07902	FOXG_02805P0, FOXG_13124P0		
OG0007609			CVK91338, CVL08878, CVL09387			EDO00056
OG0007610			CVK90496, CVL02568	FOXG_03472P0, FOXG_10905P0		
OG0007611			CVK91275, CVK95011	FOXG_02906P0, FOXG_16569P0		
OG0007612			CVK91419, CVK98662	FOXG_02831P0, FOXG_15692P0		
OG0007613			CVK91495, CVK98037	FOXG_02782P0, FOXG_13616P0		
OG0007614			CVK91252, CVK97396, CVL05323	FOXG_04140P0		
OG0007615			CVK90371, CVK96256	FOXG_03542P0, FOXG_10204P0		
OG0007616			CVK91378	FOXG_02835P0, FOXG_15488P0, FOXG_17719P0		
OG0007617			CVK91397	FOXG_05591P0, FOXG_16711P0, FOXG_16779P0		
OG0007618			CVK90693, CVL08920	FOXG_03353P0, FOXG_13541P0		
OG0007619			CVK91209, CVL02649	FOXG_02966P0, FOXG_10975P0		
OG0007620			CVK91421, CVL06095, CVL08171	FOXG_02830P0		
OG0007621			CVK91363, CVL08927	FOXG_02843P0, FOXG_13544P0		
OG0007622			CVK91470, CVL08721	FOXG_02797P0, FOXG_17426P0		
OG0007623			CVK90444, CVL01959	FOXG_03503P0, FOXG_04922P0		
OG0007624			CVK90401, CVK93778, CVK96044, CVL08343			
OG0007625			CVK90383, CVL06770	FOXG_03537P0, FOXG_14581P0		
OG0007626			CVK91285, CVK96793, CVL07222	FOXG_02897P0		
OG0007627			CVK92449, CVK92479, CVL08357	FOXG_05149P0		
OG0007628			CVK92818, CVL05290	FOXG_05433P0		EDO04660
OG0007629			CVK92349, CVL05431	FOXG_05064P0, FOXG_12907P0		
OG0007630			CVK91956, CVK92886	FOXG_04846P0, FOXG_05478P0		
OG0007631			CVK91902, CVL03817	FOXG_04717P0, FOXG_12116P0		
OG0007632			CVK92401, CVK98636, CVL02550	FOXG_10887P0		
OG0007633			CVK92363	FOXG_01240P0, FOXG_05080P0, FOXG_16967P0		
OG0007634			CVK92021, CVK98040	FOXG_11877P0, FOXG_13617P0		
OG0007635			CVK92440, CVL02930, CVL09310	FOXG_11138P0		
OG0007636			CVK91958, CVL06184, CVL07829	FOXG_04845P0		
OG0007637			CVK91933, CVL03411	FOXG_04830P0, FOXG_11905P0		
OG0007638			CVK92019, CVL07506, CVL08397	FOXG_02538P0		
OG0007639			CVK92347, CVK95832	FOXG_05063P0, FOXG_09931P0		
OG0007640			CVK92038, CVL06958	FOXG_04884P0, FOXG_14778P0		
OG0007641			CVK91811, CVL02640, CVL07171	FOXG_10966P0		
OG0007642			CVK92453, CVK98593, CVL09433, CVL09464			
OG0007643			CVK92018, CVL02558	FOXG_04878P0, FOXG_10896P0		
OG0007644			CVK93369, CVL06860	FOXG_06426P0, FOXG_14666P0		
OG0007645			CVK94282, CVL08431	FOXG_02560P0, FOXG_05759P0		
OG0007646			CVK94314, CVK95294, CVL08354	FOXG_05747P0		
OG0007647			CVK94519, CVL05334, CVL08934	FOXG_17568P0		
OG0007648			CVK94404, CVL01819, CVL03830	FOXG_10468P0		
OG0007649			CVK94577, CVL02178	FOXG_05607P0, FOXG_10750P0		
OG0007650			CVK94229, CVK99400, CVL07264	FOXG_08715P0		
OG0007651			CVK94420, CVK94422	FOXG_05687P0, FOXG_05688P0		
OG0007652			CVK94469, CVK94470, CVK94472, CVK94479			
OG0007653			CVK94549, CVL08054	FOXG_02767P0, FOXG_05639P0		
OG0007654			CVK94291, CVL07939	FOXG_02691P0, FOXG_05753P0		
OG0007655			CVK93781, CVL06103	FOXG_06049P0, FOXG_12975P0		
OG0007656			CVK94509, CVL01982	FOXG_10610P0, FOXG_10611P0		
OG0007657			CVK94459	FOXG_04813P0, FOXG_05672P0, FOXG_05796P0		
OG0007658			CVK94612, CVL05028	FOXG_05580P0, FOXG_11806P0		
OG0007659			CVK94141, CVK96851	FOXG_04463P0, FOXG_05831P0		
OG0007660			CVK94559, CVL04610, CVL07669	FOXG_11543P0		
OG0007661			CVK94805, CVL06322	FOXG_15286P0, FOXG_16992P0		
OG0007662			CVK95592	FOXG_09772P0, FOXG_17174P0, FOXG_17567P0		
OG0007663			CVK95252, CVL06226	FOXG_09582P0, FOXG_15322P0		
OG0007664			CVK95953, CVL06629	FOXG_10043P0, FOXG_14499P0		
OG0007665			CVK95528, CVK95530, CVK98010	FOXG_13589P0		
OG0007666			CVK95309, CVL08968	FOXG_13567P0, FOXG_17775P0		
OG0007667			CVK95360, CVL06989	FOXG_04812P0, FOXG_09644P0		
OG0007668			CVK95410, CVK96144	FOXG_10172P0, FOXG_11884P0		
OG0007669			CVK95759, CVK95955	FOXG_09866P0, FOXG_10044P0		
OG0007670			CVK94957, CVK94958, CVK95325, CVL05797			
OG0007671			CVK94801, CVK98657, CVL07567	FOXG_15695P0		
OG0007672			CVK94810, CVK96750	FOXG_04556P0, FOXG_16997P0		
OG0007673			CVK94915, CVK99405, CVK99454	FOXG_08667P0		
OG0007674			CVK95575, CVK97990	FOXG_09763P0, FOXG_13600P0		
OG0007675			CVK94890, CVL01978	FOXG_10605P0, FOXG_16485P0		
OG0007676			CVK95842, CVL05465	FOXG_09944P0, FOXG_12889P0		
OG0007677			CVK94825, CVK94827	FOXG_14331P0, FOXG_15149P0		
OG0007678			CVK94913, CVK95343	FOXG_09635P0, FOXG_16500P0		
OG0007679			CVK95392, CVL03898	FOXG_09663P0, FOXG_12147P0		
OG0007680			CVK95870, CVL00697	FOXG_09103P0, FOXG_09974P0		
OG0007681			CVK96016, CVK98872	FOXG_10099P0, FOXG_15819P0		
OG0007682			CVK95422, CVK95525	FOXG_09671P0, FOXG_09727P0		
OG0007683			CVK95961, CVK96624, CVL02495	FOXG_10050P0		
OG0007684			CVK95256, CVL03605	FOXG_09584P0, FOXG_11995P0		
OG0007685			CVK96246, CVK97198	FOXG_04250P0, FOXG_10210P0		
OG0007686			CVK95019, CVL06084	FOXG_15411P0, FOXG_16573P0		
OG0007687			CVK95948, CVL05114	FOXG_10038P0, FOXG_11856P0		
OG0007688			CVK95109, CVL07587	FOXG_05622P0, FOXG_16627P0		
OG0007689			CVK95878, CVL00447	FOXG_09982P0, FOXG_17194P0		
OG0007690			CVK95502, CVL08059	FOXG_02764P0, FOXG_09713P0		
OG0007691			CVK96194, CVL00688	FOXG_09099P0, FOXG_10194P0		
OG0007692			CVK95979, CVK98893	FOXG_10068P0, FOXG_15826P0		
OG0007693			CVK95922, CVL04027, CVL05307	FOXG_12245P0		
OG0007694			CVK96039, CVL05255	FOXG_13058P0, FOXG_16778P0		
OG0007695			CVK94826	FOXG_14332P0, FOXG_15148P0, FOXG_16953P0		
OG0007696			CVK94884, CVL07882	FOXG_16490P0, FOXG_17663P0		
OG0007697			CVK95874	FOXG_09978P0, FOXG_12496P0, FOXG_14043P0		
OG0007698			CVK95829		RKF55225, RKF71480, RKF81604	
OG0007699			CVK96759, CVL07323	FOXG_04513P0, FOXG_04699P0		
OG0007700			CVK96714, CVL02667	FOXG_04527P0, FOXG_10988P0		
OG0007701			CVK97057, CVL00606, CVL00650	FOXG_09054P0		
OG0007702			CVK96852, CVL04652, CVL08658	FOXG_11584P0		
OG0007703			CVK96625, CVK98715, CVK98863	FOXG_15813P0		
OG0007704			CVK97627	FOXG_13447P0, FOXG_17495P0		EDN96570
OG0007705			CVK97636, CVL03505, CVL09296	FOXG_13453P0		
OG0007706			CVK96633, CVK98021, CVK98711	FOXG_13583P0		
OG0007707			CVK97430, CVK98448	FOXG_02653P0, FOXG_13860P0		
OG0007708			CVK97674, CVL06098	FOXG_12969P0, FOXG_13488P0		
OG0007709			CVK96862	FOXG_04456P0, FOXG_13363P0, FOXG_14928P0		
OG0007710			CVK96996, CVK97548, CVK99226	FOXG_04040P0		
OG0007711			CVK96604, CVL07290	FOXG_04669P0, FOXG_17582P0		
OG0007712			CVK96630, CVK98869, CVL09371	FOXG_15816P0		
OG0007713			CVK97689	FOXG_13500P0	RKF76718	EDN91448
OG0007714			CVK96646, CVK98122	FOXG_02717P0, FOXG_04613P0		
OG0007715			CVK97075, CVL08332	FOXG_02511P0, FOXG_04321P0		
OG0007716			CVK98018, CVL06829	FOXG_08928P0, FOXG_13585P0		
OG0007717			CVK98902	FOXG_14458P0, FOXG_15022P0, FOXG_15876P0		
OG0007718			CVK98005, CVK99453	FOXG_08668P0, FOXG_13591P0		
OG0007719			CVK98124, CVL00903, CVL07115	FOXG_09223P0		
OG0007720			CVK98043, CVL03640, CVL07317	FOXG_13618P0		
OG0007721			CVK98075			EDN93651, EDN99462, EDO04669
OG0007722			CVK98185	FOXG_02716P0, FOXG_08876P0, FOXG_13689P0		
OG0007723			CVK97952, CVL06684	FOXG_14532P0, FOXG_17535P0		
OG0007724			CVK98296	FOXG_07014P0, FOXG_13755P0, FOXG_14686P0		
OG0007725			CVK98590, CVK98611	FOXG_15673P0, FOXG_15677P0		
OG0007726			CVK98440, CVK99417, CVL04914	FOXG_13853P0		
OG0007727			CVK98027	FOXG_06626P0, FOXG_06633P0, FOXG_07201P0		
OG0007728			CVK98624, CVL04708	FOXG_11640P0, FOXG_15718P0		
OG0007729			CVK98236, CVK98238, CVL06632	FOXG_14502P0		
OG0007730			CVK98359, CVL04121	FOXG_12325P0, FOXG_13793P0		
OG0007731			CVK98604, CVL08129	FOXG_15682P0		EDN91452
OG0007732			CVK99248, CVK99296	FOXG_08811P0, FOXG_08826P0		
OG0007733			CVK99315, CVL03524	FOXG_11961P0, FOXG_17658P0		
OG0007734			CVK99372, CVL00335, CVL06848	FOXG_08737P0		
OG0007735			CVK99251	FOXG_02684P0, FOXG_06125P0, FOXG_08823P0		
OG0007736			CVK99277, CVL04493	FOXG_08802P0, FOXG_11457P0		
OG0007737			CVK99456, CVL04834	FOXG_08666P0, FOXG_11699P0		
OG0007738			CVK99530, CVL02672	FOXG_08587P0, FOXG_10992P0		
OG0007739			CVL00292, CVL03450, CVL07417	FOXG_11932P0		
OG0007740			CVL00504	FOXG_09002P0, FOXG_09012P0, FOXG_09014P0		
OG0007741			CVL00772, CVL06960	FOXG_09146P0, FOXG_14782P0		
OG0007742			CVL00283, CVL02549	FOXG_07076P0, FOXG_10886P0		
OG0007743			CVL00412, CVL06359	FOXG_08980P0, FOXG_15182P0		
OG0007744			CVL00795	FOXG_09158P0		EDN90993, EDO01639
OG0007745			CVL00316, CVL07693	FOXG_08895P0, FOXG_17185P0		
OG0007746			CVL00458, CVL07278, CVL09125	FOXG_08950P0		
OG0007747			CVL02281, CVL04002	FOXG_10802P0, FOXG_12228P0		
OG0007748			CVL02061, CVL02062	FOXG_10684P0, FOXG_10686P0		
OG0007749			CVL02175, CVL06942	FOXG_10746P0, FOXG_14734P0		
OG0007750			CVL02022, CVL07517	FOXG_10646P0, FOXG_17142P0		
OG0007751			CVL02141, CVL04698	FOXG_10056P0, FOXG_11629P0		
OG0007752			CVL02099	FOXG_10710P0, FOXG_12407P0, FOXG_14130P0		
OG0007753			CVL02836, CVL02839, CVL02840	FOXG_11095P0		
OG0007754			CVL02863	FOXG_11107P0, FOXG_14808P0	RKF83550	
OG0007755			CVL02542, CVL08157	FOXG_02543P0, FOXG_10882P0		
OG0007756			CVL03685	FOXG_10198P0, FOXG_12043P0, FOXG_16965P0		
OG0007757			CVL03821, CVL03823, CVL03824	FOXG_12118P0		
OG0007758			CVL04108, CVL08981	FOXG_12312P0, FOXG_13573P0		
OG0007759			CVL04049, CVL05062, CVL06830	FOXG_12257P0		
OG0007760			CVL04148	FOXG_12350P0, FOXG_14888P0		EDN91006
OG0007761			CVL03448, CVL06979, CVL07414	FOXG_13278P0		
OG0007762			CVL03838, CVL06110	FOXG_12123P0, FOXG_15392P0		
OG0007763			CVL04147	FOXG_12349P0, FOXG_14887P0, FOXG_17527P0		
OG0007764			CVL04218, CVL07668	FOXG_12377P0, FOXG_16906P0		
OG0007765			CVL03954, CVL03955, CVL07101	FOXG_12204P0		
OG0007766			CVL03709	FOXG_12057P0, FOXG_17096P0, FOXG_17322P0		
OG0007767			CVL04204, CVL06277	FOXG_12363P0, FOXG_15295P0		
OG0007768			CVL04874, CVL07220, CVL08109			EDO01640
OG0007769			CVL04897, CVL06934	FOXG_11736P0, FOXG_14740P0		
OG0007770			CVL04815, CVL05095	FOXG_11689P0, FOXG_11778P0		
OG0007771			CVL04546, CVL06827	FOXG_11490P0, FOXG_14635P0		
OG0007772			CVL05362, CVL05366, CVL05376	FOXG_12938P0		
OG0007773			CVL05478, CVL08057	FOXG_02765P0, FOXG_12881P0		
OG0007774			CVL05364, CVL07539, CVL07540	FOXG_12937P0		
OG0007775			CVL05308, CVL08634	FOXG_04800P0, FOXG_15303P0		
OG0007776			CVL05784, CVL06749	FOXG_12706P0, FOXG_14565P0		
OG0007777			CVL06292, CVL06326, CVL07334	FOXG_08877P0		
OG0007778			CVL06129	FOXG_15373P0, FOXG_17685P0		EDN99276
OG0007779			CVL06171	FOXG_15351P0, FOXG_17212P0		EDO04848
OG0007780			CVL06434	FOXG_13168P0, FOXG_15230P0, FOXG_15873P0		
OG0007781			CVL06340	FOXG_14305P0, FOXG_14804P0, FOXG_14869P0		
OG0007782			CVL06921, CVL07236, CVL09007	FOXG_14719P0		
OG0007783			CVL06805, CVL06970	FOXG_14611P0, FOXG_14790P0		
OG0007784			CVL06765, CVL07692, CVL07698	FOXG_17186P0		
OG0007785			CVL06944, CVL08653	FOXG_14733P0		EDN90842
OG0007786			CVL06891, CVL07597, CVL07718	FOXG_16817P0		
OG0007787			CVL06838, CVL06893, CVL06894	FOXG_14699P0		
OG0007788			CVL06815	FOXG_12591P0, FOXG_14998P0, FOXG_17109P0		
OG0007789			CVL06809	FOXG_13555P0, FOXG_13674P0, FOXG_14613P0		
OG0007790			CVL07076, CVL07187, CVL08208	FOXG_04335P0		
OG0007791			CVL07107, CVL07132, CVL07158, CVL07203			
OG0007792			CVL07269	FOXG_06835P0, FOXG_16176P0, FOXG_16204P0		
OG0007793			CVL07266	FOXG_06836P0, FOXG_16175P0, FOXG_16205P0		
OG0007794			CVL07593	FOXG_14395P0, FOXG_15085P0, FOXG_17622P0		
OG0007795			CVL07494, CVL07713	FOXG_16813P0, FOXG_17151P0		
OG0007796			CVL07442	FOXG_17307P0, FOXG_17588P0, FOXG_17589P0		
OG0007797			CVL08147, CVL09413, CVL09414	FOXG_14136P0		
OG0007798			CVL08250	FOXG_01403P0, FOXG_15503P0, FOXG_15960P0		
OG0007799			CVL08194	FOXG_06933P0, FOXG_16077P0, FOXG_16301P0		
OG0007800			CVL08372	FOXG_02528P0, FOXG_15615P0, FOXG_16071P0		
OG0007801			CVL08428	FOXG_02558P0, FOXG_02870P0, FOXG_06971P0		
OG0007802			CVL08373	FOXG_02529P0, FOXG_15613P0, FOXG_16069P0		
OG0007803			CVL08299	FOXG_02492P0, FOXG_12988P0, FOXG_12990P0		
OG0007804			CVL08633	FOXG_04801P0, FOXG_11929P0, FOXG_15302P0		
OG0007805			CVL08784	FOXG_01392P0, FOXG_15514P0, FOXG_15971P0		
OG0007806			CVL08898	FOXG_06617P0, FOXG_06641P0, FOXG_07209P0		
OG0007807			CVL08847	FOXG_06872P0, FOXG_16138P0, FOXG_16241P0		
OG0007808			CVL09002	FOXG_06941P0, FOXG_15501P0, FOXG_15958P0		
OG0007809			CVL09241	FOXG_06854P0, FOXG_16156P0, FOXG_16223P0		
OG0007810			CVL09327	FOXG_02996P0, FOXG_03814P0, FOXG_04334P0		
OG0007811				FOXG_06472P0, FOXG_06789P0, FOXG_07350P0, FOXG_16375P0		
OG0007812				FOXG_06917P0, FOXG_14861P0, FOXG_16094P0, FOXG_16286P0		
OG0007813				FOXG_06524P0, FOXG_06740P0, FOXG_07300P0, FOXG_16326P0		
OG0007814				FOXG_01397P0, FOXG_14210P0, FOXG_15510P0, FOXG_15967P0		
OG0007815				FOXG_06887P0, FOXG_14350P0, FOXG_16124P0, FOXG_16255P0		
OG0007816				FOXG_12552P0, FOXG_12603P0, FOXG_13988P0, FOXG_17073P0		
OG0007817				FOXG_06817P0, FOXG_06987P0, FOXG_12451P0, FOXG_14086P0		
OG0007818				FOXG_12557P0, FOXG_12608P0, FOXG_13983P0, FOXG_17068P0		
OG0007819				FOXG_06862P0, FOXG_07021P0, FOXG_16148P0, FOXG_16231P0		
OG0007820				FOXG_08954P0, FOXG_14934P0, FOXG_14938P0, FOXG_16971P0		
OG0007821				FOXG_02872P0, FOXG_12432P0, FOXG_14105P0, FOXG_14845P0		
OG0007822				FOXG_06465P0, FOXG_06798P0, FOXG_07358P0, FOXG_16382P0		
OG0007823				FOXG_07122P0, FOXG_14238P0, FOXG_14310P0, FOXG_15170P0		
OG0007824				FOXG_12560P0, FOXG_12611P0, FOXG_13980P0, FOXG_17065P0		
OG0007825				FOXG_04735P0, FOXG_04736P0, FOXG_17102P0, FOXG_17315P0		
OG0007826				FOXG_06888P0, FOXG_14837P0, FOXG_16123P0, FOXG_16256P0		
OG0007827				FOXG_15548P0, FOXG_15878P0, FOXG_16006P0, FOXG_17234P0		
OG0007828				FOXG_06853P0, FOXG_16157P0, FOXG_16222P0, FOXG_17627P0		
OG0007829				FOXG_12553P0, FOXG_12604P0, FOXG_13987P0, FOXG_17072P0		
OG0007830				FOXG_12580P0, FOXG_12631P0, FOXG_13960P0, FOXG_17045P0		
OG0007831				FOXG_12571P0, FOXG_12622P0, FOXG_13969P0, FOXG_17054P0		
OG0007832				FOXG_12547P0, FOXG_12597P0, FOXG_13994P0, FOXG_17078P0		
OG0007833				FOXG_14469P0, FOXG_15011P0, FOXG_15590P0, FOXG_16049P0		
OG0007834				FOXG_12579P0, FOXG_12630P0, FOXG_13961P0, FOXG_17046P0		
OG0007835				FOXG_06521P0, FOXG_06743P0, FOXG_07303P0, FOXG_16329P0		
OG0007836				FOXG_12577P0, FOXG_12628P0, FOXG_13963P0, FOXG_17048P0		
OG0007837				FOXG_06595P0, FOXG_06664P0, FOXG_07230P0, FOXG_12381P0		
OG0007838				FOXG_06916P0, FOXG_14268P0, FOXG_16095P0, FOXG_16285P0		
OG0007839				FOXG_06891P0, FOXG_14834P0, FOXG_16119P0, FOXG_16259P0		
OG0007840				FOXG_06954P0, FOXG_07123P0, FOXG_14309P0, FOXG_15171P0		
OG0007841				FOXG_07138P0, FOXG_15610P0, FOXG_16065P0, FOXG_16066P0		
OG0007842				FOXG_06859P0, FOXG_16151P0, FOXG_16228P0, FOXG_17476P0		
OG0007843				FOXG_06552P0, FOXG_06710P0, FOXG_07274P0, FOXG_17702P0		
OG0007844				FOXG_14396P0, FOXG_14405P0, FOXG_15076P0, FOXG_15084P0		
OG0007845				FOXG_09567P0, FOXG_14481P0, FOXG_14803P0, FOXG_15000P0		
OG0007846				FOXG_06883P0, FOXG_14840P0, FOXG_16128P0, FOXG_16251P0		
OG0007847				FOXG_12447P0, FOXG_12497P0, FOXG_14042P0, FOXG_14090P0		
OG0007848				FOXG_14394P0, FOXG_14407P0, FOXG_15074P0, FOXG_15086P0		
OG0007849				FOXG_06461P0, FOXG_06803P0, FOXG_07363P0, FOXG_16386P0		
OG0007850				FOXG_03774P0, FOXG_06572P0, FOXG_06690P0, FOXG_07254P0		
OG0007851				FOXG_06489P0, FOXG_06875P0, FOXG_07184P0, FOXG_16135P0		
OG0007852				FOXG_06627P0, FOXG_06632P0, FOXG_07200P0, FOXG_13607P0		
OG0007853				FOXG_06473P0, FOXG_06788P0, FOXG_07349P0, FOXG_16374P0		
OG0007854				FOXG_06600P0, FOXG_06659P0, FOXG_07225P0, FOXG_17693P0		
OG0007855				FOXG_12546P0, FOXG_12596P0, FOXG_13995P0, FOXG_17079P0		
OG0007856				FOXG_12554P0, FOXG_12605P0, FOXG_13986P0, FOXG_17071P0		
OG0007857				FOXG_14346P0, FOXG_14353P0, FOXG_15129P0, FOXG_15134P0		
OG0007858				FOXG_06523P0, FOXG_06741P0, FOXG_07301P0, FOXG_16327P0		
OG0007859				FOXG_06580P0, FOXG_06682P0, FOXG_07246P0, FOXG_13540P0		
OG0007860				FOXG_14452P0, FOXG_15028P0, FOXG_16660P0, FOXG_16723P0		
OG0007861				FOXG_06610P0, FOXG_06649P0, FOXG_07217P0, FOXG_15597P0		
OG0007862				FOXG_14466P0, FOXG_15014P0, FOXG_15586P0, FOXG_16045P0		
OG0007863				FOXG_11754P0, FOXG_14383P0, FOXG_15099P0, FOXG_17514P0		
OG0007864				FOXG_14344P0, FOXG_14345P0, FOXG_15135P0, FOXG_15136P0		
OG0007865				FOXG_06897P0, FOXG_14825P0, FOXG_16113P0, FOXG_16265P0		
OG0007866				FOXG_06901P0, FOXG_08880P0, FOXG_16109P0, FOXG_16269P0		
OG0007867				FOXG_13042P0, FOXG_13043P0, FOXG_14424P0, FOXG_15057P0		
OG0007868				FOXG_06579P0, FOXG_06683P0, FOXG_07247P0, FOXG_16842P0		
OG0007869				FOXG_06457P0, FOXG_09751P0, FOXG_12942P0, FOXG_17618P0		
OG0007870				FOXG_06889P0, FOXG_14836P0, FOXG_16122P0, FOXG_16257P0		
OG0007871				FOXG_06899P0, FOXG_14823P0, FOXG_16111P0, FOXG_16267P0		
OG0007872				FOXG_12465P0, FOXG_14073P0, FOXG_16404P0, FOXG_17337P0		
OG0007873				FOXG_12535P0, FOXG_12585P0, FOXG_14004P0, FOXG_17088P0		
OG0007874				FOXG_14154P0, FOXG_16437P0, FOXG_17092P0, FOXG_17326P0		
OG0007875				FOXG_06494P0, FOXG_06768P0, FOXG_07330P0, FOXG_16356P0		
OG0007876				FOXG_06567P0, FOXG_06695P0, FOXG_07054P0, FOXG_07259P0		
OG0007877				FOXG_12576P0, FOXG_12627P0, FOXG_13964P0, FOXG_17049P0		
OG0007878				FOXG_06525P0, FOXG_06739P0, FOXG_07299P0, FOXG_16325P0		
OG0007879				FOXG_14878P0, FOXG_15922P0, FOXG_16714P0, FOXG_16783P0		
OG0007880				FOXG_06479P0, FOXG_06781P0, FOXG_07343P0, FOXG_16368P0		
OG0007881				FOXG_06454P0, FOXG_06809P0, FOXG_07369P0, FOXG_16393P0		
OG0007882				FOXG_12435P0, FOXG_12517P0, FOXG_14022P0, FOXG_14102P0		
OG0007883				FOXG_12555P0, FOXG_12606P0, FOXG_13985P0, FOXG_17070P0		
OG0007884				FOXG_06481P0, FOXG_06779P0, FOXG_07341P0, FOXG_16366P0		
OG0007885				FOXG_06532P0, FOXG_06735P0, FOXG_07293P0, FOXG_16318P0		
OG0007886				FOXG_06894P0, FOXG_14829P0, FOXG_16116P0, FOXG_16262P0		
OG0007887					RKF76993, RKF82838, RKF83561, RKF83585	
OG0007888					RKF74410, RKF74413, RKF74419, RKF83188	
OG0007889					RKF59229, RKF79242, RKF79245, RKF82982	
OG0007890					RKF54340, RKF57510, RKF82841, RKF82842	
OG0007891					RKF53479, RKF65916, RKF75453, RKF81929	
OG0007892					RKF61709, RKF62034, RKF81047, RKF81638	
OG0007893					RKF61340, RKF61350, RKF77246, RKF81321	
OG0007894					RKF54653, RKF64284, RKF78246, RKF81169	
OG0007895					RKF57417, RKF63252, RKF77828, RKF81115	
OG0007896					RKF78612, RKF78822, RKF81023, RKF81027	
OG0007897					RKF65364, RKF71407, RKF77923, RKF80699	
OG0007898					RKF51419, RKF65369, RKF78714, RKF80259	
OG0007899					RKF56431, RKF75437, RKF78002, RKF79555	
OG0007900					RKF54069, RKF56724, RKF56725, RKF76537	
OG0007901					RKF45449, RKF57609, RKF63823, RKF66853	
OG0007902					RKF56153, RKF58760, RKF63716, RKF64520	
OG0007903					RKF53114, RKF53972, RKF55159, RKF55163	
OG0007904						EDN91096, EDN93480, EDN95317, EDO03566
OG0007905						EDN95912, EDN99464, EDO02440, EDO04672
OG0007906	BLGH_04669-mRNA-1		CVK87908, CVL03752			
OG0007907	BLGH_03060-mRNA-1, BLGH_04728-mRNA-1, BLGH_05773-mRNA-1					
OG0007908	BLGH_05038-mRNA-1	Bcin14p03350.1				EDN94556
OG0007909	BLGH_06853-mRNA-1	Bcin16p03510.1			RKF83144	
OG0007910	BLGH_06860-mRNA-1	Bcin07p04300.1			RKF58356	
OG0007911	BLGH_00051-mRNA-1	Bcin04p05410.1			RKF71503	
OG0007912	BLGH_00053-mRNA-1		CVK92287	FOXG_05022P0		
OG0007913	BLGH_00056-mRNA-1	Bcin04p01260.1			RKF78758	
OG0007914	BLGH_00116-mRNA-1			FOXG_05192P0		EDO02742
OG0007915	BLGH_00257-mRNA-1	Bcin07p05440.1			RKF58775	
OG0007916	BLGH_00342-mRNA-1	Bcin15p01310.1			RKF80706	
OG0007917	BLGH_00348-mRNA-1	Bcin13p00490.1			RKF83476	
OG0007918	BLGH_00368-mRNA-1	Bcin16p03290.1			RKF77814	
OG0007919	BLGH_00399-mRNA-1	Bcin13p00280.1			RKF81911	
OG0007920	BLGH_00403-mRNA-1	Bcin15p00440.1			RKF47007	
OG0007921	BLGH_00414-mRNA-1	Bcin15p00330.1, Bcin15p00330.2				
OG0007922	BLGH_00469-mRNA-1	Bcin15p01860.1			RKF77658	
OG0007923	BLGH_00470-mRNA-1	Bcin15p01290.1			RKF84056	
OG0007924	BLGH_00525-mRNA-1	Bcin08p05700.1			RKF55053	
OG0007925	BLGH_00526-mRNA-1	Bcin15p01370.1			RKF83879	
OG0007926	BLGH_00607-mRNA-1	Bcin15p00190.1			RKF75520	
OG0007927	BLGH_00626-mRNA-1	Bcin15p01160.1			RKF56834	
OG0007928	BLGH_00675-mRNA-1	Bcin15p02070.1			RKF75461	
OG0007929	BLGH_05616-mRNA-1	Bcin15p01270.1			RKF83063	
OG0007930	BLGH_05666-mRNA-1	Bcin15p02770.1			RKF83016	
OG0007931	BLGH_05668-mRNA-1			FOXG_17541P0	RKF71461	
OG0007932	BLGH_00730-mRNA-1, BLGH_02440-mRNA-1, BLGH_05670-mRNA-1					
OG0007933	BLGH_01483-mRNA-1				RKF54610, RKF80725	
OG0007934	BLGH_01730-mRNA-1	Bcin05p06760.1				EDN96138
OG0007935	BLGH_01756-mRNA-1	Bcin03p08910.1			RKF78834	
OG0007936	BLGH_01777-mRNA-1		CVK87582	FOXG_07557P0		
OG0007937	BLGH_01887-mRNA-1	Bcin05p05490.1				EDN96047
OG0007938	BLGH_01929-mRNA-1	Bcin04p04370.1			RKF82121	
OG0007939	BLGH_01955-mRNA-1, BLGH_01968-mRNA-1				RKF54334	
OG0007940	BLGH_01973-mRNA-1, BLGH_01977-mRNA-1, BLGH_07061-mRNA-1					
OG0007941	BLGH_04387-mRNA-1	Bcin02p04970.1				EDN95289
OG0007942	BLGH_06538-mRNA-1, BLGH_06541-mRNA-1, BLGH_06546-mRNA-1					
OG0007943	BLGH_02642-mRNA-1	Bcin08p05300.1			RKF82654	
OG0007944	BLGH_02746-mRNA-1	Bcin08p05490.1			RKF54304	
OG0007945	BLGH_02770-mRNA-1	Bcin13p05230.1				EDN98606
OG0007946	BLGH_02880-mRNA-1				RKF81217, RKF84067	
OG0007947	BLGH_02943-mRNA-1, BLGH_02945-mRNA-1, BLGH_03047-mRNA-1					
OG0007948	BLGH_02980-mRNA-1	Bcin11p00580.1			RKF66850	
OG0007949	BLGH_03037-mRNA-1	Bcin11p05040.1				EDN96278
OG0007950	BLGH_03044-mRNA-1	Bcin01p05660.1	CVK90455			
OG0007951	BLGH_03056-mRNA-1	Bcin01p11240.1			RKF81669	
OG0007952	BLGH_03092-mRNA-1, BLGH_03093-mRNA-1, BLGH_03094-mRNA-1					
OG0007953	BLGH_00772-mRNA-1, BLGH_02238-mRNA-1, BLGH_06367-mRNA-1					
OG0007954	BLGH_03611-mRNA-1, BLGH_05487-mRNA-1				RKF81802	
OG0007955	BLGH_05519-mRNA-1	Bcin14p04280.1				EDN94436
OG0007956	BLGH_06238-mRNA-1				RKF83324	EDO03012
OG0007957	BLGH_04015-mRNA-1, BLGH_05228-mRNA-1, BLGH_05400-mRNA-1					
OG0007958	BLGH_05386-mRNA-1	Bcin01p02320.1				EDO01555
OG0007959	BLGH_03164-mRNA-1, BLGH_03165-mRNA-1, BLGH_03168-mRNA-1					
OG0007960	BLGH_03276-mRNA-1	Bcin01p06280.1			RKF57194	
OG0007961	BLGH_03317-mRNA-1	Bcin01p09630.1			RKF84144	
OG0007962	BLGH_03325-mRNA-1, BLGH_03353-mRNA-1, BLGH_03354-mRNA-1					
OG0007963	BLGH_03333-mRNA-1	Bcin11p03320.1			RKF62051	
OG0007964	BLGH_03442-mRNA-1			FOXG_00644P0		EDO01915
OG0007965	BLGH_03457-mRNA-1	Bcin01p09770.1			RKF77987	
OG0007966	BLGH_06068-mRNA-1	Bcin03p09090.1			RKF60928	
OG0007967	BLGH_06070-mRNA-1	Bcin15p04950.1			RKF76500	
OG0007968	BLGH_06090-mRNA-1				RKF79301, RKF80249	
OG0007969	BLGH_04078-mRNA-1	Bcin04p05310.1			RKF76007	
OG0007970	BLGH_04230-mRNA-1	Bcin15p03090.1			RKF82522	
OG0007971	BLGH_04248-mRNA-1	Bcin03p06110.1			RKF83422	
OG0007972	BLGH_06795-mRNA-1		CVK99553	FOXG_08560P0		
OG0007973	BLGH_06156-mRNA-1	Bcin04p06140.1			RKF57586	
OG0007974	BLGH_06159-mRNA-1	Bcin11p01070.1			RKF55400	
OG0007975	BLGH_06196-mRNA-1				RKF54762, RKF82303	
OG0007976	BLGH_04875-mRNA-1	Bcin12p02540.1				EDN92592
OG0007977	BLGH_04909-mRNA-1	Bcin11p01670.1			RKF61641	
OG0007978	BLGH_00969-mRNA-1, BLGH_04948-mRNA-1, BLGH_04978-mRNA-1					
OG0007979	BLGH_04991-mRNA-1	Bcin01p10210.1			RKF83992	
OG0007980	BLGH_05779-mRNA-1	Bcin02p06510.1				EDN95121
OG0007981	BLGH_05805-mRNA-1		CVK85077		RKF66841	
OG0007982	BLGH_05816-mRNA-1	Bcin15p01010.1			RKF64580	
OG0007983	BLGH_06658-mRNA-1	Bcin16p02130.1			RKF65394	
OG0007984	BLGH_02159-mRNA-1, BLGH_02166-mRNA-1, BLGH_07024-mRNA-1					
OG0007985	BLGH_02092-mRNA-1	Bcin16p04300.1	CVK89698			
OG0007986	BLGH_02150-mRNA-1		CVK93585			EDO01002
OG0007987	BLGH_02275-mRNA-1, BLGH_02280-mRNA-1				RKF71211	
OG0007988	BLGH_02349-mRNA-1, BLGH_02356-mRNA-1				RKF81624	
OG0007989	BLGH_02360-mRNA-1				RKF71106	EDN99294
OG0007990	BLGH_02435-mRNA-1	Bcin02p09240.1	CVK89319			
OG0007991	BLGH_02446-mRNA-1, BLGH_02448-mRNA-1				RKF83875	
OG0007992	BLGH_02500-mRNA-1	Bcin07p01240.1				EDN96954
OG0007993	BLGH_02549-mRNA-1	Bcin07p06520.1			RKF82984	
OG0007994	BLGH_02588-mRNA-1, BLGH_02590-mRNA-1, BLGH_02595-mRNA-1					
OG0007995	BLGH_06972-mRNA-1	Bcin16p03350.1		FOXG_16814P0		
OG0007996	BLGH_00731-mRNA-1, BLGH_00732-mRNA-1, BLGH_00733-mRNA-1					
OG0007997	BLGH_00813-mRNA-1	Bcin11g04380.1			RKF54381	
OG0007998	BLGH_00821-mRNA-1	Bcin11p00450.1, Bcin11p00450.3				
OG0007999	BLGH_00882-mRNA-1	Bcin09p06800.1			RKF66846	
OG0008000	BLGH_00885-mRNA-1	Bcin09p06960.1			RKF59770	
OG0008001	BLGH_01036-mRNA-1	Bcin05p02860.1				EDO03265
OG0008002	BLGH_01109-mRNA-1	Bcin01p10650.1			RKF77005	
OG0008003	BLGH_01187-mRNA-1	Bcin09p00290.1				EDO02386
OG0008004	BLGH_01307-mRNA-1		CVL08521	FOXG_02595P0		
OG0008005	BLGH_03685-mRNA-1	Bcin04p01530.1			RKF49714	
OG0008006	BLGH_03718-mRNA-1	Bcin12p04440.1			RKF78089	
OG0008007	BLGH_03752-mRNA-1	Bcin12p04140.1				EDN92651
OG0008008	BLGH_03840-mRNA-1	Bcin16p01800.1, Bcin16p01800.2				
OG0008009	BLGH_03921-mRNA-1	Bcin01p10570.1			RKF73501	
OG0008010	BLGH_03941-mRNA-1	Bcin07p04220.1			RKF78137	
OG0008011		Bcin03g01930.1	CVK87877	FOXG_07418P0		
OG0008012		Bcin04g06100.1, Bcin04g06100.2, Bcin04g06100.3				
OG0008013		Bcin11g04540.1				EDN99509, EDO03013
OG0008014		Bcin11g06500.1, Bcin16p00780.1				EDO03233
OG0008015		Bcin14g03220.1				EDN94571, EDO04769
OG0008016		Bcin01p00740.1	CVK91042	FOXG_03130P0		
OG0008017		Bcin15p02690.1	CVL04150	FOXG_12352P0		
OG0008018		Bcin07p01350.1, Bcin07p01350.2				EDN96393
OG0008019		Bcin08p06580.1	CVK87079	FOXG_07833P0		
OG0008020		Bcin07p02500.1	CVK83780	FOXG_00568P0		
OG0008021		Bcin06p00230.1	CVK93481			EDN93417
OG0008022		Bcin13p03330.1	CVK93356	FOXG_06436P0		
OG0008023		Bcin01p06290.1	CVK83902	FOXG_00635P0		
OG0008024		Bcin12p02190.1	CVL00106	FOXG_08230P0		
OG0008025		Bcin08p04920.1	CVK92194	FOXG_04965P0		
OG0008026		Bcin03p05190.1	CVK99455			EDN90922
OG0008027		Bcin06p03950.1		FOXG_03753P0		EDN99855
OG0008028		Bcin08p03320.1, Bcin08p03320.2				EDO00757
OG0008029		Bcin02p05290.1, Bcin02p05290.2				EDN95251
OG0008030		Bcin16p04150.1	CVL02692	FOXG_11011P0		
OG0008031		Bcin02p06560.1	CVK86665	FOXG_08148P0		
OG0008032		Bcin02p04790.1, Bcin02p04790.2				EDN95319
OG0008033		Bcin01p03070.1	CVK98374	FOXG_13803P0		
OG0008034		Bcin16p04600.1	CVK89420	FOXG_01720P0		
OG0008035		Bcin07p04880.1	CVK90183	FOXG_03648P0		
OG0008036		Bcin14p04720.1, Bcin14p04720.2				EDN94627
OG0008037		Bcin15p02100.1	CVK98513	FOXG_13926P0		
OG0008038		Bcin11p00530.1	CVK82835			EDO00543
OG0008039		Bcin02p00650.1, Bcin02p00650.2				EDN96600
OG0008040		Bcin12p02410.1, Bcin12p02410.2				EDN92575
OG0008041		Bcin12p06070.1	CVK98134	FOXG_13655P0		
OG0008042		Bcin13p04120.1	CVL00750	FOXG_09133P0		
OG0008043		Bcin03p06930.1, Bcin03p06930.2				EDN90695
OG0008044		Bcin02p00040.1	CVL07870	FOXG_02674P0		
OG0008045		Bcin13p03120.1	CVK84782	FOXG_01192P0		
OG0008046		Bcin01p04450.1, Bcin01p04450.2				EDO01856
OG0008047		Bcin06p04080.1	CVK91340			EDN99872
OG0008048		Bcin15p01680.1	CVK94784	FOXG_17008P0		
OG0008049		Bcin07p05710.1	CVK93900	FOXG_05975P0		
OG0008050		Bcin05p06190.1	CVK84407	FOXG_00941P0		
OG0008051		Bcin06p00560.1, Bcin07p02720.1				EDN93365
OG0008052		Bcin01p04000.1, Bcin01p04000.2				EDO01805
OG0008053		Bcin10p03080.1, Bcin16p04430.1				EDO04450
OG0008054		Bcin04p00860.1	CVK96574	FOXG_04661P0		
OG0008055		Bcin11p00630.1, Bcin11p00640.1, Bcin11p00650.1				
OG0008056		Bcin08p02690.1, Bcin08p02690.2				EDO00850
OG0008057		Bcin05p02430.1	CVL03590	FOXG_11988P0		
OG0008058		Bcin14p00780.1	CVL00541	FOXG_09019P0		
OG0008059		Bcin09p02380.1, Bcin09p02380.2				EDO02969
OG0008060		Bcin16p01120.1	CVL01199	FOXG_09440P0		
OG0008061		Bcin08p06970.1	CVL06430	FOXG_15227P0		
OG0008062		Bcin02p09230.1, Bcin04p02240.1				EDO01447
OG0008063		Bcin04p02990.1			RKF55590	EDO01415
OG0008064		Bcin03p08020.1	CVK99586	FOXG_08533P0		
OG0008065		Bcin10p00420.1	CVK89133			EDO04925
OG0008066		Bcin14p00190.1, Bcin14p00190.2				EDN91658
OG0008067		Bcin01p06890.1, Bcin01p06890.2				EDO01631
OG0008068		Bcin01p05540.1, Bcin01p05540.2				EDO01977
OG0008069		Bcin12p05480.1, Bcin12p05490.1				EDN99245
OG0008070		Bcin16p01000.1	CVK84487	FOXG_00993P0		
OG0008071		Bcin01p06630.1, Bcin10p06050.1				EDO01574
OG0008072		Bcin14p03230.1, Bcin14p03230.2				EDN94570
OG0008073		Bcin16p01440.1	CVK98628	FOXG_15714P0		
OG0008074		Bcin14p04460.1				EDN94585, EDO03456
OG0008075		Bcin08p03890.1, Bcin08p03890.2				EDO00701
OG0008076		Bcin03p06650.1	CVL04987	FOXG_11832P0		
OG0008077		Bcin18p00140.1, Bcin18p00140.2, Bcin18p00170.1				
OG0008078		Bcin14p01370.1	CVK85657			EDN91456
OG0008079		Bcin15p01620.1	CVK83900	FOXG_00634P0		
OG0008080		Bcin08p05950.1	CVK89508	FOXG_01670P0		
OG0008081		Bcin01p02390.1, Bcin01p02390.2				EDO01562
OG0008082		Bcin14p05510.1	CVL06181	FOXG_15346P0		
OG0008083		Bcin10p02700.1, Bcin10p02760.1				EDN97779
OG0008084		Bcin03p05890.1	CVL04832	FOXG_11698P0		
OG0008085		Bcin07p02510.1	CVK83782	FOXG_00569P0		
OG0008086		Bcin07p05180.1, Bcin07p05180.2				EDN97156
OG0008087		Bcin11p05360.1	CVL01813	FOXG_10463P0		
OG0008088		Bcin04p01070.1	CVK90061	FOXG_05566P0		
OG0008089		Bcin03p09040.1	CVK93487	FOXG_06343P0		
OG0008090		Bcin08p06500.1	CVL04179	FOXG_12174P0		
OG0008091		Bcin09p05520.1	CVK94057	FOXG_05881P0		
OG0008092		Bcin09p02740.1, Bcin09p02740.2				EDO02880
OG0008093		Bcin11p02920.1	CVK83524	FOXG_00407P0		
OG0008094		Bcin05p08210.1, Bcin10p03990.1				EDN97692
OG0008095		Bcin04p06900.1	CVK91116	FOXG_03054P0		
OG0008096		Bcin07p07010.1, Bcin13p05660.1				EDN98536
OG0008097		Bcin15p01190.1	CVK82851	FOXG_00007P0		
OG0008098		Bcin16p01810.1	CVL06801	FOXG_14606P0		
OG0008099		Bcin02p00016.1, Bcin07p01010.1				EDN95911
OG0008100		Bcin14p04040.1	CVK98772	FOXG_05807P0		
OG0008101		Bcin02p04740.1, Bcin03p01960.1				EDN97611
OG0008102		Bcin02p05500.1		FOXG_10915P0		EDN95220
OG0008103		Bcin02p08390.1	CVL06701	FOXG_14538P0		
OG0008104		Bcin02p08290.1	CVK94507	FOXG_05647P0		
OG0008105		Bcin13p04170.1, Bcin15p00620.1				EDN93709
OG0008106		Bcin06p01000.1, Bcin06p01040.1				EDN93297
OG0008107		Bcin14p04960.1, Bcin14p04960.2	CVK98650			
OG0008108		Bcin04p05880.1	CVK92483	FOXG_05153P0		
OG0008109		Bcin15p00740.1	CVL05400	FOXG_12920P0		
OG0008110		Bcin07p02650.1	CVK85885	FOXG_13229P0		
OG0008111		Bcin16p04860.1	CVK86891	FOXG_07954P0		
OG0008112		Bcin16p02720.1, Bcin16p02720.2, Bcin16p04630.1				
OG0008113		Bcin02p07790.1, Bcin13p03620.1				EDN99646
OG0008114		Bcin05p00690.1, Bcin05p00690.2				EDO03214
OG0008115		Bcin11p04570.1	CVK83890	FOXG_00627P0		
OG0008116		Bcin10p02080.1, Bcin10p02080.2				EDO04810
OG0008117		Bcin15p00120.1	CVL06624	FOXG_14496P0		
OG0008118		Bcin05p05100.1, Bcin05p05100.2				EDN96087
OG0008119		Bcin07p04110.1, Bcin07p04110.2, Bcin07p04110.3				
OG0008120		Bcin05p04390.1, Bcin09p04080.1				EDO03687
OG0008121		Bcin03p06470.1, Bcin09p06360.1		FOXG_10070P0		
OG0008122		Bcin04p04350.1	CVL02710	FOXG_11029P0		
OG0008123		Bcin07p00360.1	CVL05406			EDN95397
OG0008124		Bcin15p01050.1	CVK88236	FOXG_02433P0		
OG0008125		Bcin16p03690.1	CVK97220	FOXG_04238P0		
OG0008126		Bcin01p11210.1, Bcin01p11210.2, Bcin01p11210.3				
OG0008127		Bcin01p10460.1	CVK97528	FOXG_04060P0		
OG0008128		Bcin05p02980.1, Bcin05p02980.2				EDO03519
OG0008129		Bcin11p04170.1	CVK83690	FOXG_17736P0		
OG0008130		Bcin08p07080.1	CVK86541	FOXG_03788P0		
OG0008131		Bcin03p00680.1, Bcin12p04930.1				EDN92703
OG0008132		Bcin02p00330.1, Bcin02p00340.1				EDN96555
OG0008133		Bcin12p06730.1	CVK96872			EDN98993
OG0008134		Bcin13p02930.1		FOXG_03286P0		EDN93684
OG0008135		Bcin10p06110.1, Bcin10p06110.2				EDO01068
OG0008136		Bcin15p00450.1	CVL05810	FOXG_12693P0		
OG0008137		Bcin02p07190.1	CVL05396	FOXG_12922P0		
OG0008138		Bcin04p06480.1, Bcin04p06490.1, Bcin04p06490.2				
OG0008139		Bcin06p05420.1				EDO00068, EDO00069
OG0008140		Bcin02p03220.1			RKF71328	EDN96810
OG0008141		Bcin04p03700.1, Bcin04p03700.2				EDO01318
OG0008142		Bcin04p01100.1, Bcin11p06530.1, Bcin16p04500.1				
OG0008143		Bcin15p03860.1	CVK88248	FOXG_02423P0		
OG0008144		Bcin11p04940.1	CVK83249	FOXG_00242P0		
OG0008145		Bcin05p06170.1	CVK88630	FOXG_02201P0		
OG0008146		Bcin02p05570.1, Bcin09p04140.1				EDO02925
OG0008147		Bcin03p08920.1	CVK94027	FOXG_05898P0		
OG0008148		Bcin01p00310.1	CVK86581	FOXG_03752P0		
OG0008149		Bcin03p01170.1, Bcin03p01170.2				EDN91373
OG0008150		Bcin16p04260.1, Bcin16p04370.1, Bcin16p04390.1				
OG0008151		Bcin15p02900.1	CVK99981	FOXG_08299P0		
OG0008152		Bcin14p03090.1	CVK92641			EDN94417
OG0008153		Bcin06p04380.1, Bcin06p04380.2, Bcin06p04380.3				
OG0008154		Bcin15p05310.1	CVK99889	FOXG_08359P0		
OG0008155		Bcin09p01940.1, Bcin09p01940.2				EDO02649
OG0008156		Bcin16p00310.1	CVL04241	FOXG_12394P0		
OG0008157		Bcin04p06600.1	CVL06053	FOXG_15438P0		
OG0008158		Bcin09p06590.1, Bcin09p06590.2	CVL05275			
OG0008159		Bcin06p03430.1			RKF82357	EDO00024
OG0008160		Bcin09p07010.1	CVK94236	FOXG_05788P0		
OG0008161		Bcin15p02060.1	CVK98502	FOXG_13918P0		
OG0008162		Bcin11p01060.1	CVK95604	FOXG_09779P0		
OG0008163		Bcin04p02550.1, Bcin04p02560.1				EDO02396
OG0008164		Bcin16p04490.1, Bcin16p04530.1, Bcin16p04530.2				
OG0008165		Bcin05p02550.1, Bcin16p02430.1				EDO03346
OG0008166		Bcin09p07020.1	CVK90158	FOXG_03663P0		
OG0008167		Bcin06p05070.1, Bcin06p05070.2				EDN93514
OG0008168		Bcin13p05690.1, Bcin13p05700.1				EDN98535
OG0008169		Bcin11p02020.1, Bcin11p02020.2, Bcin11p02020.3				
OG0008170		Bcin08p02100.1, Bcin08p02100.2		FOXG_03940P0		
OG0008171		Bcin10p04800.1, Bcin10p04800.2				EDN97597
OG0008172		Bcin11p01900.1	CVL01525	FOXG_10290P0		
OG0008173		Bcin03p08110.1	CVK86051	FOXG_13320P0		
OG0008174		Bcin01p05870.1	CVK98595	FOXG_15669P0		
OG0008175		Bcin03p03040.1, Bcin04p00990.1				EDN91246
OG0008176		Bcin02p03740.1, Bcin02p03740.2				EDN96523
OG0008177		Bcin03p09210.1	CVK97683	FOXG_13494P0		
OG0008178		Bcin01p03560.1	CVK93707	FOXG_06107P0		
OG0008179		Bcin12p00900.1		FOXG_15249P0, FOXG_17231P0		
OG0008180		Bcin11p01770.1	CVL07674	FOXG_16924P0		
OG0008181		Bcin02p06160.1	CVK96669			EDN95152
OG0008182		Bcin12p01460.1	CVK99849			EDN92387
OG0008183		Bcin12p00920.1, Bcin12p00920.2				EDN92342
OG0008184		Bcin13p03160.1	CVL06993	FOXG_10828P0		
OG0008185		Bcin05p05210.1, Bcin05p05210.2				EDN96070
OG0008186		Bcin12p03810.1, Bcin12p03810.2				EDN92532
OG0008187		Bcin01p09090.1, Bcin01p09090.2			RKF81919	
OG0008188		Bcin01p08180.1	CVK83027			EDO02193
OG0008189		Bcin04p02950.1, Bcin10p04980.1				EDO01410
OG0008190		Bcin02p05720.1	CVK88803	FOXG_02096P0		
OG0008191		Bcin01p11090.1, Bcin01p11090.2				EDO02072
OG0008192		Bcin05p01260.1	CVL00398	FOXG_08987P0		
OG0008193		Bcin16p03850.1	CVK91487	FOXG_02786P0		
OG0008194		Bcin09p04380.1	CVK96606			EDO02725
OG0008195		Bcin01p11420.1	CVK92193	FOXG_04964P0		
OG0008196		Bcin10p05830.1, Bcin10p05830.2				EDO04883
OG0008197		Bcin15p01930.1	CVL05328	FOXG_13011P0		
OG0008198		Bcin12p05920.1	CVK86034	FOXG_13312P0		
OG0008199		Bcin04p01220.1	CVL00111	FOXG_08227P0		
OG0008200		Bcin04p04920.1	CVL02733	FOXG_11035P0		
OG0008201		Bcin14p04150.1	CVK85633, CVL03475			
OG0008202		Bcin06p02060.1, Bcin06p02060.2, Bcin10p01010.1				
OG0008203		Bcin01p05470.1	CVK83142	FOXG_00175P0		
OG0008204		Bcin07p02430.1, Bcin07p02440.1	CVK83787			
OG0008205		Bcin07p06820.1	CVK97136	FOXG_04288P0		
OG0008206		Bcin08p00300.1	CVL04524	FOXG_11476P0		
OG0008207		Bcin11p02640.1	CVK98638	FOXG_15707P0		
OG0008208		Bcin16p03370.1, Bcin16p03370.2	CVK88220			
OG0008209		Bcin03p09130.1	CVK99459	FOXG_08661P0		
OG0008210		Bcin06p04130.1		FOXG_12002P0		EDN99877
OG0008211		Bcin01p11030.1	CVK94804	FOXG_16991P0		
OG0008212		Bcin15p02430.1	CVL07720	FOXG_16819P0		
OG0008213		Bcin01p01580.1	CVL04598			EDN98269
OG0008214		Bcin01p09180.1	CVL01543	FOXG_10300P0		
OG0008215		Bcin15p05100.2, Bcin15p05100.3, Bcin15p05100.4				
OG0008216		Bcin03p02020.1	CVL06092	FOXG_15403P0		
OG0008217		Bcin09p06980.1	CVK94982	FOXG_16550P0		
OG0008218		Bcin01p01020.1, Bcin02p08140.1				EDN98139
OG0008219		Bcin01p05080.1	CVK86120	FOXG_13355P0		
OG0008220		Bcin07p03840.1	CVK88307	FOXG_02376P0		
OG0008221		Bcin14p05120.1	CVK87211	FOXG_07749P0		
OG0008222		Bcin09p00040.1	CVK86198	FOXG_13399P0		
OG0008223		Bcin16p03360.1	CVK98056	FOXG_13626P0		
OG0008224		Bcin03p06790.1, Bcin03p06790.2, Bcin03p06790.3				
OG0008225		Bcin16p00006.1	CVK95557	FOXG_09749P0		
OG0008226		Bcin08p03390.1	CVK93665	FOXG_06156P0		
OG0008227		Bcin16p04120.1	CVL05592	FOXG_12820P0		
OG0008228		Bcin08p01180.1, Bcin09p02080.1				EDO02632
OG0008229		Bcin02p08790.1, Bcin03p07180.1				EDN90661
OG0008230		Bcin06p06150.1, Bcin06p06150.2				EDO00397
OG0008231		Bcin16p03750.1	CVK88232	FOXG_02437P0		
OG0008232		Bcin16p00940.1	CVK92264	FOXG_05007P0		
OG0008233		Bcin08p02350.1, Bcin11p06510.1	CVL04736			
OG0008234		Bcin01p11530.1	CVL06271	FOXG_15298P0		
OG0008235		Bcin02p07440.1	CVK99871	FOXG_08371P0		
OG0008236		Bcin09p04430.1	CVK95451	FOXG_09686P0		
OG0008237		Bcin07p06720.1	CVK94589	FOXG_17754P0		
OG0008238		Bcin02p01230.1, Bcin13p00600.1				EDN96828
OG0008239		Bcin08p04600.1	CVK96871	FOXG_04450P0		
OG0008240		Bcin08p02200.1, Bcin08p02200.2, Bcin09p06660.1				
OG0008241		Bcin02p00011.1, Bcin05p08420.1, Bcin10p06250.1				
OG0008242		Bcin16p04480.1	CVL00613	FOXG_09058P0		
OG0008243		Bcin06p00860.1	CVL01651	FOXG_10365P0		
OG0008244		Bcin14p04430.1	CVK87437	FOXG_07632P0		
OG0008245		Bcin16p02250.1	CVK90307	FOXG_03576P0		
OG0008246		Bcin07p03740.1, Bcin07p04050.1				EDN97104
OG0008247		Bcin05p07980.1			RKF77553	EDN95881
OG0008248		Bcin08p00450.1, Bcin08p00450.2				EDN97733
OG0008249		Bcin01p01240.1, Bcin15p01400.1				EDN98106
OG0008250		Bcin03p08650.1, Bcin03p08650.2, Bcin03p08650.3				
OG0008251		Bcin08p06120.1	CVK88518	FOXG_02265P0		
OG0008252		Bcin10p01470.1	CVL06458	FOXG_15242P0		
OG0008253		Bcin14p03080.1, Bcin14p03080.2				EDN94416
OG0008254		Bcin01p11430.1	CVK90573	FOXG_03425P0		
OG0008255		Bcin08p02020.1	CVK96151			EDO00925
OG0008256		Bcin09p04930.1, Bcin09p04930.2				EDO02560
OG0008257		Bcin12p05940.1	CVK86205	FOXG_13402P0		
OG0008258		Bcin09p05350.1	CVK91827	FOXG_04754P0		
OG0008259		Bcin01p10820.1	CVL02646	FOXG_10972P0		
OG0008260		Bcin12p02660.1	CVK95151	FOXG_16649P0		
OG0008261		Bcin16p02610.1, Bcin16p02620.1, Bcin16p04220.1				
OG0008262		Bcin08p04590.1	CVL04244	FOXG_12397P0		
OG0008263		Bcin03p03400.1, Bcin07p05550.1	CVL04171			
OG0008264		Bcin06p05480.1, Bcin06p07130.1				EDO00081
OG0008265		Bcin16p00770.1, Bcin16p00770.2, Bcin16p00770.3				
OG0008266		Bcin14p05480.1	CVK95227	FOXG_09569P0		
OG0008267		Bcin11p05500.1, Bcin17p00110.1				EDN96377
OG0008268		Bcin02p07770.1	CVK87252	FOXG_07723P0		
OG0008269		Bcin09p04860.1, Bcin09p04860.2, Bcin09p04860.3				
OG0008270		Bcin11p00060.1	CVL04801			EDO00511
OG0008271		Bcin11p04320.1	CVK90905	FOXG_03224P0		
OG0008272		Bcin04p03650.1	CVL06128			EDO01312
OG0008273		Bcin04p04840.1, Bcin06p04430.1, Bcin15p00850.1				
OG0008274		Bcin14p05030.1	CVK96707	FOXG_04521P0		
OG0008275		Bcin03p04770.1	CVL01031			EDN90971
OG0008276		Bcin15p05720.1	CVK91038	FOXG_03134P0		
OG0008277		Bcin13p00850.1, Bcin13p00880.1, Bcin13p00880.2				
OG0008278		Bcin03p08140.1, Bcin03p08140.2	CVK97308			
OG0008279		Bcin01p03970.1, Bcin01p03990.1				EDO01803
OG0008280		Bcin18p00020.1	CVK97531	FOXG_04058P0		
OG0008281		Bcin14p01480.1	CVK92580			EDN91468
OG0008282		Bcin10p03350.1	CVK88686			EDO04488
OG0008283		Bcin03p03190.1, Bcin16p02150.1, Bcin16p02150.2				
OG0008284		Bcin08p02460.1, Bcin08p02460.2				EDO00879
OG0008285		Bcin13p04090.1	CVK94542	FOXG_05633P0		
OG0008286		Bcin02p01580.1	CVK91866	FOXG_04704P0		
OG0008287		Bcin15p02170.1	CVL08066	FOXG_02758P0		
OG0008288		Bcin03p09120.1	CVK95510	FOXG_09719P0		
OG0008289		Bcin10p05080.1			RKF79078	EDO04571
OG0008290		Bcin01p05840.1	CVL03872	FOXG_12137P0		
OG0008291		Bcin13p04110.1	CVL00748	FOXG_09132P0		
OG0008292		Bcin01p02850.1, Bcin01p02850.2				EDO02320
OG0008293		Bcin03p06690.1	CVL06200			EDN90720
OG0008294		Bcin13p05010.1				EDN98625, EDN98626
OG0008295		Bcin04p05650.1	CVK95729	FOXG_09843P0		
OG0008296		Bcin02p08750.1	CVL05497	FOXG_12868P0		
OG0008297		Bcin15p04580.1	CVL05616	FOXG_12807P0		
OG0008298		Bcin14p03190.1, Bcin14p03190.2				EDN94574
OG0008299		Bcin01p02150.1		FOXG_03616P0		EDO01529
OG0008300		Bcin06p02700.1		FOXG_04693P0		EDN93586
OG0008301		Bcin09p04560.1	CVK93779	FOXG_06050P0		
OG0008302		Bcin08p06890.1	CVL04532	FOXG_11481P0		
OG0008303		Bcin08p06460.1	CVL01266	FOXG_09507P0		
OG0008304		Bcin01p01400.1	CVK96593	FOXG_04636P0		
OG0008305		Bcin12p06620.1			RKF51359	EDN99002
OG0008306		Bcin05p05090.1				EDN96088, EDN96312
OG0008307		Bcin02p06860.1	CVL00418	FOXG_08976P0		
OG0008308		Bcin11p02750.1	CVK83056	FOXG_00129P0		
OG0008309		Bcin07p02030.1, Bcin07p02030.2				EDN97140
OG0008310		Bcin03p08580.1	CVK83538	FOXG_00417P0		
OG0008311		Bcin13p01540.1	CVK92175	FOXG_04955P0		
OG0008312		Bcin15p01900.1	CVK83579	FOXG_00444P0		
OG0008313		Bcin07p06800.1	CVK90413	FOXG_03520P0		
OG0008314		Bcin10p03270.1	CVK88931	FOXG_02017P0		
OG0008315		Bcin13p01960.1	CVK93652	FOXG_06171P0		
OG0008316		Bcin03p01680.1	CVK95963	FOXG_10052P0		
OG0008317		Bcin03p07270.1, Bcin03p07270.2				EDN90650
OG0008318		Bcin06p04210.1, Bcin16p03210.1				EDN99891
OG0008319		Bcin06p05530.1, Bcin06p05530.2				EDO00084
OG0008320		Bcin11p04820.1	CVL00373	FOXG_08914P0		
OG0008321		Bcin15p03630.1	CVL05081	FOXG_11785P0		
OG0008322		Bcin04p06460.1, Bcin04p06470.1				EDN99472
OG0008323		Bcin03p08310.1	CVL04655	FOXG_11587P0		
OG0008324		Bcin03p02700.1, Bcin03p02700.2				EDN91214
OG0008325		Bcin08p01130.1	CVK88715	FOXG_02152P0		
OG0008326		Bcin01p04860.1	CVL00480	FOXG_08939P0		
OG0008327		Bcin01p09070.1	CVK99872	FOXG_08370P0		
OG0008328		Bcin03p03010.1	CVL06880			EDN91253
OG0008329		Bcin02p00980.1	CVL02690	FOXG_11009P0		
OG0008330		Bcin13p00250.1	CVL01269	FOXG_09510P0		
OG0008331		Bcin08p04090.1, Bcin08p04090.2, Bcin08p04090.3				
OG0008332		Bcin08p04830.1	CVK93673	FOXG_06149P0		
OG0008333		Bcin03p00920.1	CVK85011			EDN91408
OG0008334		Bcin15p00880.1	CVK86756	FOXG_08057P0		
OG0008335		Bcin05p07390.1	CVL03063	FOXG_11216P0		
OG0008336		Bcin08p07090.1	CVK95680	FOXG_09816P0		
OG0008337		Bcin11p03460.1	CVK83198	FOXG_00209P0		
OG0008338		Bcin04p01060.1	CVK88226	FOXG_02443P0		
OG0008339		Bcin04p02270.1	CVK91513	FOXG_02775P0		
OG0008340		Bcin04p06930.1	CVK95353	FOXG_09639P0		
OG0008341		Bcin06p06660.1, Bcin06p06660.2				EDO00225
OG0008342		Bcin16p03630.1	CVK97224	FOXG_04236P0		
OG0008343		Bcin13p04730.1, Bcin13p04730.2				EDN98657
OG0008344		Bcin01p07200.1	CVL06058	FOXG_15433P0		
OG0008345		Bcin11p03640.1	CVL04185	FOXG_12198P0		
OG0008346		Bcin15p00140.1	CVK93776	FOXG_06051P0		
OG0008347		Bcin04p05180.1	CVK84413	FOXG_00945P0		
OG0008348		Bcin12p05130.1	CVK93569	FOXG_06258P0		
OG0008349		Bcin11p02770.1	CVK83536	FOXG_00416P0		
OG0008350		Bcin14p00550.1			RKF80727	EDN91607
OG0008351		Bcin07p05910.1	CVK90955	FOXG_03191P0		
OG0008352		Bcin13p01800.1				EDN99331, EDN99360
OG0008353		Bcin13p04580.1, Bcin13p04590.1				EDN98670
OG0008354		Bcin11p01660.1	CVK83820	FOXG_00589P0		
OG0008355		Bcin13p03540.1	CVK97577			EDN93613
OG0008356		Bcin05p08240.1, Bcin15p05030.1				EDN95852
OG0008357		Bcin01p11000.1, Bcin01p11000.2				EDO02062
OG0008358		Bcin07p01770.1	CVK88201	FOXG_02470P0		
OG0008359		Bcin02p07390.1	CVK87154	FOXG_07787P0		
OG0008360		Bcin03p05460.1	CVK83518	FOXG_00404P0		
OG0008361		Bcin05p04690.1			RKF79871	EDO03718
OG0008362		Bcin01p07020.1	CVL02504	FOXG_10850P0		
OG0008363		Bcin03p08070.1	CVK95477	FOXG_09700P0		
OG0008364		Bcin16p04880.1, Bcin16p04890.1, Bcin16p04900.1				
OG0008365		Bcin03p09310.1, Bcin03p09310.2				EDN93283
OG0008366		Bcin02p08930.1	CVK96919	FOXG_04421P0		
OG0008367		Bcin06p03620.1, Bcin13p05650.1				EDN99819
OG0008368		Bcin15p03140.1	CVL07658	FOXG_16915P0		
OG0008369		Bcin12p04250.1	CVL04225	FOXG_12383P0		
OG0008370		Bcin03p08930.1	CVL00425	FOXG_08973P0		
OG0008371		Bcin07p00820.1, Bcin07p00820.2				EDN95341
OG0008372		Bcin08p00310.1, Bcin08p00310.2, Bcin08p00310.3				
OG0008373		Bcin11p03630.1	CVK83635	FOXG_00476P0		
OG0008374		Bcin01p05500.1, Bcin01p05500.2				EDO01972
OG0008375		Bcin06p03600.1	CVK83979	FOXG_00679P0		
OG0008376		Bcin07p03700.1, Bcin07p03710.1, Bcin07p03710.2				
OG0008377		Bcin03p05690.1	CVK99279	FOXG_08803P0		
OG0008378		Bcin16p02730.1	CVK96908	FOXG_04426P0		
OG0008379		Bcin10p04360.1	CVK98600	FOXG_15686P0		
OG0008380		Bcin12p04980.1	CVK98965			EDN92698
OG0008381		Bcin01p03290.1	CVK85081, CVL07310			
OG0008382		Bcin10p01300.1				EDN97548, EDO04748
OG0008383		Bcin15p02350.1	CVK89603	FOXG_01613P0		
OG0008384		Bcin09p04590.1, Bcin09p04590.2				EDO02523
OG0008385		Bcin04p02710.1, Bcin04p02710.2				EDO01388
OG0008386		Bcin03p01360.1, Bcin03p01370.1				EDN91352
OG0008387		Bcin14p05330.1	CVL08474	FOXG_02579P0		
OG0008388		Bcin12p02980.1	CVL04429	FOXG_11419P0		
OG0008389		Bcin02p00730.1, Bcin02p00730.2				EDN96606
OG0008390		Bcin07p06180.1	CVL06021	FOXG_15469P0		
OG0008391		Bcin13p01150.1	CVK98373, CVL07952			
OG0008392		Bcin07p01750.1	CVL02896	FOXG_11123P0		
OG0008393		Bcin06p06990.1	CVK97414	FOXG_04129P0		
OG0008394		Bcin03p08170.1	CVL07678	FOXG_16928P0		
OG0008395		Bcin09p04450.1, Bcin09p04450.2				EDO02718
OG0008396		Bcin03p09110.1	CVK88279	FOXG_02399P0		
OG0008397		Bcin12p03470.1, Bcin12p03470.2				EDN92682
OG0008398		Bcin03p00410.1	CVL07513	FOXG_17132P0		
OG0008399		Bcin15p00390.1	CVK83153	FOXG_00181P0		
OG0008400		Bcin01p04590.1, Bcin01p04590.2, Bcin01p04590.3				
OG0008401		Bcin02p07170.1, Bcin05p06590.1				EDO03772
OG0008402		Bcin08p04430.1	CVK92585	FOXG_05257P0		
OG0008403		Bcin08p02180.1, Bcin08p02180.2, Bcin08p02180.3				
OG0008404		Bcin07p00810.1, Bcin07p00810.2				EDN95342
OG0008405		Bcin15p03710.1	CVK84018	FOXG_00701P0		
OG0008406		Bcin13p04440.1	CVK83438	FOXG_00357P0		
OG0008407		Bcin06p05790.1, Bcin06p05790.2		FOXG_14716P0		
OG0008408		Bcin16p03530.1	CVK88202	FOXG_02469P0		
OG0008409		Bcin01p05970.1	CVL03653	FOXG_12024P0		
OG0008410		Bcin11p02420.1	CVL05519	FOXG_12863P0		
OG0008411		Bcin01p06590.1, Bcin01p06590.2				EDO01579
OG0008412		Bcin04p01210.1	CVL00112	FOXG_08226P0		
OG0008413		Bcin15p01170.1	CVK98932	FOXG_15839P0		
OG0008414		Bcin15p00290.1		FOXG_04681P0		EDN98646
OG0008415		Bcin08p06430.1	CVL01559	FOXG_10308P0		
OG0008416		Bcin07p03090.1	CVL04436	FOXG_11424P0		
OG0008417		Bcin08p04050.1, Bcin08p04050.2				EDO00675
OG0008418		Bcin16p03840.1	CVK85833	FOXG_13207P0		
OG0008419		Bcin16p04870.1	CVK86889	FOXG_07955P0		
OG0008420		Bcin08p05470.1	CVL03058	FOXG_11213P0		
OG0008421		Bcin15p05160.1	CVK86185	FOXG_02623P0		
OG0008422		Bcin10p01760.1, Bcin10p01760.2				EDO04776
OG0008423		Bcin06p06430.1	CVK84777	FOXG_01187P0		
OG0008424		Bcin06p00980.1	CVK91471			EDN93301
OG0008425		Bcin06p07400.1, Bcin09p00110.1				EDO02361
OG0008426		Bcin02p04680.1, Bcin05p01060.1				EDO03493
OG0008427		Bcin09p05130.1			RKF58058	EDO02590
OG0008428		Bcin15p01990.1	CVK99955	FOXG_08316P0		
OG0008429		Bcin12p00980.1, Bcin12p00980.2				EDN92350
OG0008430		Bcin08p02400.1, Bcin08p02400.2				EDO00885
OG0008431		Bcin02p01890.1	CVL01177	FOXG_09414P0		
OG0008432		Bcin09p01920.1, Bcin09p01920.2				EDO02654
OG0008433		Bcin16p04040.1	CVK95770	FOXG_09876P0		
OG0008434		Bcin03p07770.1	CVK97639	FOXG_13456P0		
OG0008435		Bcin12p05620.1	CVK86071	FOXG_13331P0		
OG0008436		Bcin15p05320.1	CVK91889	FOXG_04725P0		
OG0008437		Bcin02p01250.1	CVK95207	FOXG_09558P0		
OG0008438		Bcin01p07080.1	CVK85693	FOXG_13082P0		
OG0008439		Bcin02p09370.1	CVK98209	FOXG_13700P0		
OG0008440		Bcin15p01200.1	CVK87458	FOXG_07622P0		
OG0008441		Bcin07p02890.1, Bcin07p02890.2				EDN97073
OG0008442		Bcin15p04100.1, Bcin15p04100.2, Bcin15p04930.1				
OG0008443		Bcin07p00920.1	CVL08291			EDN95330
OG0008444		Bcin07p06260.1	CVK99536	FOXG_08581P0		
OG0008445		Bcin01p03700.1, Bcin01p03700.2				EDO01772
OG0008446		Bcin14p01350.1	CVK95136			EDN94455
OG0008447		Bcin09p02720.1	CVK96108	FOXG_10159P0		
OG0008448		Bcin05p06950.1, Bcin06p03780.1				EDN99835
OG0008449		Bcin07p02590.1	CVK86217	FOXG_13409P0		
OG0008450		Bcin09p00890.1, Bcin09p00900.1				EDO02436
OG0008451		Bcin15p05440.1	CVK97298	FOXG_04192P0		
OG0008452		Bcin01p00940.1, Bcin01p00940.2				EDN98151
OG0008453		Bcin06p00500.1	CVL02144	FOXG_10737P0		
OG0008454		Bcin01p05690.1	CVL01267	FOXG_09508P0		
OG0008455		Bcin01p09490.1	CVK83832	FOXG_00597P0		
OG0008456		Bcin12p02910.1	CVK94463	FOXG_05670P0		
OG0008457		Bcin07p02750.1	CVK87133	FOXG_07800P0		
OG0008458		Bcin03p08820.1	CVK84949	FOXG_01339P0		
OG0008459		Bcin01p07090.1	CVK85694	FOXG_13081P0		
OG0008460		Bcin08p00970.1, Bcin09p01760.1				EDO02666
OG0008461		Bcin15p03230.1	CVK89274	FOXG_01809P0		
OG0008462		Bcin10p00720.1	CVL01727			EDO04708
OG0008463		Bcin15p00320.1	CVK86585	FOXG_03747P0		
OG0008464		Bcin11p04140.1	CVK83428	FOXG_00351P0		
OG0008465		Bcin01p01420.1	CVK96598	FOXG_04633P0		
OG0008466		Bcin11p00010.1	CVL02712	FOXG_11030P0		
OG0008467		Bcin01p09970.1	CVK90942	FOXG_03197P0		
OG0008468		Bcin01p07370.1, Bcin01p07370.2				EDO01698
OG0008469		Bcin14p05380.1	CVK87795	FOXG_07458P0		
OG0008470		Bcin02p03900.1, Bcin02p03900.2, Bcin02p03900.3				
OG0008471		Bcin02p07080.1	CVL03586	FOXG_11986P0		
OG0008472		Bcin06p02460.1, Bcin15p00060.1				EDN93612
OG0008473		Bcin11p01690.1	CVK82987	FOXG_00088P0		
OG0008474		Bcin16p00170.1, Bcin16p00170.2, Bcin16p00170.3				
OG0008475		Bcin09p06200.1				EDO03116, EDO03117
OG0008476		Bcin11p00620.1	CVK98295	FOXG_13753P0		
OG0008477		Bcin11p01810.1	CVL04673	FOXG_11607P0		
OG0008478		Bcin12p06780.1	CVL04462	FOXG_11437P0		
OG0008479		Bcin03p03560.1	CVL04645	FOXG_11577P0		
OG0008480		Bcin08p05550.1	CVK89521	FOXG_01662P0		
OG0008481		Bcin16p01430.2, Bcin16p01430.3, Bcin16p01430.4				
OG0008482		Bcin07p01070.1		FOXG_02481P0		EDO03133
OG0008483		Bcin10p00060.1	CVK94369	FOXG_05719P0		
OG0008484		Bcin16p00360.1		FOXG_02793P0		EDO00226
OG0008485		Bcin16p00030.1	CVK92400	FOXG_05116P0		
OG0008486		Bcin08p06230.1	CVK99679	FOXG_08478P0		
OG0008487		Bcin04p04580.1	CVL06957	FOXG_14751P0		
OG0008488		Bcin12p04520.1	CVL04068	FOXG_12272P0		
OG0008489		Bcin11p03690.1	CVL00821	FOXG_09167P0		
OG0008490		Bcin08p06830.1, Bcin12p02830.1				EDN99210
OG0008491		Bcin16p03230.1	CVL06267	FOXG_15300P0		
OG0008492		Bcin15p01700.2, Bcin15p01700.3, Bcin15p01700.4				
OG0008493		Bcin15p01700.1	CVK94783	FOXG_17009P0		
OG0008494		Bcin12p04940.1	CVK98958			EDN92702
OG0008495		Bcin07p05570.1	CVK88820	FOXG_02085P0		
OG0008496		Bcin07p02760.1	CVK87131	FOXG_07801P0		
OG0008497		Bcin01p01630.1, Bcin01p01630.2				EDN98276
OG0008498		Bcin01p01540.1, Bcin01p01540.2				EDN98268
OG0008499		Bcin07p05200.1	CVK86816	FOXG_08000P0		
OG0008500		Bcin07p03150.1, Bcin07p03150.2				EDN97043
OG0008501		Bcin13p03350.1	CVL00351			EDN93633
OG0008502		Bcin07p06070.1	CVK99419	FOXG_08703P0		
OG0008503		Bcin16p04050.1	CVK89583	FOXG_01626P0		
OG0008504		Bcin08p06940.1, Bcin08p06940.2, Bcin08p06940.3				
OG0008505		Bcin03p04340.1, Bcin15p05470.1				EDN91019
OG0008506		Bcin09p00630.1, Bcin09p00630.2, Bcin09p00630.3				
OG0008507		Bcin04p02940.1	CVL07498	FOXG_17148P0		
OG0008508		Bcin07p02740.1	CVK84922	FOXG_01314P0		
OG0008509		Bcin14p04560.1, Bcin14p04560.2				EDN94608
OG0008510		Bcin08p06270.1	CVK86224	FOXG_13413P0		
OG0008511		Bcin12p06590.1	CVK94561	FOXG_05618P0		
OG0008512		Bcin05p08390.1	CVL00482	FOXG_08938P0		
OG0008513		Bcin05p01270.1	CVL04888	FOXG_11728P0		
OG0008514		Bcin04p00620.1, Bcin04p00620.2				EDO01240
OG0008515		Bcin03p00170.1, Bcin03p00170.2				EDN94188
OG0008516		Bcin01p10500.1	CVL00767	FOXG_09142P0		
OG0008517		Bcin02p01590.1	CVK91868	FOXG_04705P0		
OG0008518		Bcin06p01220.1, Bcin06p01220.2		FOXG_11748P0		
OG0008519		Bcin01p03210.1, Bcin01p03210.2				EDO01663
OG0008520		Bcin03p08130.1	CVK95472	FOXG_09698P0		
OG0008521		Bcin08p06420.1	CVL06793	FOXG_14601P0		
OG0008522		Bcin04p02220.1, Bcin04p02220.2				EDO01449
OG0008523		Bcin12p01270.1	CVL08464			EDN92409
OG0008524		Bcin10p02520.1, Bcin10p06040.1				EDO01079
OG0008525		Bcin01p11540.1	CVL08371	FOXG_02525P0		
OG0008526		Bcin01p10390.1	CVK82865	FOXG_00014P0		
OG0008527		Bcin08p00200.1, Bcin08p00200.2				EDN97551
OG0008528		Bcin06p00530.1	CVK84830	FOXG_01229P0		
OG0008529		Bcin14p01770.1	CVK85012			EDN94406
OG0008530		Bcin01p07890.1, Bcin01p07890.2				EDO02152
OG0008531		Bcin07p05470.1	CVK96808	FOXG_04472P0		
OG0008532		Bcin05p03690.1, Bcin05p03690.2				EDO03591
OG0008533		Bcin09p02930.1		FOXG_17637P0		EDO02852
OG0008534		Bcin09p00810.1	CVK96725	FOXG_10766P0		
OG0008535		Bcin02p07680.1	CVK86732	FOXG_08079P0		
OG0008536		Bcin07p00790.1, Bcin07p00880.1, Bcin07p00880.2				
OG0008537		Bcin03p07790.1	CVL02572	FOXG_10922P0		
OG0008538		Bcin06p03840.1, Bcin06p03840.2				EDN99842
OG0008539		Bcin15p02140.1	CVK98498	FOXG_13913P0		
OG0008540		Bcin04p06340.1, Bcin05p06340.1				EDO03801
OG0008541		Bcin07p06710.1	CVK94588	FOXG_05600P0		
OG0008542		Bcin11p04400.1	CVK99294	FOXG_08809P0		
OG0008543		Bcin04p01080.1	CVK90065	FOXG_05564P0		
OG0008544		Bcin07p01980.1				EDN97145, EDN97151
OG0008545		Bcin11p01190.1		FOXG_02735P0		EDN96325
OG0008546		Bcin03p00600.1, Bcin03p00600.2, Bcin03p00600.3				
OG0008547		Bcin05p03880.1, Bcin15p00530.1				EDO03620
OG0008548		Bcin06p03490.1, Bcin06p03490.2				EDN93546
OG0008549		Bcin11p05860.1, Bcin12p06600.1				EDN99004
OG0008550		Bcin02p00050.1	CVL07868	FOXG_02673P0		
OG0008551		Bcin15p03820.1	CVK95077	FOXG_16605P0		
OG0008552		Bcin13p03030.1				EDN93674, EDN93677
OG0008553		Bcin16p04930.1	CVK99439	FOXG_08684P0		
OG0008554		Bcin13p05040.1	CVK89742	FOXG_01517P0		
OG0008555		Bcin06p04170.1, Bcin06p04170.2				EDN99884
OG0008556		Bcin01p06310.1	CVK97931	FOXG_17375P0		
OG0008557		Bcin07p04920.1	CVK87082	FOXG_07831P0		
OG0008558		Bcin08p03450.1	CVL00146	FOXG_08206P0		
OG0008559		Bcin01p10410.1	CVK93498	FOXG_06332P0		
OG0008560		Bcin04p06840.1	CVL05838	FOXG_12674P0		
OG0008561		Bcin12p05340.1		FOXG_10763P0		EDN98952
OG0008562		Bcin07p05960.1, Bcin07p05960.2, Bcin07p05960.3				
OG0008563		Bcin06p05120.1, Bcin06p05120.2				EDN93433
OG0008564		Bcin03p03600.1	CVL04649	FOXG_11581P0		
OG0008565		Bcin02p00820.1, Bcin12p06090.1				EDN98989
OG0008566		Bcin10p00010.1	CVK85053	FOXG_17114P0		
OG0008567		Bcin09p03120.1, Bcin09p03120.2, Bcin09p03120.3				
OG0008568		Bcin06p06830.1, Bcin06p06840.1				EDO00217
OG0008569		Bcin01p07900.1, Bcin01p07900.2				EDO02157
OG0008570		Bcin03p08150.1	CVK97312	FOXG_04186P0		
OG0008571		Bcin05p02010.1	CVL04623	FOXG_11554P0		
OG0008572		Bcin07p06320.1	CVK84871	FOXG_01257P0		
OG0008573		Bcin04p00190.1, Bcin04p00190.2				EDN92317
OG0008574		Bcin16p00260.1, Bcin16p00260.2				EDN99279
OG0008575		Bcin12p00930.1	CVK95167	FOXG_17723P0		
OG0008576		Bcin09p02290.1		FOXG_03868P0		EDO02601
OG0008577		Bcin03p01080.1, Bcin03p09140.1, Bcin03p09140.2				
OG0008578		Bcin04p02590.1, Bcin04p02590.2				EDN92261
OG0008579		Bcin15p05370.1	CVK99688	FOXG_08474P0		
OG0008580		Bcin09p01670.1, Bcin09p01670.2, Bcin09p01670.3				
OG0008581		Bcin16p00140.1, Bcin16p00140.2				EDN99270
OG0008582		Bcin08p00480.1	CVK98656	FOXG_15696P0		
OG0008583		Bcin09p00490.1, Bcin09p00490.2				EDO02408
OG0008584		Bcin04p05330.1, Bcin04p05330.2, Bcin04p05330.3				
OG0008585		Bcin10p01310.1, Bcin10p01310.2				EDO04745
OG0008586		Bcin08p05280.1	CVL06675	FOXG_14524P0		
OG0008587		Bcin10p01900.1	CVL01640	FOXG_10359P0		
OG0008588		Bcin11p04090.1	CVK93620	FOXG_06206P0		
OG0008589		Bcin16p03870.1	CVL02791	FOXG_11072P0		
OG0008590		Bcin10p00690.1	CVL05304			EDO04979
OG0008591		Bcin11p05620.1, Bcin11p05620.2				EDN96362
OG0008592		Bcin07p04840.1	CVK86129	FOXG_13360P0		
OG0008593		Bcin11p00040.1	CVL02608	FOXG_10957P0		
OG0008594		Bcin15p02550.1	CVK83671	FOXG_00501P0		
OG0008595		Bcin16p02570.1	CVL01971	FOXG_10596P0		
OG0008596		Bcin15p03330.1	CVL07649	FOXG_16879P0		
OG0008597		Bcin01p05860.1, Bcin13p00660.1		FOXG_04647P0		
OG0008598		Bcin01p09980.1	CVK90945	FOXG_03195P0		
OG0008599		Bcin06p05100.1, Bcin06p05100.2, Bcin06p05100.3				
OG0008600		Bcin15p00260.1	CVL01662	FOXG_10369P0		
OG0008601		Bcin02p07350.1	CVK92634	FOXG_05309P0		
OG0008602		Bcin07p03800.1	CVK88311	FOXG_02378P0		
OG0008603		Bcin07p01230.1, Bcin07p01230.2				EDO01653
OG0008604		Bcin15p05210.1	CVK90808	FOXG_03281P0		
OG0008605		Bcin08p06520.1	CVK86372	FOXG_03952P0		
OG0008606		Bcin05p05900.1	CVK98477	FOXG_13892P0		
OG0008607		Bcin03p01810.1, Bcin03p01810.2				EDN91131
OG0008608		Bcin12p04590.1, Bcin12p04590.2				EDN92775
OG0008609		Bcin03p08030.1	CVK87061	FOXG_07845P0		
OG0008610		Bcin10p01460.1, Bcin10p01650.1				EDO05025
OG0008611		Bcin15p00960.1	CVK86595	FOXG_03737P0		
OG0008612		Bcin08p00150.1			RKF54991	EDN97534
OG0008613		Bcin08p04510.1	CVK90121	FOXG_03684P0		
OG0008614		Bcin09p04190.1, Bcin09p04190.2, Bcin09p04190.3				
OG0008615		Bcin04p03620.1, Bcin04p03620.2				EDO01321
OG0008616		Bcin11p05340.1	CVL04502	FOXG_11463P0		
OG0008617		Bcin06p06390.1	CVK86529	FOXG_03799P0		
OG0008618		Bcin02p07460.1	CVK91361	FOXG_02844P0		
OG0008619		Bcin16p04110.1	CVL07735	FOXG_16831P0		
OG0008620		Bcin11p01700.1	CVK88268	FOXG_02406P0		
OG0008621		Bcin03p03750.1	CVK87690	FOXG_07493P0		
OG0008622		Bcin01p00910.1	CVK87799, CVK95259			
OG0008623		Bcin08p06660.1	CVK93951	FOXG_05942P0		
OG0008624		Bcin01p05090.1	CVK96111	FOXG_10157P0		
OG0008625		Bcin11p02260.1, Bcin11p02260.2				EDN96633
OG0008626		Bcin15p03360.1	CVK97505	FOXG_04078P0		
OG0008627		Bcin07p06330.1, Bcin12p05160.1				EDN92751
OG0008628		Bcin08p02160.1, Bcin08p02160.2				EDO00907
OG0008629		Bcin03p08250.1	CVK99578	FOXG_08536P0		
OG0008630		Bcin03p08840.1	CVK93443	FOXG_06379P0		
OG0008631		Bcin03p07880.1	CVK93480	FOXG_06349P0		
OG0008632		Bcin07p00370.1	CVK86457	FOXG_03881P0		
OG0008633		Bcin09p01860.1, Bcin09p01860.2				EDO02657
OG0008634		Bcin01p05640.1, Bcin05p01330.1				EDO01987
OG0008635		Bcin01p05830.1	CVL03879	FOXG_12140P0		
OG0008636		Bcin05p06480.1, Bcin05p06480.2, Bcin05p06480.3				
OG0008637		Bcin04p02700.1, Bcin04p02700.2				EDO01387
OG0008638		Bcin07p05230.1, Bcin07p05230.2				EDN97152
OG0008639		Bcin08p05090.1	CVK92266	FOXG_05008P0		
OG0008640		Bcin12p05820.1				EDN98934, EDO01122
OG0008641		Bcin09p06570.1	CVK99411	FOXG_08706P0		
OG0008642		Bcin02p01120.1	CVK87402	FOXG_07655P0		
OG0008643		Bcin08p04110.1, Bcin08p04110.2				EDO00668
OG0008644		Bcin08p00010.1, Bcin08p00010.2, Bcin08p00010.3				
OG0008645		Bcin15p05350.1	CVK99690	FOXG_08473P0		
OG0008646		Bcin02p01710.1, Bcin02p01710.2	CVK95232			
OG0008647		Bcin15p02400.1	CVK98233	FOXG_13711P0		
OG0008648		Bcin14p01780.1, Bcin14p01780.2				EDN94404
OG0008649		Bcin05p07070.1	CVK84562	FOXG_01035P0		
OG0008650		Bcin11p03930.1	CVK95124	FOXG_16634P0		
OG0008651		Bcin10p04710.1, Bcin10p04710.2				EDN97603
OG0008652		Bcin14p04970.1	CVK91514	FOXG_02774P0		
OG0008653		Bcin12p05170.1	CVK99414			EDN92750
OG0008654		Bcin16p01340.1	CVK88713	FOXG_02153P0		
OG0008655		Bcin01p00130.1, Bcin01p00130.2				EDN93378
OG0008656		Bcin04p04080.1, Bcin04p04080.2, Bcin04p04080.3				
OG0008657		Bcin09p04210.1	CVK95292	FOXG_09610P0		
OG0008658		Bcin02p04050.1, Bcin02p04050.2				EDN96500
OG0008659		Bcin06p05150.1	CVK90351	FOXG_03550P0		
OG0008660		Bcin09p05510.1	CVK99843	FOXG_08388P0		
OG0008661		Bcin02p08040.1	CVK84063	FOXG_00728P0		
OG0008662		Bcin15p00130.1	CVK91941	FOXG_04838P0		
OG0008663		Bcin02p05840.1	CVL05850	FOXG_12666P0		
OG0008664		Bcin06p00720.1	CVK97259	FOXG_04215P0		
OG0008665		Bcin12p02880.1				EDN95928, EDN99205
OG0008666		Bcin06p00110.1	CVK96653	FOXG_04606P0		
OG0008667		Bcin05p03060.1		FOXG_03877P0		EDO03526
OG0008668		Bcin10p06150.1	CVK98155	FOXG_13669P0		
OG0008669		Bcin02p09040.1	CVL05529	FOXG_12853P0		
OG0008670		Bcin06p00490.1	CVK85087			EDN93384
OG0008671		Bcin01p03890.1	CVK95833			EDO04778
OG0008672		Bcin03p05770.1			RKF79922	EDN90855
OG0008673		Bcin17p00070.1, Bcin17p00070.2, Bcin17p00070.3				
OG0008674		Bcin04p05560.1	CVK92276	FOXG_05014P0		
OG0008675		Bcin11p05270.1	CVK93560	FOXG_06268P0		
OG0008676		Bcin04p02170.1, Bcin04p02170.2				EDO01455
OG0008677		Bcin15p02820.1	CVL05808	FOXG_12694P0		
OG0008678		Bcin10p03360.1	CVK94947	FOXG_16525P0		
OG0008679		Bcin14p03210.1, Bcin14p03210.2				EDN94572
OG0008680		Bcin11p06210.1, Bcin11p06210.2				EDN96184
OG0008681		Bcin10p06000.1, Bcin10p06000.2				EDO04868
OG0008682		Bcin07p02190.1, Bcin07p02190.2				EDN97119
OG0008683		Bcin05p00008.1, Bcin05p00008.2, Bcin05p00008.3				
OG0008684		Bcin06p07420.1	CVK85910	FOXG_13241P0		
OG0008685		Bcin07p05020.1, Bcin07p05020.2				EDN97178
OG0008686		Bcin06p00450.1, Bcin06p00450.2				EDN93390
OG0008687		Bcin15p03380.1	CVK87280	FOXG_07705P0		
OG0008688		Bcin11p05640.1				EDN96360, EDN99811
OG0008689		Bcin11p02140.1			RKF82360	EDN96657
OG0008690		Bcin02p00014.1	CVL06215	FOXG_15332P0		
OG0008691		Bcin09p05250.1, Bcin09p05250.2				EDO02980
OG0008692		Bcin09p05320.1	CVK91822	FOXG_04750P0		
OG0008693		Bcin01p02810.1	CVL02019			EDO02325
OG0008694		Bcin02p07420.1	CVK86607	FOXG_03725P0		
OG0008695		Bcin05p02180.1	CVK91004			EDO03391
OG0008696		Bcin07p00550.1	CVK85023, CVL07879			
OG0008697		Bcin07p06080.1	CVL03661	FOXG_12029P0		
OG0008698		Bcin01p02900.1	CVL07701	FOXG_17178P0		
OG0008699		Bcin14p04930.1	CVK94896	FOXG_16481P0		
OG0008700		Bcin02p00130.1	CVL04102			EDN96758
OG0008701		Bcin02p06330.1	CVL08409	FOXG_02545P0		
OG0008702		Bcin11p01600.1, Bcin11p01600.2	CVK83836			
OG0008703		Bcin10p05850.1	CVL04433	FOXG_11422P0		
OG0008704		Bcin12p00050.1	CVK85062	FOXG_15251P0		
OG0008705		Bcin11p03170.1	CVL01599	FOXG_10332P0		
OG0008706		Bcin07p00760.1			RKF80475	EDN95348
OG0008707		Bcin16p01730.1	CVL01159	FOXG_09396P0		
OG0008708		Bcin16p01890.1	CVK99707, CVL00300			
OG0008709		Bcin02p04510.1	CVK97170	FOXG_04267P0		
OG0008710		Bcin15p05280.1, Bcin15p05280.2, Bcin15p05280.3				
OG0008711		Bcin05p03330.1	CVK88388	FOXG_14776P0		
OG0008712		Bcin01p09760.1	CVK83863	FOXG_00612P0		
OG0008713		Bcin16p02700.1	CVL01594	FOXG_10328P0		
OG0008714		Bcin09p01150.1, Bcin09p01150.2				EDO02470
OG0008715		Bcin08p05630.1	CVK89822	FOXG_01440P0		
OG0008716		Bcin02p05340.1, Bcin02p05340.2				EDN95243
OG0008717		Bcin14p04840.1, Bcin14p04840.2				EDN94644
OG0008718		Bcin07p04450.1	CVL08056	FOXG_02766P0		
OG0008719		Bcin03p00570.1	CVL04071	FOXG_12276P0		
OG0008720		Bcin02p02380.1	CVL02221			EDN96339
OG0008721		Bcin09p05530.1	CVK94055	FOXG_05882P0		
OG0008722		Bcin11p05100.1	CVK83886	FOXG_00625P0		
OG0008723		Bcin03p00380.1	CVK97980	FOXG_13577P0		
OG0008724		Bcin14p00500.1	CVK92036	FOXG_04883P0		
OG0008725		Bcin07p07080.1	CVL04252	FOXG_12400P0		
OG0008726		Bcin07p00270.1	CVK94003	FOXG_05910P0		
OG0008727		Bcin04p02500.1, Bcin04p02500.2, Bcin04p02500.3				
OG0008728		Bcin09p00210.1	CVK84042	FOXG_00715P0		
OG0008729		Bcin13p02080.1				EDN99477, EDO01252
OG0008730		Bcin14p02320.1, Bcin14p02320.2				EDN91593
OG0008731		Bcin15p00170.1	CVK86215	FOXG_13407P0		
OG0008732		Bcin01p10530.1	CVK92031	FOXG_04881P0		
OG0008733		Bcin12p01160.1	CVK93023	FOXG_11397P0		
OG0008734		Bcin04p06690.1	CVL02832	FOXG_11091P0		
OG0008735		Bcin09p03320.1	CVK83521			EDO02780
OG0008736		Bcin13p00140.1	CVL05313	FOXG_12998P0		
OG0008737		Bcin11p02890.1	CVL02564	FOXG_10901P0		
OG0008738		Bcin15p00860.1	CVK87196	FOXG_07758P0		
OG0008739		Bcin07p04570.1	CVK98476	FOXG_13891P0		
OG0008740		Bcin11p02730.1	CVK86560	FOXG_03768P0		
OG0008741		Bcin01p06740.1, Bcin01p06740.2				EDO01566
OG0008742		Bcin01p05930.1, Bcin01p05930.2				EDO02013
OG0008743		Bcin01p09720.1	CVK92003	FOXG_04678P0		
OG0008744		Bcin04p03820.1, Bcin04p03820.2				EDO01296
OG0008745		Bcin03p00850.1, Bcin03p00850.2				EDN91418
OG0008746		Bcin11p00810.1	CVL05340	FOXG_12957P0		
OG0008747		Bcin09p04360.1				EDO02727, EDO02728
OG0008748		Bcin12p05250.2	CVK95494	FOXG_09709P0		
OG0008749			CVK85128, CVL08937	FOXG_13548P0		
OG0008750			CVK84854, CVK95923	FOXG_01268P0		
OG0008751			CVK84925, CVK84927	FOXG_01317P0		
OG0008752			CVK85151, CVL03868	FOXG_12135P0		
OG0008753			CVK84864	FOXG_01260P0, FOXG_17648P0		
OG0008754			CVK84713, CVK91262	FOXG_01128P0		
OG0008755			CVK85059, CVK92362	FOXG_05079P0		
OG0008756			CVK85093, CVL01980	FOXG_10608P0		
OG0008757			CVK85063, CVK95748	FOXG_09859P0		
OG0008758			CVK85176, CVL07741, CVL08914			
OG0008759			CVK84985	FOXG_01366P0, FOXG_10234P0		
OG0008760			CVK84834, CVL07441	FOXG_01232P0		
OG0008761			CVK85076, CVL04069	FOXG_12273P0		
OG0008762			CVK84904, CVK98956	FOXG_01297P0		
OG0008763			CVK85092, CVL07696	FOXG_17182P0		
OG0008764			CVK85050, CVK85051, CVL03554			
OG0008765			CVK84928, CVK84929	FOXG_01319P0		
OG0008766			CVK85111, CVK96674	FOXG_04597P0		
OG0008767			CVK84714, CVL08122	FOXG_01129P0		
OG0008768			CVK84992	FOXG_01374P0, FOXG_04741P0		
OG0008769			CVK84981, CVK97961, CVK97963			
OG0008770			CVK84723, CVK84730	FOXG_01144P0		
OG0008771			CVK85115, CVK94875	FOXG_16469P0		
OG0008772			CVK84941, CVK91851	FOXG_01330P0		
OG0008773			CVK85133, CVK86039	FOXG_13314P0		
OG0008774			CVK85159, CVK97418	FOXG_04127P0		
OG0008775			CVK84945	FOXG_01334P0, FOXG_17239P0		
OG0008776			CVK85043, CVK95050	FOXG_16590P0		
OG0008777			CVK84977, CVK93839	FOXG_06016P0		
OG0008778			CVK85034, CVL08032	FOXG_02747P0		
OG0008779			CVK84655, CVL07387	FOXG_01089P0		
OG0008780			CVK84741, CVL00294	FOXG_01155P0		
OG0008781			CVK85086, CVL05341	FOXG_12956P0		
OG0008782			CVK84203, CVL02473	FOXG_00906P0		
OG0008783			CVK84994	FOXG_01376P0, FOXG_11943P0		
OG0008784			CVK84389, CVK91322	FOXG_00938P0		
OG0008785			CVK85101, CVK90642			EDN99310
OG0008786			CVK84946, CVK91417	FOXG_01335P0		
OG0008787			CVK84972, CVK96843	FOXG_04469P0		
OG0008788			CVK83511, CVL06659	FOXG_14513P0		
OG0008789			CVK84843, CVK85064, CVL01176			
OG0008790			CVK84175	FOXG_00796P0		EDN97777
OG0008791			CVK83251, CVK96217	FOXG_00243P0		
OG0008792			CVK85162	FOXG_15588P0, FOXG_16047P0		
OG0008793			CVK84405, CVL06952	FOXG_14725P0		
OG0008794			CVK84310	FOXG_00842P0, FOXG_00843P0		
OG0008795			CVK87699	FOXG_07489P0, FOXG_10783P0		
OG0008796			CVK86427, CVK87529	FOXG_07583P0		
OG0008797			CVK87856	FOXG_07432P0, FOXG_14960P0		
OG0008798			CVK87052, CVK87054	FOXG_07849P0		
OG0008799			CVK86578, CVL04822	FOXG_11714P0		
OG0008800			CVK86281, CVK94799	FOXG_03995P0		
OG0008801			CVK86165	FOXG_13383P0, FOXG_13782P0		
OG0008802			CVK87867	FOXG_06960P0, FOXG_14780P0		
OG0008803			CVK85785, CVK86554	FOXG_13150P0		
OG0008804			CVK86470, CVL06836, CVL06902			
OG0008805			CVK85976, CVK87694	FOXG_17121P0		
OG0008806			CVK85636, CVK97085	FOXG_04317P0		
OG0008807			CVK87870, CVL02633	FOXG_10961P0		
OG0008808			CVK86530, CVK98856	FOXG_03798P0		
OG0008809			CVK87623, CVK99271	FOXG_07535P0		
OG0008810			CVK85969, CVL02498	FOXG_10847P0		
OG0008811			CVK86500, CVL00807	FOXG_09166P0		
OG0008812			CVK86179, CVL07583	FOXG_17619P0		
OG0008813			CVK86270, CVL02602	FOXG_04004P0		
OG0008814			CVK86067, CVL05451	FOXG_12898P0		
OG0008815			CVK86567, CVK94195	FOXG_03762P0		
OG0008816			CVK86456	FOXG_03882P0		EDO03261
OG0008817			CVK86261, CVL04207	FOXG_12366P0		
OG0008818			CVK87965, CVK97703	FOXG_13513P0		
OG0008819			CVK87497	FOXG_07142P0, FOXG_07600P0		
OG0008820			CVK86323, CVL02142	FOXG_03977P0		
OG0008821			CVK85734, CVL04703	FOXG_11634P0		
OG0008822			CVK87957	FOXG_07374P0, FOXG_17555P0		
OG0008823			CVK85610, CVK92025	FOXG_13079P0		
OG0008824			CVK85938	FOXG_13255P0, FOXG_17664P0		
OG0008825			CVK86565, CVK87916	FOXG_02648P0		
OG0008826			CVK85696	FOXG_13117P0, FOXG_13118P0		
OG0008827			CVK85600, CVL04061	FOXG_12268P0		
OG0008828			CVK87670, CVK94203	FOXG_07504P0		
OG0008829			CVK86002, CVK86117	FOXG_13295P0		
OG0008830			CVK87846	FOXG_07020P0, FOXG_07438P0		
OG0008831			CVK86333, CVK98192	FOXG_03971P0		
OG0008832			CVK86562, CVL09372	FOXG_03766P0		
OG0008833			CVK86511, CVK95904	FOXG_10006P0		
OG0008834			CVK85870	FOXG_13222P0	RKF51358	
OG0008835			CVK85868, CVL00324	FOXG_08901P0		
OG0008836			CVK86161, CVL00864	FOXG_09200P0		
OG0008837			CVK87881, CVL00765	FOXG_09141P0		
OG0008838			CVK85597, CVK95840	FOXG_09942P0		
OG0008839			CVK87766, CVL02657	FOXG_08896P0		
OG0008840			CVK86575, CVK91437	FOXG_03754P0		
OG0008841			CVK86159	FOXG_12953P0, FOXG_13379P0		
OG0008842			CVK86758	FOXG_02634P0, FOXG_08055P0		
OG0008843			CVK87573, CVL02891	FOXG_07563P0		
OG0008844			CVK87785, CVL04751	FOXG_11655P0		
OG0008845			CVK87620	FOXG_03813P0, FOXG_07536P0		
OG0008846			CVK87929, CVK95752	FOXG_09861P0		
OG0008847			CVK86922	FOXG_01497P0, FOXG_07932P0		
OG0008848			CVK85829, CVK95785	FOXG_09885P0		
OG0008849			CVK85847	FOXG_03925P0		EDN96733
OG0008850			CVK87953, CVL07621	FOXG_07381P0		
OG0008851			CVK85918, CVL09250	FOXG_13244P0		
OG0008852			CVK86035, CVL04700	FOXG_13313P0		
OG0008853			CVK86449, CVL07580	FOXG_03889P0		
OG0008854			CVK85614, CVL03613	FOXG_11999P0		
OG0008855			CVK87768, CVK91281	FOXG_02911P0		
OG0008856			CVK87851	FOXG_07435P0, FOXG_14963P0		
OG0008857			CVK87636, CVK92358	FOXG_05074P0		
OG0008858			CVK87731, CVK97672	FOXG_13486P0		
OG0008859			CVK86759	FOXG_02633P0, FOXG_08054P0		
OG0008860			CVK87730, CVK99457	FOXG_08665P0		
OG0008861			CVK85708, CVK95161	FOXG_13125P0		
OG0008862			CVK86344	FOXG_07004P0, FOXG_07092P0		
OG0008863			CVK87140	FOXG_07796P0, FOXG_15174P0		
OG0008864			CVK85625, CVK98911	FOXG_13112P0		
OG0008865			CVK85605, CVK94076	FOXG_05868P0		
OG0008866			CVK86550	FOXG_17095P0, FOXG_17323P0		
OG0008867			CVK85703, CVK91519, CVL04012			
OG0008868			CVK85594, CVK94540	FOXG_05632P0		
OG0008869			CVK87826, CVK96840	FOXG_04467P0		
OG0008870			CVK87811, CVL00108	FOXG_08229P0		
OG0008871			CVK85592, CVK93400	FOXG_06404P0		
OG0008872			CVK87536, CVK95702	FOXG_09828P0		
OG0008873			CVK87893, CVK96769	FOXG_07413P0		
OG0008874			CVK85779, CVK93047	FOXG_13155P0		
OG0008875			CVK85655	FOXG_13083P0, FOXG_13102P0		
OG0008876			CVK85772, CVK93600	FOXG_06227P0		
OG0008877			CVK87063, CVL02066	FOXG_07844P0		
OG0008878			CVK87787, CVL06856	FOXG_07454P0		
OG0008879			CVK85721, CVK94244	FOXG_13129P0		
OG0008880			CVK87673, CVL02616	FOXG_07502P0		
OG0008881			CVK86037	FOXG_12444P0, FOXG_14093P0		
OG0008882			CVK86463	FOXG_02708P0, FOXG_03876P0		
OG0008883			CVK87584, CVL03932	FOXG_07555P0		
OG0008884			CVK86476, CVL06710	FOXG_03850P0		
OG0008885			CVK86395, CVL04130	FOXG_12332P0		
OG0008886			CVK89758	FOXG_01504P0, FOXG_17303P0		
OG0008887			CVK88861	FOXG_02061P0, FOXG_06989P0		
OG0008888			CVK89764, CVK93678	FOXG_01498P0		
OG0008889			CVK88190, CVL02139	FOXG_10730P0		
OG0008890			CVK88256, CVK90284	FOXG_02415P0		
OG0008891			CVK88341	FOXG_02357P0		EDN93642
OG0008892			CVK88206	FOXG_02465P0, FOXG_11867P0		
OG0008893			CVK89640	FOXG_01592P0, FOXG_07848P0		
OG0008894			CVK89115	FOXG_01904P0, FOXG_10762P0		
OG0008895			CVK88230, CVK99436	FOXG_02439P0		
OG0008896			CVK88273	FOXG_02402P0, FOXG_14516P0		
OG0008897			CVK89744	FOXG_01516P0, FOXG_11558P0		
OG0008898			CVK88569, CVL09368	FOXG_02236P0		
OG0008899			CVK88182, CVK95042	FOXG_16586P0		
OG0008900			CVK88349	FOXG_02352P0	RKF65426	
OG0008901			CVK88301	FOXG_01356P0, FOXG_02382P0		
OG0008902			CVK88183, CVK95039	FOXG_16585P0		
OG0008903			CVK88377, CVL08047	FOXG_02342P0		
OG0008904			CVK89455	FOXG_01700P0		EDN95420
OG0008905			CVK89243, CVK93387	FOXG_06415P0		
OG0008906			CVK88222, CVL07228	FOXG_02447P0		
OG0008907			CVK89384	FOXG_01743P0, FOXG_14482P0		
OG0008908			CVK89260, CVK97715	FOXG_13523P0		
OG0008909			CVK88375, CVL02252, CVL06892			
OG0008910			CVK91273, CVK91274	FOXG_02905P0		
OG0008911			CVK91400	FOXG_16705P0, FOXG_16772P0		
OG0008912			CVK91294, CVK93937	FOXG_05951P0		
OG0008913			CVK91412, CVL08390	FOXG_02534P0		
OG0008914			CVK90358, CVK95186	FOXG_03547P0		
OG0008915			CVK90805	FOXG_03283P0, FOXG_07423P0		
OG0008916			CVK90402, CVL08011	FOXG_03526P0		
OG0008917			CVK91517, CVK94592	FOXG_02771P0		
OG0008918			CVK91524	FOXG_12453P0, FOXG_14084P0		
OG0008919			CVK91002, CVK95760	FOXG_09867P0		
OG0008920			CVK90649	FOXG_03378P0, FOXG_03379P0		
OG0008921			CVK90389	FOXG_03533P0, FOXG_04581P0		
OG0008922			CVK90807, CVK96202	FOXG_03282P0		
OG0008923			CVK91306	FOXG_02889P0, FOXG_14254P0		
OG0008924			CVK90349, CVL04739	FOXG_11650P0		
OG0008925			CVK90343	FOXG_03555P0, FOXG_03782P0		
OG0008926			CVK91403, CVK98737	FOXG_15763P0		
OG0008927			CVK90666, CVL02118	FOXG_10718P0		
OG0008928			CVK90392	FOXG_03532P0, FOXG_04582P0		
OG0008929			CVK91058	FOXG_03113P0, FOXG_07721P0		
OG0008930			CVK90715	FOXG_03339P0	RKF60570	
OG0008931			CVK90706	FOXG_03344P0, FOXG_16073P0		
OG0008932			CVK91145, CVL04869	FOXG_03027P0		
OG0008933			CVK91289, CVK92090	FOXG_04911P0		
OG0008934			CVK91011	FOXG_03154P0		EDN94611
OG0008935			CVK92412, CVK92439, CVL08113			
OG0008936			CVK92419, CVL08117, CVL09373			
OG0008937			CVK92627	FOXG_05300P0		EDN94349
OG0008938			CVK92237	FOXG_04989P0, FOXG_10864P0		
OG0008939			CVK91988	FOXG_04864P0, FOXG_15914P0		
OG0008940			CVK92191, CVK99176	FOXG_08860P0		
OG0008941			CVK91837, CVK95079	FOXG_16606P0		
OG0008942			CVK92741, CVK96748	FOXG_05385P0		
OG0008943			CVK92758	FOXG_05396P0		EDN97574
OG0008944			CVK91999	FOXG_04872P0		EDN96210
OG0008945			CVK92030, CVL00876	FOXG_09208P0		
OG0008946			CVK92042	FOXG_03864P0, FOXG_04885P0		
OG0008947			CVK92218	FOXG_04979P0, FOXG_16445P0		
OG0008948			CVK92601	FOXG_05272P0, FOXG_10898P0		
OG0008949			CVK92289	FOXG_05024P0		EDO02481
OG0008950			CVK92411	FOXG_12461P0, FOXG_14076P0		
OG0008951			CVK91970, CVL02251	FOXG_10791P0		
OG0008952			CVK92097	FOXG_04638P0, FOXG_04916P0		
OG0008953			CVK92232, CVK95890	FOXG_04986P0		
OG0008954			CVK91904	FOXG_02914P0, FOXG_05592P0		
OG0008955			CVK91821	FOXG_04749P0, FOXG_08795P0		
OG0008956			CVK92120, CVK96937	FOXG_04407P0		
OG0008957			CVK91986, CVL02655	FOXG_08898P0		
OG0008958			CVK92776, CVL04056	FOXG_12264P0		
OG0008959			CVK92298	FOXG_05030P0, FOXG_05444P0		
OG0008960			CVK92130, CVL03615	FOXG_04935P0		
OG0008961			CVK92364	FOXG_05081P0, FOXG_08797P0		
OG0008962			CVK93090, CVL05303	FOXG_11357P0		
OG0008963			CVK91963	FOXG_04843P0, FOXG_14883P0		
OG0008964			CVK92722	FOXG_05372P0, FOXG_15792P0		
OG0008965			CVK94499, CVK96076	FOXG_10120P0		
OG0008966			CVK94127, CVK94357	FOXG_05840P0		
OG0008967			CVK94176, CVK94186, CVL05001			
OG0008968			CVK93946	FOXG_05945P0, FOXG_14912P0		
OG0008969			CVK94216	FOXG_05798P0, FOXG_15845P0		
OG0008970			CVK93399	FOXG_06405P0, FOXG_09950P0		
OG0008971			CVK94439, CVK94482	FOXG_05662P0		
OG0008972			CVK94457, CVL06657	FOXG_05673P0		
OG0008973			CVK94012, CVL03503	FOXG_05905P0		
OG0008974			CVK94442, CVL07591	FOXG_05678P0		
OG0008975			CVK93473, CVK98977	FOXG_06356P0		
OG0008976			CVK94188, CVL06802	FOXG_14607P0		
OG0008977			CVK94413, CVK94414	FOXG_05691P0		
OG0008978			CVK93814	FOXG_04730P0, FOXG_06030P0		
OG0008979			CVK93380, CVK99467	FOXG_06421P0		
OG0008980			CVK94341	FOXG_05732P0		EDN95104
OG0008981			CVK94444	FOXG_05676P0, FOXG_13358P0		
OG0008982			CVK94445	FOXG_02643P0, FOXG_05675P0		
OG0008983			CVK94159, CVK98967	FOXG_05821P0		
OG0008984			CVK94505, CVL01527	FOXG_10291P0		
OG0008985			CVK94398	FOXG_05701P0, FOXG_16564P0		
OG0008986			CVK94262	FOXG_05772P0, FOXG_10086P0		
OG0008987			CVK94225, CVL07234	FOXG_05794P0		
OG0008988			CVK94248, CVL03745	FOXG_05782P0		
OG0008989			CVK94557, CVK99702	FOXG_08466P0		
OG0008990			CVK94467, CVK96036	FOXG_05667P0		
OG0008991			CVK94434	FOXG_05680P0, FOXG_07531P0		
OG0008992			CVK95891, CVL07564	FOXG_09994P0		
OG0008993			CVK95295, CVL01862	FOXG_10497P0		
OG0008994			CVK95262, CVL05316	FOXG_13000P0		
OG0008995			CVK96156, CVL00360	FOXG_10174P0		
OG0008996			CVK95533, CVK95710	FOXG_09831P0		
OG0008997			CVK95786, CVK97678	FOXG_09886P0		
OG0008998			CVK95719, CVL02109	FOXG_09836P0		
OG0008999			CVK95560	FOXG_09753P0		EDO02101
OG0009000			CVK95453	FOXG_09687P0		EDO03195
OG0009001			CVK95427, CVK96187	FOXG_09673P0		
OG0009002			CVK95538	FOXG_09734P0, FOXG_17579P0		
OG0009003			CVK95733, CVL04156	FOXG_09852P0		
OG0009004			CVK94962, CVL08735	FOXG_16530P0		
OG0009005			CVK95060, CVK98083	FOXG_13635P0		
OG0009006			CVK94863, CVK98105	FOXG_16936P0		
OG0009007			CVK96212, CVL06135	FOXG_10226P0		
OG0009008			CVK95289, CVL07662	FOXG_16910P0		
OG0009009			CVK95936, CVL04622	FOXG_02980P0		
OG0009010			CVK94992, CVL08769	FOXG_16556P0		
OG0009011			CVK94964	FOXG_15755P0, FOXG_16531P0		
OG0009012			CVK95384, CVL07568	FOXG_09659P0		
OG0009013			CVK95821, CVK98791	FOXG_09921P0		
OG0009014			CVK94828	FOXG_14327P0, FOXG_15153P0		
OG0009015			CVK95338	FOXG_09632P0, FOXG_13193P0		
OG0009016			CVK94975	FOXG_16537P0		EDO03749
OG0009017			CVK95804	FOXG_09901P0, FOXG_15948P0		
OG0009018			CVK95448, CVL05335	FOXG_12961P0		
OG0009019			CVK95200	FOXG_09553P0, FOXG_17224P0		
OG0009020			CVK95130, CVK95132, CVK95133			
OG0009021			CVK96092	FOXG_10144P0, FOXG_17395P0		
OG0009022			CVK96133	FOXG_10166P0		EDO01212
OG0009023			CVK95135, CVK96558	FOXG_16642P0		
OG0009024			CVK95924, CVL06378	FOXG_15193P0		
OG0009025			CVK95836, CVL07684	FOXG_09938P0		
OG0009026			CVK95914, CVL02256	FOXG_10014P0		
OG0009027			CVK95996, CVL06920	FOXG_14718P0		
OG0009028			CVK94831	FOXG_16950P0		EDN97656
OG0009029			CVK95747, CVK98838	FOXG_09858P0		
OG0009030			CVK95284	FOXG_09604P0, FOXG_15905P0		
OG0009031			CVK95428	FOXG_09674P0, FOXG_12901P0		
OG0009032			CVK95818	FOXG_09916P0, FOXG_17516P0		
OG0009033			CVK94776, CVL08513	FOXG_02594P0		
OG0009034			CVK96075	FOXG_07377P0, FOXG_10126P0		
OG0009035			CVK95547, CVL01700	FOXG_09743P0		
OG0009036			CVK95725, CVL07079	FOXG_09841P0		
OG0009037			CVK96021, CVK96947	FOXG_04401P0		
OG0009038			CVK95930	FOXG_08881P0, FOXG_10023P0		
OG0009039			CVK95732, CVL07647	FOXG_16881P0		
OG0009040			CVK95697, CVL07542	FOXG_09824P0		
OG0009041			CVK95515	FOXG_08888P0, FOXG_09722P0		
OG0009042			CVK94767	FOXG_15952P0, FOXG_17025P0		
OG0009043			CVK95627, CVK95984	FOXG_09791P0		
OG0009044			CVK94770, CVK96041, CVL07571			
OG0009045			CVK95103, CVK95104	FOXG_16623P0		
OG0009046			CVK94861	FOXG_16937P0		EDN91667
OG0009047			CVK95382	FOXG_09657P0, FOXG_13599P0		
OG0009048			CVK96149, CVL03662	FOXG_12030P0		
OG0009049			CVK95398	FOXG_02725P0, FOXG_09666P0		
OG0009050			CVK95048, CVK99511	FOXG_08606P0		
OG0009051			CVK94941, CVK97654	FOXG_16519P0		
OG0009052			CVK96140, CVL00358	FOXG_10170P0		
OG0009053			CVK95883	FOXG_09988P0, FOXG_14891P0		
OG0009054			CVK95882	FOXG_03856P0, FOXG_09989P0		
OG0009055			CVK94888, CVK98908	FOXG_16486P0		
OG0009056			CVK96197, CVK97507	FOXG_04076P0		
OG0009057			CVK95366, CVL07687	FOXG_09647P0		
OG0009058			CVK94933	FOXG_14851P0, FOXG_15885P0		
OG0009059			CVK96072, CVL04093	FOXG_12299P0		
OG0009060			CVK97720, CVK97721	FOXG_13529P0		
OG0009061			CVK96626, CVL02642	FOXG_10968P0		
OG0009062			CVK96813, CVL05018	FOXG_11811P0		
OG0009063			CVK97666	FOXG_13480P0, FOXG_14753P0		
OG0009064			CVK96783, CVK96784	FOXG_04507P0		
OG0009065			CVK97573, CVL07148	FOXG_04027P0		
OG0009066			CVK97449, CVK97451	FOXG_04110P0		
OG0009067			CVK97401, CVL07255, CVL09209			
OG0009068			CVK96623, CVL03722	FOXG_12063P0		
OG0009069			CVK96632, CVL02194	FOXG_10758P0		
OG0009070			CVK97713, CVL07588	FOXG_13521P0		
OG0009071			CVK96801, CVL03452	FOXG_11934P0		
OG0009072			CVK96582	FOXG_04656P0, FOXG_17173P0		
OG0009073			CVK97694, CVL04960	FOXG_11849P0		
OG0009074			CVK96543	FOXG_04672P0, FOXG_14996P0		
OG0009075			CVK96730, CVK97943	FOXG_17397P0		
OG0009076			CVK96644	FOXG_04615P0, FOXG_11866P0		
OG0009077			CVK97679, CVK98799	FOXG_15780P0		
OG0009078			CVK96645	FOXG_04614P0, FOXG_12008P0		
OG0009079			CVK96989, CVK98100	FOXG_04375P0		
OG0009080			CVK97435	FOXG_04118P0		EDO04688
OG0009081			CVK96693, CVL07389	FOXG_04568P0		
OG0009082			CVK97114, CVL07422	FOXG_04304P0		
OG0009083			CVK97074, CVL06903	FOXG_04322P0		
OG0009084			CVK96735, CVL09175	FOXG_04544P0		
OG0009085			CVK96858	FOXG_04459P0, FOXG_17456P0		
OG0009086			CVK97543	FOXG_04045P0	RKF79286	
OG0009087			CVK97546, CVL09304	FOXG_04043P0		
OG0009088			CVK97712	FOXG_13100P0, FOXG_13520P0		
OG0009089			CVK97568	FOXG_02624P0, FOXG_04024P0		
OG0009090			CVK97567	FOXG_02629P0, FOXG_04023P0		
OG0009091			CVK96658	FOXG_04584P0, FOXG_08878P0		
OG0009092			CVK97728, CVL08822	FOXG_14754P0		
OG0009093			CVK97441, CVL08416	FOXG_15789P0		
OG0009094			CVK96648	FOXG_02718P0, FOXG_04611P0		
OG0009095			CVK98326	FOXG_10651P0, FOXG_13774P0		
OG0009096			CVK97955, CVL08973	FOXG_17533P0		
OG0009097			CVK98180, CVK98182	FOXG_13688P0		
OG0009098			CVK98073	FOXG_13632P0, FOXG_15836P0		
OG0009099			CVK98916	FOXG_12964P0, FOXG_15250P0		
OG0009100			CVK98802, CVL08961	FOXG_13563P0		
OG0009101			CVK98743, CVL00862	FOXG_09199P0		
OG0009102			CVK98819	FOXG_15798P0, FOXG_17574P0		
OG0009103			CVK98871, CVL06371	FOXG_15817P0		
OG0009104			CVK98744, CVK98746	FOXG_15766P0		
OG0009105			CVK98778	FOXG_15771P0		EDO01364
OG0009106			CVK98076	FOXG_14830P0		EDN99461
OG0009107			CVK98224	FOXG_13709P0		EDO00848
OG0009108			CVK98046	FOXG_13621P0		EDN94475
OG0009109			CVK97925, CVL04730	FOXG_17378P0		
OG0009110			CVK97928, CVL04729	FOXG_17377P0		
OG0009111			CVK98815	FOXG_15796P0		EDN99298
OG0009112			CVK98008	FOXG_13590P0		EDN97575
OG0009113			CVK98917, CVL08080	FOXG_02769P0		
OG0009114			CVK97921, CVL07615	FOXG_16872P0		
OG0009115			CVK98645	FOXG_15703P0		EDN95384
OG0009116			CVK98160, CVL07547	FOXG_13672P0		
OG0009117			CVK98188, CVL08761	FOXG_13691P0		
OG0009118			CVK99189	FOXG_14450P0, FOXG_15030P0		
OG0009119			CVK99437, CVL05453	FOXG_08687P0		
OG0009120			CVK99332, CVK99415	FOXG_08776P0		
OG0009121			CVK99473, CVL06257	FOXG_08649P0		
OG0009122			CVK99472, CVL07265	FOXG_08650P0		
OG0009123			CVK99337	FOXG_08772P0		EDN99495
OG0009124			CVK99391, CVL07094	FOXG_08720P0		
OG0009125			CVK99222, CVL01797	FOXG_10451P0		
OG0009126			CVK99285, CVL00498	FOXG_09007P0		
OG0009127			CVL00104, CVL07954	FOXG_08231P0		
OG0009128			CVK99476, CVL03390	FOXG_08647P0		
OG0009129			CVK99458	FOXG_08662P0, FOXG_08663P0		
OG0009130			CVL01189	FOXG_09427P0		EDN90841
OG0009131			CVL00273, CVL08094	FOXG_14763P0		
OG0009132			CVL00512, CVL00519, CVL00533			
OG0009133			CVL00469, CVL02717	FOXG_11043P0		
OG0009134			CVL00645, CVL02577	FOXG_09073P0		
OG0009135			CVL00400, CVL06690	FOXG_14534P0		
OG0009136			CVL00291, CVL01171	FOXG_09409P0		
OG0009137			CVL00609, CVL00649	FOXG_09055P0		
OG0009138			CVL00900, CVL08527	FOXG_09221P0		
OG0009139			CVL00312	FOXG_08889P0, FOXG_10734P0		
OG0009140			CVL00362, CVL09336	FOXG_08924P0		
OG0009141			CVL01119	FOXG_09357P0		EDO03631
OG0009142			CVL00442, CVL05037	FOXG_11801P0		
OG0009143			CVL00745, CVL07302	FOXG_09129P0		
OG0009144			CVL00548	FOXG_09022P0, FOXG_09023P0		
OG0009145			CVL00741, CVL06790	FOXG_14599P0		
OG0009146			CVL01992, CVL02083	FOXG_10699P0		
OG0009147			CVL02226, CVL06362	FOXG_15184P0		
OG0009148			CVL02064	FOXG_00994P0, FOXG_14864P0		
OG0009149			CVL02283, CVL06936	FOXG_10803P0		
OG0009150			CVL02045, CVL08352	FOXG_10669P0		
OG0009151			CVL02027, CVL03427	FOXG_10656P0		
OG0009152			CVL01630	FOXG_10354P0, FOXG_14908P0		
OG0009153			CVL01672	FOXG_10376P0, FOXG_17222P0		
OG0009154			CVL01503	FOXG_10277P0, FOXG_10776P0		
OG0009155			CVL01694, CVL08249	FOXG_10387P0		
OG0009156			CVL02266, CVL06987	FOXG_10795P0		
OG0009157			CVL02134	FOXG_10727P0, FOXG_17115P0		
OG0009158			CVL01856	FOXG_10123P0, FOXG_10492P0		
OG0009159			CVL02247, CVL06308	FOXG_15277P0		
OG0009160			CVL01722, CVL06937	FOXG_10405P0		
OG0009161			CVL02026, CVL06127	FOXG_10657P0		
OG0009162			CVL02069, CVL08400	FOXG_02539P0		
OG0009163			CVL02047, CVL07318	FOXG_10671P0		
OG0009164			CVL01571, CVL08174, CVL08216			
OG0009165			CVL02087, CVL04438	FOXG_10703P0		
OG0009166			CVL02716	FOXG_02637P0, FOXG_11044P0		
OG0009167			CVL02857, CVL08247	FOXG_11104P0		
OG0009168			CVL02656	FOXG_08897P0, FOXG_11888P0		
OG0009169			CVL02555	FOXG_10822P0, FOXG_10892P0		
OG0009170			CVL02611	FOXG_10950P0, FOXG_17644P0		
OG0009171			CVL02485, CVL06158	FOXG_15355P0		
OG0009172			CVL02601	FOXG_04621P0, FOXG_10944P0		
OG0009173			CVL02999	FOXG_11179P0, FOXG_16491P0		
OG0009174			CVL02782, CVL07629	FOXG_16898P0		
OG0009175			CVL02499, CVL07169	FOXG_10848P0		
OG0009176			CVL02527, CVL03624	FOXG_12006P0		
OG0009177			CVL02659	FOXG_10980P0, FOXG_10982P0		
OG0009178			CVL02702	FOXG_11021P0		EDN91358
OG0009179			CVL02661	FOXG_10984P0		EDN99244
OG0009180			CVL03237	FOXG_11313P0	RKF79366	
OG0009181			CVL02875, CVL06461	FOXG_11114P0		
OG0009182			CVL04133	FOXG_05646P0, FOXG_12335P0		
OG0009183			CVL03488, CVL06665	FOXG_14518P0		
OG0009184			CVL03836, CVL06486	FOXG_12122P0		
OG0009185			CVL03366, CVL07532	FOXG_11920P0		
OG0009186			CVL04201, CVL04202	FOXG_12360P0		
OG0009187			CVL03600	FOXG_11993P0, FOXG_17545P0		
OG0009188			CVL04222, CVL08776	FOXG_16798P0		
OG0009189			CVL03778, CVL03781	FOXG_12099P0		
OG0009190			CVL04098, CVL04469	FOXG_11442P0		
OG0009191			CVL04187, CVL08688, CVL08690			
OG0009192			CVL03701, CVL07482	FOXG_12053P0		
OG0009193			CVL04219	FOXG_04555P0, FOXG_12378P0		
OG0009194			CVL04073	FOXG_12278P0, FOXG_17656P0		
OG0009195			CVL04153	FOXG_12355P0		EDN98173
OG0009196			CVL03682, CVL03683	FOXG_12041P0		
OG0009197			CVL03929, CVL06404	FOXG_15210P0		
OG0009198			CVL03727	FOXG_10733P0, FOXG_12067P0		
OG0009199			CVL03644, CVL05123	FOXG_11875P0		
OG0009200			CVL03865	FOXG_12134P0		EDO02148
OG0009201			CVL04247	FOXG_12398P0		EDO01120
OG0009202			CVL03408, CVL03490	FOXG_11903P0		
OG0009203			CVL03404	FOXG_11901P0		EDN98678
OG0009204			CVL04152	FOXG_12354P0		EDN98172
OG0009205			CVL03854	FOXG_10919P0, FOXG_12130P0		
OG0009206			CVL04173, CVL07166	FOXG_17294P0		
OG0009207			CVL04233	FOXG_02642P0, FOXG_12389P0		
OG0009208			CVL04951, CVL06808	FOXG_11853P0		
OG0009209			CVL05137	FOXG_15578P0, FOXG_16037P0		
OG0009210			CVL04850	FOXG_09935P0, FOXG_11707P0		
OG0009211			CVL05034, CVL05058	FOXG_11803P0		
OG0009212			CVL04699, CVL07418	FOXG_11630P0		
OG0009213			CVL04515	FOXG_05933P0, FOXG_11471P0		
OG0009214			CVL04668	FOXG_11600P0, FOXG_11602P0		
OG0009215			CVL05038	FOXG_11800P0		EDN98107
OG0009216			CVL04792	FOXG_11672P0		EDN96083
OG0009217			CVL04658, CVL08809	FOXG_11590P0		
OG0009218			CVL04995	FOXG_10852P0, FOXG_11825P0		
OG0009219			CVL05798, CVL06627	FOXG_14497P0		
OG0009220			CVL05649, CVL05650	FOXG_12788P0		
OG0009221			CVL05790, CVL05791	FOXG_12702P0		
OG0009222			CVL05505, CVL05522	FOXG_12857P0		
OG0009223			CVL05389, CVL07601	FOXG_12926P0		
OG0009224			CVL05286	FOXG_08873P0, FOXG_13032P0		
OG0009225			CVL05324, CVL05325	FOXG_13009P0		
OG0009226			CVL05269, CVL09062, CVL09366			
OG0009227			CVL05771, CVL07243	FOXG_12716P0		
OG0009228			CVL05535	FOXG_12850P0		EDN95383
OG0009229			CVL05542	FOXG_12847P0, FOXG_17447P0		
OG0009230			CVL05356, CVL06009	FOXG_15484P0		
OG0009231			CVL06072, CVL06074	FOXG_15421P0		
OG0009232			CVL06154, CVL08717	FOXG_15357P0		
OG0009233			CVL06116	FOXG_07403P0, FOXG_15386P0		
OG0009234			CVL06219	FOXG_15330P0, FOXG_17006P0		
OG0009235			CVL06186, CVL06188	FOXG_15343P0		
OG0009236			CVL06241	FOXG_11869P0, FOXG_15312P0		
OG0009237			CVL06432	FOXG_15228P0, FOXG_15871P0		
OG0009238			CVL06071	FOXG_02822P0, FOXG_15422P0		
OG0009239			CVL06245	FOXG_13547P0, FOXG_15310P0		
OG0009240			CVL06450	FOXG_15238P0, FOXG_17240P0		
OG0009241			CVL06297, CVL08556	FOXG_15271P0		
OG0009242			CVL06915	FOXG_07043P0, FOXG_14712P0		
OG0009243			CVL06699, CVL07892	FOXG_14537P0		
OG0009244			CVL06642, CVL09369	FOXG_14507P0		
OG0009245			CVL06918	FOXG_07071P0, FOXG_14714P0		
OG0009246			CVL06687	FOXG_14533P0, FOXG_15748P0		
OG0009247			CVL06713, CVL07194	FOXG_14549P0		
OG0009248			CVL06702	FOXG_14540P0		EDN96867
OG0009249			CVL06821	FOXG_13531P0, FOXG_14629P0		
OG0009250			CVL07257, CVL08859	FOXG_15941P0		
OG0009251			CVL07279, CVL07714	FOXG_16815P0		
OG0009252			CVL07688, CVL08743	FOXG_17403P0		
OG0009253			CVL07470	FOXG_04818P0, FOXG_10731P0		
OG0009254			CVL07393, CVL08792	FOXG_16856P0		
OG0009255			CVL07660, CVL07661	FOXG_16917P0		
OG0009256			CVL07423	FOXG_14663P0, FOXG_17177P0		
OG0009257			CVL07551, CVL07640	FOXG_16888P0		
OG0009258			CVL07391, CVL07659	FOXG_16916P0		
OG0009259			CVL07457	FOXG_04854P0, FOXG_17163P0		
OG0009260			CVL07653	FOXG_14624P0, FOXG_16875P0		
OG0009261			CVL07947	FOXG_02168P0, FOXG_02687P0		
OG0009262			CVL07834, CVL08890	FOXG_02659P0		
OG0009263			CVL07928, CVL08384	FOXG_02698P0		
OG0009264			CVL08052, CVL08731	FOXG_17416P0		
OG0009265			CVL08130	FOXG_12494P0, FOXG_14045P0		
OG0009266			CVL08104, CVL09350	FOXG_14768P0		
OG0009267			CVL08553	FOXG_02617P0, FOXG_10863P0		
OG0009268			CVL08309	FOXG_02498P0		EDO01142
OG0009269			CVL08436	FOXG_03863P0, FOXG_06962P0		
OG0009270			CVL08450	FOXG_02565P0, FOXG_02820P0		
OG0009271			CVL08414, CVL08800	FOXG_16847P0		
OG0009272			CVL08795	FOXG_03552P0, FOXG_16853P0		
OG0009273			CVL08851, CVL09367	FOXG_17759P0		
OG0009274			CVL08865, CVL08872, CVL09237			
OG0009275			CVL08944	FOXG_13552P0, FOXG_15838P0		
OG0009276			CVL09095, CVL09236	FOXG_07082P0		
OG0009277			CVL09108	FOXG_14926P0, FOXG_16451P0		
OG0009278			CVL09390	FOXG_16685P0, FOXG_16748P0		
OG0009279			CVL09426	FOXG_07070P0, FOXG_14857P0		
OG0009280				FOXG_06568P0, FOXG_06694P0, FOXG_07258P0		
OG0009281				FOXG_06931P0, FOXG_16079P0, FOXG_16299P0		
OG0009282				FOXG_01388P0, FOXG_15518P0, FOXG_15975P0		
OG0009283				FOXG_06811P0, FOXG_07371P0, FOXG_16395P0		
OG0009284				FOXG_06624P0, FOXG_06635P0, FOXG_07203P0		
OG0009285				FOXG_09990P0, FOXG_15571P0, FOXG_16030P0		
OG0009286				FOXG_14969P0, FOXG_14971P0, FOXG_17674P0		
OG0009287				FOXG_06594P0, FOXG_06665P0, FOXG_07231P0		
OG0009288				FOXG_14473P0, FOXG_14947P0, FOXG_15007P0		
OG0009289				FOXG_02519P0, FOXG_15612P0, FOXG_16068P0		
OG0009290				FOXG_06932P0, FOXG_16078P0, FOXG_16300P0		
OG0009291				FOXG_14478P0, FOXG_14807P0, FOXG_15002P0		
OG0009292				FOXG_01404P0, FOXG_15502P0, FOXG_15959P0		
OG0009293				FOXG_01814P0, FOXG_15558P0, FOXG_16016P0		
OG0009294				FOXG_12930P0, FOXG_14421P0, FOXG_15060P0		
OG0009295				FOXG_06619P0, FOXG_06639P0, FOXG_07207P0		
OG0009296				FOXG_02651P0, FOXG_07002P0, FOXG_13482P0		
OG0009297				FOXG_06906P0, FOXG_16105P0, FOXG_16274P0		
OG0009298				FOXG_06596P0, FOXG_06663P0, FOXG_07229P0		
OG0009299				FOXG_07019P0, FOXG_07437P0, FOXG_14965P0		
OG0009300				FOXG_06867P0, FOXG_16143P0, FOXG_16236P0		
OG0009301				FOXG_14389P0, FOXG_14896P0, FOXG_15093P0		
OG0009302				FOXG_06577P0, FOXG_06685P0, FOXG_07249P0		
OG0009303				FOXG_14380P0, FOXG_15102P0, FOXG_17515P0		
OG0009304				FOXG_06886P0, FOXG_16125P0, FOXG_16254P0		
OG0009305				FOXG_14441P0, FOXG_14911P0, FOXG_15040P0		
OG0009306				FOXG_11881P0, FOXG_14369P0, FOXG_15113P0		
OG0009307				FOXG_06551P0, FOXG_06711P0, FOXG_07275P0		
OG0009308				FOXG_13270P0, FOXG_14335P0, FOXG_15145P0		
OG0009309				FOXG_15532P0, FOXG_15989P0		EDO03458
OG0009310				FOXG_01391P0, FOXG_15515P0, FOXG_15972P0		
OG0009311				FOXG_01400P0, FOXG_15506P0, FOXG_15963P0		
OG0009312				FOXG_16190P0, FOXG_16191P0, FOXG_16757P0		
OG0009313				FOXG_01390P0, FOXG_15516P0, FOXG_15973P0		
OG0009314				FOXG_06896P0, FOXG_16114P0, FOXG_16264P0		
OG0009315				FOXG_01393P0, FOXG_15513P0, FOXG_15970P0		
OG0009316				FOXG_06832P0, FOXG_16179P0, FOXG_16201P0		
OG0009317				FOXG_06841P0, FOXG_16170P0, FOXG_16210P0		
OG0009318				FOXG_14477P0, FOXG_15003P0, FOXG_15928P0		
OG0009319				FOXG_06559P0, FOXG_06703P0, FOXG_07267P0		
OG0009320				FOXG_06573P0, FOXG_06689P0, FOXG_07253P0		
OG0009321				FOXG_14465P0, FOXG_15015P0, FOXG_15881P0		
OG0009322				FOXG_01401P0, FOXG_15505P0, FOXG_15962P0		
OG0009323				FOXG_06822P0, FOXG_07151P0, FOXG_17435P0		
OG0009324				FOXG_12481P0, FOXG_12482P0, FOXG_14057P0		
OG0009325				FOXG_07181P0	RKF54386, RKF77539	
OG0009326				FOXG_06622P0, FOXG_06637P0, FOXG_07205P0		
OG0009327				FOXG_06599P0, FOXG_06660P0, FOXG_07226P0		
OG0009328				FOXG_11880P0, FOXG_14368P0, FOXG_15114P0		
OG0009329				FOXG_14976P0, FOXG_15539P0, FOXG_15996P0		
OG0009330				FOXG_06585P0, FOXG_06674P0, FOXG_07241P0		
OG0009331				FOXG_06576P0, FOXG_06686P0, FOXG_07250P0		
OG0009332				FOXG_14352P0, FOXG_15130P0, FOXG_15325P0		
OG0009333				FOXG_04557P0, FOXG_14419P0, FOXG_15062P0		
OG0009334				FOXG_06614P0, FOXG_06644P0, FOXG_07212P0		
OG0009335				FOXG_06574P0, FOXG_06688P0, FOXG_07252P0		
OG0009336				FOXG_12457P0, FOXG_14080P0, FOXG_14710P0		
OG0009337				FOXG_06871P0, FOXG_16139P0, FOXG_16240P0		
OG0009338				FOXG_14241P0, FOXG_15585P0, FOXG_16044P0		
OG0009339				FOXG_05643P0, FOXG_05644P0, FOXG_10161P0		
OG0009340				FOXG_14981P0, FOXG_15534P0, FOXG_15991P0		
OG0009341				FOXG_06623P0, FOXG_06636P0, FOXG_07204P0		
OG0009342				FOXG_14620P0, FOXG_14623P0, FOXG_15832P0		
OG0009343				FOXG_14850P0, FOXG_15886P0		EDN94600
OG0009344				FOXG_14459P0, FOXG_15021P0, FOXG_15877P0		
OG0009345				FOXG_06895P0, FOXG_16115P0, FOXG_16263P0		
OG0009346				FOXG_01333P0, FOXG_05752P0, FOXG_13030P0		
OG0009347				FOXG_14388P0, FOXG_14898P0, FOXG_15094P0		
OG0009348				FOXG_01402P0, FOXG_15504P0, FOXG_15961P0		
OG0009349				FOXG_06890P0, FOXG_16120P0, FOXG_16258P0		
OG0009350				FOXG_06526P0, FOXG_07298P0, FOXG_16324P0		
OG0009351				FOXG_16667P0, FOXG_16730P0, FOXG_17698P0		
OG0009352				FOXG_12499P0, FOXG_14040P0, FOXG_14797P0		
OG0009353				FOXG_14359P0, FOXG_15123P0, FOXG_17597P0		
OG0009354				FOXG_16434P0, FOXG_17089P0, FOXG_17329P0		
OG0009355				FOXG_11233P0, FOXG_12529P0, FOXG_14010P0		
OG0009356				FOXG_14348P0, FOXG_17691P0, FOXG_17692P0		
OG0009357				FOXG_06846P0, FOXG_16166P0, FOXG_16214P0		
OG0009358				FOXG_06861P0, FOXG_16149P0, FOXG_16230P0		
OG0009359				FOXG_09812P0, FOXG_12412P0, FOXG_14125P0		
OG0009360				FOXG_12634P0, FOXG_13956P0, FOXG_17041P0		
OG0009361				FOXG_06905P0, FOXG_14821P0, FOXG_16273P0		
OG0009362				FOXG_12528P0, FOXG_14011P0, FOXG_15476P0		
OG0009363				FOXG_15544P0, FOXG_16002P0, FOXG_17436P0		
OG0009364				FOXG_05590P0, FOXG_16710P0, FOXG_16777P0		
OG0009365				FOXG_06621P0, FOXG_06638P0, FOXG_07206P0		
OG0009366				FOXG_15550P0, FOXG_16008P0, FOXG_17237P0		
OG0009367				FOXG_15747P0, FOXG_16692P0, FOXG_16756P0		
OG0009368				FOXG_14319P0, FOXG_14942P0, FOXG_15161P0		
OG0009369				FOXG_01394P0, FOXG_15512P0, FOXG_15969P0		
OG0009370				FOXG_06611P0, FOXG_06648P0, FOXG_07216P0		
OG0009371				FOXG_06831P0, FOXG_16180P0, FOXG_16200P0		
OG0009372				FOXG_15527P0, FOXG_15860P0, FOXG_15984P0		
OG0009373				FOXG_15521P0, FOXG_15978P0, FOXG_17537P0		
OG0009374				FOXG_14476P0, FOXG_15004P0, FOXG_15927P0		
OG0009375				FOXG_02985P0, FOXG_17712P0		EDN98640
OG0009376				FOXG_14363P0, FOXG_15119P0, FOXG_15852P0		
OG0009377				FOXG_06571P0, FOXG_06691P0, FOXG_07255P0		
OG0009378				FOXG_12533P0, FOXG_14006P0, FOXG_14286P0		
OG0009379				FOXG_15557P0, FOXG_16015P0		EDO03268
OG0009380				FOXG_06618P0, FOXG_06640P0, FOXG_07208P0		
OG0009381				FOXG_06529P0, FOXG_14826P0, FOXG_16322P0		
OG0009382				FOXG_12445P0, FOXG_14092P0, FOXG_14244P0		
OG0009383				FOXG_02865P0, FOXG_02867P0, FOXG_17688P0		
OG0009384				FOXG_13271P0, FOXG_14336P0, FOXG_15144P0		
OG0009385				FOXG_07103P0, FOXG_14447P0, FOXG_15033P0		
OG0009386				FOXG_01399P0, FOXG_15507P0, FOXG_15964P0		
OG0009387				FOXG_07030P0, FOXG_07169P0, FOXG_16345P0		
OG0009388				FOXG_01389P0, FOXG_15517P0, FOXG_15974P0		
OG0009389				FOXG_14929P0, FOXG_17098P0, FOXG_17319P0		
OG0009390					RKF54001, RKF71083, RKF84063	
OG0009391					RKF65737, RKF71100, RKF84054	
OG0009392					RKF62963, RKF77786, RKF84019	
OG0009393					RKF54996, RKF54999, RKF83854	
OG0009394					RKF71471, RKF81270, RKF83832	
OG0009395					RKF79811, RKF82096, RKF83813	
OG0009396					RKF58361, RKF61637, RKF83643	
OG0009397					RKF61111, RKF61116, RKF83634	
OG0009398					RKF55507, RKF83611, RKF83620	
OG0009399					RKF53636, RKF62191, RKF83331	
OG0009400					RKF53860, RKF65520, RKF83071	
OG0009401					RKF66744, RKF81777, RKF82850	
OG0009402					RKF58843, RKF77001, RKF82834	
OG0009403					RKF71141, RKF80127, RKF82147	
OG0009404					RKF60071, RKF61057, RKF81973	
OG0009405					RKF50292, RKF81008, RKF81858	
OG0009406					RKF53846, RKF78494, RKF80351	
OG0009407					RKF62250, RKF72079, RKF79717	
OG0009408					RKF54867, RKF57688, RKF79161	
OG0009409					RKF53149, RKF53571, RKF78669	
OG0009410					RKF62665, RKF63845, RKF78648	
OG0009411					RKF54122, RKF76846, RKF78511	
OG0009412					RKF66811, RKF66814, RKF78450	
OG0009413					RKF55572, RKF76264, RKF76738	
OG0009414					RKF64459, RKF65357, RKF75496	
OG0009415					RKF51390, RKF59381, RKF75137	
OG0009416					RKF53857, RKF65856, RKF66817	
OG0009417					RKF55339, RKF58307, RKF66044	
OG0009418					RKF56799, RKF61911, RKF64983	
OG0009419					RKF46090, RKF46091, RKF64126	
OG0009420						EDN93483, EDN93650, EDO00501
OG0009421						EDN93436, EDN93657, EDN95909
OG0009422						EDN98229, EDN99448, EDO00172
OG0009423						EDN98165, EDO00151, EDO04758
OG0009424	BLGH_06605-mRNA-1, BLGH_06615-mRNA-1					
OG0009425	BLGH_06908-mRNA-1				RKF75726	
OG0009426	BLGH_04775-mRNA-1				RKF58296	
OG0009427	BLGH_02953-mRNA-1, BLGH_07064-mRNA-1					
OG0009428	BLGH_05154-mRNA-1				RKF82762	
OG0009429	BLGH_00085-mRNA-1		CVK98439			
OG0009430	BLGH_00204-mRNA-1				RKF83126	
OG0009431	BLGH_00252-mRNA-1				RKF60907	
OG0009432	BLGH_00346-mRNA-1	Bcin02p03440.1				
OG0009433	BLGH_00369-mRNA-1				RKF66857	
OG0009434	BLGH_00383-mRNA-1				RKF81981	
OG0009435	BLGH_00446-mRNA-1				RKF56561	
OG0009436	BLGH_00584-mRNA-1				RKF81356	
OG0009437	BLGH_00628-mRNA-1				RKF81180	
OG0009438	BLGH_00682-mRNA-1				RKF71331	
OG0009439	BLGH_05586-mRNA-1				RKF54325	
OG0009440	BLGH_01403-mRNA-1, BLGH_06327-mRNA-1					
OG0009441	BLGH_01592-mRNA-1				RKF74132	
OG0009442	BLGH_01648-mRNA-1				RKF78291	
OG0009443	BLGH_01776-mRNA-1				RKF54480	
OG0009444	BLGH_01781-mRNA-1				RKF83522	
OG0009445	BLGH_01831-mRNA-1				RKF81956	
OG0009446	BLGH_01899-mRNA-1				RKF79544	
OG0009447	BLGH_01945-mRNA-1				RKF63592	
OG0009448	BLGH_01956-mRNA-1				RKF82938	
OG0009449	BLGH_04391-mRNA-1, BLGH_04395-mRNA-1					
OG0009450	BLGH_04425-mRNA-1				RKF62009	
OG0009451	BLGH_04427-mRNA-1, BLGH_04446-mRNA-1					
OG0009452	BLGH_04432-mRNA-1				RKF60891	
OG0009453	BLGH_04485-mRNA-1				RKF58905	
OG0009454	BLGH_04537-mRNA-1				RKF64464	
OG0009455	BLGH_06509-mRNA-1				RKF84062	
OG0009456	BLGH_06833-mRNA-1	Bcin09p02510.1				
OG0009457	BLGH_02676-mRNA-1, BLGH_06433-mRNA-1					
OG0009458	BLGH_02703-mRNA-1				RKF83842	
OG0009459	BLGH_02751-mRNA-1				RKF78746	
OG0009460	BLGH_02756-mRNA-1				RKF62080	
OG0009461	BLGH_02793-mRNA-1				RKF71408	
OG0009462	BLGH_02842-mRNA-1				RKF59211	
OG0009463	BLGH_02874-mRNA-1				RKF64243	
OG0009464	BLGH_02918-mRNA-1, BLGH_02919-mRNA-1					
OG0009465	BLGH_03022-mRNA-1, BLGH_03023-mRNA-1					
OG0009466	BLGH_03058-mRNA-1				RKF53496	
OG0009467	BLGH_06364-mRNA-1				RKF61362	
OG0009468	BLGH_06382-mRNA-1				RKF54477	
OG0009469	BLGH_05441-mRNA-1, BLGH_05448-mRNA-1					
OG0009470	BLGH_05509-mRNA-1, BLGH_05511-mRNA-1					
OG0009471	BLGH_05538-mRNA-1	Bcin14p04920.1				
OG0009472	BLGH_06284-mRNA-1, BLGH_06285-mRNA-1					
OG0009473	BLGH_05222-mRNA-1				RKF65885	
OG0009474	BLGH_05223-mRNA-1				RKF76455	
OG0009475	BLGH_05251-mRNA-1				RKF53318	
OG0009476	BLGH_05321-mRNA-1, BLGH_05322-mRNA-1					
OG0009477	BLGH_04066-mRNA-1, BLGH_06911-mRNA-1					
OG0009478	BLGH_06931-mRNA-1				RKF75997	
OG0009479	BLGH_06437-mRNA-1, BLGH_06438-mRNA-1					
OG0009480	BLGH_05940-mRNA-1				RKF79671	
OG0009481	BLGH_03181-mRNA-1				RKF83882	
OG0009482	BLGH_03214-mRNA-1, BLGH_03215-mRNA-1					
OG0009483	BLGH_03256-mRNA-1				RKF55925	
OG0009484	BLGH_03324-mRNA-1				RKF53922	
OG0009485	BLGH_03404-mRNA-1				RKF83625	
OG0009486	BLGH_03424-mRNA-1				RKF80107	
OG0009487	BLGH_06009-mRNA-1				RKF62786	
OG0009488	BLGH_06020-mRNA-1				RKF56642	
OG0009489	BLGH_06081-mRNA-1				RKF82917	
OG0009490	BLGH_04043-mRNA-1, BLGH_04060-mRNA-1					
OG0009491	BLGH_04077-mRNA-1				RKF76008	
OG0009492	BLGH_04102-mRNA-1, BLGH_04108-mRNA-1					
OG0009493	BLGH_04112-mRNA-1				RKF80768	
OG0009494	BLGH_04308-mRNA-1				RKF64214	
OG0009495	BLGH_02331-mRNA-1, BLGH_04332-mRNA-1					
OG0009496	BLGH_00853-mRNA-1, BLGH_06941-mRNA-1					
OG0009497	BLGH_06770-mRNA-1				RKF72981	
OG0009498	BLGH_06797-mRNA-1				RKF55006	
OG0009499	BLGH_06207-mRNA-1, BLGH_06208-mRNA-1					
OG0009500	BLGH_04937-mRNA-1, BLGH_04938-mRNA-1					
OG0009501	BLGH_04958-mRNA-1				RKF63159	
OG0009502	BLGH_04984-mRNA-1				RKF81621	
OG0009503	BLGH_05715-mRNA-1, BLGH_05716-mRNA-1					
OG0009504	BLGH_05725-mRNA-1				RKF78525	
OG0009505	BLGH_05742-mRNA-1				RKF71982	
OG0009506	BLGH_05810-mRNA-1				RKF79494	
OG0009507	BLGH_06670-mRNA-1, BLGH_06688-mRNA-1					
OG0009508	BLGH_06674-mRNA-1				RKF53586	
OG0009509	BLGH_00843-mRNA-1, BLGH_02132-mRNA-1					
OG0009510	BLGH_02194-mRNA-1, BLGH_03905-mRNA-1					
OG0009511	BLGH_02199-mRNA-1				RKF66777	
OG0009512	BLGH_02332-mRNA-1				RKF83004	
OG0009513	BLGH_02415-mRNA-1, BLGH_02416-mRNA-1					
OG0009514	BLGH_02439-mRNA-1, BLGH_02441-mRNA-1					
OG0009515	BLGH_02478-mRNA-1				RKF79906	
OG0009516	BLGH_02563-mRNA-1				RKF57029	
OG0009517	BLGH_02601-mRNA-1				RKF60814	
OG0009518	BLGH_02610-mRNA-1, BLGH_02611-mRNA-1					
OG0009519	BLGH_00743-mRNA-1				RKF76553	
OG0009520	BLGH_00836-mRNA-1				RKF79499	
OG0009521	BLGH_00850-mRNA-1, BLGH_00851-mRNA-1					
OG0009522	BLGH_00907-mRNA-1				RKF66786	
OG0009523	BLGH_00968-mRNA-1				RKF83613	
OG0009524	BLGH_00973-mRNA-1				RKF58428	
OG0009525	BLGH_01002-mRNA-1				RKF83014	
OG0009526	BLGH_01090-mRNA-1				RKF73799	
OG0009527	BLGH_01104-mRNA-1				RKF78995	
OG0009528	BLGH_01301-mRNA-1	Bcin02p08190.1				
OG0009529	BLGH_01309-mRNA-1				RKF71110	
OG0009530	BLGH_03673-mRNA-1, BLGH_03677-mRNA-1					
OG0009531	BLGH_03854-mRNA-1				RKF57986	
OG0009532	BLGH_03863-mRNA-1				RKF78903	
OG0009533	BLGH_03897-mRNA-1				RKF77931	
OG0009534	BLGH_03939-mRNA-1, BLGH_03952-mRNA-1					
OG0009535		Bcin03g01240.1				EDN91367
OG0009536		Bcin03g06640.1				EDN90724
OG0009537		Bcin05g03350.1, Bcin05g03350.2				
OG0009538		Bcin05g04100.1				EDO03653
OG0009539		Bcin07g00860.1				EDN95336
OG0009540		Bcin07g01950.1				EDN97148
OG0009541		Bcin08g01950.1, Bcin08g01950.2				
OG0009542		Bcin11g00300.1				EDO00537
OG0009543		Bcin11g01130.1				EDN96332
OG0009544		Bcin11g01140.1				EDN96330
OG0009545		Bcin11g01170.1				EDN96327
OG0009546		Bcin11g01320.1				EDN96309
OG0009547		Bcin11g05670.1				EDN96355
OG0009548		Bcin12g03780.1				EDN92529
OG0009549		Bcin14g02880.1				EDN91514
OG0009550		Bcin15g02160.1, Bcin15g02160.2				
OG0009551		Bcin06p03500.1				EDN93544
OG0009552		Bcin03p01220.1, Bcin14p03300.1				
OG0009553		Bcin14p00230.1				EDN91653
OG0009554		Bcin03p01870.1, Bcin04p06440.1				
OG0009555		Bcin07p03110.1				EDN97048
OG0009556		Bcin01p00050.1				EDN93370
OG0009557		Bcin07p01110.1				EDN97615
OG0009558		Bcin15p02740.1				EDN97702
OG0009559		Bcin07p00040.1				EDN95442
OG0009560		Bcin02p05430.1				EDN95210
OG0009561		Bcin11p06400.1				EDN96162
OG0009562		Bcin14p03130.1				EDN94421
OG0009563		Bcin10p00180.1	CVL00514			
OG0009564		Bcin10p04350.1	CVK96127			
OG0009565		Bcin07p01360.1				EDN96396
OG0009566		Bcin10p04930.1				EDN97577
OG0009567		Bcin07p00780.1				EDN95346
OG0009568		Bcin02p02620.1				EDN96681
OG0009569		Bcin02p09070.1, Bcin02p09070.2				
OG0009570		Bcin14p01160.1				EDN94238
OG0009571		Bcin09p01750.1				EDO02667
OG0009572		Bcin12p05400.1				EDN99253
OG0009573		Bcin05p04590.1				EDO03706
OG0009574		Bcin04p01090.1	CVL09207			
OG0009575		Bcin04p05760.1, Bcin04p05760.2				
OG0009576		Bcin04p05950.1			RKF83961	
OG0009577		Bcin12p05580.1, Bcin12p05580.2				
OG0009578		Bcin10p00080.1				EDO03330
OG0009579		Bcin09p05780.1				EDO03065
OG0009580		Bcin06p03730.1				EDN99831
OG0009581		Bcin09p04700.1, Bcin09p04700.2				
OG0009582		Bcin12p01470.1				EDN92385
OG0009583		Bcin07p02810.1				EDN97082
OG0009584		Bcin02p07970.1, Bcin02p07970.2				
OG0009585		Bcin06p01780.1				EDN99742
OG0009586		Bcin06p07250.1				EDO00158
OG0009587		Bcin10p02800.1				EDN97784
OG0009588		Bcin10p00980.1				EDO04994
OG0009589		Bcin06p00280.1				EDN93412
OG0009590		Bcin10p04840.1				EDN97593
OG0009591		Bcin03p00650.1				EDN91430
OG0009592		Bcin15p00520.1				EDO00825
OG0009593		Bcin14p05290.1, Bcin14p05300.1				
OG0009594		Bcin03p00350.1				EDN94207
OG0009595		Bcin06p06290.1				EDO00409
OG0009596		Bcin16p02930.1, Bcin16p04030.1				
OG0009597		Bcin03p00320.1				EDN94205
OG0009598		Bcin16p05150.1, Bcin16p05150.2				
OG0009599		Bcin10p05580.1				EDO04661
OG0009600		Bcin15p05170.1	CVL07118			
OG0009601		Bcin08p01850.1				EDO00950
OG0009602		Bcin06p02600.1				EDN93598
OG0009603		Bcin07p02250.1				EDN97113
OG0009604		Bcin06p01350.1				EDN99788
OG0009605		Bcin14p00150.1				EDN91662
OG0009606		Bcin01p08450.1				EDO02238
OG0009607		Bcin10p01930.1				EDO04792
OG0009608		Bcin11p02150.1, Bcin11p02150.2				
OG0009609		Bcin06p01630.1				EDN99754
OG0009610		Bcin04p06520.1, Bcin05p00290.1				
OG0009611		Bcin11p01010.1, Bcin11p01010.2				
OG0009612		Bcin09p04900.1, Bcin09p04900.2				
OG0009613		Bcin07p02160.1				EDN97122
OG0009614		Bcin05p01370.1				EDO03452
OG0009615		Bcin08p00980.1				EDO01041
OG0009616		Bcin05p06660.1				EDN96149
OG0009617		Bcin10p00100.1, Bcin10p00730.1				
OG0009618		Bcin12p03840.1				EDN92537
OG0009619		Bcin10p05200.1				EDO04595
OG0009620		Bcin06p00190.1				EDN93422
OG0009621		Bcin09p05500.1				EDO03019
OG0009622		Bcin05p02770.1				EDO03284
OG0009623		Bcin03p02220.1				EDN91155
OG0009624		Bcin12p03670.1				EDN92515
OG0009625		Bcin10p02780.1				EDN97782
OG0009626		Bcin02p09380.1, Bcin04p02390.1				
OG0009627		Bcin02p04410.2, Bcin02p04410.3				
OG0009628		Bcin05p00470.1, Bcin05p00470.2				
OG0009629		Bcin04p06830.1, Bcin04p06830.2				
OG0009630		Bcin06p03140.1				EDN99988
OG0009631		Bcin11p00920.1, Bcin11p00920.2				
OG0009632		Bcin16p03050.1, Bcin16p03050.2				
OG0009633		Bcin07p00650.1				EDN95355
OG0009634		Bcin16p00420.1				EDN99302
OG0009635		Bcin03p03610.1				EDN91102
OG0009636		Bcin06p03560.1				EDN99813
OG0009637		Bcin09p03290.1				EDO02778
OG0009638		Bcin08p01940.1				EDO00942
OG0009639		Bcin06p00930.1				EDN93309
OG0009640		Bcin06p00028.1, Bcin09p07090.1				
OG0009641		Bcin02p03720.1				EDN96525
OG0009642		Bcin01p08130.1				EDO02191
OG0009643		Bcin12p04800.1				EDN99176
OG0009644		Bcin16p03000.1, Bcin16p03000.2				
OG0009645		Bcin10p02510.1				EDO01077
OG0009646		Bcin02p04400.1				EDN96452
OG0009647		Bcin07p00060.1				EDN95438
OG0009648		Bcin09p07080.1, Bcin09p07080.2				
OG0009649		Bcin05p07710.1, Bcin05p07720.1				
OG0009650		Bcin11p05590.1				EDN96366
OG0009651		Bcin16p03010.1		FOXG_04575P0		
OG0009652		Bcin06p00250.1				EDN93415
OG0009653		Bcin12p01080.1				EDN92361
OG0009654		Bcin13p02810.1				EDN93708
OG0009655		Bcin02p00530.1, Bcin02p00530.2				
OG0009656		Bcin10p06130.1				EDO01066
OG0009657		Bcin12p04770.1, Bcin12p04770.2				
OG0009658		Bcin07p07090.1, Bcin07p07090.2				
OG0009659		Bcin14p03680.1, Bcin14p03680.2				
OG0009660		Bcin07p00950.1, Bcin15p04480.1				
OG0009661		Bcin01p02480.1				EDO01607
OG0009662		Bcin06p00150.1				EDN93427
OG0009663		Bcin09p03960.1				EDO02946
OG0009664		Bcin11p01090.1				EDN96661
OG0009665		Bcin03p01600.1				EDN91110
OG0009666		Bcin01p05880.1, Bcin01p05880.2				
OG0009667		Bcin09p05410.1				EDO03003
OG0009668		Bcin01p04820.1				EDO01895
OG0009669		Bcin02p04340.1				EDN96457
OG0009670		Bcin07p05390.1, Bcin07p05390.2				
OG0009671		Bcin03p05570.1				EDN90878
OG0009672		Bcin01p01430.1, Bcin01p01430.2				
OG0009673		Bcin05p06230.1	CVL02510			
OG0009674		Bcin01p11560.1, Bcin11p06560.1				
OG0009675		Bcin11p01220.1				EDN96321
OG0009676		Bcin04p06800.1, Bcin04p06800.2				
OG0009677		Bcin06p02440.1				EDN99665
OG0009678		Bcin06p02660.1				EDN93588
OG0009679		Bcin11p05300.1, Bcin11p05310.1				
OG0009680		Bcin13p05470.1				EDN98554
OG0009681		Bcin01p11040.1				EDO02065
OG0009682		Bcin13p02320.1				EDN99515
OG0009683		Bcin03p09080.1, Bcin03p09080.2				
OG0009684		Bcin01p06180.1				EDO02031
OG0009685		Bcin10p00560.1				EDO04951
OG0009686		Bcin01p10080.1				EDO02094
OG0009687		Bcin05p01310.1, Bcin06p06710.1				
OG0009688		Bcin05p05830.1				EDN96004
OG0009689		Bcin15p02530.1, Bcin15p02530.2				
OG0009690		Bcin05p07970.1				EDN95883
OG0009691		Bcin02p00830.1				EDN98988
OG0009692		Bcin14p00630.1				EDN91603
OG0009693		Bcin06p00960.1				EDN93303
OG0009694		Bcin02p02560.1				EDN96675
OG0009695		Bcin13p05720.1				EDN98532
OG0009696		Bcin05p04370.1				EDO03664
OG0009697		Bcin03p04490.1, Bcin03p04490.2				
OG0009698		Bcin16p03330.1, Bcin16p03330.2				
OG0009699		Bcin09p04810.1				EDO02552
OG0009700		Bcin09p01110.1				EDO02469
OG0009701		Bcin01p03930.1				EDO01797
OG0009702		Bcin06p02490.1				EDN93606
OG0009703		Bcin08p00260.1				EDN97559
OG0009704		Bcin12p00240.1				EDO01161
OG0009705		Bcin09p02620.1				EDO02883
OG0009706		Bcin03p03980.1				EDN91058
OG0009707		Bcin11p05030.1				EDN96280
OG0009708		Bcin03p00330.1				EDN94210
OG0009709		Bcin01p08160.1				EDO02683
OG0009710		Bcin12p03450.1				EDN92681
OG0009711		Bcin01p00960.1				EDN98146
OG0009712		Bcin06p04270.1				EDN99898
OG0009713		Bcin09p02120.1				EDO02629
OG0009714		Bcin10p05350.1				EDO04627
OG0009715		Bcin08p06000.1, Bcin15p03050.1				
OG0009716		Bcin09p05460.1		FOXG_09849P0		
OG0009717		Bcin10p00380.1				EDO04920
OG0009718		Bcin01p03450.1				EDO01753
OG0009719		Bcin07p02210.1				EDN97115
OG0009720		Bcin14p03900.1				EDN94496
OG0009721		Bcin07p00140.1				EDN95429
OG0009722		Bcin16p03470.1, Bcin16p03470.2				
OG0009723		Bcin10p03070.1, Bcin10p03070.2				
OG0009724		Bcin13p03270.1				EDN93643
OG0009725		Bcin15p01780.1, Bcin15p01790.1				
OG0009726		Bcin09p05070.1				EDO02582
OG0009727		Bcin02p00015.1, Bcin02p00015.2				
OG0009728		Bcin13p02760.1				EDN99558
OG0009729		Bcin08p05440.1, Bcin13p02160.1				
OG0009730		Bcin01p00990.1				EDN98142
OG0009731		Bcin12p04050.1				EDN92643
OG0009732		Bcin15p05580.1, Bcin15p05580.2				
OG0009733		Bcin06p00690.1				EDN93349
OG0009734		Bcin12p00090.1				EDO01144
OG0009735		Bcin15p02560.1, Bcin15p02560.2				
OG0009736		Bcin03p08900.1, Bcin03p08900.2				
OG0009737		Bcin11p01540.1, Bcin11p01540.2				
OG0009738		Bcin14p02300.1				EDN94323
OG0009739		Bcin03p03800.1				EDN91081
OG0009740		Bcin12p03330.1				EDN98977
OG0009741		Bcin07p04970.1, Bcin07p04970.2				
OG0009742		Bcin10p01950.1				EDO04795
OG0009743		Bcin13p03720.1, Bcin13p03720.2				
OG0009744		Bcin02p03730.1				EDN96524
OG0009745		Bcin01p07470.1				EDO01684
OG0009746		Bcin03p05720.1				EDN90863
OG0009747		Bcin05p06080.1				EDN95976
OG0009748		Bcin08p02080.1				EDO00914
OG0009749		Bcin03p00070.1, Bcin08p01780.1				
OG0009750		Bcin04p00480.1				EDO01236
OG0009751		Bcin16p03550.1, Bcin16p03550.2				
OG0009752		Bcin05p07680.1				EDN95904
OG0009753		Bcin10p01550.1				EDO05037
OG0009754		Bcin09p00500.1				EDO02410
OG0009755		Bcin06p04040.1, Bcin10p04470.1				
OG0009756		Bcin03p01250.1				EDN91365
OG0009757		Bcin09p06850.1, Bcin09p06850.2				
OG0009758		Bcin10p02040.1				EDO04802
OG0009759		Bcin10p01910.1				EDO04789
OG0009760		Bcin04p02780.1				EDO01395
OG0009761		Bcin08p06990.1, Bcin08p06990.2				
OG0009762		Bcin09p04180.1				EDO02917
OG0009763		Bcin06p01910.1				EDN99727
OG0009764		Bcin11p06070.1				EDN96204
OG0009765		Bcin13p03560.1				EDN99663
OG0009766		Bcin08p02070.1				EDO00918
OG0009767		Bcin14p04740.1				EDN94631
OG0009768		Bcin05p07010.1				EDN96107
OG0009769		Bcin13p01200.1				EDN99390
OG0009770		Bcin13p03610.1				EDN99649
OG0009771		Bcin08p02320.1, Bcin08p02320.2				
OG0009772		Bcin02p05350.1				EDN95241
OG0009773		Bcin08p01260.1				EDO01031
OG0009774		Bcin15p00800.1, Bcin15p00800.2				
OG0009775		Bcin09p07120.1				EDN91115
OG0009776		Bcin06p06060.1				EDO00383
OG0009777		Bcin09p06010.1				EDO03088
OG0009778		Bcin08p02710.1				EDO00847
OG0009779		Bcin01p01170.1				EDN98115
OG0009780		Bcin12p01140.1				EDN92371
OG0009781		Bcin09p04370.1				EDO02726
OG0009782		Bcin15p00940.1, Bcin15p00940.2				
OG0009783		Bcin06p00570.1				EDN93364
OG0009784		Bcin01p04770.1				EDO01887
OG0009785		Bcin01p03040.1				EDO02301
OG0009786		Bcin05p05270.1				EDN96062
OG0009787		Bcin09p02610.1				EDO02882
OG0009788		Bcin06p02170.1				EDN99693
OG0009789		Bcin13p05790.1				EDN98525
OG0009790		Bcin09p04840.1				EDO02553
OG0009791		Bcin10p04970.1				EDO04559
OG0009792		Bcin03p08300.1, Bcin03p08320.1				
OG0009793		Bcin03p01570.1				EDN91323
OG0009794		Bcin13p03380.1				EDN93630
OG0009795		Bcin02p04310.1				EDN96460
OG0009796		Bcin05p01460.1, Bcin05p01460.2				
OG0009797		Bcin14p03960.1				EDN94482
OG0009798		Bcin03p01110.1, Bcin03p01110.2				
OG0009799		Bcin05p07990.1				EDN95880
OG0009800		Bcin09p04090.1				EDO02932
OG0009801		Bcin01p07010.1				EDO01659
OG0009802		Bcin01p07250.1				EDO01732
OG0009803		Bcin01p07380.1				EDO01696
OG0009804		Bcin04p01400.1, Bcin04p01400.2				
OG0009805		Bcin07p04790.1, Bcin09p00450.1				
OG0009806		Bcin10p02020.1				EDN92271
OG0009807		Bcin15p05670.2		FOXG_09170P0		
OG0009808		Bcin05p04900.1				EDO03744
OG0009809		Bcin02p01190.1				EDN96823
OG0009810		Bcin01p06540.1				EDO01587
OG0009811		Bcin10p04570.1				EDN97627
OG0009812		Bcin07p00200.1				EDN95418
OG0009813		Bcin03p01920.1				EDN91144
OG0009814		Bcin08p00390.1				EDO04545
OG0009815		Bcin03p01180.1				EDN91372
OG0009816		Bcin09p04870.1		FOXG_09940P0		
OG0009817		Bcin03p02180.1				EDN91151
OG0009818		Bcin03p01060.1				EDN91390
OG0009819		Bcin03p05030.1				EDN90935
OG0009820		Bcin03p00120.1				EDN94184
OG0009821		Bcin05p00920.1				EDO03508
OG0009822		Bcin02p07510.1	CVK94355			
OG0009823		Bcin06p02200.1				EDN91041
OG0009824		Bcin01p08910.1				EDO02116
OG0009825		Bcin15p04400.1, Bcin15p04400.2				
OG0009826		Bcin09p01100.1, Bcin09p01100.2				
OG0009827		Bcin03p05420.1				EDN90898
OG0009828		Bcin01p00030.1				EDN93368
OG0009829		Bcin05p07110.1				EDO03827
OG0009830		Bcin06p03650.1				EDN99822
OG0009831		Bcin16p00090.1				EDN99268
OG0009832		Bcin03p03780.1				EDN91086
OG0009833		Bcin08p00500.1				EDN97743
OG0009834		Bcin07p01090.1				EDN95325
OG0009835		Bcin12p01010.1				EDN92354
OG0009836		Bcin09p01710.1				EDO02675
OG0009837		Bcin15p05270.1, Bcin15p05270.2				
OG0009838		Bcin13p01080.1, Bcin15p03060.1				
OG0009839		Bcin05p03320.1				EDO03551
OG0009840		Bcin09p00780.1, Bcin09p00780.2				
OG0009841		Bcin01p03520.1	CVK85946			
OG0009842		Bcin12p05440.1				EDN99249
OG0009843		Bcin02p01990.1				EDN96904
OG0009844		Bcin05p01510.1				EDO03436
OG0009845		Bcin14p01000.1				EDN94273
OG0009846		Bcin08p01300.1				EDO01023
OG0009847		Bcin02p05830.1				EDN95186
OG0009848		Bcin06p04750.1				EDN93442
OG0009849		Bcin02p03710.1				EDN96527
OG0009850		Bcin06p01750.1				EDN99744
OG0009851		Bcin06p05280.1				EDN99946
OG0009852		Bcin13p05030.1				EDN98623
OG0009853		Bcin02p04300.1				EDN96461
OG0009854		Bcin01p08800.1				EDO02135
OG0009855		Bcin01p04330.1, Bcin01p04330.2				
OG0009856		Bcin05p03210.1				EDO03539
OG0009857		Bcin01p06160.1				EDO02033
OG0009858		Bcin13p02310.1				EDN99511
OG0009859		Bcin08p00990.1				EDO01042
OG0009860		Bcin05p06490.1				EDO03784
OG0009861		Bcin10p00220.1, Bcin10p00220.2				
OG0009862		Bcin01p07760.1				EDO02138
OG0009863		Bcin02p05060.1				EDN95274
OG0009864		Bcin07p05600.1, Bcin07p05600.2				
OG0009865		Bcin02p06390.1				EDN95134
OG0009866		Bcin07p03350.1				EDN97011
OG0009867		Bcin07p03260.1				EDN97030
OG0009868		Bcin09p04200.1				EDO02914
OG0009869		Bcin13p00060.1	CVL06142			
OG0009870		Bcin01p06860.1				EDO01628
OG0009871		Bcin02p01100.1				EDN96749
OG0009872		Bcin04p04120.1, Bcin04p04120.2				
OG0009873		Bcin03p07600.1				EDN90608
OG0009874		Bcin07p01640.1				EDN96428
OG0009875		Bcin10p02120.1				EDO04806
OG0009876		Bcin10p06140.1				EDO01061
OG0009877		Bcin03p00710.1				EDN91434
OG0009878		Bcin09p05970.1				EDO03080
OG0009879		Bcin12p02840.1	CVK83849			
OG0009880		Bcin06p02260.1				EDN99684
OG0009881		Bcin05p03590.1				EDO03578
OG0009882		Bcin10p01920.1				EDO04790
OG0009883		Bcin11p02010.1, Bcin11p02010.2				
OG0009884		Bcin05p03360.1, Bcin15p05490.1				
OG0009885		Bcin16p01690.1, Bcin16p01690.2				
OG0009886		Bcin02p08880.1, Bcin02p08880.2				
OG0009887		Bcin05p07530.1				EDN95936
OG0009888		Bcin02p03690.1				EDN96529
OG0009889		Bcin11p02180.1				EDN96646
OG0009890		Bcin01p01350.1	CVL06166			
OG0009891		Bcin04p04640.1, Bcin04p04640.2				
OG0009892		Bcin10p01340.1				EDO04741
OG0009893		Bcin12p03980.1				EDN92635
OG0009894		Bcin09p04530.1, Bcin09p04530.2				
OG0009895		Bcin02p00180.1				EDN96545
OG0009896		Bcin10p05120.1				EDO04577
OG0009897		Bcin07p01330.1				EDN96968
OG0009898		Bcin03p05020.1				EDN90937
OG0009899		Bcin06p03040.1				EDO00002
OG0009900		Bcin01p03400.1				EDO01674
OG0009901		Bcin04p00880.1, Bcin04p00880.2				
OG0009902		Bcin04p02610.1				EDN92258
OG0009903		Bcin14p03710.1, Bcin14p03710.2				
OG0009904		Bcin04p06130.1, Bcin04p06130.2				
OG0009905		Bcin03p06870.1				EDN90704
OG0009906		Bcin11p04780.1, Bcin12p03380.1				
OG0009907		Bcin13p01130.1				EDN99396
OG0009908		Bcin05p02970.1				EDO03518
OG0009909		Bcin10p01770.1				EDO04777
OG0009910		Bcin09p05020.1				EDO02573
OG0009911		Bcin06p01870.1				EDN99732
OG0009912		Bcin03p01610.1				EDN91111
OG0009913		Bcin08p02560.1, Bcin08p02560.2				
OG0009914		Bcin06p02410.1				EDN99668
OG0009915		Bcin14p01270.1, Bcin14p01270.2				
OG0009916		Bcin07p00220.1				EDN95416
OG0009917		Bcin06p04220.1				EDN99892
OG0009918		Bcin12p06580.1				EDN99005
OG0009919		Bcin06p02630.1	CVK90378			
OG0009920		Bcin01p10590.1, Bcin01p10590.2				
OG0009921		Bcin02p04890.1				EDN95299
OG0009922		Bcin01p04840.1				EDO01897
OG0009923		Bcin12p00570.1	CVK85006			
OG0009924		Bcin01p05330.1				EDO01954
OG0009925		Bcin12p00600.1				EDO01209
OG0009926		Bcin03p04780.1				EDN90967
OG0009927		Bcin05p00700.1				EDO03212
OG0009928		Bcin05p07600.1				EDN95929
OG0009929		Bcin01p03980.1				EDO01804
OG0009930		Bcin09p02880.1				EDO02862
OG0009931		Bcin10p04420.1				EDN97640
OG0009932		Bcin03p01460.1				EDN91341
OG0009933		Bcin12p02040.1	CVK85089			
OG0009934		Bcin01p04310.1				EDO01841
OG0009935		Bcin04p03930.1				EDO01283
OG0009936		Bcin09p02040.1				EDO02636
OG0009937		Bcin03p08190.1, Bcin03p08200.1				
OG0009938		Bcin11p03390.1, Bcin11p03390.2				
OG0009939		Bcin09p00770.1				EDO02427
OG0009940		Bcin01p02530.1	CVK85106			
OG0009941		Bcin04p00080.1				EDN92277
OG0009942		Bcin09p02960.1				EDO02734
OG0009943		Bcin13p02210.1				EDN99491
OG0009944		Bcin04p04310.1, Bcin07p03970.1				
OG0009945		Bcin03p00360.1				EDN94206
OG0009946		Bcin01p01030.1				EDN98138
OG0009947		Bcin05p00500.1, Bcin06p07220.1				
OG0009948		Bcin05p04760.1				EDO03727
OG0009949		Bcin15p04740.1, Bcin15p04740.2				
OG0009950		Bcin03p03260.1				EDN91282
OG0009951		Bcin05p05230.1				EDN96066
OG0009952		Bcin03p05560.1				EDN90879
OG0009953		Bcin12p03820.1				EDN92534
OG0009954		Bcin14p04130.1				EDN94459
OG0009955		Bcin03p04330.1				EDN91020
OG0009956		Bcin10p05670.1				EDO04695
OG0009957		Bcin09p03380.1				EDO02789
OG0009958		Bcin13p02070.1				EDN99475
OG0009959		Bcin09p04800.1				EDO02551
OG0009960		Bcin02p02190.1				EDN96921
OG0009961		Bcin05p00490.1, Bcin05p00490.2				
OG0009962		Bcin03p01420.1				EDN91346
OG0009963		Bcin04p03260.1				EDO01369
OG0009964		Bcin12p00470.1				EDO01198
OG0009965		Bcin02p00260.1, Bcin02p00260.2				
OG0009966		Bcin06p00050.1				EDN93536
OG0009967		Bcin05p05160.1				EDN96081
OG0009968		Bcin13p01290.1				EDN99383
OG0009969		Bcin13p04900.1				EDN98635
OG0009970		Bcin06p05750.1				EDO00109
OG0009971		Bcin06p07170.1				EDO00165
OG0009972		Bcin07p00100.1				EDN95435
OG0009973		Bcin12p00070.1	CVK85072			
OG0009974		Bcin01p03380.1				EDO01672
OG0009975		Bcin16p04270.1, Bcin16p04360.1				
OG0009976		Bcin10p05960.1, Bcin10p05960.2				
OG0009977		Bcin06p00950.1				EDN93307
OG0009978		Bcin08p00380.1				EDO04548
OG0009979		Bcin06p03960.1				EDN99856
OG0009980		Bcin16p02160.1, Bcin16p02160.2				
OG0009981		Bcin13p03930.1				EDN99601
OG0009982		Bcin16p01420.1, Bcin16p01420.2				
OG0009983		Bcin03p01340.1				EDN91354
OG0009984		Bcin06p01180.1				EDN93275
OG0009985		Bcin06p03330.1				EDO00033
OG0009986		Bcin03p08000.1, Bcin16p00990.1				
OG0009987		Bcin07p05190.1				EDN97155
OG0009988		Bcin06p06510.1				EDO00245
OG0009989		Bcin06p06400.1		FOXG_13203P0		
OG0009990		Bcin16p03270.1		FOXG_17015P0		
OG0009991		Bcin15p00790.1	CVL05813			
OG0009992		Bcin05p06940.1				EDN96114
OG0009993		Bcin04p03370.1				EDO01349
OG0009994		Bcin03p06630.1				EDN90726
OG0009995		Bcin05p03670.1				EDO00863
OG0009996		Bcin06p04200.1				EDN99890
OG0009997		Bcin05p06360.1				EDO03799
OG0009998		Bcin11p01460.1, Bcin11p01460.2				
OG0009999		Bcin03p06980.2		FOXG_11497P0		
OG0010000		Bcin06p02020.1				EDN99712
OG0010001		Bcin05p04820.1, Bcin05p04820.2				
OG0010002		Bcin12p00060.1	CVK85071			
OG0010003		Bcin06p01070.1				EDN93291
OG0010004		Bcin16p04140.1, Bcin16p04140.2				
OG0010005		Bcin02p05310.1				EDN95247
OG0010006		Bcin03p03430.1, Bcin03p03430.2				
OG0010007		Bcin03p02560.1				EDN91198
OG0010008		Bcin12p02490.1				EDN92582
OG0010009		Bcin04p05430.1, Bcin04p05430.2				
OG0010010		Bcin06p03860.1				EDN99844
OG0010011		Bcin02p04750.1				EDN97612
OG0010012		Bcin13p05600.1				EDN98544
OG0010013		Bcin05p04930.1				EDO03751
OG0010014		Bcin16p00180.1				EDN99274
OG0010015		Bcin04p01810.1				EDO01497
OG0010016		Bcin03p03670.1				EDN91090
OG0010017		Bcin05p02120.1				EDO03340
OG0010018		Bcin03p04870.1				EDN90954
OG0010019		Bcin08p02340.1, Bcin08p02340.2				
OG0010020		Bcin14p03740.1	CVL08875			
OG0010021		Bcin13p05740.1				EDN98530
OG0010022		Bcin05p04970.1				EDO03759
OG0010023		Bcin03p07310.1				EDN90645
OG0010024		Bcin06p03170.1				EDN99985
OG0010025		Bcin01p00640.1				EDN98194
OG0010026		Bcin06p03670.1				EDN99825
OG0010027		Bcin14p02350.1				EDN91588
OG0010028		Bcin08p02250.1				EDO00898
OG0010029		Bcin12p06010.1				EDN98913
OG0010030		Bcin10p02980.1				EDN97805
OG0010031		Bcin08p03750.1				EDO00710
OG0010032		Bcin03p04460.1				EDN91010
OG0010033		Bcin08p02260.1				EDO00897
OG0010034		Bcin07p03550.1				EDN96980
OG0010035		Bcin12p05810.1				EDN98935
OG0010036		Bcin09p01470.1				EDO02518
OG0010037		Bcin05p04340.1				EDO03676
OG0010038		Bcin16p02830.1, Bcin16p02830.2				
OG0010039		Bcin06p02990.1				EDO00010
OG0010040		Bcin03p02540.2, Bcin03p02540.3				
OG0010041		Bcin10p01290.1				EDO04751
OG0010042		Bcin15p03760.1, Bcin15p03760.2				
OG0010043		Bcin02p04380.1				EDN96454
OG0010044		Bcin01p07160.1				EDO01716
OG0010045		Bcin12p06310.1				EDN98881
OG0010046		Bcin06p02210.1				EDN99690
OG0010047		Bcin08p05820.1		FOXG_17592P0		
OG0010048		Bcin01p07790.1				EDO02142
OG0010049		Bcin10p03690.1				EDO04501
OG0010050		Bcin03p02400.1, Bcin03p02400.2				
OG0010051		Bcin06p02910.1				EDN93553
OG0010052		Bcin06p00870.1				EDN93314
OG0010053		Bcin16p01020.1, Bcin16p01020.2				
OG0010054		Bcin05p03620.1				EDO03582
OG0010055		Bcin13p05280.1				EDN98599
OG0010056		Bcin09p05900.1				EDO03072
OG0010057		Bcin06p03070.1				EDN99998
OG0010058		Bcin09p04020.1				EDO02957
OG0010059		Bcin09p02050.1				EDO02635
OG0010060		Bcin01p11270.1		FOXG_02644P0		
OG0010061		Bcin03p05710.1				EDN90865
OG0010062		Bcin14p01570.1, Bcin14p01570.2				
OG0010063		Bcin16p00470.1				EDN99443
OG0010064		Bcin02p01110.1, Bcin02p01110.2				
OG0010065		Bcin07p05080.1				EDN97170
OG0010066		Bcin06p04450.1				EDN99916
OG0010067		Bcin01p04930.1				EDO01901
OG0010068		Bcin05p03400.1				EDO03557
OG0010069		Bcin13p03290.1				EDN93640
OG0010070		Bcin06p00990.1				EDN93300
OG0010071		Bcin12p03350.1				EDN98979
OG0010072		Bcin04p02480.1				EDO01422
OG0010073		Bcin05p02220.1				EDO03387
OG0010074		Bcin03p02570.1				EDN91200
OG0010075		Bcin08p01720.1				EDO00968
OG0010076		Bcin01p07360.1				EDO01699
OG0010077		Bcin12p01210.1, Bcin12p01210.2				
OG0010078		Bcin14p02900.1				EDN91511
OG0010079		Bcin03p01290.1				EDN91361
OG0010080		Bcin14p05410.1		FOXG_08931P0		
OG0010081		Bcin10p01280.1				EDO04752
OG0010082		Bcin13p02200.1				EDN99490
OG0010083		Bcin16p02440.1, Bcin16p02440.2				
OG0010084		Bcin06p00510.1				EDN93382
OG0010085		Bcin12p06490.1				EDN99014
OG0010086		Bcin13p00970.1				EDN99413
OG0010087		Bcin12p04610.1				EDN92778
OG0010088		Bcin05p01840.1				EDO03317
OG0010089		Bcin04p04950.1, Bcin04p04950.2				
OG0010090		Bcin07p07000.1, Bcin07p07000.2				
OG0010091		Bcin16p04650.1, Bcin16p04660.1				
OG0010092		Bcin02p05820.1				EDN95187
OG0010093		Bcin06p00020.1	CVK97935			
OG0010094		Bcin06p02480.1				EDN93605
OG0010095		Bcin06p01110.1				EDN93281
OG0010096		Bcin01p07750.1, Bcin01p07750.2				
OG0010097		Bcin04p00800.1, Bcin04p00800.2				
OG0010098		Bcin09p01220.1				EDO02486
OG0010099		Bcin09p02140.1				EDO02627
OG0010100		Bcin13p02920.1				EDN93685
OG0010101		Bcin06p04950.1				EDN93510
OG0010102		Bcin05p06500.1				EDO03785
OG0010103		Bcin14p05550.1, Bcin16p04520.1				
OG0010104		Bcin05p04010.1				EDO03638
OG0010105		Bcin02p03120.1				EDN96740
OG0010106		Bcin07p03330.1, Bcin07p03330.2				
OG0010107		Bcin13p04050.1				EDN99583
OG0010108		Bcin02p05850.1				EDN95184
OG0010109		Bcin06p02810.1				EDN93573
OG0010110		Bcin01p05800.1				EDO03050
OG0010111		Bcin11p01550.1, Bcin11p01550.2				
OG0010112		Bcin02p03000.1				EDN96725
OG0010113		Bcin02p01420.1				EDN96850
OG0010114		Bcin16p02960.1				EDO02857
OG0010115		Bcin09p01500.1				EDO02709
OG0010116		Bcin09p06080.1				EDO03097
OG0010117		Bcin06p06730.1				EDO00207
OG0010118		Bcin11p04920.1, Bcin11p04920.2				
OG0010119		Bcin11p03420.1	CVK82945			
OG0010120		Bcin07p04190.1, Bcin07p04190.2				
OG0010121		Bcin09p00330.1				EDO02391
OG0010122		Bcin14p02790.1				EDN91527
OG0010123		Bcin03p01550.1				EDN91326
OG0010124		Bcin08p02010.1				EDO00927
OG0010125		Bcin03p04530.1				EDN91002
OG0010126		Bcin03p00830.1				EDN91420
OG0010127		Bcin01p04680.1				EDO01878
OG0010128		Bcin09p03080.1		FOXG_17606P0		
OG0010129		Bcin12p02280.1				EDN92559
OG0010130		Bcin06p00030.1				EDN99803
OG0010131		Bcin06p04050.1				EDN99870
OG0010132		Bcin01p01670.1				EDN98282
OG0010133		Bcin06p05370.1				EDO00060
OG0010134		Bcin06p07540.1				EDO00348
OG0010135		Bcin07p00910.1				EDN95333
OG0010136		Bcin09p05080.1				EDO02583
OG0010137		Bcin14p04510.1				EDN94590
OG0010138		Bcin07p02260.1, Bcin07p02260.2				
OG0010139		Bcin13p02140.1	CVK90550			
OG0010140		Bcin11p00180.1				EDO00521
OG0010141		Bcin06p00220.1				EDN93418
OG0010142		Bcin03p03020.1				EDN91252
OG0010143		Bcin06p03930.1				EDN99852
OG0010144		Bcin01p05050.1, Bcin01p05050.2				
OG0010145		Bcin11p02160.1				EDN96653
OG0010146		Bcin06p03000.1				EDO00006
OG0010147		Bcin02p04040.1				EDN96501
OG0010148		Bcin06p00200.1				EDN93419
OG0010149		Bcin06p04400.1				EDN99912
OG0010150		Bcin08p03010.1				EDO00799
OG0010151		Bcin05p03050.1				EDO03525
OG0010152		Bcin09p05870.1				EDO03069
OG0010153		Bcin04p03730.1				EDO01311
OG0010154		Bcin04p06880.1, Bcin04p06880.2				
OG0010155		Bcin09p05690.1				EDO03040
OG0010156		Bcin15p03100.1, Bcin15p03100.2				
OG0010157		Bcin03p03580.1, Bcin03p03580.2				
OG0010158		Bcin02p07630.1, Bcin02p07630.2				
OG0010159		Bcin16p02560.1, Bcin16p02560.2				
OG0010160		Bcin01p06400.1				EDO01602
OG0010161		Bcin01p01270.1, Bcin01p01270.2				
OG0010162		Bcin05p02540.1				EDO03347
OG0010163		Bcin10p02720.1		FOXG_15889P0		
OG0010164		Bcin08p02640.1				EDO00858
OG0010165		Bcin02p00610.1				EDN96596
OG0010166		Bcin14p02400.1		FOXG_07120P0		
OG0010167		Bcin10p03860.1				EDN97710
OG0010168		Bcin14p02080.1				EDN94353
OG0010169		Bcin05p06620.1				EDO03770
OG0010170		Bcin12p04840.1				EDN92688
OG0010171		Bcin12p02860.1				EDN99207
OG0010172		Bcin11p03450.1, Bcin11p03450.2				
OG0010173		Bcin01p01490.1				EDN98258
OG0010174		Bcin15p04830.1, Bcin15p04830.2				
OG0010175		Bcin05p02760.1				EDO03289
OG0010176		Bcin02p07020.1			RKF78622	
OG0010177		Bcin02p00270.1				EDO04976
OG0010178		Bcin05p04450.1				EDO03693
OG0010179		Bcin02p04810.1				EDN95310
OG0010180		Bcin01p04470.1				EDO01858
OG0010181		Bcin04p02880.1, Bcin04p02880.2				
OG0010182		Bcin14p01690.1				EDN91488
OG0010183		Bcin12p05750.1				EDN98943
OG0010184		Bcin05p02150.1				EDO03395
OG0010185		Bcin04p02400.1		FOXG_14795P0		
OG0010186		Bcin08p01140.1				EDO01049
OG0010187		Bcin05p01720.1	CVK85068			
OG0010188		Bcin01p11370.1	CVK95868			
OG0010189		Bcin16p01710.1, Bcin16p01710.2				
OG0010190		Bcin02p00860.1, Bcin02p00860.2				
OG0010191		Bcin10p04720.1				EDN97602
OG0010192		Bcin07p02840.1				EDN97077
OG0010193		Bcin06p05090.1				EDN93512
OG0010194		Bcin02p04210.1, Bcin09p04640.1				
OG0010195		Bcin02p05580.1				EDN95228
OG0010196		Bcin02p01490.1				EDN96857
OG0010197		Bcin02p03760.1				EDN96520
OG0010198		Bcin12p06370.1, Bcin14p02420.1				
OG0010199		Bcin16p02030.1, Bcin16p02030.2				
OG0010200		Bcin15p01950.1, Bcin15p01950.2				
OG0010201		Bcin13p02580.1				EDN99548
OG0010202		Bcin01p08700.1				EDO02255
OG0010203		Bcin04p03880.1				EDO01290
OG0010204		Bcin03p00930.1, Bcin03p00930.2				
OG0010205		Bcin01p01750.1				EDN98296
OG0010206		Bcin04p06500.1, Bcin04p06500.2				
OG0010207		Bcin13p02590.1				EDN99549
OG0010208		Bcin05p07300.1				EDO03816
OG0010209		Bcin12p00030.1		FOXG_15815P0		
OG0010210		Bcin16p00060.1				EDN99263
OG0010211		Bcin13p02230.1				EDN99496
OG0010212		Bcin16p02240.1, Bcin16p02240.2				
OG0010213		Bcin01p04690.1				EDO01879
OG0010214		Bcin14p01390.1				EDN91458
OG0010215		Bcin11p05520.1				EDN96374
OG0010216		Bcin10p04560.1				EDN97628
OG0010217		Bcin11p00310.1				EDO00538
OG0010218		Bcin05p06930.1				EDN96115
OG0010219		Bcin13p02300.1				EDN99510
OG0010220		Bcin01p07850.1	CVK96007			
OG0010221		Bcin10p02680.1				EDN97771
OG0010222		Bcin06p04180.1				EDN99887
OG0010223		Bcin16p01620.1, Bcin16p01620.2				
OG0010224		Bcin01p10140.1				EDO02088
OG0010225		Bcin05p03810.1				EDO03610
OG0010226		Bcin09p00050.1				EDO02356
OG0010227		Bcin05p06960.1				EDN96112
OG0010228		Bcin13p01760.1				EDN99335
OG0010229		Bcin04p06640.1, Bcin04p06640.2				
OG0010230		Bcin06p01820.1				EDN99739
OG0010231		Bcin08p01900.1				EDO00946
OG0010232		Bcin15p05400.1, Bcin15p05400.2				
OG0010233		Bcin03p00160.1				EDN94187
OG0010234		Bcin15p02220.1		FOXG_17494P0		
OG0010235		Bcin01p06060.1				EDO02043
OG0010236		Bcin14p01070.1				EDN96153
OG0010237		Bcin02p08240.1	CVL03695			
OG0010238		Bcin13p03390.1				EDN93629
OG0010239		Bcin08p02110.1				EDO00913
OG0010240		Bcin05p00910.1				EDO03509
OG0010241		Bcin06p03540.1				EDN99809
OG0010242		Bcin09p02940.1				EDO02849
OG0010243		Bcin12p06720.1				EDN93381
OG0010244		Bcin02p05800.1				EDN95188
OG0010245		Bcin09p04270.1, Bcin09p04270.2				
OG0010246		Bcin02p00510.1				EDN96578
OG0010247		Bcin01p08120.1				EDO02188
OG0010248		Bcin01p03100.1				EDO02295
OG0010249		Bcin01p05280.1				EDO01947
OG0010250		Bcin05p03240.1				EDO03542
OG0010251		Bcin01p04620.1				EDO01870
OG0010252		Bcin09p01030.1				EDO02453
OG0010253		Bcin04p04700.1		FOXG_17438P0		
OG0010254		Bcin04p02840.1	CVK94449			
OG0010255		Bcin01p06780.1, Bcin01p06780.2				
OG0010256		Bcin06p03940.1				EDN99853
OG0010257		Bcin02p03700.1				EDN96528
OG0010258		Bcin01p01250.1, Bcin06p01810.1				
OG0010259		Bcin03p00340.1				EDN94209
OG0010260		Bcin07p02860.1				EDN97075
OG0010261		Bcin05p00780.1				EDO03243
OG0010262		Bcin04p02570.1				EDN92265
OG0010263		Bcin05p06370.1				EDO03798
OG0010264		Bcin03p04820.1				EDN90961
OG0010265		Bcin16p02460.1, Bcin16p02460.2				
OG0010266		Bcin10p01360.1				EDO04738
OG0010267		Bcin05p05000.1				EDO03763
OG0010268		Bcin05p07580.1				EDN95925
OG0010269		Bcin04p03380.1				EDO01348
OG0010270		Bcin07p04030.1				EDN97097
OG0010271		Bcin06p06970.1				EDO00190
OG0010272		Bcin11p05630.1				EDN96361
OG0010273		Bcin06p06870.1				EDO00204
OG0010274		Bcin04p00670.1				EDO03147
OG0010275		Bcin02p05300.1				EDN95250
OG0010276		Bcin12p06190.1				EDN98894
OG0010277		Bcin10p02790.1				EDN97783
OG0010278		Bcin03p03080.1, Bcin03p03080.2				
OG0010279		Bcin01p03570.1, Bcin01p03570.2				
OG0010280		Bcin12p03310.1				EDN98974
OG0010281		Bcin11p01110.1, Bcin11p01110.2				
OG0010282		Bcin01p00020.1				EDN96094
OG0010283		Bcin15p01510.1, Bcin15p01510.2				
OG0010284		Bcin02p01450.1				EDN96854
OG0010285		Bcin05p04700.1				EDO03719
OG0010286		Bcin12p04190.1				EDN92657
OG0010287		Bcin13p01180.1				EDN99393
OG0010288		Bcin04p04150.1	CVK92543			
OG0010289		Bcin06p00970.1				EDN93302
OG0010290		Bcin11p06220.1				EDN96183
OG0010291		Bcin08p03900.1				EDO00699
OG0010292		Bcin13p04780.1				EDN98652
OG0010293		Bcin02p09390.1, Bcin02p09390.2				
OG0010294		Bcin08p01970.1, Bcin08p01970.2				
OG0010295		Bcin09p06760.1, Bcin09p06760.2				
OG0010296		Bcin05p07280.1				EDO03819
OG0010297		Bcin03p06320.1				EDN90779
OG0010298		Bcin11p05020.1, Bcin11p05020.2				
OG0010299		Bcin02p04760.1				EDN95313
OG0010300		Bcin10p00290.1				EDO04907
OG0010301		Bcin04p03270.1				EDO01366
OG0010302		Bcin01p08590.1				EDO02219
OG0010303		Bcin12p00850.1				EDN92340
OG0010304		Bcin05p08250.1				EDN95851
OG0010305		Bcin08p04100.1				EDO00669
OG0010306		Bcin01p07340.1				EDO01701
OG0010307		Bcin01p07570.1				EDO01749
OG0010308		Bcin09p01380.1		FOXG_14770P0		
OG0010309		Bcin01p10030.1				EDO02102
OG0010310		Bcin02p04860.1				EDN95304
OG0010311		Bcin01p08140.1				EDO02685
OG0010312		Bcin12p00640.1				EDO01218
OG0010313		Bcin01p09240.1				EDO02085
OG0010314		Bcin10p03120.1				EDO04459
OG0010315		Bcin03p05920.1				EDN90827
OG0010316		Bcin09p04280.1, Bcin09p04280.2				
OG0010317		Bcin02p00790.1				EDN98992
OG0010318		Bcin12p02710.1				EDN92607
OG0010319		Bcin11p06520.1, Bcin11p06520.2				
OG0010320		Bcin04p02510.1, Bcin04p02510.2				
OG0010321		Bcin03p01400.1				EDN91348
OG0010322		Bcin12p01710.3				EDN92438
OG0010323		Bcin02p05390.1				EDN95240
OG0010324		Bcin14p03120.1				EDN94420
OG0010325		Bcin01p00600.1				EDN98197
OG0010326		Bcin06p00550.1				EDN93366
OG0010327		Bcin05p06350.1				EDO03800
OG0010328		Bcin04p03830.1				EDO01295
OG0010329		Bcin14p00390.1				EDN91628
OG0010330		Bcin08p05980.1, Bcin08p05980.2				
OG0010331		Bcin02p06430.1				EDN95130
OG0010332		Bcin16p02070.2, Bcin16p02070.3				
OG0010333		Bcin12p02690.1, Bcin12p02690.2				
OG0010334		Bcin05p04070.1				EDO03650
OG0010335		Bcin05p05110.1				EDN96085
OG0010336		Bcin06p05740.1				EDO00108
OG0010337		Bcin01p03850.1				EDO01795
OG0010338		Bcin03p01770.1				EDN91126
OG0010339		Bcin04p06530.1				EDO00139
OG0010340		Bcin07p05900.1				EDN99997
OG0010341		Bcin04p06010.1, Bcin04p06010.2				
OG0010342		Bcin01p02140.1				EDO01528
OG0010343		Bcin15p04820.1, Bcin15p04820.2				
OG0010344		Bcin03p09150.1, Bcin03p09150.2				
OG0010345		Bcin11p03510.1, Bcin11p03510.2				
OG0010346		Bcin13p03460.1				EDN93623
OG0010347		Bcin08p00570.1, Bcin08p00570.2				
OG0010348		Bcin09p03250.1				EDO02768
OG0010349		Bcin06p03770.1				EDN99834
OG0010350		Bcin08p02030.1				EDO00921
OG0010351		Bcin01p02280.1				EDO01547
OG0010352		Bcin07p04060.1				EDN97103
OG0010353		Bcin12p00450.1				EDO01187
OG0010354		Bcin10p01880.1				EDO04784
OG0010355		Bcin06p04730.1				EDN93444
OG0010356		Bcin02p03090.1				EDN96736
OG0010357		Bcin01p01980.1				EDN98323
OG0010358		Bcin01p00120.1				EDN93377
OG0010359		Bcin02p00760.1				EDN96609
OG0010360		Bcin03p06030.1			RKF80593	
OG0010361		Bcin16p01450.1, Bcin16p04850.1				
OG0010362		Bcin03p05580.1				EDN90877
OG0010363		Bcin13p05110.1				EDN98613
OG0010364		Bcin06p06490.1				EDO00243
OG0010365		Bcin13p02010.1				EDN99303
OG0010366		Bcin06p04930.1				EDN93506
OG0010367		Bcin02p05280.1				EDN95252
OG0010368		Bcin01p04250.1				EDO01837
OG0010369		Bcin09p03450.1				EDO02798
OG0010370		Bcin06p06950.1, Bcin06p06950.2				
OG0010371		Bcin02p05440.1				EDN95193
OG0010372		Bcin03p04080.2		FOXG_00775P0		
OG0010373		Bcin10p02770.1				EDN97780
OG0010374		Bcin03p05540.1				EDN90881
OG0010375		Bcin05p04710.1				EDO03720
OG0010376		Bcin14p00670.1				EDN91600
OG0010377		Bcin16p02400.1, Bcin16p02400.2				
OG0010378		Bcin11p05540.1				EDN96371
OG0010379		Bcin08p00640.1				EDO01088
OG0010380		Bcin04p02430.1				EDO01428
OG0010381		Bcin03p01410.1				EDN91347
OG0010382		Bcin01p05630.1				EDO01986
OG0010383		Bcin05p02230.1				EDO03386
OG0010384		Bcin05p04990.1				EDO03762
OG0010385		Bcin04p03760.1, Bcin12p04360.1				
OG0010386		Bcin02p04720.1, Bcin02p04720.2				
OG0010387		Bcin05p06010.1				EDN95984
OG0010388		Bcin08p03970.1				EDO00687
OG0010389		Bcin15p05630.1		FOXG_15216P0		
OG0010390		Bcin03p04920.1				EDN90949
OG0010391		Bcin07p03180.1				EDN97038
OG0010392		Bcin16p02740.1, Bcin16p02740.2				
OG0010393		Bcin11p06490.1			RKF56657	
OG0010394		Bcin11p06380.1				EDN96163
OG0010395		Bcin01p05030.1, Bcin01p05030.2				
OG0010396		Bcin02p02230.1				EDN96925
OG0010397		Bcin13p03530.1				EDN93614
OG0010398		Bcin05p08190.1				EDN95857
OG0010399		Bcin07p03120.1				EDN97046
OG0010400		Bcin01p04200.1				EDO01828
OG0010401		Bcin02p07230.1, Bcin02p07230.2				
OG0010402		Bcin16p02600.1, Bcin16p02600.2				
OG0010403		Bcin04p06060.1, Bcin04p06060.2				
OG0010404		Bcin07p05840.2				EDO01637
OG0010405		Bcin12p06770.1	CVK87915			
OG0010406		Bcin04p00050.1				EDN92274
OG0010407		Bcin03p00660.1				EDN91432
OG0010408		Bcin12p01980.1				EDN92479
OG0010409		Bcin09p04970.1				EDO02566
OG0010410		Bcin03p01790.1				EDN91128
OG0010411		Bcin02p05010.1				EDN95285
OG0010412		Bcin03p00540.1				EDN94228
OG0010413		Bcin02p05320.1				EDN95245
OG0010414		Bcin03p03490.1				EDN91105
OG0010415		Bcin16p00400.1, Bcin16p00400.2				
OG0010416		Bcin05p03190.1				EDO03540
OG0010417		Bcin08p01240.1				EDO01034
OG0010418		Bcin13p02150.1				EDN99485
OG0010419		Bcin12p00650.1				EDO01217
OG0010420		Bcin08p02150.1				EDO00908
OG0010421		Bcin13p05440.1				EDN98571
OG0010422		Bcin06p05360.1				EDO00058
OG0010423		Bcin12p00530.1				EDO01204
OG0010424		Bcin02p04980.1				EDN95288
OG0010425		Bcin06p02680.1				EDO04746
OG0010426		Bcin09p07100.1				EDN92300
OG0010427		Bcin09p00760.1				EDO02428
OG0010428		Bcin06p01610.1				EDN99759
OG0010429		Bcin05p01520.1				EDO03434
OG0010430		Bcin04p04330.1, Bcin04p04330.2				
OG0010431		Bcin12p04530.1				EDN92770
OG0010432		Bcin06p00370.1				EDN93397
OG0010433		Bcin07p00870.1, Bcin07p00870.2				
OG0010434		Bcin10p06210.1, Bcin10p06220.1				
OG0010435		Bcin05p08220.1				EDN95855
OG0010436		Bcin08p01610.1				EDO00985
OG0010437		Bcin09p00060.1				EDO02354
OG0010438		Bcin01p10430.1, Bcin01p10430.2				
OG0010439		Bcin04p02440.1				EDO01427
OG0010440		Bcin11p01120.1				EDN96333
OG0010441		Bcin12p02210.1				EDN92549
OG0010442		Bcin12p03730.1				EDN92524
OG0010443		Bcin08p01560.1				EDO00990
OG0010444		Bcin01p08110.1				EDO02186
OG0010445		Bcin09p03460.1				EDO02799
OG0010446		Bcin03p01540.1				EDN91327
OG0010447		Bcin06p05970.1				EDO00366
OG0010448		Bcin13p05050.1				EDN98621
OG0010449		Bcin14p03720.1, Bcin14p03720.2				
OG0010450		Bcin12p04920.1				EDN92697
OG0010451		Bcin01p03080.1				EDO02297
OG0010452		Bcin06p07320.1, Bcin06p07320.2				
OG0010453		Bcin12p04640.1				EDN92781
OG0010454		Bcin03p02210.1				EDN91154
OG0010455		Bcin10p01160.1				EDO05021
OG0010456		Bcin03p05730.1				EDN90862
OG0010457		Bcin01p02890.1				EDO02316
OG0010458		Bcin01p10280.1, Bcin01p10280.2				
OG0010459		Bcin06p04440.1				EDN99915
OG0010460		Bcin11p01390.1				EDN96301
OG0010461		Bcin01p09010.1				EDO02131
OG0010462		Bcin01p02010.1, Bcin15p03980.1				
OG0010463		Bcin14p00220.1				EDN91655
OG0010464		Bcin05p05840.1				EDN96003
OG0010465		Bcin01p11310.1, Bcin14p05500.1				
OG0010466		Bcin02p01960.1				EDN96900
OG0010467		Bcin09p02480.1				EDO02907
OG0010468		Bcin05p04210.1				EDO03672
OG0010469		Bcin03p04590.1				EDN90997
OG0010470		Bcin09p04620.1				EDO02531
OG0010471		Bcin07p05060.1				EDN97172
OG0010472		Bcin06p04770.1				EDN93473
OG0010473		Bcin02p06370.1				EDN95136
OG0010474		Bcin10p00150.1	CVL05128			
OG0010475		Bcin16p02760.1, Bcin16p02760.2				
OG0010476		Bcin05p06050.1				EDN95979
OG0010477		Bcin12p00340.1				EDO01178
OG0010478		Bcin09p03300.1				EDO02779
OG0010479		Bcin18p00120.1, Bcin18p00160.1				
OG0010480		Bcin13p03090.1				EDN93670
OG0010481		Bcin09p01510.1				EDO02708
OG0010482		Bcin09p02780.1				EDO02876
OG0010483		Bcin05p08010.1				EDN95866
OG0010484		Bcin06p02750.1				EDN93578
OG0010485		Bcin01p00610.1, Bcin01p00610.2				
OG0010486		Bcin06p03800.1				EDN99837
OG0010487		Bcin13p04940.1, Bcin13p04940.2				
OG0010488		Bcin01p07140.1				EDO01714
OG0010489		Bcin01p03540.1	CVK96691			
OG0010490		Bcin08p06340.1, Bcin08p06340.2				
OG0010491		Bcin01p10960.1, Bcin07p04530.1				
OG0010492		Bcin10p01610.1				EDO05030
OG0010493		Bcin02p02140.1				EDN96917
OG0010494		Bcin09p03690.1				EDO02821
OG0010495		Bcin06p00660.1				EDN93353
OG0010496		Bcin07p05210.1				EDN97153
OG0010497		Bcin12p02650.1				EDN92602
OG0010498		Bcin08p00400.1				EDO04544
OG0010499		Bcin05p05420.1				EDN96037
OG0010500		Bcin12p01440.1				EDN92389
OG0010501		Bcin01p06210.1				EDO02047
OG0010502		Bcin06p00290.1				EDN93410
OG0010503		Bcin09p02690.1				EDO01511
OG0010504		Bcin02p04440.1				EDN96447
OG0010505		Bcin05p01180.1				EDO03472
OG0010506		Bcin05p08230.1				EDN95854
OG0010507		Bcin12p00080.1				EDO01143
OG0010508		Bcin15p04560.1, Bcin15p04560.2				
OG0010509		Bcin02p02730.1				EDN96697
OG0010510		Bcin02p00800.1				EDN98991
OG0010511		Bcin06p03740.1				EDN99832
OG0010512		Bcin16p00120.1				EDN99269
OG0010513		Bcin03p01160.1, Bcin03p01160.2				
OG0010514		Bcin15p05500.1, Bcin15p05500.2				
OG0010515		Bcin02p04730.1				EDN97610
OG0010516		Bcin08p01060.1				EDO03792
OG0010517		Bcin12p05240.1				EDN98962
OG0010518		Bcin05p02280.1				EDO03379
OG0010519		Bcin11p06200.1				EDN96185
OG0010520		Bcin12p01890.1				EDN92467
OG0010521		Bcin06p02840.1				EDN93568
OG0010522		Bcin13p05190.1				EDN98608
OG0010523		Bcin04p06650.1, Bcin04p06650.2				
OG0010524		Bcin04p02900.1, Bcin04p02900.2				
OG0010525		Bcin06p00100.1				EDN93432
OG0010526		Bcin04p05380.1, Bcin04p05380.2				
OG0010527		Bcin12p02080.1				EDN92491
OG0010528		Bcin05p04940.1				EDO03753
OG0010529		Bcin03p08500.1, Bcin11p02390.1				
OG0010530		Bcin06p03270.1				EDO00045
OG0010531		Bcin12p06690.1				EDN98987
OG0010532		Bcin02p04820.1				EDN95309
OG0010533		Bcin01p03910.1, Bcin01p03910.2				
OG0010534		Bcin05p02890.1				EDO03258
OG0010535		Bcin06p04250.1				EDN99894
OG0010536		Bcin14p04350.1, Bcin14p04350.2				
OG0010537		Bcin13p02790.1				EDN99562
OG0010538		Bcin03p07230.1				EDN90654
OG0010539		Bcin07p03790.1, Bcin07p03790.2				
OG0010540		Bcin01p00680.1, Bcin01p00680.2				
OG0010541		Bcin03p05670.1				EDN90868
OG0010542		Bcin13p03940.1				EDN99604
OG0010543		Bcin11p05410.1				EDN91017
OG0010544		Bcin12p03970.1				EDN92634
OG0010545		Bcin13p04930.1				EDN98631
OG0010546		Bcin08p03410.1				EDO00741
OG0010547		Bcin05p07870.1				EDN95890
OG0010548		Bcin05p04500.1				EDO03697
OG0010549		Bcin10p02890.1				EDN97794
OG0010550		Bcin09p04040.1	CVK84822			
OG0010551		Bcin06p02070.1				EDN99702
OG0010552		Bcin09p06330.1	CVL08487			
OG0010553		Bcin02p04290.1				EDN96463
OG0010554		Bcin03p03740.1, Bcin03p03740.2				
OG0010555		Bcin09p07140.1, Bcin09p07140.2				
OG0010556		Bcin06p02280.1				EDN99682
OG0010557		Bcin09p01010.1				EDO02451
OG0010558		Bcin13p01900.1				EDN99316
OG0010559		Bcin06p02050.1, Bcin06p02050.2				
OG0010560		Bcin09p03620.1				EDO02813
OG0010561		Bcin12p01610.1				EDN92427
OG0010562		Bcin06p00240.1				EDN93416
OG0010563		Bcin10p04790.1				EDN97598
OG0010564		Bcin01p06190.1				EDO02045
OG0010565		Bcin01p08950.1				EDO02122
OG0010566		Bcin05p05850.1				EDN96002
OG0010567		Bcin10p03740.1				EDO04538
OG0010568		Bcin02p03010.1				EDN96726
OG0010569		Bcin10p02540.1				EDN97753
OG0010570		Bcin07p03450.1				EDN96992
OG0010571		Bcin10p02970.1				EDN97803
OG0010572		Bcin05p03520.1				EDO03574
OG0010573		Bcin17p00140.1, Bcin17p00140.2				
OG0010574		Bcin07p02630.1, Bcin07p02630.2				
OG0010575		Bcin06p00120.1				EDN93431
OG0010576		Bcin05p08270.1, Bcin05p08270.2				
OG0010577		Bcin16p00790.1				EDN91114
OG0010578		Bcin12p02920.1				EDN99199
OG0010579		Bcin07p00690.1, Bcin07p00690.2				
OG0010580		Bcin05p07210.1				EDO03839
OG0010581		Bcin06p02790.1, Bcin06p02880.1				
OG0010582		Bcin12p01660.1, Bcin12p05910.1				
OG0010583		Bcin06p02180.1				EDN99692
OG0010584		Bcin06p03750.1				EDN99833
OG0010585		Bcin06p01390.1, Bcin06p01390.2				
OG0010586		Bcin15p00110.1, Bcin15p00110.2				
OG0010587		Bcin03p03110.1				EDN91257
OG0010588		Bcin10p05000.1				EDO04557
OG0010589		Bcin09p05050.1				EDO02578
OG0010590		Bcin14p04500.1				EDN94589
OG0010591		Bcin06p01620.1				EDN99758
OG0010592		Bcin10p04660.1				EDN97608
OG0010593		Bcin01p01130.1, Bcin01p01130.2				
OG0010594		Bcin09p04680.1, Bcin09p04680.2				
OG0010595		Bcin10p06060.1				EDO01069
OG0010596		Bcin07p03940.1, Bcin07p03940.2				
OG0010597		Bcin09p01130.1				EDO01657
OG0010598		Bcin06p04670.1				EDN93460
OG0010599		Bcin06p03050.1				EDN99999
OG0010600		Bcin01p00920.1				EDN98156
OG0010601		Bcin09p04670.1				EDO02537
OG0010602		Bcin16p05050.1	CVK95988			
OG0010603		Bcin05p07820.1				EDN95893
OG0010604		Bcin08p02930.1				EDO00819
OG0010605		Bcin14p00640.1				EDN91601
OG0010606		Bcin09p05670.1				EDO03037
OG0010607		Bcin10p02210.1				EDO04839
OG0010608		Bcin14p01490.1				EDN91469
OG0010609		Bcin03p07040.1, Bcin03p07040.2				
OG0010610		Bcin12p05840.1				EDN98930
OG0010611		Bcin03p08460.1, Bcin03p08460.2				
OG0010612		Bcin15p03110.1, Bcin15p03110.2				
OG0010613		Bcin10p04500.1, Bcin10p04500.2				
OG0010614		Bcin11p06410.1				EDN96160
OG0010615		Bcin05p06380.1				EDO03797
OG0010616		Bcin02p05330.1				EDN95244
OG0010617		Bcin08p02240.5, Bcin08p02240.6				
OG0010618		Bcin12p04600.1				EDN92777
OG0010619		Bcin09p05890.1				EDO03071
OG0010620		Bcin01p11470.1, Bcin01p11470.2				
OG0010621		Bcin15p03880.1, Bcin15p03880.2				
OG0010622		Bcin13p01220.1				EDN99389
OG0010623		Bcin07p02040.1				EDN97139
OG0010624		Bcin04p03280.1				EDO01361
OG0010625		Bcin03p00820.1		FOXG_17510P0		
OG0010626		Bcin15p00660.1, Bcin15p00660.2				
OG0010627		Bcin08p00220.1				EDN97556
OG0010628		Bcin08p04720.1, Bcin08p04720.2				
OG0010629		Bcin06p06540.1				EDO00236
OG0010630		Bcin02p04940.1				EDN95294
OG0010631		Bcin14p02060.1				EDN94360
OG0010632		Bcin06p03580.1				EDN99815
OG0010633		Bcin08p05350.1	CVK85019			
OG0010634		Bcin08p00730.1				EDO01103
OG0010635		Bcin06p03830.1				EDN99840
OG0010636		Bcin08p01250.1				EDO01032
OG0010637		Bcin06p04030.1				EDN99864
OG0010638		Bcin06p04510.1				EDN99925
OG0010639		Bcin14p01990.1				EDN94371
OG0010640		Bcin12p00520.1	CVL07544			
OG0010641		Bcin06p06230.1, Bcin06p06230.2				
OG0010642		Bcin05p04350.1				EDO03662
OG0010643		Bcin02p05770.1		FOXG_02640P0		
OG0010644		Bcin07p03140.1				EDN97044
OG0010645		Bcin06p06670.1				EDO00224
OG0010646		Bcin03p07360.1				EDN90640
OG0010647		Bcin02p01040.1				EDO03589
OG0010648		Bcin06p02970.1				EDO00013
OG0010649		Bcin01p07330.1				EDO01702
OG0010650		Bcin06p03790.1				EDN99836
OG0010651		Bcin04p00270.1				EDN92307
OG0010652		Bcin10p02110.1, Bcin10p02110.2				
OG0010653		Bcin02p00440.1				EDN96569
OG0010654		Bcin09p05930.1				EDO03076
OG0010655		Bcin02p04030.1				EDN96502
OG0010656		Bcin10p00140.1		FOXG_04696P0		
OG0010657		Bcin13p03190.1				EDN93646
OG0010658		Bcin08p03230.1, Bcin08p03230.2				
OG0010659		Bcin06p03900.1				EDN99846
OG0010660		Bcin10p01580.1				EDO05034
OG0010661		Bcin04p04960.1, Bcin04p04960.2				
OG0010662		Bcin13p05060.1				EDN98620
OG0010663		Bcin12p06420.1, Bcin12p06420.2				
OG0010664		Bcin07p00930.1				EDN95329
OG0010665		Bcin02p07920.1		FOXG_02572P0		
OG0010666		Bcin14p03940.1				EDN94486
OG0010667		Bcin09p05230.1				EDO02978
OG0010668		Bcin05p03510.1				EDO03573
OG0010669		Bcin13p02660.1				EDN99543
OG0010670		Bcin06p00480.1				EDN93385
OG0010671		Bcin18p00135.1, Bcin18p00150.1				
OG0010672		Bcin06p06890.1				EDO00202
OG0010673		Bcin09p06000.1				EDO03086
OG0010674		Bcin06p05910.1				EDO00364
OG0010675		Bcin04p00850.1	CVK96576			
OG0010676		Bcin16p03400.3, Bcin16p03400.5				
OG0010677		Bcin11p04790.1	CVL06487			
OG0010678		Bcin02p04420.1				EDN96449
OG0010679		Bcin07p03200.1				EDN97034
OG0010680		Bcin14p00440.1				EDN91622
OG0010681		Bcin05p06780.1				EDN96136
OG0010682		Bcin04p00680.1	CVK86462			
OG0010683		Bcin09p05420.1				EDO03004
OG0010684		Bcin09p01790.1				EDO02664
OG0010685		Bcin08p02650.1				EDO00857
OG0010686		Bcin13p05800.1				EDN98522
OG0010687		Bcin06p05620.1				EDO00097
OG0010688		Bcin03p01980.1	CVL03440			
OG0010689		Bcin05p01940.1				EDO03326
OG0010690		Bcin11p00800.1, Bcin11p00800.2				
OG0010691		Bcin08p04230.1				EDO00660
OG0010692		Bcin09p01480.1				EDO02711
OG0010693		Bcin14p03200.1				EDN94573
OG0010694		Bcin06p03570.1				EDN99814
OG0010695		Bcin15p04020.1, Bcin15p04020.2				
OG0010696		Bcin09p03530.1				EDO02803
OG0010697		Bcin05p08300.1				EDN95847
OG0010698		Bcin04p06070.1		FOXG_17584P0		
OG0010699		Bcin08p03240.1				EDO00760
OG0010700		Bcin16p04400.1, Bcin16p04400.2				
OG0010701		Bcin08p02050.1, Bcin08p02050.2				
OG0010702		Bcin15p04070.1, Bcin15p04070.2				
OG0010703		Bcin09p01900.1	CVL08804			
OG0010704		Bcin12p04020.1				EDN92639
OG0010705		Bcin02p05750.1				EDN95190
OG0010706		Bcin08p02140.1				EDO00909
OG0010707		Bcin01p08090.1				EDO02184
OG0010708		Bcin10p05700.1				EDO04700
OG0010709		Bcin07p01340.1				EDN96392
OG0010710		Bcin05p02690.1				EDO01253
OG0010711		Bcin13p02090.1				EDN99478
OG0010712		Bcin03p05170.1		FOXG_17488P0		
OG0010713		Bcin05p05990.1, Bcin05p05990.2				
OG0010714		Bcin16p02080.1, Bcin16p02080.2				
OG0010715		Bcin02p00590.1				EDN96594
OG0010716		Bcin08p03100.1				EDO00795
OG0010717		Bcin03p01430.1				EDN91345
OG0010718		Bcin01p04970.1				EDO01907
OG0010719		Bcin02p02860.1, Bcin02p02860.2				
OG0010720		Bcin14p04580.1				EDN94621
OG0010721		Bcin07p02140.1				EDN97125
OG0010722		Bcin14p00420.1				EDN91624
OG0010723		Bcin09p06040.1		FOXG_09000P0		
OG0010724		Bcin09p03700.1				EDO02822
OG0010725		Bcin09p04460.1, Bcin09p04460.2				
OG0010726		Bcin07p07120.1, Bcin07p07120.2				
OG0010727		Bcin16p03760.1, Bcin16p03760.2				
OG0010728		Bcin02p00370.1				EDN96562
OG0010729		Bcin05p07860.1				EDN95892
OG0010730		Bcin11p06090.1				EDN96202
OG0010731		Bcin03p01390.1				EDN91349
OG0010732		Bcin02p05480.1				EDN95222
OG0010733		Bcin06p01760.1				EDN99743
OG0010734		Bcin06p02780.1, Bcin06p02780.2				
OG0010735		Bcin11p01160.1				EDN96328
OG0010736		Bcin09p06210.1				EDO03118
OG0010737		Bcin03p06710.1				EDN90718
OG0010738		Bcin02p05670.1				EDN95226
OG0010739		Bcin12p00990.1				EDN92352
OG0010740		Bcin06p05160.1				EDN99927
OG0010741		Bcin01p04190.1				EDO01827
OG0010742		Bcin02p05410.1				EDN95223
OG0010743		Bcin05p03870.1				EDO03619
OG0010744		Bcin14p00810.1				EDN94299
OG0010745		Bcin10p00760.1				EDO04715
OG0010746		Bcin06p02290.1				EDN99680
OG0010747		Bcin03p01380.1				EDN91350
OG0010748		Bcin01p04660.1				EDO01876
OG0010749		Bcin01p11400.1, Bcin01p11400.2				
OG0010750		Bcin13p04210.1				EDN93712
OG0010751		Bcin10p05600.1				EDO04673
OG0010752		Bcin04p02620.1, Bcin04p02620.2				
OG0010753		Bcin10p00210.1				EDO04898
OG0010754		Bcin11p01370.1				EDN96303
OG0010755		Bcin06p05980.1				EDO00367
OG0010756		Bcin01p01650.1				EDN98277
OG0010757		Bcin01p04760.1				EDO01886
OG0010758		Bcin06p01680.1				EDN99752
OG0010759		Bcin12p00870.1				EDN92338
OG0010760		Bcin08p01220.1				EDO01035
OG0010761		Bcin09p03240.1				EDO02767
OG0010762		Bcin04p04750.1, Bcin04p04750.2				
OG0010763		Bcin06p01790.1				EDN99741
OG0010764		Bcin15p00250.1, Bcin15p00250.2				
OG0010765		Bcin03p00440.1				EDN94215
OG0010766		Bcin11p01310.1				EDN96310
OG0010767		Bcin03p00530.1				EDN94229
OG0010768		Bcin09p06060.1				EDO03096
OG0010769		Bcin02p05020.1				EDN95284
OG0010770		Bcin09p00220.1				EDO02381
OG0010771		Bcin06p02040.1				EDN99706
OG0010772		Bcin05p06000.1				EDN95982
OG0010773		Bcin04p00890.1, Bcin04p00890.2				
OG0010774		Bcin18p00110.1, Bcin18p00110.2				
OG0010775		Bcin01p03240.1				EDO01666
OG0010776		Bcin03p09316.1, Bcin03p09316.2				
OG0010777		Bcin06p00520.1				EDN93380
OG0010778		Bcin06p03020.1				EDO00004
OG0010779		Bcin06p02140.1				EDN99695
OG0010780		Bcin02p03670.1				EDN96759
OG0010781		Bcin08p02130.1				EDO00911
OG0010782		Bcin03p00510.1				EDN94224
OG0010783		Bcin01p05000.1				EDO01920
OG0010784		Bcin06p07380.1				EDO00143
OG0010785		Bcin02p05730.1				EDN95192
OG0010786		Bcin01p10380.1, Bcin01p10380.2				
OG0010787		Bcin10p03810.1				EDO03190
OG0010788		Bcin06p00040.1				EDN93539
OG0010789		Bcin03p05010.1				EDN90939
OG0010790		Bcin16p03260.1, Bcin16p03260.2				
OG0010791		Bcin11p01200.1				EDN96323
OG0010792		Bcin13p01910.1				EDN99314
OG0010793		Bcin05p02560.1				EDO03345
OG0010794		Bcin13p04710.1				EDN98655
OG0010795		Bcin04p06580.1	CVL05699			
OG0010796		Bcin09p00930.1				EDO02438
OG0010797		Bcin05p01650.1				EDO03419
OG0010798		Bcin06p04090.1				EDN99871
OG0010799		Bcin11p02280.1				EDN96632
OG0010800		Bcin08p01860.1				EDO00949
OG0010801		Bcin13p01530.1	CVK92174			
OG0010802		Bcin16p02270.1	CVL00280			
OG0010803		Bcin03p03960.1				EDN91061
OG0010804		Bcin07p04990.1, Bcin08p03830.1				
OG0010805		Bcin14p03260.1				EDN94562
OG0010806		Bcin11p03340.1, Bcin11p03340.2				
OG0010807		Bcin02p05790.1				EDN95189
OG0010808		Bcin01p00840.1				EDN98183
OG0010809		Bcin06p06860.1				EDO00205
OG0010810		Bcin05p03780.1				EDO03601
OG0010811		Bcin03p01350.1				EDN91353
OG0010812		Bcin04p03210.1	CVL04741			
OG0010813		Bcin12p02460.1				EDN92579
OG0010814		Bcin12p02480.1				EDN92580
OG0010815		Bcin16p02540.1, Bcin16p02540.2				
OG0010816		Bcin01p07500.1				EDO01680
OG0010817		Bcin08p03880.1		FOXG_16431P0		
OG0010818		Bcin02p01340.1				EDN96840
OG0010819		Bcin01p01590.1				EDN98273
OG0010820		Bcin07p02330.1				EDN97105
OG0010821		Bcin07p05940.1, Bcin07p05940.2				
OG0010822		Bcin08p04400.1		FOXG_17596P0		
OG0010823		Bcin12p05230.1				EDN98963
OG0010824		Bcin11p01230.1				EDN96320
OG0010825		Bcin05p03680.1				EDO03587
OG0010826		Bcin03p00620.1				EDN91439
OG0010827		Bcin12p06570.1, Bcin12p06570.2				
OG0010828		Bcin09p05160.1, Bcin09p05160.2				
OG0010829		Bcin06p00365.1				EDN93398
OG0010830		Bcin11p05850.2		FOXG_04728P0		
OG0010831			CVK83791	FOXG_00572P0		
OG0010832			CVK83974	FOXG_00675P0		
OG0010833			CVK84740	FOXG_01154P0		
OG0010834			CVK83531	FOXG_00413P0		
OG0010835			CVK84223	FOXG_00891P0		
OG0010836			CVK83514	FOXG_00401P0		
OG0010837			CVK84950	FOXG_01340P0		
OG0010838			CVK83822	FOXG_00590P0		
OG0010839			CVK85066, CVL05787			
OG0010840			CVK83840	FOXG_00601P0		
OG0010841			CVK83520	FOXG_00405P0		
OG0010842			CVK84879	FOXG_01271P0		
OG0010843			CVK83707	FOXG_00523P0		
OG0010844			CVK84572	FOXG_01042P0		
OG0010845			CVK84362	FOXG_00911P0		
OG0010846			CVK84806	FOXG_01212P0		
OG0010847			CVK84888	FOXG_01280P0		
OG0010848			CVK84680	FOXG_01103P0		
OG0010849			CVK83973, CVK95213			
OG0010850			CVK84878	FOXG_01270P0		
OG0010851			CVK84354	FOXG_00909P0		
OG0010852			CVK84818, CVK84819			
OG0010853			CVK84047	FOXG_00718P0		
OG0010854			CVK84235	FOXG_00888P0		
OG0010855			CVK83577	FOXG_00443P0		
OG0010856			CVK84897	FOXG_01290P0		
OG0010857			CVK84510	FOXG_01007P0		
OG0010858			CVK84876	FOXG_01252P0		
OG0010859			CVK83091	FOXG_00148P0		
OG0010860			CVK84971	FOXG_01362P0		
OG0010861			CVK84926	FOXG_01318P0		
OG0010862			CVK84726	FOXG_01140P0		
OG0010863			CVK84217	FOXG_00900P0		
OG0010864			CVK83932	FOXG_00657P0		
OG0010865			CVK84003	FOXG_00691P0		
OG0010866			CVK84376	FOXG_00920P0		
OG0010867			CVK83596	FOXG_00455P0		
OG0010868			CVK84851	FOXG_01249P0		
OG0010869			CVK83522	FOXG_00406P0		
OG0010870			CVK84105	FOXG_00756P0		
OG0010871			CVK83252	FOXG_00244P0		
OG0010872			CVK84041	FOXG_00714P0		
OG0010873			CVK84346	FOXG_00818P0		
OG0010874			CVK83346	FOXG_00310P0		
OG0010875			CVK83136	FOXG_00171P0		
OG0010876			CVK84987	FOXG_01368P0		
OG0010877			CVK83345	FOXG_00301P0		
OG0010878			CVK82961	FOXG_00071P0		
OG0010879			CVK83726	FOXG_00538P0		
OG0010880			CVK84230	FOXG_00890P0		
OG0010881			CVK84044	FOXG_00716P0		
OG0010882			CVK84712	FOXG_01127P0		
OG0010883			CVK84998	FOXG_01380P0		
OG0010884			CVK83087	FOXG_00145P0		
OG0010885			CVK84795	FOXG_01205P0		
OG0010886			CVK84481	FOXG_00988P0		
OG0010887			CVK84991	FOXG_01373P0		
OG0010888			CVK82887	FOXG_00028P0		
OG0010889			CVK83733	FOXG_00542P0		
OG0010890			CVK83977	FOXG_00677P0		
OG0010891			CVK84809	FOXG_01213P0		
OG0010892			CVK83954	FOXG_00665P0		
OG0010893			CVK83861	FOXG_00611P0		
OG0010894			CVK83589	FOXG_00451P0		
OG0010895			CVK83705	FOXG_00522P0		
OG0010896			CVK84913	FOXG_01305P0		
OG0010897			CVK83515	FOXG_00402P0		
OG0010898			CVK84739	FOXG_01153P0		
OG0010899			CVK84853	FOXG_01269P0		
OG0010900			CVK83953	FOXG_00664P0		
OG0010901			CVK83582	FOXG_00446P0		
OG0010902			CVK85134	FOXG_11834P0		
OG0010903			CVK84823, CVK84824			
OG0010904			CVK84660	FOXG_01092P0		
OG0010905			CVK84958	FOXG_01352P0		
OG0010906			CVK84957	FOXG_01351P0		
OG0010907			CVK84491	FOXG_00996P0		
OG0010908			CVK83919	FOXG_00650P0		
OG0010909			CVK83957	FOXG_00667P0		
OG0010910			CVK84934	FOXG_01323P0		
OG0010911			CVK83649	FOXG_00469P0		
OG0010912			CVK84313	FOXG_00839P0		
OG0010913			CVK84804	FOXG_01210P0		
OG0010914			CVK84989	FOXG_01371P0		
OG0010915			CVK84846	FOXG_01245P0		
OG0010916			CVK84874	FOXG_01254P0		
OG0010917			CVK84930	FOXG_01320P0		
OG0010918			CVK84115	FOXG_00761P0		
OG0010919			CVK83623	FOXG_00482P0		
OG0010920			CVK83704	FOXG_00521P0		
OG0010921			CVK82909	FOXG_00041P0		
OG0010922			CVK84312	FOXG_00840P0		
OG0010923			CVK84369	FOXG_00915P0		
OG0010924			CVK83645	FOXG_00471P0		
OG0010925			CVK84838	FOXG_01236P0		
OG0010926			CVK84187	FOXG_00803P0		
OG0010927			CVK84976, CVK93840			
OG0010928			CVK83907	FOXG_00640P0		
OG0010929			CVK84982	FOXG_01363P0		
OG0010930			CVK84477	FOXG_00986P0		
OG0010931			CVK83951	FOXG_00663P0		
OG0010932			CVK84847	FOXG_01246P0		
OG0010933			CVK83381	FOXG_00313P0		
OG0010934			CVK84866	FOXG_01258P0		
OG0010935			CVK84820	FOXG_01221P0		
OG0010936			CVK83555	FOXG_00427P0		
OG0010937			CVK83254	FOXG_00245P0		
OG0010938			CVK84275	FOXG_00868P0		
OG0010939			CVK83929	FOXG_00656P0		
OG0010940			CVK84662	FOXG_01093P0		
OG0010941			CVK84817	FOXG_01220P0		
OG0010942			CVK84756	FOXG_01169P0		
OG0010943			CVK85079	FOXG_15847P0		
OG0010944			CVK83406	FOXG_00339P0		
OG0010945			CVK84380	FOXG_00922P0		
OG0010946			CVK84050	FOXG_00720P0		
OG0010947			CVK82989	FOXG_00090P0		
OG0010948			CVK84749	FOXG_01162P0		
OG0010949			CVK84850	FOXG_01248P0		
OG0010950			CVK85005	FOXG_01387P0		
OG0010951			CVK83665	FOXG_00498P0		
OG0010952			CVK84842	FOXG_01243P0		
OG0010953			CVK84829	FOXG_01228P0		
OG0010954			CVK84935	FOXG_01324P0		
OG0010955			CVK85002	FOXG_01384P0		
OG0010956			CVK84665	FOXG_01095P0		
OG0010957			CVK83754	FOXG_00553P0		
OG0010958			CVK84663	FOXG_01094P0		
OG0010959			CVK84570	FOXG_01040P0		
OG0010960			CVK84593	FOXG_01056P0		
OG0010961			CVK84775	FOXG_01186P0		
OG0010962			CVK84080	FOXG_00740P0		
OG0010963			CVK84970	FOXG_10017P0		
OG0010964			CVK83164	FOXG_00188P0		
OG0010965			CVK84831	FOXG_01230P0		
OG0010966			CVK84869	FOXG_03695P0		
OG0010967			CVK83700	FOXG_00519P0		
OG0010968			CVK84506	FOXG_01004P0		
OG0010969			CVK84997	FOXG_01379P0		
OG0010970			CVK84221	FOXG_00894P0		
OG0010971			CVK84289	FOXG_00856P0		
OG0010972			CVK84931	FOXG_01321P0		
OG0010973			CVK84908	FOXG_01300P0		
OG0010974			CVK83366	FOXG_00318P0		
OG0010975			CVK84848	FOXG_01247P0		
OG0010976			CVK83621	FOXG_00484P0		
OG0010977			CVK84314	FOXG_00838P0		
OG0010978			CVK84250	FOXG_00883P0		
OG0010979			CVK84025	FOXG_00705P0		
OG0010980			CVK84880	FOXG_01272P0		
OG0010981			CVK82920	FOXG_00049P0		
OG0010982			CVK84286	FOXG_00858P0		
OG0010983			CVK84037	FOXG_00712P0		
OG0010984			CVK83305	FOXG_00277P0		
OG0010985			CVK84955	FOXG_01345P0		
OG0010986			CVK84875	FOXG_01253P0		
OG0010987			CVK84201	FOXG_00812P0		
OG0010988			CVK84785	FOXG_01195P0		
OG0010989			CVK84697	FOXG_01113P0		
OG0010990			CVK84845	FOXG_01244P0		
OG0010991			CVK84682	FOXG_01105P0		
OG0010992			CVK83867	FOXG_00614P0		
OG0010993			CVK83946	FOXG_00660P0		
OG0010994			CVK84983	FOXG_01364P0		
OG0010995			CVK83877	FOXG_00620P0		
OG0010996			CVK83383	FOXG_00312P0		
OG0010997			CVK84416	FOXG_00947P0		
OG0010998			CVK85010, CVL05140			
OG0010999			CVK84526	FOXG_01016P0		
OG0011000			CVK84789	FOXG_01200P0		
OG0011001			CVK83939	FOXG_17213P0		
OG0011002			CVK83694	FOXG_00516P0		
OG0011003			CVK83792	FOXG_00573P0		
OG0011004			CVK84701	FOXG_01116P0		
OG0011005			CVK84999	FOXG_01381P0		
OG0011006			CVK83214	FOXG_00220P0		
OG0011007			CVK84507	FOXG_01005P0		
OG0011008			CVK83007	FOXG_00099P0		
OG0011009			CVK84667	FOXG_01096P0		
OG0011010			CVK84953	FOXG_01343P0		
OG0011011			CVK83213	FOXG_00219P0		
OG0011012			CVK84408	FOXG_00942P0		
OG0011013			CVK83156	FOXG_00183P0		
OG0011014			CVK84234	FOXG_00889P0		
OG0011015			CVK83199	FOXG_00211P0		
OG0011016			CVK83255	FOXG_00246P0		
OG0011017			CVK84586	FOXG_01050P0		
OG0011018			CVK85001	FOXG_01383P0		
OG0011019			CVK84704	FOXG_01119P0		
OG0011020			CVK83906	FOXG_00639P0		
OG0011021			CVK84885	FOXG_01277P0		
OG0011022			CVK83498	FOXG_00392P0		
OG0011023			CVK84902	FOXG_01295P0		
OG0011024			CVK84559	FOXG_01033P0		
OG0011025			CVK84952	FOXG_01342P0		
OG0011026			CVK84451	FOXG_00968P0		
OG0011027			CVK83387	FOXG_00327P0		
OG0011028			CVK83302	FOXG_00276P0		
OG0011029			CVK84881	FOXG_01273P0		
OG0011030			CVK84783	FOXG_01193P0		
OG0011031			CVK84710	FOXG_01125P0		
OG0011032			CVK84618	FOXG_01069P0		
OG0011033			CVK83283	FOXG_00262P0		
OG0011034			CVK84827	FOXG_01226P0		
OG0011035			CVK84917	FOXG_01309P0		
OG0011036			CVK84372	FOXG_00917P0		
OG0011037			CVK83716	FOXG_00531P0		
OG0011038			CVK84455	FOXG_00970P0		
OG0011039			CVK83393	FOXG_00332P0		
OG0011040			CVK85816	FOXG_13180P0		
OG0011041			CVK87381	FOXG_07667P0		
OG0011042			CVK85659	FOXG_13101P0		
OG0011043			CVK85737	FOXG_13142P0		
OG0011044			CVK86335	FOXG_03970P0		
OG0011045			CVK87862	FOXG_15937P0		
OG0011046			CVK86248	FOXG_13428P0		
OG0011047			CVK85821	FOXG_13197P0		
OG0011048			CVK85767	FOXG_13161P0		
OG0011049			CVK86524	FOXG_03803P0		
OG0011050			CVK87537	FOXG_07573P0		
OG0011051			CVK86574	FOXG_03755P0		
OG0011052			CVK85994	FOXG_13287P0		
OG0011053			CVK86566	FOXG_03763P0		
OG0011054			CVK86558	FOXG_03770P0		
OG0011055			CVK87617	FOXG_07538P0		
OG0011056			CVK86561	FOXG_03767P0		
OG0011057			CVK87894	FOXG_07412P0		
OG0011058			CVK87896	FOXG_02724P0		
OG0011059			CVK85935	FOXG_13253P0		
OG0011060			CVK87899, CVL00297			
OG0011061			CVK86167	FOXG_13384P0		
OG0011062			CVK87555	FOXG_07569P0		
OG0011063			CVK86411, CVL02268			
OG0011064			CVK86913	FOXG_07939P0		
OG0011065			CVK85908	FOXG_13240P0		
OG0011066			CVK85881	FOXG_13227P0		
OG0011067			CVK86983	FOXG_07891P0		
OG0011068			CVK86207	FOXG_13404P0		
OG0011069			CVK86587	FOXG_03745P0		
OG0011070			CVK85664	FOXG_13098P0		
OG0011071			CVK86156	FOXG_13375P0		
OG0011072			CVK87262	FOXG_07716P0		
OG0011073			CVK86032	FOXG_13311P0		
OG0011074			CVK86119	FOXG_13354P0		
OG0011075			CVK85832	FOXG_13206P0		
OG0011076			CVK86414	FOXG_03919P0		
OG0011077			CVK85902	FOXG_13238P0		
OG0011078			CVK86237	FOXG_13419P0		
OG0011079			CVK87911	FOXG_07402P0		
OG0011080			CVK87326	FOXG_07685P0		
OG0011081			CVK85979	FOXG_13279P0		
OG0011082			CVK86212	FOXG_13406P0		
OG0011083			CVK86865	FOXG_07969P0		
OG0011084			CVK87672	FOXG_07503P0		
OG0011085			CVK86469	FOXG_03852P0		
OG0011086			CVK87073	FOXG_07837P0		
OG0011087			CVK87664	FOXG_07508P0		
OG0011088			CVK86538	FOXG_03790P0		
OG0011089			CVK86302, CVK97992			
OG0011090			CVK86447	FOXG_03891P0		
OG0011091			CVK86348	FOXG_03965P0		
OG0011092			CVK86235	FOXG_13418P0		
OG0011093			CVK87557	FOXG_07567P0		
OG0011094			CVK86478	FOXG_03847P0		
OG0011095			CVK85862	FOXG_13219P0		
OG0011096			CVK85699	FOXG_13119P0		
OG0011097			CVK85789	FOXG_13185P0		
OG0011098			CVK87680	FOXG_07499P0		
OG0011099			CVK87017	FOXG_07872P0		
OG0011100			CVK86134	FOXG_13364P0		
OG0011101			CVK85900	FOXG_13236P0		
OG0011102			CVK86353, CVL02517			
OG0011103			CVK85683	FOXG_13091P0		
OG0011104			CVK85679	FOXG_13092P0		
OG0011105			CVK85688	FOXG_13087P0		
OG0011106			CVK85757	FOXG_13170P0		
OG0011107			CVK86537	FOXG_03791P0		
OG0011108			CVK87314	FOXG_07690P0		
OG0011109			CVK86730	FOXG_08081P0		
OG0011110			CVK86646	FOXG_08166P0		
OG0011111			CVK85806	FOXG_13188P0		
OG0011112			CVK86079	FOXG_13335P0		
OG0011113			CVK85685	FOXG_13089P0		
OG0011114			CVK86268	FOXG_04005P0		
OG0011115			CVK85941	FOXG_13257P0		
OG0011116			CVK85710	FOXG_13126P0		
OG0011117			CVK87029	FOXG_07865P0		
OG0011118			CVK87179	FOXG_07771P0		
OG0011119			CVK86191	FOXG_13397P0		
OG0011120			CVK85830	FOXG_13204P0		
OG0011121			CVK86718	FOXG_08093P0		
OG0011122			CVK86091	FOXG_13340P0		
OG0011123			CVK87890	FOXG_07415P0		
OG0011124			CVK87024	FOXG_07867P0		
OG0011125			CVK87923	FOXG_07392P0		
OG0011126			CVK87051	FOXG_07847P0		
OG0011127			CVK86385	FOXG_03933P0		
OG0011128			CVK87362	FOXG_07674P0		
OG0011129			CVK87631	FOXG_07526P0		
OG0011130			CVK86426	FOXG_03908P0		
OG0011131			CVK86216	FOXG_13408P0		
OG0011132			CVK86553	FOXG_03775P0		
OG0011133			CVK87781	FOXG_07452P0		
OG0011134			CVK86571	FOXG_03758P0		
OG0011135			CVK87475	FOXG_07612P0		
OG0011136			CVK86139	FOXG_13367P0		
OG0011137			CVK86458	FOXG_03880P0		
OG0011138			CVK86220	FOXG_13411P0		
OG0011139			CVK86060	FOXG_13325P0		
OG0011140			CVK87440	FOXG_07629P0		
OG0011141			CVK85933	FOXG_13252P0		
OG0011142			CVK86408	FOXG_03923P0		
OG0011143			CVK86552	FOXG_03776P0		
OG0011144			CVK85793	FOXG_13183P0		
OG0011145			CVK86811	FOXG_08003P0		
OG0011146			CVK86551	FOXG_03777P0		
OG0011147			CVK86380	FOXG_03937P0		
OG0011148			CVK86519	FOXG_03808P0		
OG0011149			CVK87370	FOXG_07672P0		
OG0011150			CVK85939	FOXG_13256P0		
OG0011151			CVK85831	FOXG_13205P0		
OG0011152			CVK87659	FOXG_07514P0		
OG0011153			CVK87104	FOXG_07819P0		
OG0011154			CVK86583	FOXG_03749P0		
OG0011155			CVK85944	FOXG_13259P0		
OG0011156			CVK86287	FOXG_03991P0		
OG0011157			CVK86980	FOXG_07893P0		
OG0011158			CVK87605	FOXG_07545P0		
OG0011159			CVK86131	FOXG_13362P0		
OG0011160			CVK86598	FOXG_03734P0		
OG0011161			CVK87845	FOXG_07439P0		
OG0011162			CVK85981	FOXG_13280P0		
OG0011163			CVK86147	FOXG_13372P0		
OG0011164			CVK87691	FOXG_07492P0		
OG0011165			CVK86242	FOXG_13422P0		
OG0011166			CVK86691	FOXG_08120P0		
OG0011167			CVK86069	FOXG_13330P0		
OG0011168			CVK86443	FOXG_03893P0		
OG0011169			CVK85984	FOXG_13281P0		
OG0011170			CVK87424	FOXG_07640P0		
OG0011171			CVK87254	FOXG_07720P0		
OG0011172			CVK86180	FOXG_13392P0		
OG0011173			CVK85861	FOXG_13218P0		
OG0011174			CVK86075	FOXG_13333P0		
OG0011175			CVK86943	FOXG_07918P0		
OG0011176			CVK86021	FOXG_13305P0		
OG0011177			CVK86113	FOXG_13351P0		
OG0011178			CVK87666	FOXG_07507P0		
OG0011179			CVK85996	FOXG_13290P0		
OG0011180			CVK87902	FOXG_07409P0		
OG0011181			CVK85889, CVL07859			
OG0011182			CVK87420	FOXG_07643P0		
OG0011183			CVK87418	FOXG_07644P0		
OG0011184			CVK86818	FOXG_07999P0		
OG0011185			CVK87431, CVL09331			
OG0011186			CVK86533	FOXG_03795P0		
OG0011187			CVK85951	FOXG_13262P0		
OG0011188			CVK86173	FOXG_13388P0		
OG0011189			CVK86373	FOXG_03951P0		
OG0011190			CVK86383	FOXG_03934P0		
OG0011191			CVK86549	FOXG_03779P0		
OG0011192			CVK87423	FOXG_07641P0		
OG0011193			CVK86001	FOXG_13293P0		
OG0011194			CVK87883	FOXG_11862P0		
OG0011195			CVK87435	FOXG_07634P0		
OG0011196			CVK85995	FOXG_13288P0		
OG0011197			CVK86453	FOXG_03885P0		
OG0011198			CVK86806	FOXG_08007P0		
OG0011199			CVK87398	FOXG_07658P0		
OG0011200			CVK85758	FOXG_13167P0		
OG0011201			CVK87206	FOXG_07752P0		
OG0011202			CVK86293	FOXG_03989P0		
OG0011203			CVK85931	FOXG_13250P0		
OG0011204			CVK85972	FOXG_13272P0		
OG0011205			CVK87888	FOXG_07416P0		
OG0011206			CVK86506	FOXG_03822P0		
OG0011207			CVK85749	FOXG_13174P0		
OG0011208			CVK86251	FOXG_13430P0		
OG0011209			CVK86494	FOXG_03832P0		
OG0011210			CVK85755	FOXG_13171P0		
OG0011211			CVK87628	FOXG_07528P0		
OG0011212			CVK86444	FOXG_03892P0		
OG0011213			CVK87338	FOXG_07680P0		
OG0011214			CVK86157	FOXG_13376P0		
OG0011215			CVK86182	FOXG_13393P0		
OG0011216			CVK87453	FOXG_07624P0		
OG0011217			CVK87534	FOXG_07571P0		
OG0011218			CVK87173	FOXG_07774P0		
OG0011219			CVK87702	FOXG_07487P0		
OG0011220			CVK86351	FOXG_03963P0		
OG0011221			CVK87504	FOXG_07597P0		
OG0011222			CVK87725	FOXG_07483P0		
OG0011223			CVK86026	FOXG_13308P0		
OG0011224			CVK87059	FOXG_07846P0		
OG0011225			CVK85894	FOXG_13233P0		
OG0011226			CVK87559	FOXG_07566P0		
OG0011227			CVK86508	FOXG_03819P0		
OG0011228			CVK87960	FOXG_07008P0		
OG0011229			CVK86492	FOXG_03834P0		
OG0011230			CVK87516	FOXG_07591P0		
OG0011231			CVK85736	FOXG_13140P0		
OG0011232			CVK86359	FOXG_03960P0		
OG0011233			CVK86315	FOXG_03979P0		
OG0011234			CVK86883	FOXG_07959P0		
OG0011235			CVK87563	FOXG_07565P0		
OG0011236			CVK86727	FOXG_08084P0		
OG0011237			CVK85818	FOXG_13194P0		
OG0011238			CVK87663	FOXG_07509P0		
OG0011239			CVK85615	FOXG_13116P0		
OG0011240			CVK86274	FOXG_04001P0		
OG0011241			CVK86183	FOXG_13394P0		
OG0011242			CVK86484	FOXG_03841P0		
OG0011243			CVK86435	FOXG_03900P0		
OG0011244			CVK87574	FOXG_07562P0		
OG0011245			CVK85998	FOXG_13291P0		
OG0011246			CVK85917	FOXG_17482P0		
OG0011247			CVK86738	FOXG_08075P0		
OG0011248			CVK86382	FOXG_03935P0		
OG0011249			CVK85962	FOXG_13267P0		
OG0011250			CVK87819	FOXG_07449P0		
OG0011251			CVK87904	FOXG_07408P0		
OG0011252			CVK86928	FOXG_07929P0		
OG0011253			CVK86555	FOXG_03773P0		
OG0011254			CVK85765	FOXG_13162P0		
OG0011255			CVK85973	FOXG_13273P0		
OG0011256			CVK85687	FOXG_13088P0		
OG0011257			CVK85913	FOXG_13242P0		
OG0011258			CVK86803	FOXG_08010P0		
OG0011259			CVK85643	FOXG_13106P0		
OG0011260			CVK87661	FOXG_07510P0		
OG0011261			CVK86794	FOXG_08020P0		
OG0011262			CVK86507	FOXG_03821P0		
OG0011263			CVK86306	FOXG_03981P0		
OG0011264			CVK87754	FOXG_07470P0		
OG0011265			CVK87156	FOXG_07786P0		
OG0011266			CVK86252	FOXG_13431P0		
OG0011267			CVK85620	FOXG_13114P0		
OG0011268			CVK86425	FOXG_03909P0		
OG0011269			CVK85924	FOXG_13247P0		
OG0011270			CVK87084	FOXG_07830P0		
OG0011271			CVK86678	FOXG_08134P0		
OG0011272			CVK86054	FOXG_13322P0		
OG0011273			CVK86687	FOXG_08124P0		
OG0011274			CVK87719	FOXG_07479P0		
OG0011275			CVK85898	FOXG_13235P0		
OG0011276			CVK87685	FOXG_07496P0		
OG0011277			CVK85705	FOXG_13123P0		
OG0011278			CVK85741	FOXG_13144P0		
OG0011279			CVK86006	FOXG_13297P0		
OG0011280			CVK86066	FOXG_13328P0		
OG0011281			CVK86412	FOXG_03920P0		
OG0011282			CVK86295	FOXG_03987P0		
OG0011283			CVK85826	FOXG_13201P0		
OG0011284			CVK87667	FOXG_07506P0		
OG0011285			CVK85857	FOXG_13216P0		
OG0011286			CVK86599	FOXG_03733P0		
OG0011287			CVK87056	FOXG_07851P0		
OG0011288			CVK86592	FOXG_03739P0		
OG0011289			CVK87417	FOXG_07645P0		
OG0011290			CVK86008	FOXG_13299P0		
OG0011291			CVK86115	FOXG_13352P0		
OG0011292			CVK86403	FOXG_03926P0		
OG0011293			CVK86715	FOXG_08096P0		
OG0011294			CVK85859	FOXG_13217P0		
OG0011295			CVK86255	FOXG_13433P0		
OG0011296			CVK86116	FOXG_13353P0		
OG0011297			CVK86202	FOXG_13401P0		
OG0011298			CVK86888	FOXG_07956P0		
OG0011299			CVK86254	FOXG_13432P0		
OG0011300			CVK86570	FOXG_03759P0		
OG0011301			CVK86048	FOXG_13317P0		
OG0011302			CVK87066	FOXG_07842P0		
OG0011303			CVK85761	FOXG_13165P0		
OG0011304			CVK86326	FOXG_03975P0		
OG0011305			CVK86677	FOXG_08135P0		
OG0011306			CVK87823	FOXG_07446P0		
OG0011307			CVK86401	FOXG_03927P0		
OG0011308			CVK86490	FOXG_03836P0		
OG0011309			CVK85803	FOXG_13189P0		
OG0011310			CVK85746	FOXG_13146P0		
OG0011311			CVK85871	FOXG_13223P0		
OG0011312			CVK86491	FOXG_03835P0		
OG0011313			CVK87931	FOXG_07387P0		
OG0011314			CVK86233	FOXG_13417P0		
OG0011315			CVK87540	FOXG_07575P0		
OG0011316			CVK86084	FOXG_13337P0		
OG0011317			CVK86467	FOXG_03869P0		
OG0011318			CVK85689	FOXG_13086P0		
OG0011319			CVK87946	FOXG_07382P0		
OG0011320			CVK85678	FOXG_13093P0		
OG0011321			CVK86376	FOXG_03949P0		
OG0011322			CVK87676	FOXG_07501P0		
OG0011323			CVK86480	FOXG_03844P0		
OG0011324			CVK85724	FOXG_13131P0		
OG0011325			CVK86821	FOXG_07997P0		
OG0011326			CVK85807	FOXG_13187P0		
OG0011327			CVK85874	FOXG_13225P0		
OG0011328			CVK87971	FOXG_05872P0		
OG0011329			CVK85845	FOXG_03924P0		
OG0011330			CVK86431	FOXG_03904P0		
OG0011331			CVK86557	FOXG_03771P0		
OG0011332			CVK86510	FOXG_03817P0		
OG0011333			CVK85795	FOXG_13182P0		
OG0011334			CVK85601	FOXG_02609P0		
OG0011335			CVK86442	FOXG_03894P0		
OG0011336			CVK86669	FOXG_08144P0		
OG0011337			CVK87790	FOXG_07456P0		
OG0011338			CVK87968	FOXG_04675P0		
OG0011339			CVK86837	FOXG_07988P0		
OG0011340			CVK86101	FOXG_13346P0		
OG0011341			CVK86199	FOXG_13400P0		
OG0011342			CVK86944	FOXG_07917P0		
OG0011343			CVK87145	FOXG_07793P0		
OG0011344			CVK85964	FOXG_13268P0		
OG0011345			CVK85843	FOXG_13210P0		
OG0011346			CVK85764	FOXG_13163P0		
OG0011347			CVK86430	FOXG_03905P0		
OG0011348			CVK86342	FOXG_03966P0		
OG0011349			CVK86568	FOXG_03761P0		
OG0011350			CVK86520	FOXG_03807P0		
OG0011351			CVK86496	FOXG_03831P0		
OG0011352			CVK86175	FOXG_13389P0		
OG0011353			CVK87427	FOXG_07638P0		
OG0011354			CVK86028	FOXG_13309P0		
OG0011355			CVK87042	FOXG_07858P0		
OG0011356			CVK87839	FOXG_07442P0		
OG0011357			CVK86142	FOXG_13369P0		
OG0011358			CVK86104	FOXG_13347P0		
OG0011359			CVK86263	FOXG_13436P0		
OG0011360			CVK86349	FOXG_03964P0		
OG0011361			CVK87448	FOXG_07626P0		
OG0011362			CVK86591	FOXG_03740P0		
OG0011363			CVK86805	FOXG_08008P0		
OG0011364			CVK87038	FOXG_07860P0		
OG0011365			CVK85892	FOXG_13232P0		
OG0011366			CVK86387	FOXG_03932P0		
OG0011367			CVK87669	FOXG_07505P0		
OG0011368			CVK86092	FOXG_13341P0		
OG0011369			CVK86160	FOXG_13378P0		
OG0011370			CVK86766	FOXG_08047P0		
OG0011371			CVK87939	FOXG_17553P0		
OG0011372			CVK86512	FOXG_03816P0		
OG0011373			CVK85784	FOXG_13151P0		
OG0011374			CVK86361	FOXG_03959P0		
OG0011375			CVK87710	FOXG_07475P0		
OG0011376			CVK86751	FOXG_08062P0		
OG0011377			CVK87874	FOXG_07422P0		
OG0011378			CVK85745	FOXG_13145P0		
OG0011379			CVK86122	FOXG_13356P0		
OG0011380			CVK86933	FOXG_07926P0		
OG0011381			CVK87840	FOXG_07441P0		
OG0011382			CVK85619	FOXG_13115P0		
OG0011383			CVK86417	FOXG_03917P0		
OG0011384			CVK86516	FOXG_03811P0		
OG0011385			CVK86318	FOXG_03978P0		
OG0011386			CVK86487	FOXG_03839P0		
OG0011387			CVK87527	FOXG_07584P0		
OG0011388			CVK85759	FOXG_13166P0		
OG0011389			CVK85774	FOXG_13158P0		
OG0011390			CVK85949	FOXG_13261P0		
OG0011391			CVK87451	FOXG_07625P0		
OG0011392			CVK85722	FOXG_13130P0		
OG0011393			CVK87577	FOXG_07560P0		
OG0011394			CVK85927, CVK97697			
OG0011395			CVK85782	FOXG_13152P0		
OG0011396			CVK86569	FOXG_03760P0		
OG0011397			CVK89248	FOXG_01826P0		
OG0011398			CVK89794	FOXG_01467P0		
OG0011399			CVK89321	FOXG_01781P0		
OG0011400			CVK88599	FOXG_02217P0		
OG0011401			CVK88640	FOXG_02197P0		
OG0011402			CVK88521	FOXG_02264P0		
OG0011403			CVK88423	FOXG_02316P0		
OG0011404			CVK88225	FOXG_02444P0		
OG0011405			CVK88660	FOXG_02186P0		
OG0011406			CVK88345	FOXG_02355P0		
OG0011407			CVK89515	FOXG_01666P0		
OG0011408			CVK89565	FOXG_01637P0		
OG0011409			CVK88213	FOXG_02458P0		
OG0011410			CVK88207	FOXG_02464P0		
OG0011411			CVK88255	FOXG_02416P0		
OG0011412			CVK88246	FOXG_02425P0		
OG0011413			CVK89298	FOXG_01794P0		
OG0011414			CVK88413	FOXG_02322P0		
OG0011415			CVK88566	FOXG_02238P0		
OG0011416			CVK88223	FOXG_02446P0		
OG0011417			CVK88408	FOXG_02325P0		
OG0011418			CVK88556	FOXG_02245P0		
OG0011419			CVK88243	FOXG_02427P0		
OG0011420			CVK88386	FOXG_02337P0		
OG0011421			CVK89832	FOXG_01430P0		
OG0011422			CVK88284	FOXG_02396P0		
OG0011423			CVK88411	FOXG_02323P0		
OG0011424			CVK89704	FOXG_01557P0		
OG0011425			CVK88814	FOXG_02089P0		
OG0011426			CVK88271	FOXG_02404P0		
OG0011427			CVK89139	FOXG_01892P0		
OG0011428			CVK88337	FOXG_02360P0		
OG0011429			CVK89626	FOXG_01600P0		
OG0011430			CVK89804	FOXG_01458P0		
OG0011431			CVK89380	FOXG_01746P0		
OG0011432			CVK89080	FOXG_01928P0		
OG0011433			CVK89302	FOXG_01792P0		
OG0011434			CVK88282	FOXG_02398P0		
OG0011435			CVK88257	FOXG_02414P0		
OG0011436			CVK88642	FOXG_02196P0		
OG0011437			CVK88589	FOXG_02223P0		
OG0011438			CVK89397	FOXG_01734P0		
OG0011439			CVK89761	FOXG_01501P0		
OG0011440			CVK89711	FOXG_01547P0		
OG0011441			CVK88966	FOXG_01996P0		
OG0011442			CVK89114	FOXG_01905P0		
OG0011443			CVK89414	FOXG_01724P0		
OG0011444			CVK88205	FOXG_02466P0		
OG0011445			CVK88445	FOXG_02305P0		
OG0011446			CVK88729	FOXG_02143P0		
OG0011447			CVK88383	FOXG_02338P0		
OG0011448			CVK89731	FOXG_01528P0		
OG0011449			CVK88656	FOXG_02188P0		
OG0011450			CVK88199	FOXG_02472P0		
OG0011451			CVK89231	FOXG_01839P0		
OG0011452			CVK88334	FOXG_02362P0		
OG0011453			CVK88194	FOXG_02477P0		
OG0011454			CVK89258	FOXG_01819P0		
OG0011455			CVK88550	FOXG_02247P0		
OG0011456			CVK89498	FOXG_01676P0		
OG0011457			CVK89415	FOXG_01723P0		
OG0011458			CVK88374	FOXG_02343P0		
OG0011459			CVK88586	FOXG_02224P0		
OG0011460			CVK88283	FOXG_02397P0		
OG0011461			CVK88892	FOXG_02040P0		
OG0011462			CVK88336	FOXG_02361P0		
OG0011463			CVK89762	FOXG_01500P0		
OG0011464			CVK89531	FOXG_01656P0		
OG0011465			CVK88200	FOXG_02471P0		
OG0011466			CVK88801	FOXG_02097P0		
OG0011467			CVK88234	FOXG_02435P0		
OG0011468			CVK88396	FOXG_02329P0		
OG0011469			CVK88216	FOXG_02455P0		
OG0011470			CVK89038	FOXG_01954P0		
OG0011471			CVK88231	FOXG_02438P0		
OG0011472			CVK89805	FOXG_01457P0		
OG0011473			CVK89079	FOXG_01929P0		
OG0011474			CVK88464	FOXG_02294P0		
OG0011475			CVK89668	FOXG_01577P0		
OG0011476			CVK88564	FOXG_02239P0		
OG0011477			CVK89280	FOXG_01805P0		
OG0011478			CVK89457	FOXG_01699P0		
OG0011479			CVK89763	FOXG_01499P0		
OG0011480			CVK88263	FOXG_02410P0		
OG0011481			CVK89264	FOXG_01815P0		
OG0011482			CVK89747	FOXG_01513P0		
OG0011483			CVK88724	FOXG_02147P0		
OG0011484			CVK88320	FOXG_02371P0		
OG0011485			CVK89221	FOXG_01845P0		
OG0011486			CVK89757	FOXG_01506P0		
OG0011487			CVK89746	FOXG_01514P0		
OG0011488			CVK88224	FOXG_02445P0		
OG0011489			CVK89736	FOXG_01524P0		
OG0011490			CVK88192	FOXG_02479P0		
OG0011491			CVK89502	FOXG_01674P0		
OG0011492			CVK88229	FOXG_02440P0		
OG0011493			CVK88235	FOXG_02434P0		
OG0011494			CVK88617	FOXG_02207P0		
OG0011495			CVK88611	FOXG_02210P0		
OG0011496			CVK89187	FOXG_01864P0		
OG0011497			CVK88267	FOXG_02407P0		
OG0011498			CVK88533	FOXG_02258P0		
OG0011499			CVK88293	FOXG_02388P0		
OG0011500			CVK88219	FOXG_02450P0		
OG0011501			CVK88221	FOXG_02448P0		
OG0011502			CVK89777	FOXG_01485P0		
OG0011503			CVK88620	FOXG_02205P0		
OG0011504			CVK88250	FOXG_02421P0		
OG0011505			CVK89732	FOXG_01527P0		
OG0011506			CVK88228	FOXG_02441P0		
OG0011507			CVK89007	FOXG_01973P0		
OG0011508			CVK88468	FOXG_02292P0		
OG0011509			CVK89409	FOXG_00309P0		
OG0011510			CVK88215	FOXG_02456P0		
OG0011511			CVK88735	FOXG_02140P0		
OG0011512			CVK88193	FOXG_02478P0		
OG0011513			CVK88414	FOXG_02321P0		
OG0011514			CVK88958	FOXG_02001P0		
OG0011515			CVK89179	FOXG_01868P0		
OG0011516			CVK89337	FOXG_01771P0		
OG0011517			CVK90787	FOXG_03297P0		
OG0011518			CVK91249	FOXG_02925P0		
OG0011519			CVK90894	FOXG_03231P0		
OG0011520			CVK91270	FOXG_02901P0		
OG0011521			CVK90668	FOXG_03367P0		
OG0011522			CVK90142	FOXG_03671P0		
OG0011523			CVK91221	FOXG_02956P0		
OG0011524			CVK91301	FOXG_02882P0		
OG0011525			CVK91485	FOXG_02787P0		
OG0011526			CVK91272	FOXG_02904P0		
OG0011527			CVK90485	FOXG_03479P0		
OG0011528			CVK90094	FOXG_05549P0		
OG0011529			CVK90539	FOXG_03448P0		
OG0011530			CVK90398	FOXG_03529P0		
OG0011531			CVK91349	FOXG_02849P0		
OG0011532			CVK91282	FOXG_02912P0		
OG0011533			CVK91308	FOXG_02891P0		
OG0011534			CVK91288	FOXG_02875P0		
OG0011535			CVK90352	FOXG_03549P0		
OG0011536			CVK90516	FOXG_03461P0		
OG0011537			CVK90847	FOXG_03258P0		
OG0011538			CVK90615	FOXG_03398P0		
OG0011539			CVK91050	FOXG_03122P0		
OG0011540			CVK90458	FOXG_03495P0		
OG0011541			CVK91391	FOXG_02834P0		
OG0011542			CVK91236	FOXG_02939P0		
OG0011543			CVK90443	FOXG_03505P0		
OG0011544			CVK90374	FOXG_03540P0		
OG0011545			CVK90111	FOXG_03697P0		
OG0011546			CVK90507	FOXG_03466P0		
OG0011547			CVK91480	FOXG_02792P0		
OG0011548			CVK91254	FOXG_02921P0		
OG0011549			CVK90605	FOXG_03405P0		
OG0011550			CVK90747	FOXG_03320P0		
OG0011551			CVK91302	FOXG_02885P0		
OG0011552			CVK91508	FOXG_02777P0		
OG0011553			CVK91368	FOXG_02840P0		
OG0011554			CVK90348	FOXG_03551P0		
OG0011555			CVK91298	FOXG_02880P0		
OG0011556			CVK91269	FOXG_02900P0		
OG0011557			CVK91248	FOXG_02926P0		
OG0011558			CVK90377	FOXG_05604P0		
OG0011559			CVK91328, CVK98712			
OG0011560			CVK90333	FOXG_03561P0		
OG0011561			CVK90218	FOXG_03626P0		
OG0011562			CVK91122	FOXG_03048P0		
OG0011563			CVK90406	FOXG_03524P0		
OG0011564			CVK91344	FOXG_02853P0		
OG0011565			CVK91479, CVL08423			
OG0011566			CVK91276	FOXG_02907P0		
OG0011567			CVK90845	FOXG_03259P0		
OG0011568			CVK91258	FOXG_02916P0		
OG0011569			CVK90204	FOXG_03638P0		
OG0011570			CVK91036	FOXG_03136P0		
OG0011571			CVK90257	FOXG_03603P0		
OG0011572			CVK90510	FOXG_03464P0		
OG0011573			CVK90969	FOXG_03182P0		
OG0011574			CVK91134	FOXG_03038P0		
OG0011575			CVK91126	FOXG_03044P0		
OG0011576			CVK90915	FOXG_03216P0		
OG0011577			CVK91277	FOXG_02908P0		
OG0011578			CVK90283	FOXG_03591P0		
OG0011579			CVK91342	FOXG_02854P0		
OG0011580			CVK91314	FOXG_17371P0		
OG0011581			CVK91081	FOXG_03091P0		
OG0011582			CVK91202	FOXG_02975P0		
OG0011583			CVK90480	FOXG_03481P0		
OG0011584			CVK91278	FOXG_02909P0		
OG0011585			CVK90518	FOXG_03458P0		
OG0011586			CVK90712	FOXG_03341P0		
OG0011587			CVK90684	FOXG_03358P0		
OG0011588			CVK90835	FOXG_03264P0		
OG0011589			CVK91230	FOXG_02946P0		
OG0011590			CVK91327	FOXG_02864P0		
OG0011591			CVK90249	FOXG_03607P0		
OG0011592			CVK91207	FOXG_02968P0		
OG0011593			CVK90384	FOXG_03536P0		
OG0011594			CVK91472	FOXG_02795P0		
OG0011595			CVK90167	FOXG_03658P0		
OG0011596			CVK90704	FOXG_03345P0		
OG0011597			CVK91461	FOXG_02803P0		
OG0011598			CVK91462	FOXG_02802P0		
OG0011599			CVK90286	FOXG_03589P0		
OG0011600			CVK90883	FOXG_03239P0		
OG0011601			CVK91460	FOXG_02804P0		
OG0011602			CVK90438	FOXG_03508P0		
OG0011603			CVK91179	FOXG_02998P0		
OG0011604			CVK90562	FOXG_03433P0		
OG0011605			CVK91152	FOXG_03021P0		
OG0011606			CVK90328	FOXG_03563P0		
OG0011607			CVK90619	FOXG_03394P0		
OG0011608			CVK91450	FOXG_02811P0		
OG0011609			CVK91174	FOXG_03000P0		
OG0011610			CVK90195	FOXG_03642P0		
OG0011611			CVK91227	FOXG_02950P0		
OG0011612			CVK90890	FOXG_03234P0		
OG0011613			CVK90526	FOXG_03454P0		
OG0011614			CVK90737	FOXG_03325P0		
OG0011615			CVK91238	FOXG_02937P0		
OG0011616			CVK90493	FOXG_03474P0		
OG0011617			CVK91474	FOXG_02794P0		
OG0011618			CVK91506	FOXG_02778P0		
OG0011619			CVK91521, CVL03352			
OG0011620			CVK90277	FOXG_02499P0		
OG0011621			CVK90921	FOXG_03211P0		
OG0011622			CVK90491	FOXG_03475P0		
OG0011623			CVK90804	FOXG_03284P0		
OG0011624			CVK90631	FOXG_03388P0		
OG0011625			CVK91176	FOXG_02995P0		
OG0011626			CVK91321	FOXG_02868P0		
OG0011627			CVK91018	FOXG_03148P0		
OG0011628			CVK91423	FOXG_02829P0		
OG0011629			CVK90386	FOXG_03535P0		
OG0011630			CVK91245	FOXG_02930P0		
OG0011631			CVK91231	FOXG_02945P0		
OG0011632			CVK91341	FOXG_02855P0		
OG0011633			CVK91482	FOXG_02791P0		
OG0011634			CVK90509	FOXG_03465P0		
OG0011635			CVK91429	FOXG_02823P0		
OG0011636			CVK91311	FOXG_02893P0		
OG0011637			CVK90928	FOXG_03206P0		
OG0011638			CVK91123	FOXG_03047P0		
OG0011639			CVK90312	FOXG_03573P0		
OG0011640			CVK91057	FOXG_03114P0		
OG0011641			CVK91324	FOXG_14909P0		
OG0011642			CVK90207	FOXG_03634P0		
OG0011643			CVK90327	FOXG_03564P0		
OG0011644			CVK91333	FOXG_02863P0		
OG0011645			CVK91060	FOXG_03111P0		
OG0011646			CVK91315	FOXG_02874P0		
OG0011647			CVK91303	FOXG_10200P0		
OG0011648			CVK91431	FOXG_02824P0		
OG0011649			CVK90559	FOXG_03435P0		
OG0011650			CVK90421	FOXG_03516P0		
OG0011651			CVK91200	FOXG_02973P0		
OG0011652			CVK90359	FOXG_03546P0		
OG0011653			CVK91224	FOXG_02953P0		
OG0011654			CVK90325	FOXG_03566P0		
OG0011655			CVK91208	FOXG_02967P0		
OG0011656			CVK90152	FOXG_03667P0		
OG0011657			CVK91244	FOXG_02931P0		
OG0011658			CVK91300	FOXG_02881P0		
OG0011659			CVK90301	FOXG_03579P0		
OG0011660			CVK90889	FOXG_03235P0		
OG0011661			CVK91339	FOXG_02859P0		
OG0011662			CVK91229	FOXG_02947P0		
OG0011663			CVK90109	FOXG_14290P0		
OG0011664			CVK90613	FOXG_03399P0		
OG0011665			CVK91334	FOXG_02862P0		
OG0011666			CVK91304	FOXG_02886P0		
OG0011667			CVK91256	FOXG_02918P0		
OG0011668			CVK90354	FOXG_03548P0		
OG0011669			CVK91392	FOXG_02833P0		
OG0011670			CVK90703	FOXG_03346P0		
OG0011671			CVK91107	FOXG_03064P0		
OG0011672			CVK90850	FOXG_03257P0		
OG0011673			CVK90462	FOXG_03493P0		
OG0011674			CVK90935	FOXG_03202P0		
OG0011675			CVK91053	FOXG_03119P0		
OG0011676			CVK91163	FOXG_03010P0		
OG0011677			CVK91352	FOXG_16416P0		
OG0011678			CVK91345	FOXG_02852P0		
OG0011679			CVK90768	FOXG_03308P0		
OG0011680			CVK91242	FOXG_02933P0		
OG0011681			CVK91280	FOXG_02910P0		
OG0011682			CVK91312	FOXG_02894P0		
OG0011683			CVK90745	FOXG_03321P0		
OG0011684			CVK90446	FOXG_03502P0		
OG0011685			CVK90141	FOXG_03672P0		
OG0011686			CVK91365	FOXG_02842P0		
OG0011687			CVK90517	FOXG_03459P0		
OG0011688			CVK90892	FOXG_03233P0		
OG0011689			CVK91466	FOXG_02800P0		
OG0011690			CVK91255	FOXG_02920P0		
OG0011691			CVK90797	FOXG_03292P0		
OG0011692			CVK90667	FOXG_03368P0		
OG0011693			CVK91271	FOXG_02903P0		
OG0011694			CVK90450	FOXG_03499P0		
OG0011695			CVK91253	FOXG_04569P0		
OG0011696			CVK90217	FOXG_03627P0		
OG0011697			CVK91435	FOXG_02821P0		
OG0011698			CVK90206	FOXG_03637P0		
OG0011699			CVK90531	FOXG_03452P0		
OG0011700			CVK90989	FOXG_03167P0		
OG0011701			CVK91059	FOXG_03112P0		
OG0011702			CVK90773	FOXG_03306P0		
OG0011703			CVK90447	FOXG_03501P0		
OG0011704			CVK92318	FOXG_05042P0		
OG0011705			CVK91909	FOXG_04819P0		
OG0011706			CVK92805	FOXG_05426P0		
OG0011707			CVK92942	FOXG_05510P0		
OG0011708			CVK92258	FOXG_05003P0		
OG0011709			CVK91801, CVL08762			
OG0011710			CVK93020	FOXG_11399P0		
OG0011711			CVK91857	FOXG_16978P0		
OG0011712			CVK92765	FOXG_05402P0		
OG0011713			CVK92102	FOXG_04921P0		
OG0011714			CVK91839	FOXG_04746P0		
OG0011715			CVK92332	FOXG_05053P0		
OG0011716			CVK92436, CVL08110			
OG0011717			CVK92744	FOXG_05386P0		
OG0011718			CVK92780	FOXG_05409P0		
OG0011719			CVK91816, CVL07287			
OG0011720			CVK92245	FOXG_04994P0		
OG0011721			CVK91971	FOXG_04853P0		
OG0011722			CVK92357	FOXG_05071P0		
OG0011723			CVK91802	FOXG_04777P0		
OG0011724			CVK91935	FOXG_04831P0		
OG0011725			CVK92525	FOXG_05199P0		
OG0011726			CVK92210	FOXG_04975P0		
OG0011727			CVK92526	FOXG_05200P0		
OG0011728			CVK92584	FOXG_05256P0		
OG0011729			CVK91880	FOXG_04712P0		
OG0011730			CVK92740	FOXG_05384P0		
OG0011731			CVK92789	FOXG_05415P0		
OG0011732			CVK93006	FOXG_11405P0		
OG0011733			CVK93053	FOXG_11380P0		
OG0011734			CVK91937, CVK96228			
OG0011735			CVK92534	FOXG_05208P0		
OG0011736			CVK92421, CVK92450			
OG0011737			CVK92125	FOXG_04933P0		
OG0011738			CVK91835	FOXG_04759P0		
OG0011739			CVK92359	FOXG_05076P0		
OG0011740			CVK92028	FOXG_04880P0		
OG0011741			CVK92499	FOXG_05170P0		
OG0011742			CVK92230	FOXG_04984P0		
OG0011743			CVK92010	FOXG_04875P0		
OG0011744			CVK92308	FOXG_05036P0		
OG0011745			CVK92370	FOXG_05087P0		
OG0011746			CVK91892	FOXG_04723P0		
OG0011747			CVK92418, CVL08118			
OG0011748			CVK92497	FOXG_05168P0		
OG0011749			CVK92315	FOXG_05040P0		
OG0011750			CVK92815	FOXG_05431P0		
OG0011751			CVK93059	FOXG_11377P0		
OG0011752			CVK92306	FOXG_05035P0		
OG0011753			CVK91985	FOXG_04863P0		
OG0011754			CVK91996	FOXG_04870P0		
OG0011755			CVK92142	FOXG_04942P0		
OG0011756			CVK92071	FOXG_04903P0		
OG0011757			CVK92451, CVL08102			
OG0011758			CVK92410, CVL02149			
OG0011759			CVK92631	FOXG_05306P0		
OG0011760			CVK92867	FOXG_05464P0		
OG0011761			CVK92138	FOXG_04940P0		
OG0011762			CVK92147	FOXG_04944P0		
OG0011763			CVK92167	FOXG_06944P0		
OG0011764			CVK92260	FOXG_05004P0		
OG0011765			CVK92099	FOXG_04917P0		
OG0011766			CVK92602	FOXG_05273P0		
OG0011767			CVK91879	FOXG_04711P0		
OG0011768			CVK92460	FOXG_05129P0		
OG0011769			CVK92559	FOXG_05231P0		
OG0011770			CVK91873	FOXG_04708P0		
OG0011771			CVK91862	FOXG_04702P0		
OG0011772			CVK92727	FOXG_05375P0		
OG0011773			CVK92240	FOXG_04991P0		
OG0011774			CVK93012	FOXG_11403P0		
OG0011775			CVK92346	FOXG_05062P0		
OG0011776			CVK91998	FOXG_04871P0		
OG0011777			CVK92217	FOXG_04978P0		
OG0011778			CVK92843	FOXG_05448P0		
OG0011779			CVK92845	FOXG_05450P0		
OG0011780			CVK92096	FOXG_04915P0		
OG0011781			CVK92650	FOXG_05324P0		
OG0011782			CVK91992	FOXG_04867P0		
OG0011783			CVK92201	FOXG_04968P0		
OG0011784			CVK91819	FOXG_04748P0		
OG0011785			CVK92679	FOXG_05346P0		
OG0011786			CVK93033	FOXG_11389P0		
OG0011787			CVK92064	FOXG_04898P0		
OG0011788			CVK92522	FOXG_05195P0		
OG0011789			CVK92190	FOXG_04963P0		
OG0011790			CVK92149	FOXG_04945P0		
OG0011791			CVK91875	FOXG_04709P0		
OG0011792			CVK92654	FOXG_05328P0		
OG0011793			CVK93025	FOXG_11395P0		
OG0011794			CVK91799, CVL08763			
OG0011795			CVK91844	FOXG_04744P0		
OG0011796			CVK92755	FOXG_05394P0		
OG0011797			CVK91947	FOXG_04851P0		
OG0011798			CVK92626	FOXG_05299P0		
OG0011799			CVK92150	FOXG_04946P0		
OG0011800			CVK92239	FOXG_04990P0		
OG0011801			CVK92998	FOXG_11410P0		
OG0011802			CVK92050	FOXG_04891P0		
OG0011803			CVK92989	FOXG_05539P0		
OG0011804			CVK92924	FOXG_05499P0		
OG0011805			CVK91911	FOXG_04821P0		
OG0011806			CVK92795	FOXG_05417P0		
OG0011807			CVK92513	FOXG_05184P0		
OG0011808			CVK91806	FOXG_04780P0		
OG0011809			CVK92794	FOXG_05416P0		
OG0011810			CVK93018	FOXG_11400P0		
OG0011811			CVK91917	FOXG_04824P0		
OG0011812			CVK92261	FOXG_05005P0		
OG0011813			CVK91891	FOXG_04724P0		
OG0011814			CVK91831	FOXG_04756P0		
OG0011815			CVK91895	FOXG_04721P0		
OG0011816			CVK92044	FOXG_04887P0		
OG0011817			CVK91894	FOXG_04722P0		
OG0011818			CVK92757	FOXG_05395P0		
OG0011819			CVK92177	FOXG_04956P0		
OG0011820			CVK92622	FOXG_05294P0		
OG0011821			CVK91994	FOXG_04869P0		
OG0011822			CVK91910	FOXG_04820P0		
OG0011823			CVK92888	FOXG_05479P0		
OG0011824			CVK92704	FOXG_05361P0		
OG0011825			CVK91809	FOXG_04782P0		
OG0011826			CVK91966	FOXG_04842P0		
OG0011827			CVK92570	FOXG_05241P0		
OG0011828			CVK92187	FOXG_04961P0		
OG0011829			CVK92963	FOXG_05523P0		
OG0011830			CVK92235	FOXG_04988P0		
OG0011831			CVK93027	FOXG_11394P0		
OG0011832			CVK92764	FOXG_05401P0		
OG0011833			CVK92965	FOXG_05524P0		
OG0011834			CVK92649	FOXG_05322P0		
OG0011835			CVK92377	FOXG_05094P0		
OG0011836			CVK92116	FOXG_04930P0		
OG0011837			CVK92572	FOXG_05244P0		
OG0011838			CVK93774	FOXG_06053P0		
OG0011839			CVK94340	FOXG_05733P0		
OG0011840			CVK94343, CVK94346			
OG0011841			CVK94417	FOXG_05690P0		
OG0011842			CVK94395	FOXG_05704P0		
OG0011843			CVK94623	FOXG_05574P0		
OG0011844			CVK93497	FOXG_06333P0		
OG0011845			CVK94201	FOXG_05802P0		
OG0011846			CVK93532	FOXG_06298P0		
OG0011847			CVK94207	FOXG_07420P0		
OG0011848			CVK94310	FOXG_05749P0		
OG0011849			CVK93628	FOXG_06198P0		
OG0011850			CVK93530	FOXG_06300P0		
OG0011851			CVK94116	FOXG_05848P0		
OG0011852			CVK94097	FOXG_05859P0		
OG0011853			CVK94344	FOXG_05731P0		
OG0011854			CVK94033	FOXG_05894P0		
OG0011855			CVK94085	FOXG_05864P0		
OG0011856			CVK93556	FOXG_06272P0		
OG0011857			CVK94234	FOXG_05790P0		
OG0011858			CVK94226	FOXG_05793P0		
OG0011859			CVK93808	FOXG_06034P0		
OG0011860			CVK93378	FOXG_06422P0		
OG0011861			CVK94496	FOXG_05655P0		
OG0011862			CVK94164	FOXG_05818P0		
OG0011863			CVK93590	FOXG_06238P0		
OG0011864			CVK93844	FOXG_06013P0		
OG0011865			CVK94574	FOXG_05609P0		
OG0011866			CVK94154	FOXG_05823P0		
OG0011867			CVK93977	FOXG_05924P0		
OG0011868			CVK93658	FOXG_06164P0		
OG0011869			CVK94433	FOXG_05681P0		
OG0011870			CVK93865	FOXG_05998P0		
OG0011871			CVK93394	FOXG_06409P0		
OG0011872			CVK93634	FOXG_06192P0		
OG0011873			CVK93375	FOXG_06424P0		
OG0011874			CVK93842	FOXG_06014P0		
OG0011875			CVK93667	FOXG_06154P0		
OG0011876			CVK94365	FOXG_05721P0		
OG0011877			CVK93944	FOXG_05947P0		
OG0011878			CVK93813	FOXG_06031P0		
OG0011879			CVK94105	FOXG_05855P0		
OG0011880			CVK93661	FOXG_06161P0		
OG0011881			CVK93364	FOXG_06430P0		
OG0011882			CVK94620	FOXG_05576P0		
OG0011883			CVK94484	FOXG_05661P0		
OG0011884			CVK93810	FOXG_06033P0		
OG0011885			CVK93469	FOXG_13867P0		
OG0011886			CVK94279	FOXG_05761P0		
OG0011887			CVK93881	FOXG_05986P0		
OG0011888			CVK94610	FOXG_05581P0		
OG0011889			CVK93770	FOXG_06055P0		
OG0011890			CVK93512	FOXG_06317P0		
OG0011891			CVK93669	FOXG_06152P0		
OG0011892			CVK94255	FOXG_05776P0		
OG0011893			CVK93800	FOXG_06038P0		
OG0011894			CVK94053	FOXG_05883P0		
OG0011895			CVK94276	FOXG_05763P0		
OG0011896			CVK94504	FOXG_05648P0		
OG0011897			CVK93712	FOXG_06102P0		
OG0011898			CVK94544	FOXG_05635P0		
OG0011899			CVK94385	FOXG_05709P0		
OG0011900			CVK94143	FOXG_05830P0		
OG0011901			CVK94204	FOXG_05810P0		
OG0011902			CVK93675	FOXG_06147P0		
OG0011903			CVK94235	FOXG_05789P0		
OG0011904			CVK93940	FOXG_05949P0		
OG0011905			CVK93660	FOXG_06162P0		
OG0011906			CVK93389	FOXG_06414P0		
OG0011907			CVK94231	FOXG_05791P0		
OG0011908			CVK93607	FOXG_06219P0		
OG0011909			CVK94502	FOXG_05649P0		
OG0011910			CVK94067	FOXG_05875P0		
OG0011911			CVK93633	FOXG_06193P0		
OG0011912			CVK94535	FOXG_05630P0		
OG0011913			CVK93664	FOXG_06157P0		
OG0011914			CVK93384	FOXG_06418P0		
OG0011915			CVK94133	FOXG_05836P0		
OG0011916			CVK94572	FOXG_05610P0		
OG0011917			CVK93558	FOXG_06270P0		
OG0011918			CVK94252	FOXG_05777P0		
OG0011919			CVK94107	FOXG_05854P0		
OG0011920			CVK94062	FOXG_05878P0		
OG0011921			CVK93529	FOXG_06301P0		
OG0011922			CVK94194	FOXG_05809P0		
OG0011923			CVK93657	FOXG_06165P0		
OG0011924			CVK93685	FOXG_06133P0		
OG0011925			CVK94290	FOXG_05755P0		
OG0011926			CVK94146	FOXG_05827P0		
OG0011927			CVK94419	FOXG_05689P0		
OG0011928			CVK93877	FOXG_05990P0		
OG0011929			CVK93557	FOXG_06271P0		
OG0011930			CVK93392	FOXG_06412P0		
OG0011931			CVK94602	FOXG_05586P0		
OG0011932			CVK93799	FOXG_06039P0		
OG0011933			CVK93962	FOXG_05936P0		
OG0011934			CVK93832	FOXG_06019P0		
OG0011935			CVK93334	FOXG_06450P0		
OG0011936			CVK94533	FOXG_05629P0		
OG0011937			CVK93393	FOXG_06410P0		
OG0011938			CVK94350	FOXG_05729P0		
OG0011939			CVK93431	FOXG_06387P0		
OG0011940			CVK94130	FOXG_05838P0		
OG0011941			CVK93538	FOXG_06291P0		
OG0011942			CVK94217	FOXG_05797P0		
OG0011943			CVK93804	FOXG_06036P0		
OG0011944			CVK93856	FOXG_06005P0		
OG0011945			CVK94018	FOXG_05902P0		
OG0011946			CVK93901	FOXG_05974P0		
OG0011947			CVK93465	FOXG_06363P0		
OG0011948			CVK94400	FOXG_05700P0		
OG0011949			CVK94555	FOXG_05626P0		
OG0011950			CVK94352	FOXG_05727P0		
OG0011951			CVK94238	FOXG_05787P0		
OG0011952			CVK93818	FOXG_06029P0		
OG0011953			CVK93519	FOXG_06311P0		
OG0011954			CVK94169	FOXG_05815P0		
OG0011955			CVK93516	FOXG_06314P0		
OG0011956			CVK94609	FOXG_05582P0		
OG0011957			CVK94298	FOXG_05751P0		
OG0011958			CVK94162	FOXG_05819P0		
OG0011959			CVK93603	FOXG_06224P0		
OG0011960			CVK93687	FOXG_06131P0		
OG0011961			CVK94278	FOXG_05762P0		
OG0011962			CVK93993	FOXG_05915P0		
OG0011963			CVK94114	FOXG_05849P0		
OG0011964			CVK93656	FOXG_06166P0		
OG0011965			CVK94144	FOXG_05828P0		
OG0011966			CVK93793	FOXG_06043P0		
OG0011967			CVK93420	FOXG_06394P0		
OG0011968			CVK94548	FOXG_05637P0		
OG0011969			CVK93637	FOXG_06189P0		
OG0011970			CVK94075	FOXG_05869P0		
OG0011971			CVK94601	FOXG_05587P0		
OG0011972			CVK94405	FOXG_05696P0		
OG0011973			CVK94576	FOXG_05608P0		
OG0011974			CVK93342	FOXG_06445P0		
OG0011975			CVK94251	FOXG_05778P0		
OG0011976			CVK94152	FOXG_05824P0		
OG0011977			CVK94108	FOXG_05853P0		
OG0011978			CVK94580	FOXG_05606P0		
OG0011979			CVK94424	FOXG_05686P0		
OG0011980			CVK94281	FOXG_05760P0		
OG0011981			CVK94586	FOXG_05601P0		
OG0011982			CVK93784	FOXG_06048P0		
OG0011983			CVK93501	FOXG_06329P0		
OG0011984			CVK94197	FOXG_05805P0		
OG0011985			CVK93751	FOXG_06067P0		
OG0011986			CVK93515	FOXG_06315P0		
OG0011987			CVK93391	FOXG_06413P0		
OG0011988			CVK94615	FOXG_05577P0		
OG0011989			CVK93732	FOXG_06081P0		
OG0011990			CVK94112	FOXG_05850P0		
OG0011991			CVK94312	FOXG_05748P0		
OG0011992			CVK93964	FOXG_05935P0		
OG0011993			CVK93796	FOXG_06041P0		
OG0011994			CVK94384	FOXG_05710P0		
OG0011995			CVK94411	FOXG_05692P0		
OG0011996			CVK93794	FOXG_06042P0		
OG0011997			CVK94136	FOXG_05834P0		
OG0011998			CVK93474	FOXG_06355P0		
OG0011999			CVK93904	FOXG_05972P0		
OG0012000			CVK94214	FOXG_05799P0		
OG0012001			CVK94040	FOXG_05890P0		
OG0012002			CVK93627	FOXG_06199P0		
OG0012003			CVK95071	FOXG_16601P0		
OG0012004			CVK95619	FOXG_09788P0		
OG0012005			CVK94937	FOXG_16517P0		
OG0012006			CVK95965	FOXG_10053P0		
OG0012007			CVK95195	FOXG_09550P0		
OG0012008			CVK94781	FOXG_17010P0		
OG0012009			CVK95578	FOXG_09764P0		
OG0012010			CVK95096	FOXG_16617P0		
OG0012011			CVK95901	FOXG_10005P0		
OG0012012			CVK95234	FOXG_09573P0		
OG0012013			CVK96001	FOXG_10077P0		
OG0012014			CVK95345	FOXG_09637P0		
OG0012015			CVK95843	FOXG_09945P0		
OG0012016			CVK95795	FOXG_09892P0		
OG0012017			CVK95739	FOXG_09856P0		
OG0012018			CVK95973	FOXG_10062P0		
OG0012019			CVK95206	FOXG_09557P0		
OG0012020			CVK95777	FOXG_09881P0		
OG0012021			CVK95712	FOXG_09833P0		
OG0012022			CVK95788	FOXG_09887P0		
OG0012023			CVK95028	FOXG_16579P0		
OG0012024			CVK95701	FOXG_09826P0		
OG0012025			CVK95928	FOXG_10026P0		
OG0012026			CVK95400	FOXG_09667P0		
OG0012027			CVK94892	FOXG_16484P0		
OG0012028			CVK95172	FOXG_09537P0		
OG0012029			CVK95498	FOXG_09711P0		
OG0012030			CVK95902	FOXG_10004P0		
OG0012031			CVK95915	FOXG_10015P0		
OG0012032			CVK95573	FOXG_09762P0		
OG0012033			CVK95754	FOXG_09863P0		
OG0012034			CVK94760	FOXG_17033P0		
OG0012035			CVK95757	FOXG_09865P0		
OG0012036			CVK96215	FOXG_10228P0		
OG0012037			CVK95682	FOXG_09817P0		
OG0012038			CVK95277	FOXG_09599P0		
OG0012039			CVK95087	FOXG_16612P0		
OG0012040			CVK95021	FOXG_16574P0		
OG0012041			CVK94819	FOXG_17003P0		
OG0012042			CVK95949	FOXG_10039P0		
OG0012043			CVK95737	FOXG_09854P0		
OG0012044			CVK96012	FOXG_10103P0		
OG0012045			CVK95960	FOXG_10049P0		
OG0012046			CVK96067	FOXG_10135P0		
OG0012047			CVK95344	FOXG_09636P0		
OG0012048			CVK94990	FOXG_16555P0		
OG0012049			CVK95101	FOXG_16622P0		
OG0012050			CVK95061	FOXG_16596P0		
OG0012051			CVK95249, CVK95987			
OG0012052			CVK95844	FOXG_09946P0		
OG0012053			CVK95830	FOXG_09929P0		
OG0012054			CVK95551	FOXG_09745P0		
OG0012055			CVK94993	FOXG_16557P0		
OG0012056			CVK95826	FOXG_09926P0		
OG0012057			CVK95912	FOXG_10013P0		
OG0012058			CVK94874	FOXG_16467P0		
OG0012059			CVK95117	FOXG_16631P0		
OG0012060			CVK94791	FOXG_16981P0		
OG0012061			CVK95407	FOXG_10830P0		
OG0012062			CVK95944	FOXG_10034P0		
OG0012063			CVK94973	FOXG_16536P0		
OG0012064			CVK96141	FOXG_10171P0		
OG0012065			CVK95940	FOXG_10031P0		
OG0012066			CVK95108	FOXG_16626P0		
OG0012067			CVK96158	FOXG_10175P0		
OG0012068			CVK96174	FOXG_10183P0		
OG0012069			CVK95721	FOXG_09838P0		
OG0012070			CVK95080	FOXG_16607P0		
OG0012071			CVK95633	FOXG_09794P0		
OG0012072			CVK96017	FOXG_10098P0		
OG0012073			CVK95582	FOXG_09766P0		
OG0012074			CVK95580	FOXG_09765P0		
OG0012075			CVK96191	FOXG_10193P0		
OG0012076			CVK95762	FOXG_09870P0		
OG0012077			CVK95461	FOXG_09691P0		
OG0012078			CVK94904	FOXG_16477P0		
OG0012079			CVK95099	FOXG_16619P0		
OG0012080			CVK94773	FOXG_17018P0		
OG0012081			CVK95331	FOXG_09628P0		
OG0012082			CVK94987	FOXG_16553P0		
OG0012083			CVK96177	FOXG_10184P0		
OG0012084			CVK95881	FOXG_09991P0		
OG0012085			CVK96100	FOXG_10150P0		
OG0012086			CVK95335	FOXG_09630P0		
OG0012087			CVK94872	FOXG_16468P0		
OG0012088			CVK96082	FOXG_10139P0		
OG0012089			CVK95938	FOXG_10029P0		
OG0012090			CVK95865	FOXG_09968P0		
OG0012091			CVK95381	FOXG_09656P0		
OG0012092			CVK95764	FOXG_09871P0		
OG0012093			CVK96019	FOXG_10096P0		
OG0012094			CVK95798	FOXG_09895P0		
OG0012095			CVK96200	FOXG_10197P0		
OG0012096			CVK95029	FOXG_16580P0		
OG0012097			CVK95644	FOXG_09800P0		
OG0012098			CVK95067	FOXG_16598P0		
OG0012099			CVK95819	FOXG_09917P0		
OG0012100			CVK95112	FOXG_16629P0		
OG0012101			CVK95956	FOXG_10045P0		
OG0012102			CVK95980	FOXG_10069P0		
OG0012103			CVK95771	FOXG_09877P0		
OG0012104			CVK95341	FOXG_09634P0		
OG0012105			CVK95297	FOXG_09613P0		
OG0012106			CVK95279	FOXG_09600P0		
OG0012107			CVK95561	FOXG_09754P0		
OG0012108			CVK95094	FOXG_16615P0		
OG0012109			CVK96022	FOXG_10094P0		
OG0012110			CVK95004	FOXG_16567P0		
OG0012111			CVK95286	FOXG_09606P0		
OG0012112			CVK96052	FOXG_10115P0		
OG0012113			CVK95572	FOXG_09761P0		
OG0012114			CVK96114	FOXG_10154P0		
OG0012115			CVK96179	FOXG_10185P0		
OG0012116			CVK94984	FOXG_16551P0		
OG0012117			CVK95704	FOXG_09829P0		
OG0012118			CVK95823	FOXG_09922P0		
OG0012119			CVK95968	FOXG_10057P0		
OG0012120			CVK96222	FOXG_10224P0		
OG0012121			CVK95196	FOXG_09551P0		
OG0012122			CVK95608	FOXG_09781P0		
OG0012123			CVK95794	FOXG_09891P0		
OG0012124			CVK95291	FOXG_09609P0		
OG0012125			CVK95750	FOXG_09860P0		
OG0012126			CVK95934	FOXG_10019P0		
OG0012127			CVK96161	FOXG_10177P0		
OG0012128			CVK95436	FOXG_09678P0		
OG0012129			CVK96000	FOXG_10075P0		
OG0012130			CVK95792	FOXG_09890P0		
OG0012131			CVK95387	FOXG_09660P0		
OG0012132			CVK95900	FOXG_10003P0		
OG0012133			CVK95553	FOXG_09746P0		
OG0012134			CVK95815	FOXG_09913P0		
OG0012135			CVK94809	FOXG_16996P0		
OG0012136			CVK95191	FOXG_09548P0		
OG0012137			CVK95052	FOXG_16591P0		
OG0012138			CVK95808	FOXG_09904P0		
OG0012139			CVK95626	FOXG_09790P0		
OG0012140			CVK95639	FOXG_09797P0		
OG0012141			CVK95119	FOXG_16632P0		
OG0012142			CVK94978	FOXG_16539P0		
OG0012143			CVK96069	FOXG_10134P0		
OG0012144			CVK96119	FOXG_10151P0		
OG0012145			CVK96160	FOXG_04658P0		
OG0012146			CVK95864	FOXG_09967P0		
OG0012147			CVK95768	FOXG_09874P0		
OG0012148			CVK95240	FOXG_09576P0		
OG0012149			CVK95885	FOXG_09986P0		
OG0012150			CVK94824	FOXG_16955P0		
OG0012151			CVK94882	FOXG_16492P0		
OG0012152			CVK94989	FOXG_16554P0		
OG0012153			CVK94859	FOXG_16938P0		
OG0012154			CVK95541	FOXG_09736P0		
OG0012155			CVK95129	FOXG_16639P0		
OG0012156			CVK95100	FOXG_16620P0		
OG0012157			CVK95837	FOXG_09939P0		
OG0012158			CVK96034	FOXG_10108P0		
OG0012159			CVK96209	FOXG_02760P0		
OG0012160			CVK96258	FOXG_10203P0		
OG0012161			CVK95519	FOXG_09724P0		
OG0012162			CVK95811	FOXG_09910P0		
OG0012163			CVK95799	FOXG_09896P0		
OG0012164			CVK95669	FOXG_09810P0		
OG0012165			CVK95566	FOXG_09757P0		
OG0012166			CVK95312	FOXG_09621P0		
OG0012167			CVK95368	FOXG_09650P0		
OG0012168			CVK95929	FOXG_10024P0		
OG0012169			CVK95168	FOXG_17724P0		
OG0012170			CVK96115	FOXG_10153P0		
OG0012171			CVK96060	FOXG_10117P0		
OG0012172			CVK95802	FOXG_09899P0		
OG0012173			CVK94780	FOXG_17011P0		
OG0012174			CVK95209	FOXG_09559P0		
OG0012175			CVK95716	FOXG_09835P0		
OG0012176			CVK95508	FOXG_09718P0		
OG0012177			CVK94906	FOXG_16494P0		
OG0012178			CVK95415, CVK96667			
OG0012179			CVK94943	FOXG_16521P0		
OG0012180			CVK95181	FOXG_09542P0		
OG0012181			CVK94981	FOXG_16549P0		
OG0012182			CVK96049	FOXG_10112P0		
OG0012183			CVK95636	FOXG_09796P0		
OG0012184			CVK94926	FOXG_16505P0		
OG0012185			CVK95221	FOXG_09565P0		
OG0012186			CVK94887	FOXG_16487P0		
OG0012187			CVK94931	FOXG_16510P0		
OG0012188			CVK95036	FOXG_16584P0		
OG0012189			CVK95860	FOXG_09963P0		
OG0012190			CVK94854	FOXG_16940P0		
OG0012191			CVK94756	FOXG_17035P0		
OG0012192			CVK95975	FOXG_10064P0		
OG0012193			CVK94818	FOXG_17002P0		
OG0012194			CVK96004	FOXG_10088P0		
OG0012195			CVK94794, CVL05057			
OG0012196			CVK94878	FOXG_16470P0		
OG0012197			CVK94779	FOXG_15953P0		
OG0012198			CVK95008	FOXG_16563P0		
OG0012199			CVK95430	FOXG_09675P0		
OG0012200			CVK94811	FOXG_16998P0		
OG0012201			CVK95666	FOXG_09809P0		
OG0012202			CVK95169	FOXG_09535P0		
OG0012203			CVK95311	FOXG_09620P0		
OG0012204			CVK95527	FOXG_09730P0		
OG0012205			CVK95219	FOXG_09564P0		
OG0012206			CVK96002	FOXG_10078P0		
OG0012207			CVK94790	FOXG_16980P0		
OG0012208			CVK94971	FOXG_16534P0		
OG0012209			CVK96190	FOXG_10192P0		
OG0012210			CVK96029	FOXG_10091P0		
OG0012211			CVK95677	FOXG_09814P0		
OG0012212			CVK95647	FOXG_09802P0		
OG0012213			CVK95656	FOXG_09806P0		
OG0012214			CVK95364	FOXG_09646P0		
OG0012215			CVK95480	FOXG_09702P0		
OG0012216			CVK95939	FOXG_10030P0		
OG0012217			CVK95862	FOXG_09965P0		
OG0012218			CVK95210	FOXG_09560P0		
OG0012219			CVK94808	FOXG_16995P0		
OG0012220			CVK95593	FOXG_09773P0		
OG0012221			CVK95942	FOXG_10032P0		
OG0012222			CVK95280	FOXG_09601P0		
OG0012223			CVK96083	FOXG_10140P0		
OG0012224			CVK95088	FOXG_16613P0		
OG0012225			CVK94765	FOXG_17027P0		
OG0012226			CVK95535	FOXG_09733P0		
OG0012227			CVK95801	FOXG_09898P0		
OG0012228			CVK95374	FOXG_09653P0		
OG0012229			CVK94775, CVL06370			
OG0012230			CVK95463	FOXG_09692P0		
OG0012231			CVK94772	FOXG_17019P0		
OG0012232			CVK94907	FOXG_16495P0		
OG0012233			CVK94928	FOXG_16507P0		
OG0012234			CVK96013	FOXG_10102P0		
OG0012235			CVK95261	FOXG_09586P0		
OG0012236			CVK95302	FOXG_09616P0		
OG0012237			CVK94774	FOXG_17017P0		
OG0012238			CVK95655	FOXG_09805P0		
OG0012239			CVK95258	FOXG_09585P0		
OG0012240			CVK95000	FOXG_16561P0		
OG0012241			CVK96074	FOXG_10127P0		
OG0012242			CVK94840	FOXG_16947P0		
OG0012243			CVK95849	FOXG_09953P0		
OG0012244			CVK96011	FOXG_10104P0		
OG0012245			CVK95305	FOXG_09617P0		
OG0012246			CVK95265	FOXG_09587P0		
OG0012247			CVK94998	FOXG_16559P0		
OG0012248			CVK95328	FOXG_09626P0		
OG0012249			CVK96226	FOXG_10222P0		
OG0012250			CVK95095	FOXG_16616P0		
OG0012251			CVK95685	FOXG_09818P0		
OG0012252			CVK95715	FOXG_09834P0		
OG0012253			CVK96097	FOXG_10148P0		
OG0012254			CVK95966	FOXG_10054P0		
OG0012255			CVK96065	FOXG_10136P0		
OG0012256			CVK95970	FOXG_10059P0		
OG0012257			CVK95872	FOXG_09976P0		
OG0012258			CVK95401	FOXG_10833P0		
OG0012259			CVK95018	FOXG_16572P0		
OG0012260			CVK95612	FOXG_09783P0		
OG0012261			CVK95597	FOXG_09775P0		
OG0012262			CVK95044	FOXG_16587P0		
OG0012263			CVK96047	FOXG_10111P0		
OG0012264			CVK95217	FOXG_09563P0		
OG0012265			CVK95098	FOXG_16618P0		
OG0012266			CVK95871	FOXG_09975P0		
OG0012267			CVK96138	FOXG_10169P0		
OG0012268			CVK95506	FOXG_09717P0		
OG0012269			CVK94757	FOXG_17034P0		
OG0012270			CVK95007	FOXG_16565P0		
OG0012271			CVK95433	FOXG_09677P0		
OG0012272			CVK95424	FOXG_09670P0		
OG0012273			CVK95106	FOXG_16624P0		
OG0012274			CVK96137	FOXG_10168P0		
OG0012275			CVK95679	FOXG_09815P0		
OG0012276			CVK95972	FOXG_10061P0		
OG0012277			CVK95855	FOXG_09959P0		
OG0012278			CVK95085	FOXG_16610P0		
OG0012279			CVK95825	FOXG_09925P0		
OG0012280			CVK96018	FOXG_10097P0		
OG0012281			CVK94893	FOXG_16483P0		
OG0012282			CVK95943	FOXG_10033P0		
OG0012283			CVK95056	FOXG_16594P0		
OG0012284			CVK95630	FOXG_09792P0		
OG0012285			CVK95120	FOXG_16633P0		
OG0012286			CVK95959	FOXG_10048P0		
OG0012287			CVK95803	FOXG_09900P0		
OG0012288			CVK95022	FOXG_16575P0		
OG0012289			CVK94919	FOXG_16502P0		
OG0012290			CVK94946	FOXG_16523P0		
OG0012291			CVK95111	FOXG_16628P0		
OG0012292			CVK96229	FOXG_10221P0		
OG0012293			CVK95689	FOXG_09820P0		
OG0012294			CVK95202	FOXG_09554P0		
OG0012295			CVK95142	FOXG_16645P0		
OG0012296			CVK96224	FOXG_10223P0		
OG0012297			CVK95241	FOXG_09577P0		
OG0012298			CVK95892	FOXG_09995P0		
OG0012299			CVK95391	FOXG_09662P0		
OG0012300			CVK96073	FOXG_10128P0		
OG0012301			CVK95482, CVL02619			
OG0012302			CVK96005	FOXG_15246P0		
OG0012303			CVK95602	FOXG_09778P0		
OG0012304			CVK95827	FOXG_09927P0		
OG0012305			CVK95479	FOXG_09701P0		
OG0012306			CVK94980	FOXG_16540P0		
OG0012307			CVK96025	FOXG_10093P0		
OG0012308			CVK95613	FOXG_09784P0		
OG0012309			CVK96236	FOXG_10217P0		
OG0012310			CVK95851	FOXG_09955P0		
OG0012311			CVK95149	FOXG_16648P0		
OG0012312			CVK95035	FOXG_16583P0		
OG0012313			CVK95809	FOXG_09905P0		
OG0012314			CVK95543	FOXG_09738P0		
OG0012315			CVK95642	FOXG_09799P0		
OG0012316			CVK96250	FOXG_10208P0		
OG0012317			CVK95367	FOXG_09648P0		
OG0012318			CVK95223	FOXG_09566P0		
OG0012319			CVK95362	FOXG_09645P0		
OG0012320			CVK95857	FOXG_09960P0		
OG0012321			CVK95653	FOXG_09804P0		
OG0012322			CVK95267	FOXG_09589P0		
OG0012323			CVK95967	FOXG_10055P0		
OG0012324			CVK95521	FOXG_09725P0		
OG0012325			CVK95895	FOXG_09999P0		
OG0012326			CVK96112	FOXG_10156P0		
OG0012327			CVK95194	FOXG_09549P0		
OG0012328			CVK95471	FOXG_09697P0		
OG0012329			CVK95586	FOXG_09768P0		
OG0012330			CVK95134	FOXG_16641P0		
OG0012331			CVK96078	FOXG_10119P0		
OG0012332			CVK97687	FOXG_13498P0		
OG0012333			CVK96636	FOXG_12984P0		
OG0012334			CVK97705	FOXG_13515P0		
OG0012335			CVK97541	FOXG_04046P0		
OG0012336			CVK97642	FOXG_13458P0		
OG0012337			CVK96647	FOXG_04612P0		
OG0012338			CVK97681	FOXG_13493P0		
OG0012339			CVK97619	FOXG_13441P0		
OG0012340			CVK96732	FOXG_04542P0		
OG0012341			CVK97723	FOXG_13533P0		
OG0012342			CVK96675	FOXG_04598P0		
OG0012343			CVK96806	FOXG_04497P0		
OG0012344			CVK96969	FOXG_04388P0		
OG0012345			CVK97630	FOXG_13449P0		
OG0012346			CVK96927	FOXG_04414P0		
OG0012347			CVK97604	FOXG_04011P0		
OG0012348			CVK97727	FOXG_13537P0		
OG0012349			CVK96649	FOXG_04610P0		
OG0012350			CVK97021	FOXG_04356P0		
OG0012351			CVK96708			EDN93531
OG0012352			CVK97691	FOXG_13502P0		
OG0012353			CVK96790	FOXG_04505P0		
OG0012354			CVK97019	FOXG_04357P0		
OG0012355			CVK97104	FOXG_04310P0		
OG0012356			CVK96618	FOXG_17189P0		
OG0012357			CVK97661	FOXG_13474P0		
OG0012358			CVK97110	FOXG_04307P0		
OG0012359			CVK96706	FOXG_04520P0		
OG0012360			CVK96762	FOXG_04509P0		
OG0012361			CVK97688	FOXG_13499P0		
OG0012362			CVK97622	FOXG_13443P0		
OG0012363			CVK97107	FOXG_04309P0		
OG0012364			CVK96909	FOXG_04425P0		
OG0012365			CVK97702	FOXG_13512P0		
OG0012366			CVK96643	FOXG_04616P0		
OG0012367			CVK96704	FOXG_04518P0		
OG0012368			CVK96789	FOXG_04506P0		
OG0012369			CVK97051	FOXG_04337P0		
OG0012370			CVK97668	FOXG_13481P0		
OG0012371			CVK97671	FOXG_13484P0		
OG0012372			CVK97724	FOXG_13534P0		
OG0012373			CVK97545	FOXG_04044P0		
OG0012374			CVK97464	FOXG_04103P0		
OG0012375			CVK97126	FOXG_04294P0		
OG0012376			CVK97462	FOXG_04104P0		
OG0012377			CVK97644	FOXG_13460P0		
OG0012378			CVK97711	FOXG_13519P0		
OG0012379			CVK97700	FOXG_13510P0		
OG0012380			CVK96965	FOXG_04391P0		
OG0012381			CVK97299	FOXG_04191P0		
OG0012382			CVK96728	FOXG_04538P0		
OG0012383			CVK96619	FOXG_15262P0		
OG0012384			CVK96875	FOXG_04447P0		
OG0012385			CVK97155	FOXG_04276P0		
OG0012386			CVK96830	FOXG_04489P0		
OG0012387			CVK96566	FOXG_04666P0		
OG0012388			CVK97112	FOXG_04306P0		
OG0012389			CVK96652	FOXG_04607P0		
OG0012390			CVK96898	FOXG_04431P0		
OG0012391			CVK96697	FOXG_04564P0		
OG0012392			CVK96974	FOXG_04385P0		
OG0012393			CVK97584	FOXG_04032P0		
OG0012394			CVK96845	FOXG_04470P0		
OG0012395			CVK97412	FOXG_04130P0		
OG0012396			CVK97690	FOXG_13501P0		
OG0012397			CVK97458	FOXG_04107P0		
OG0012398			CVK97607	FOXG_04009P0		
OG0012399			CVK97033	FOXG_04348P0		
OG0012400			CVK97701	FOXG_13511P0		
OG0012401			CVK96866	FOXG_04453P0		
OG0012402			CVK97416	FOXG_04128P0		
OG0012403			CVK97156	FOXG_04275P0		
OG0012404			CVK96655	FOXG_04604P0		
OG0012405			CVK97726	FOXG_13536P0		
OG0012406			CVK97063	FOXG_04329P0		
OG0012407			CVK97686	FOXG_13497P0		
OG0012408			CVK96747	FOXG_04553P0		
OG0012409			CVK96803	FOXG_04500P0		
OG0012410			CVK96868	FOXG_04452P0		
OG0012411			CVK97454	FOXG_04109P0		
OG0012412			CVK96912	FOXG_04424P0		
OG0012413			CVK96603	FOXG_04670P0		
OG0012414			CVK96698	FOXG_04563P0		
OG0012415			CVK96773, CVK96776			
OG0012416			CVK97048	FOXG_04339P0		
OG0012417			CVK97419	FOXG_04125P0		
OG0012418			CVK97395	FOXG_04141P0		
OG0012419			CVK96938	FOXG_04406P0		
OG0012420			CVK96723, CVL09143			
OG0012421			CVK96731	FOXG_04541P0		
OG0012422			CVK97503	FOXG_04079P0		
OG0012423			CVK96994	FOXG_04372P0		
OG0012424			CVK97475	FOXG_04094P0		
OG0012425			CVK96986	FOXG_04377P0		
OG0012426			CVK97662	FOXG_13475P0		
OG0012427			CVK96579	FOXG_04660P0		
OG0012428			CVK96722	FOXG_04535P0		
OG0012429			CVK97192	FOXG_04253P0		
OG0012430			CVK97093	FOXG_04314P0		
OG0012431			CVK96699	FOXG_04562P0		
OG0012432			CVK96897	FOXG_04432P0		
OG0012433			CVK97003	FOXG_04367P0		
OG0012434			CVK96914	FOXG_04423P0		
OG0012435			CVK97474	FOXG_04095P0		
OG0012436			CVK97434	FOXG_04119P0		
OG0012437			CVK96614	FOXG_12049P0		
OG0012438			CVK96743	FOXG_04549P0		
OG0012439			CVK96744	FOXG_04550P0		
OG0012440			CVK96662	FOXG_04587P0		
OG0012441			CVK96954	FOXG_04398P0		
OG0012442			CVK97411	FOXG_04131P0		
OG0012443			CVK96870	FOXG_04451P0		
OG0012444			CVK97532	FOXG_04056P0		
OG0012445			CVK96901	FOXG_04430P0		
OG0012446			CVK97616	FOXG_04006P0		
OG0012447			CVK96835	FOXG_04491P0		
OG0012448			CVK97646	FOXG_13461P0		
OG0012449			CVK97598	FOXG_04015P0		
OG0012450			CVK97695	FOXG_13505P0		
OG0012451			CVK96842, CVL05116			
OG0012452			CVK96720	FOXG_04533P0		
OG0012453			CVK97488	FOXG_04088P0		
OG0012454			CVK96676	FOXG_04599P0		
OG0012455			CVK96665	FOXG_04590P0		
OG0012456			CVK97440	FOXG_04115P0		
OG0012457			CVK96990	FOXG_04374P0		
OG0012458			CVK96760	FOXG_04512P0		
OG0012459			CVK97643	FOXG_13459P0		
OG0012460			CVK96863	FOXG_04455P0		
OG0012461			CVK96820	FOXG_04483P0		
OG0012462			CVK96877	FOXG_04445P0		
OG0012463			CVK96749	FOXG_04554P0		
OG0012464			CVK96946	FOXG_04402P0		
OG0012465			CVK97529	FOXG_04059P0		
OG0012466			CVK97426	FOXG_04122P0		
OG0012467			CVK97502	FOXG_04080P0		
OG0012468			CVK97102	FOXG_04311P0		
OG0012469			CVK96761	FOXG_04511P0		
OG0012470			CVK96710	FOXG_04523P0		
OG0012471			CVK96940	FOXG_04405P0		
OG0012472			CVK97685	FOXG_13496P0		
OG0012473			CVK96705	FOXG_04519P0		
OG0012474			CVK96903	FOXG_04429P0		
OG0012475			CVK96700	FOXG_04561P0		
OG0012476			CVK96815	FOXG_04478P0		
OG0012477			CVK97665	FOXG_13478P0		
OG0012478			CVK96685	FOXG_04574P0		
OG0012479			CVK97506	FOXG_04077P0		
OG0012480			CVK96936	FOXG_04408P0		
OG0012481			CVK96754	FOXG_04559P0		
OG0012482			CVK97467	FOXG_04100P0		
OG0012483			CVK97634	FOXG_13452P0		
OG0012484			CVK96949	FOXG_04400P0		
OG0012485			CVK97719	FOXG_13528P0		
OG0012486			CVK96586	FOXG_04653P0		
OG0012487			CVK96696	FOXG_04565P0		
OG0012488			CVK96620	FOXG_15261P0		
OG0012489			CVK97535	FOXG_04050P0		
OG0012490			CVK96837	FOXG_04471P0		
OG0012491			CVK97260	FOXG_04214P0		
OG0012492			CVK97647	FOXG_13462P0		
OG0012493			CVK96687	FOXG_04572P0		
OG0012494			CVK96849	FOXG_04464P0		
OG0012495			CVK97049	FOXG_04338P0		
OG0012496			CVK97486	FOXG_04089P0		
OG0012497			CVK96975	FOXG_04384P0		
OG0012498			CVK97586	FOXG_04033P0		
OG0012499			CVK96677	FOXG_04600P0		
OG0012500			CVK96997	FOXG_04371P0		
OG0012501			CVK96651	FOXG_04608P0		
OG0012502			CVK97692	FOXG_13503P0		
OG0012503			CVK96979	FOXG_04382P0		
OG0012504			CVK97609	FOXG_04008P0		
OG0012505			CVK97638	FOXG_13455P0		
OG0012506			CVK97653	FOXG_13468P0		
OG0012507			CVK96848	FOXG_04465P0		
OG0012508			CVK97520	FOXG_04068P0		
OG0012509			CVK97677	FOXG_13491P0		
OG0012510			CVK96966	FOXG_04390P0		
OG0012511			CVK96836	FOXG_04492P0		
OG0012512			CVK97605	FOXG_04010P0		
OG0012513			CVK97669	FOXG_13483P0		
OG0012514			CVK97559	FOXG_04021P0		
OG0012515			CVK96615	FOXG_12050P0		
OG0012516			CVK96943	FOXG_04403P0		
OG0012517			CVK97113	FOXG_04305P0		
OG0012518			CVK97117	FOXG_04302P0		
OG0012519			CVK97602	FOXG_04012P0		
OG0012520			CVK97641	FOXG_13457P0		
OG0012521			CVK96855	FOXG_04461P0		
OG0012522			CVK96742	FOXG_04548P0		
OG0012523			CVK97600	FOXG_04013P0		
OG0012524			CVK97079	FOXG_04319P0		
OG0012525			CVK97994	FOXG_13596P0		
OG0012526			CVK98360	FOXG_13794P0		
OG0012527			CVK97957	FOXG_17532P0		
OG0012528			CVK98577	FOXG_15660P0		
OG0012529			CVK98166	FOXG_13679P0		
OG0012530			CVK98246	FOXG_13723P0		
OG0012531			CVK98681	FOXG_15734P0		
OG0012532			CVK98016	FOXG_13587P0		
OG0012533			CVK98035	FOXG_13614P0		
OG0012534			CVK98904	FOXG_15828P0		
OG0012535			CVK98877	FOXG_15821P0		
OG0012536			CVK98278	FOXG_13745P0		
OG0012537			CVK98250	FOXG_13726P0		
OG0012538			CVK97886	FOXG_15304P0		
OG0012539			CVK98314	FOXG_13766P0		
OG0012540			CVK98319	FOXG_13769P0		
OG0012541			CVK98169	FOXG_13681P0		
OG0012542			CVK98641	FOXG_15705P0		
OG0012543			CVK98450	FOXG_13861P0		
OG0012544			CVK98011	FOXG_13588P0		
OG0012545			CVK98608	FOXG_15679P0		
OG0012546			CVK98148	FOXG_13664P0		
OG0012547			CVK98813	FOXG_15794P0		
OG0012548			CVK98356	FOXG_13790P0		
OG0012549			CVK98370	FOXG_13800P0		
OG0012550			CVK98480	FOXG_13895P0		
OG0012551			CVK98072	FOXG_13631P0		
OG0012552			CVK98218	FOXG_13705P0		
OG0012553			CVK97908	FOXG_17390P0		
OG0012554			CVK98211	FOXG_13701P0		
OG0012555			CVK98050	FOXG_13623P0		
OG0012556			CVK97903	FOXG_17386P0		
OG0012557			CVK98201	FOXG_13697P0		
OG0012558			CVK98022	FOXG_13603P0		
OG0012559			CVK98150	FOXG_13665P0		
OG0012560			CVK98601	FOXG_15685P0		
OG0012561			CVK98098	FOXG_13641P0		
OG0012562			CVK97898	FOXG_17383P0		
OG0012563			CVK98722	FOXG_15754P0		
OG0012564			CVK98671	FOXG_15726P0		
OG0012565			CVK98572	FOXG_15655P0		
OG0012566			CVK98732	FOXG_15759P0		
OG0012567			CVK98227	FOXG_13710P0		
OG0012568			CVK98117	FOXG_13648P0		
OG0012569			CVK98135	FOXG_13656P0		
OG0012570			CVK98317	FOXG_13768P0		
OG0012571			CVK98840	FOXG_15801P0		
OG0012572			CVK98887	FOXG_15824P0		
OG0012573			CVK98696	FOXG_15742P0		
OG0012574			CVK98492	FOXG_13907P0		
OG0012575			CVK98575	FOXG_15658P0		
OG0012576			CVK98200	FOXG_13696P0		
OG0012577			CVK98109	FOXG_13643P0		
OG0012578			CVK98855	FOXG_13121P0		
OG0012579			CVK98044	FOXG_13620P0		
OG0012580			CVK98271	FOXG_13740P0		
OG0012581			CVK98779	FOXG_15772P0		
OG0012582			CVK98187	FOXG_13690P0		
OG0012583			CVK98036	FOXG_13615P0		
OG0012584			CVK98079	FOXG_13633P0		
OG0012585			CVK98321	FOXG_13771P0		
OG0012586			CVK98017	FOXG_13586P0		
OG0012587			CVK98198	FOXG_13695P0		
OG0012588			CVK98289	FOXG_13750P0		
OG0012589			CVK98709	FOXG_15752P0		
OG0012590			CVK98004	FOXG_13592P0		
OG0012591			CVK98689	FOXG_15740P0		
OG0012592			CVK97942	FOXG_17396P0		
OG0012593			CVK98708	FOXG_15751P0		
OG0012594			CVK98781	FOXG_15773P0		
OG0012595			CVK98683	FOXG_15737P0		
OG0012596			CVK97996	FOXG_13595P0		
OG0012597			CVK98810	FOXG_14994P0		
OG0012598			CVK98299	FOXG_13756P0		
OG0012599			CVK98338	FOXG_13780P0		
OG0012600			CVK98703	FOXG_15744P0		
OG0012601			CVK98844	FOXG_15803P0		
OG0012602			CVK98574	FOXG_15657P0		
OG0012603			CVK98788	FOXG_15777P0		
OG0012604			CVK98622	FOXG_15720P0		
OG0012605			CVK98603	FOXG_15683P0		
OG0012606			CVK98695, CVL00331			
OG0012607			CVK98229	FOXG_13714P0		
OG0012608			CVK98756	FOXG_15769P0		
OG0012609			CVK98196	FOXG_13694P0		
OG0012610			CVK98114	FOXG_13646P0		
OG0012611			CVK98291	FOXG_13751P0		
OG0012612			CVK98607	FOXG_15680P0		
OG0012613			CVK98190	FOXG_13692P0		
OG0012614			CVK98239	FOXG_13718P0		
OG0012615			CVK98354	FOXG_13789P0		
OG0012616			CVK97913	FOXG_17393P0		
OG0012617			CVK98213	FOXG_13702P0		
OG0012618			CVK98204	FOXG_13699P0		
OG0012619			CVK98335	FOXG_13775P0		
OG0012620			CVK97915	FOXG_17394P0		
OG0012621			CVK98631	FOXG_15711P0		
OG0012622			CVK97904	FOXG_17369P0		
OG0012623			CVK98065	FOXG_13628P0		
OG0012624			CVK98905	FOXG_15829P0		
OG0012625			CVK98542	FOXG_15620P0		
OG0012626			CVK98523	FOXG_13936P0		
OG0012627			CVK98704	FOXG_15745P0		
OG0012628			CVK97924			EDN91237
OG0012629			CVK98777	FOXG_15770P0		
OG0012630			CVK98395	FOXG_13819P0		
OG0012631			CVK98655	FOXG_15697P0		
OG0012632			CVK98089	FOXG_13638P0		
OG0012633			CVK98621	FOXG_15721P0		
OG0012634			CVK98774, CVL06722			
OG0012635			CVK97998	FOXG_13594P0		
OG0012636			CVK98627	FOXG_15715P0		
OG0012637			CVK98081	FOXG_13634P0		
OG0012638			CVK98165	FOXG_13678P0		
OG0012639			CVK97896	FOXG_17382P0		
OG0012640			CVK98170	FOXG_13682P0		
OG0012641			CVK98626	FOXG_15716P0		
OG0012642			CVK98672	FOXG_15727P0		
OG0012643			CVK98474	FOXG_13889P0		
OG0012644			CVK98024	FOXG_17388P0		
OG0012645			CVK98723	FOXG_17246P0		
OG0012646			CVK98875	FOXG_15820P0		
OG0012647			CVK98116	FOXG_13647P0		
OG0012648			CVK98327	FOXG_13778P0		
OG0012649			CVK98646	FOXG_15702P0		
OG0012650			CVK98179	FOXG_13687P0		
OG0012651			CVK98019	FOXG_13584P0		
OG0012652			CVK98928	FOXG_15834P0		
OG0012653			CVK98667	FOXG_15723P0		
OG0012654			CVK98173	FOXG_13684P0		
OG0012655			CVK98739	FOXG_15764P0		
OG0012656			CVK98230	FOXG_13713P0		
OG0012657			CVK98782	FOXG_15774P0		
OG0012658			CVK98391	FOXG_13816P0		
OG0012659			CVK98156	FOXG_13670P0		
OG0012660			CVK98816	FOXG_15797P0		
OG0012661			CVK98092	FOXG_13639P0		
OG0012662			CVK98245	FOXG_13722P0		
OG0012663			CVK98071	FOXG_13630P0		
OG0012664			CVK98677	FOXG_15731P0		
OG0012665			CVK98415	FOXG_13833P0		
OG0012666			CVK98571	FOXG_15654P0		
OG0012667			CVK98615	FOXG_15688P0		
OG0012668			CVK98143	FOXG_13661P0		
OG0012669			CVK98479	FOXG_13894P0		
OG0012670			CVK98589	FOXG_15674P0		
OG0012671			CVK98849	FOXG_15806P0		
OG0012672			CVK98344	FOXG_13783P0		
OG0012673			CVK98707	FOXG_15750P0		
OG0012674			CVK98168	FOXG_13680P0		
OG0012675			CVK98161	FOXG_13673P0		
OG0012676			CVK98643	FOXG_15704P0		
OG0012677			CVK98385	FOXG_13811P0		
OG0012678			CVK98823	FOXG_15799P0		
OG0012679			CVK98132	FOXG_13654P0		
OG0012680			CVK98030	FOXG_13608P0		
OG0012681			CVK98113	FOXG_13645P0		
OG0012682			CVK98544	FOXG_15622P0		
OG0012683			CVK98804	FOXG_17615P0		
OG0012684			CVK99474	FOXG_08648P0		
OG0012685			CVK99482	FOXG_08640P0		
OG0012686			CVK99324	FOXG_08780P0		
OG0012687			CVK99651	FOXG_08494P0		
OG0012688			CVK99462	FOXG_08659P0		
OG0012689			CVK99714	FOXG_08460P0		
OG0012690			CVK99574	FOXG_08540P0		
OG0012691			CVL00168	FOXG_08191P0		
OG0012692			CVK99878	FOXG_08366P0		
OG0012693			CVK99859	FOXG_08378P0		
OG0012694			CVK99848	FOXG_08385P0		
OG0012695			CVK99830	FOXG_08395P0		
OG0012696			CVK99626	FOXG_08509P0		
OG0012697			CVK99424	FOXG_08698P0		
OG0012698			CVK99484	FOXG_08638P0		
OG0012699			CVK99785	FOXG_08422P0		
OG0012700			CVL00140	FOXG_08211P0		
OG0012701			CVK99334	FOXG_08774P0		
OG0012702			CVK99407	FOXG_08710P0		
OG0012703			CVK99281	FOXG_08804P0		
OG0012704			CVK99267	FOXG_08815P0		
OG0012705			CVL00109	FOXG_08228P0		
OG0012706			CVL00144	FOXG_08207P0		
OG0012707			CVK99342	FOXG_08768P0		
OG0012708			CVL00142	FOXG_08208P0		
OG0012709			CVK99196	FOXG_08849P0		
OG0012710			CVK99378	FOXG_08729P0		
OG0012711			CVK99430	FOXG_08692P0		
OG0012712			CVK99954	FOXG_08317P0		
OG0012713			CVK99869	FOXG_08372P0		
OG0012714			CVK99449	FOXG_08673P0		
OG0012715			CVK99488	FOXG_08633P0		
OG0012716			CVK99982	FOXG_08298P0		
OG0012717			CVK99705	FOXG_08464P0		
OG0012718			CVK99353	FOXG_08756P0		
OG0012719			CVK99863	FOXG_08375P0		
OG0012720			CVK99175	FOXG_08861P0		
OG0012721			CVK99575	FOXG_08539P0		
OG0012722			CVK99451	FOXG_08669P0		
OG0012723			CVK99339	FOXG_08770P0		
OG0012724			CVK99642	FOXG_08500P0		
OG0012725			CVK99468	FOXG_08654P0		
OG0012726			CVK99834	FOXG_08393P0		
OG0012727			CVK99215	FOXG_08838P0		
OG0012728			CVK99481	FOXG_08641P0		
OG0012729			CVK99321	FOXG_08784P0		
OG0012730			CVL00154	FOXG_08200P0		
OG0012731			CVK99490	FOXG_08631P0		
OG0012732			CVK99486	FOXG_08636P0		
OG0012733			CVK99903	FOXG_08349P0		
OG0012734			CVL00102	FOXG_08233P0		
OG0012735			CVK99399	FOXG_08716P0		
OG0012736			CVK99845			EDN96451
OG0012737			CVK99245	FOXG_08827P0		
OG0012738			CVK99618	FOXG_08513P0		
OG0012739			CVK99356	FOXG_08754P0		
OG0012740			CVK99825	FOXG_08398P0		
OG0012741			CVK99485	FOXG_08637P0		
OG0012742			CVK99252	FOXG_08822P0		
OG0012743			CVK99371	FOXG_08738P0		
OG0012744			CVK99386	FOXG_07396P0		
OG0012745			CVK99438	FOXG_08686P0		
OG0012746			CVK99265	FOXG_08816P0		
OG0012747			CVK99395	FOXG_08719P0		
OG0012748			CVK99203	FOXG_08845P0		
OG0012749			CVK99257	FOXG_08820P0		
OG0012750			CVK99823	FOXG_08399P0		
OG0012751			CVK99249	FOXG_08824P0		
OG0012752			CVK99420	FOXG_08702P0		
OG0012753			CVK99241	FOXG_08829P0		
OG0012754			CVL00081	FOXG_08243P0		
OG0012755			CVK99275	FOXG_08813P0		
OG0012756			CVK99328, CVL06294			
OG0012757			CVK99211	FOXG_08841P0		
OG0012758			CVK99471	FOXG_08651P0		
OG0012759			CVK99380	FOXG_08728P0		
OG0012760			CVK99331	FOXG_08777P0		
OG0012761			CVK99361	FOXG_08749P0		
OG0012762			CVK99675	FOXG_08481P0		
OG0012763			CVK99978	FOXG_08301P0		
OG0012764			CVK99502	FOXG_08616P0		
OG0012765			CVK99841	FOXG_08389P0		
OG0012766			CVK99429	FOXG_08693P0		
OG0012767			CVK99330	FOXG_08778P0		
OG0012768			CVK99323	FOXG_08781P0		
OG0012769			CVK99360	FOXG_08750P0		
OG0012770			CVK99288	FOXG_08807P0		
OG0012771			CVK99487	FOXG_08634P0		
OG0012772			CVK99921	FOXG_08338P0		
OG0012773			CVL00035	FOXG_08271P0		
OG0012774			CVK99875	FOXG_08368P0		
OG0012775			CVL00147	FOXG_08205P0		
OG0012776			CVK99352	FOXG_08757P0		
OG0012777			CVK99426	FOXG_08696P0		
OG0012778			CVL00175	FOXG_08186P0		
OG0012779			CVK99216	FOXG_08837P0		
OG0012780			CVK99194	FOXG_08850P0		
OG0012781			CVL00096	FOXG_08235P0		
OG0012782			CVK99338	FOXG_08771P0		
OG0012783			CVK99384	FOXG_08724P0		
OG0012784			CVK99774	FOXG_08427P0		
OG0012785			CVK99341	FOXG_08767P0		
OG0012786			CVK99450	FOXG_08672P0		
OG0012787			CVK99376	FOXG_08730P0		
OG0012788			CVK99435	FOXG_08688P0		
OG0012789			CVL00017	FOXG_08281P0		
OG0012790			CVK99526	FOXG_08591P0		
OG0012791			CVK99444	FOXG_17766P0		
OG0012792			CVK99746	FOXG_08441P0		
OG0012793			CVK99238	FOXG_08830P0		
OG0012794			CVK99403	FOXG_08713P0		
OG0012795			CVK99483	FOXG_08639P0		
OG0012796			CVL00050	FOXG_08261P0		
OG0012797			CVK99505	FOXG_08612P0		
OG0012798			CVK99385	FOXG_08723P0		
OG0012799			CVK99343	FOXG_08766P0		
OG0012800			CVK99254	FOXG_08821P0		
OG0012801			CVK99545	FOXG_08570P0		
OG0012802			CVK99345	FOXG_08764P0		
OG0012803			CVK99357	FOXG_08753P0		
OG0012804			CVK99832	FOXG_08394P0		
OG0012805			CVK99218	FOXG_08836P0		
OG0012806			CVK99346	FOXG_08763P0		
OG0012807			CVK99364	FOXG_08746P0		
OG0012808			CVK99477	FOXG_08646P0		
OG0012809			CVK99381	FOXG_08727P0		
OG0012810			CVL00436	FOXG_08966P0		
OG0012811			CVL01210	FOXG_09451P0		
OG0012812			CVL01071	FOXG_09328P0		
OG0012813			CVL01015	FOXG_09294P0		
OG0012814			CVL01096	FOXG_09343P0		
OG0012815			CVL00396	FOXG_08988P0		
OG0012816			CVL00655	FOXG_09078P0		
OG0012817			CVL00446	FOXG_08963P0		
OG0012818			CVL00384	FOXG_08994P0		
OG0012819			CVL00363	FOXG_08922P0		
OG0012820			CVL00326	FOXG_08903P0		
OG0012821			CVL00531	FOXG_14673P0		
OG0012822			CVL00856	FOXG_09195P0		
OG0012823			CVL00320	FOXG_08899P0		
OG0012824			CVL00341	FOXG_08910P0		
OG0012825			CVL00403	FOXG_08985P0		
OG0012826			CVL00759	FOXG_09138P0		
OG0012827			CVL00965	FOXG_09264P0		
OG0012828			CVL00753	FOXG_09135P0		
OG0012829			CVL00332	FOXG_08905P0		
OG0012830			CVL01046	FOXG_09312P0		
OG0012831			CVL00804	FOXG_09164P0		
OG0012832			CVL01169	FOXG_09407P0		
OG0012833			CVL00565	FOXG_09034P0		
OG0012834			CVL00437	FOXG_08965P0		
OG0012835			CVL00388	FOXG_08992P0		
OG0012836			CVL01187	FOXG_09425P0		
OG0012837			CVL01224	FOXG_09463P0		
OG0012838			CVL00717	FOXG_09115P0		
OG0012839			CVL00790	FOXG_09156P0		
OG0012840			CVL00454, CVL00455			
OG0012841			CVL00868	FOXG_09203P0		
OG0012842			CVL01081	FOXG_09335P0		
OG0012843			CVL00744	FOXG_09127P0		
OG0012844			CVL00769	FOXG_09143P0		
OG0012845			CVL00894	FOXG_09217P0		
OG0012846			CVL00679	FOXG_09094P0		
OG0012847			CVL00584	FOXG_09042P0		
OG0012848			CVL00793	FOXG_09157P0		
OG0012849			CVL00278, CVL09153			
OG0012850			CVL00554	FOXG_09027P0		
OG0012851			CVL00865	FOXG_09201P0		
OG0012852			CVL00676	FOXG_09092P0		
OG0012853			CVL00686	FOXG_09098P0		
OG0012854			CVL01196	FOXG_09437P0		
OG0012855			CVL00703	FOXG_09107P0		
OG0012856			CVL00943	FOXG_09249P0		
OG0012857			CVL00777	FOXG_09148P0		
OG0012858			CVL00901	FOXG_09222P0		
OG0012859			CVL00867	FOXG_09202P0		
OG0012860			CVL00920	FOXG_09235P0		
OG0012861			CVL00518, CVL00529			
OG0012862			CVL00647	FOXG_09075P0		
OG0012863			CVL00700, CVL07603			
OG0012864			CVL00713	FOXG_09113P0		
OG0012865			CVL00605	FOXG_09053P0		
OG0012866			CVL00456	FOXG_08951P0		
OG0012867			CVL00269, CVL09160			
OG0012868			CVL01250	FOXG_09490P0		
OG0012869			CVL00874	FOXG_09207P0		
OG0012870			CVL00485	FOXG_08936P0		
OG0012871			CVL00853	FOXG_09193P0		
OG0012872			CVL00731	FOXG_09124P0		
OG0012873			CVL00693	FOXG_09102P0		
OG0012874			CVL00780	FOXG_09147P0		
OG0012875			CVL01099	FOXG_09344P0		
OG0012876			CVL00699	FOXG_09105P0		
OG0012877			CVL00623	FOXG_09063P0		
OG0012878			CVL00433	FOXG_08968P0		
OG0012879			CVL00846	FOXG_09189P0		
OG0012880			CVL01182	FOXG_09419P0		
OG0012881			CVL00919	FOXG_09234P0		
OG0012882			CVL00947	FOXG_09252P0		
OG0012883			CVL00682	FOXG_09096P0		
OG0012884			CVL00590	FOXG_09045P0		
OG0012885			CVL01076	FOXG_09332P0		
OG0012886			CVL00390	FOXG_08990P0		
OG0012887			CVL00841	FOXG_09186P0		
OG0012888			CVL01120	FOXG_09358P0		
OG0012889			CVL00955	FOXG_09258P0		
OG0012890			CVL00537	FOXG_09021P0		
OG0012891			CVL01202	FOXG_09443P0		
OG0012892			CVL00909	FOXG_09227P0		
OG0012893			CVL00612	FOXG_09057P0		
OG0012894			CVL00662	FOXG_09083P0		
OG0012895			CVL00819	FOXG_09168P0		
OG0012896			CVL00640	FOXG_09070P0		
OG0012897			CVL00343	FOXG_08934P0		
OG0012898			CVL00311	FOXG_08886P0		
OG0012899			CVL00781	FOXG_09150P0		
OG0012900			CVL00967	FOXG_09265P0		
OG0012901			CVL00448	FOXG_08960P0		
OG0012902			CVL00870	FOXG_09204P0		
OG0012903			CVL00684	FOXG_09097P0		
OG0012904			CVL00579	FOXG_09039P0		
OG0012905			CVL00350	FOXG_08926P0		
OG0012906			CVL01053	FOXG_09316P0		
OG0012907			CVL01134	FOXG_09371P0		
OG0012908			CVL00337	FOXG_08908P0		
OG0012909			CVL00646	FOXG_09074P0		
OG0012910			CVL00345	FOXG_08933P0		
OG0012911			CVL00675	FOXG_09091P0		
OG0012912			CVL00690	FOXG_09100P0		
OG0012913			CVL01184	FOXG_09421P0		
OG0012914			CVL01170	FOXG_09408P0		
OG0012915			CVL00381	FOXG_08996P0		
OG0012916			CVL01038	FOXG_09306P0		
OG0012917			CVL00594	FOXG_09047P0		
OG0012918			CVL00656	FOXG_09079P0		
OG0012919			CVL01990	FOXG_10618P0		
OG0012920			CVL02130	FOXG_10725P0		
OG0012921			CVL01713	FOXG_10400P0		
OG0012922			CVL02234	FOXG_04700P0		
OG0012923			CVL01921	FOXG_10542P0		
OG0012924			CVL02198	FOXG_10810P0		
OG0012925			CVL02008	FOXG_10634P0		
OG0012926			CVL01805	FOXG_10457P0		
OG0012927			CVL01485	FOXG_10265P0		
OG0012928			CVL01631	FOXG_10355P0		
OG0012929			CVL01610	FOXG_10342P0		
OG0012930			CVL01603	FOXG_10334P0		
OG0012931			CVL02210	FOXG_10770P0		
OG0012932			CVL02242	FOXG_10188P0		
OG0012933			CVL01663	FOXG_10370P0		
OG0012934			CVL02046	FOXG_10670P0		
OG0012935			CVL02145	FOXG_10738P0		
OG0012936			CVL01963	FOXG_10584P0		
OG0012937			CVL02023	FOXG_10647P0		
OG0012938			CVL01707	FOXG_10395P0		
OG0012939			CVL01671	FOXG_10375P0		
OG0012940			CVL02050	FOXG_10674P0		
OG0012941			CVL02038	FOXG_10663P0		
OG0012942			CVL01849	FOXG_10488P0		
OG0012943			CVL01984	FOXG_10613P0		
OG0012944			CVL02074	FOXG_10691P0		
OG0012945			CVL02021	FOXG_10645P0		
OG0012946			CVL01715	FOXG_10401P0		
OG0012947			CVL02094	FOXG_10706P0		
OG0012948			CVL01489	FOXG_10268P0		
OG0012949			CVL01965	FOXG_10589P0		
OG0012950			CVL02091	FOXG_10705P0		
OG0012951			CVL02076	FOXG_10692P0		
OG0012952			CVL01606	FOXG_10338P0		
OG0012953			CVL01749	FOXG_10422P0		
OG0012954			CVL01552	FOXG_10305P0		
OG0012955			CVL01726	FOXG_10409P0		
OG0012956			CVL02036	FOXG_10650P0		
OG0012957			CVL02240	FOXG_10790P0		
OG0012958			CVL02102	FOXG_10712P0		
OG0012959			CVL02073	FOXG_10690P0		
OG0012960			CVL01627	FOXG_10352P0		
OG0012961			CVL02079	FOXG_10695P0		
OG0012962			CVL02228	FOXG_13424P0		
OG0012963			CVL01740	FOXG_10416P0		
OG0012964			CVL01506	FOXG_10279P0		
OG0012965			CVL02120	FOXG_10719P0		
OG0012966			CVL02114	FOXG_10716P0		
OG0012967			CVL01487	FOXG_10267P0		
OG0012968			CVL02049	FOXG_10673P0		
OG0012969			CVL01665	FOXG_10371P0		
OG0012970			CVL02279	FOXG_10801P0		
OG0012971			CVL01623	FOXG_10349P0		
OG0012972			CVL01629	FOXG_10353P0		
OG0012973			CVL02124	FOXG_10721P0		
OG0012974			CVL02040	FOXG_10665P0		
OG0012975			CVL02084	FOXG_10700P0		
OG0012976			CVL01860	FOXG_10495P0		
OG0012977			CVL02246	FOXG_10777P0		
OG0012978			CVL02043	FOXG_10668P0		
OG0012979			CVL02077	FOXG_10693P0		
OG0012980			CVL02106	FOXG_10714P0		
OG0012981			CVL02011	FOXG_10637P0		
OG0012982			CVL01632	FOXG_10356P0		
OG0012983			CVL01711	FOXG_10398P0		
OG0012984			CVL02137	FOXG_10729P0		
OG0012985			CVL01684	FOXG_10382P0		
OG0012986			CVL01723	FOXG_10406P0		
OG0012987			CVL02071	FOXG_10688P0		
OG0012988			CVL01697	FOXG_10388P0		
OG0012989			CVL02092	FOXG_10707P0		
OG0012990			CVL02238	FOXG_10787P0		
OG0012991			CVL01698	FOXG_10389P0		
OG0012992			CVL02184	FOXG_10753P0		
OG0012993			CVL01836	FOXG_10480P0		
OG0012994			CVL01565	FOXG_10312P0		
OG0012995			CVL02113	FOXG_10715P0		
OG0012996			CVL02201	FOXG_10761P0		
OG0012997			CVL01582	FOXG_10322P0		
OG0012998			CVL02048	FOXG_10672P0		
OG0012999			CVL01756	FOXG_10427P0		
OG0013000			CVL01709	FOXG_10397P0		
OG0013001			CVL01826	FOXG_10473P0		
OG0013002			CVL01835	FOXG_10478P0		
OG0013003			CVL01704	FOXG_10393P0		
OG0013004			CVL02060	FOXG_10683P0		
OG0013005			CVL01852	FOXG_10490P0		
OG0013006			CVL02199	FOXG_10760P0		
OG0013007			CVL01964	FOXG_10588P0		
OG0013008			CVL02037	FOXG_10661P0		
OG0013009			CVL02088	FOXG_10704P0		
OG0013010			CVL01820	FOXG_10469P0		
OG0013011			CVL01720	FOXG_10404P0		
OG0013012			CVL01667	FOXG_10372P0		
OG0013013			CVL01994	FOXG_10621P0		
OG0013014			CVL01646	FOXG_10362P0		
OG0013015			CVL01924	FOXG_10545P0		
OG0013016			CVL01863	FOXG_10498P0		
OG0013017			CVL02032	FOXG_10660P0		
OG0013018			CVL01587	FOXG_10324P0		
OG0013019			CVL02132	FOXG_10726P0		
OG0013020			CVL01962	FOXG_10583P0		
OG0013021			CVL02185	FOXG_10754P0		
OG0013022			CVL01484	FOXG_10264P0		
OG0013023			CVL02172	FOXG_10747P0		
OG0013024			CVL01815	FOXG_10464P0		
OG0013025			CVL01498	FOXG_10273P0		
OG0013026			CVL01616	FOXG_10345P0		
OG0013027			CVL01607	FOXG_10339P0		
OG0013028			CVL01812	FOXG_10462P0		
OG0013029			CVL02269	FOXG_10797P0		
OG0013030			CVL01983	FOXG_10612P0		
OG0013031			CVL03219	FOXG_11302P0		
OG0013032			CVL02888, CVL07184			
OG0013033			CVL03052	FOXG_11209P0		
OG0013034			CVL02609	FOXG_10956P0		
OG0013035			CVL02674	FOXG_10994P0		
OG0013036			CVL02554	FOXG_10891P0		
OG0013037			CVL02847	FOXG_11099P0		
OG0013038			CVL02576	FOXG_10927P0		
OG0013039			CVL03140	FOXG_11257P0		
OG0013040			CVL03000	FOXG_11180P0		
OG0013041			CVL02739	FOXG_11032P0		
OG0013042			CVL02515, CVL07432			
OG0013043			CVL03269	FOXG_11330P0		
OG0013044			CVL02624	FOXG_10948P0		
OG0013045			CVL02588	FOXG_10934P0		
OG0013046			CVL02987	FOXG_11173P0		
OG0013047			CVL02573	FOXG_10923P0		
OG0013048			CVL02758	FOXG_11053P0		
OG0013049			CVL02673	FOXG_10993P0		
OG0013050			CVL02489	FOXG_10842P0		
OG0013051			CVL03169	FOXG_11274P0		
OG0013052			CVL02491	FOXG_10843P0		
OG0013053			CVL02552	FOXG_10889P0		
OG0013054			CVL02669	FOXG_10990P0		
OG0013055			CVL02915	FOXG_11132P0		
OG0013056			CVL02614	FOXG_10952P0		
OG0013057			CVL03098	FOXG_11234P0		
OG0013058			CVL02798	FOXG_11077P0		
OG0013059			CVL02644	FOXG_10971P0		
OG0013060			CVL02681	FOXG_11001P0		
OG0013061			CVL03077	FOXG_11223P0		
OG0013062			CVL02497	FOXG_10846P0		
OG0013063			CVL03210	FOXG_11297P0		
OG0013064			CVL02615	FOXG_10953P0		
OG0013065			CVL02626	FOXG_10946P0		
OG0013066			CVL02641	FOXG_10967P0		
OG0013067			CVL02709	FOXG_11028P0		
OG0013068			CVL02612	FOXG_10951P0		
OG0013069			CVL02648	FOXG_10974P0		
OG0013070			CVL02704	FOXG_11023P0		
OG0013071			CVL03166	FOXG_11272P0		
OG0013072			CVL03133	FOXG_11253P0		
OG0013073			CVL02665	FOXG_10986P0		
OG0013074			CVL03280	FOXG_11336P0		
OG0013075			CVL03055	FOXG_11211P0		
OG0013076			CVL02866	FOXG_11108P0		
OG0013077			CVL03212	FOXG_11298P0		
OG0013078			CVL02592	FOXG_10939P0		
OG0013079			CVL03086	FOXG_11228P0		
OG0013080			CVL02581	FOXG_10928P0		
OG0013081			CVL03134	FOXG_11254P0		
OG0013082			CVL03242	FOXG_11315P0		
OG0013083			CVL02779	FOXG_11067P0		
OG0013084			CVL02463	FOXG_08875P0		
OG0013085			CVL02660	FOXG_10983P0		
OG0013086			CVL02741	FOXG_11031P0		
OG0013087			CVL02924	FOXG_13869P0		
OG0013088			CVL02666	FOXG_10987P0		
OG0013089			CVL02594	FOXG_10940P0		
OG0013090			CVL02551	FOXG_10888P0		
OG0013091			CVL03283	FOXG_11338P0		
OG0013092			CVL03221	FOXG_11303P0		
OG0013093			CVL02958	FOXG_11154P0		
OG0013094			CVL03277	FOXG_11334P0		
OG0013095			CVL02714	FOXG_13294P0		
OG0013096			CVL02629	FOXG_10960P0		
OG0013097			CVL02524	FOXG_10856P0		
OG0013098			CVL03038	FOXG_11199P0		
OG0013099			CVL02890, CVL07206			
OG0013100			CVL02521, CVL08714			
OG0013101			CVL02887	FOXG_11120P0		
OG0013102			CVL02953	FOXG_11151P0		
OG0013103			CVL02689	FOXG_11008P0		
OG0013104			CVL02533	FOXG_10877P0		
OG0013105			CVL02684	FOXG_11004P0		
OG0013106			CVL03271	FOXG_11331P0		
OG0013107			CVL02535	FOXG_10878P0		
OG0013108			CVL02597	FOXG_10941P0		
OG0013109			CVL02763	FOXG_11056P0		
OG0013110			CVL02586	FOXG_10932P0		
OG0013111			CVL02885	FOXG_11119P0		
OG0013112			CVL02556	FOXG_10893P0		
OG0013113			CVL03217	FOXG_11301P0		
OG0013114			CVL03136	FOXG_11255P0		
OG0013115			CVL02590	FOXG_10937P0		
OG0013116			CVL03079	FOXG_11224P0		
OG0013117			CVL02677	FOXG_10996P0		
OG0013118			CVL02724	FOXG_11039P0		
OG0013119			CVL02947	FOXG_11149P0		
OG0013120			CVL02520	FOXG_10854P0		
OG0013121			CVL02738	FOXG_11033P0		
OG0013122			CVL02493	FOXG_10844P0		
OG0013123			CVL02701	FOXG_11020P0		
OG0013124			CVL02675	FOXG_10995P0		
OG0013125			CVL02678	FOXG_10997P0		
OG0013126			CVL03010	FOXG_11184P0		
OG0013127			CVL03090	FOXG_11229P0		
OG0013128			CVL02789	FOXG_11071P0		
OG0013129			CVL02694	FOXG_11013P0		
OG0013130			CVL02587	FOXG_10933P0		
OG0013131			CVL02912	FOXG_11130P0		
OG0013132			CVL03121	FOXG_11246P0		
OG0013133			CVL02541	FOXG_10881P0		
OG0013134			CVL02607	FOXG_10958P0		
OG0013135			CVL02726	FOXG_11038P0		
OG0013136			CVL02682	FOXG_11002P0		
OG0013137			CVL03020	FOXG_11188P0		
OG0013138			CVL03095	FOXG_11232P0		
OG0013139			CVL02570	FOXG_10920P0		
OG0013140			CVL03281	FOXG_11337P0		
OG0013141			CVL04205	FOXG_12364P0		
OG0013142			CVL03900	FOXG_12148P0		
OG0013143			CVL04047	FOXG_12255P0		
OG0013144			CVL03478	FOXG_11947P0		
OG0013145			CVL04087	FOXG_12293P0		
OG0013146			CVL03409	FOXG_11904P0		
OG0013147			CVL03628	FOXG_12011P0		
OG0013148			CVL03521	FOXG_11963P0		
OG0013149			CVL04065	FOXG_12269P0		
OG0013150			CVL04088	FOXG_12294P0		
OG0013151			CVL04124	FOXG_12328P0		
OG0013152			CVL03558	FOXG_11977P0		
OG0013153			CVL04129	FOXG_12331P0		
OG0013154			CVL03666	FOXG_12032P0		
OG0013155			CVL03969	FOXG_12210P0		
OG0013156			CVL04083	FOXG_12289P0		
OG0013157			CVL04135	FOXG_12337P0		
OG0013158			CVL04192	FOXG_12192P0		
OG0013159			CVL03728	FOXG_12068P0		
OG0013160			CVL04190	FOXG_12194P0		
OG0013161			CVL04199	FOXG_12359P0		
OG0013162			CVL04122	FOXG_12326P0		
OG0013163			CVL03732	FOXG_12070P0		
OG0013164			CVL03716	FOXG_12060P0		
OG0013165			CVL03385	FOXG_11894P0		
OG0013166			CVL04146	FOXG_12348P0		
OG0013167			CVL03793	FOXG_12106P0		
OG0013168			CVL03834	FOXG_12121P0		
OG0013169			CVL03479	FOXG_11948P0		
OG0013170			CVL04092	FOXG_12298P0		
OG0013171			CVL04212	FOXG_12371P0		
OG0013172			CVL03579	FOXG_11981P0		
OG0013173			CVL04200	FOXG_01361P0		
OG0013174			CVL04117	FOXG_12321P0		
OG0013175			CVL03847	FOXG_12127P0		
OG0013176			CVL04160	FOXG_12188P0		
OG0013177			CVL03388	FOXG_11895P0		
OG0013178			CVL04236	FOXG_12391P0		
OG0013179			CVL03931	FOXG_12165P0		
OG0013180			CVL03749	FOXG_12076P0		
OG0013181			CVL04132	FOXG_12334P0		
OG0013182			CVL03667	FOXG_12033P0		
OG0013183			CVL03577	FOXG_11980P0		
OG0013184			CVL03719	FOXG_12061P0		
OG0013185			CVL03456	FOXG_11936P0		
OG0013186			CVL04016	FOXG_12238P0		
OG0013187			CVL03740	FOXG_12073P0		
OG0013188			CVL03364	FOXG_11925P0		
OG0013189			CVL04086	FOXG_12292P0		
OG0013190			CVL03510	FOXG_11970P0		
OG0013191			CVL03770	FOXG_12094P0		
OG0013192			CVL04134	FOXG_12336P0		
OG0013193			CVL03511	FOXG_11969P0		
OG0013194			CVL03726	FOXG_12065P0		
OG0013195			CVL04043	FOXG_12251P0		
OG0013196			CVL03402	FOXG_11900P0		
OG0013197			CVL03707	FOXG_12056P0		
OG0013198			CVL03705	FOXG_12055P0		
OG0013199			CVL03862	FOXG_12133P0		
OG0013200			CVL04077	FOXG_12282P0		
OG0013201			CVL04151	FOXG_12353P0		
OG0013202			CVL03754	FOXG_12082P0		
OG0013203			CVL03971	FOXG_12211P0		
OG0013204			CVL04176	FOXG_12177P0		
OG0013205			CVL04217	FOXG_12376P0		
OG0013206			CVL03564	FOXG_11974P0		
OG0013207			CVL03610	FOXG_11997P0		
OG0013208			CVL03393	FOXG_11896P0		
OG0013209			CVL03934	FOXG_12166P0		
OG0013210			CVL03538	FOXG_11953P0		
OG0013211			CVL04080	FOXG_12285P0		
OG0013212			CVL04048	FOXG_12256P0		
OG0013213			CVL03950	FOXG_12173P0		
OG0013214			CVL03751	FOXG_12077P0		
OG0013215			CVL03907	FOXG_12151P0		
OG0013216			CVL04046	FOXG_12254P0		
OG0013217			CVL04094	FOXG_12300P0		
OG0013218			CVL03985	FOXG_12219P0		
OG0013219			CVL04009	FOXG_12232P0		
OG0013220			CVL03925	FOXG_12161P0		
OG0013221			CVL03647	FOXG_12020P0		
OG0013222			CVL04084	FOXG_12290P0		
OG0013223			CVL04091	FOXG_12297P0		
OG0013224			CVL03928	FOXG_12164P0		
OG0013225			CVL03806	FOXG_12112P0		
OG0013226			CVL03896	FOXG_12146P0		
OG0013227			CVL03791	FOXG_12105P0		
OG0013228			CVL04158	FOXG_12189P0		
OG0013229			CVL03654	FOXG_12025P0		
OG0013230			CVL03684	FOXG_12042P0		
OG0013231			CVL03703	FOXG_12054P0		
OG0013232			CVL03639	FOXG_12019P0		
OG0013233			CVL03700	FOXG_12052P0		
OG0013234			CVL03481	FOXG_11949P0		
OG0013235			CVL04145	FOXG_12347P0		
OG0013236			CVL03755	FOXG_12081P0		
OG0013237			CVL03760	FOXG_12088P0		
OG0013238			CVL04142	FOXG_12344P0		
OG0013239			CVL03786	FOXG_12102P0		
OG0013240			CVL04178	FOXG_12175P0		
OG0013241			CVL03777	FOXG_12097P0		
OG0013242			CVL03384	FOXG_11893P0		
OG0013243			CVL03828	FOXG_12119P0		
OG0013244			CVL03910	FOXG_12153P0		
OG0013245			CVL03648	FOXG_12021P0		
OG0013246			CVL03790	FOXG_12104P0		
OG0013247			CVL03618	FOXG_12001P0		
OG0013248			CVL03762	FOXG_12089P0		
OG0013249			CVL03646	FOXG_15187P0		
OG0013250			CVL04174	FOXG_12179P0		
OG0013251			CVL03581	FOXG_11983P0		
OG0013252			CVL04167	FOXG_12181P0		
OG0013253			CVL03819	FOXG_12117P0		
OG0013254			CVL04107	FOXG_12311P0		
OG0013255			CVL04110	FOXG_12314P0		
OG0013256			CVL04058	FOXG_12265P0		
OG0013257			CVL03635	FOXG_12017P0		
OG0013258			CVL03714	FOXG_12059P0		
OG0013259			CVL03531	FOXG_11956P0		
OG0013260			CVL04114	FOXG_12319P0		
OG0013261			CVL03919	FOXG_12157P0		
OG0013262			CVL04066	FOXG_12270P0		
OG0013263			CVL03766	FOXG_12092P0		
OG0013264			CVL03798	FOXG_12108P0		
OG0013265			CVL04177	FOXG_12176P0		
OG0013266			CVL04220	FOXG_12379P0		
OG0013267			CVL03530	FOXG_11957P0		
OG0013268			CVL03983	FOXG_12218P0		
OG0013269			CVL03417	FOXG_11912P0		
OG0013270			CVL03687	FOXG_12044P0		
OG0013271			CVL04100	FOXG_12305P0		
OG0013272			CVL03597	FOXG_11990P0		
OG0013273			CVL03559	FOXG_11976P0		
OG0013274			CVL03483	FOXG_11950P0		
OG0013275			CVL03780	FOXG_12098P0		
OG0013276			CVL03763	FOXG_12090P0		
OG0013277			CVL04208	FOXG_12367P0		
OG0013278			CVL03906	FOXG_12150P0		
OG0013279			CVL03995	FOXG_12224P0		
OG0013280			CVL04099	FOXG_12304P0		
OG0013281			CVL03967	FOXG_12209P0		
OG0013282			CVL03398	FOXG_11898P0		
OG0013283			CVL03466	FOXG_11933P0		
OG0013284			CVL04010	FOXG_12233P0		
OG0013285			CVL03693	FOXG_12048P0		
OG0013286			CVL03486	FOXG_11952P0		
OG0013287			CVL04209	FOXG_12368P0		
OG0013288			CVL04239	FOXG_12393P0		
OG0013289			CVL04076	FOXG_12281P0		
OG0013290			CVL04072	FOXG_12277P0		
OG0013291			CVL03400	FOXG_11899P0		
OG0013292			CVL03747	FOXG_12075P0		
OG0013293			CVL04138	FOXG_12340P0		
OG0013294			CVL04210	FOXG_12369P0		
OG0013295			CVL03851	FOXG_12129P0		
OG0013296			CVL04224	FOXG_12382P0		
OG0013297			CVL04075	FOXG_12280P0		
OG0013298			CVL03550			EDN94388
OG0013299			CVL04111	FOXG_12316P0		
OG0013300			CVL04019	FOXG_12241P0		
OG0013301			CVL04137	FOXG_12339P0		
OG0013302			CVL03519	FOXG_11965P0		
OG0013303			CVL04191	FOXG_12193P0		
OG0013304			CVL03374	FOXG_11915P0		
OG0013305			CVL04221	FOXG_12380P0		
OG0013306			CVL03632	FOXG_12013P0		
OG0013307			CVL03993	FOXG_12223P0		
OG0013308			CVL03912	FOXG_12154P0		
OG0013309			CVL03580	FOXG_11982P0		
OG0013310			CVL03803	FOXG_12111P0		
OG0013311			CVL03383	FOXG_11892P0		
OG0013312			CVL04189	FOXG_12195P0		
OG0013313			CVL04103	FOXG_12308P0		
OG0013314			CVL04175	FOXG_12178P0		
OG0013315			CVL03922	FOXG_12159P0		
OG0013316			CVL03711	FOXG_12058P0		
OG0013317			CVL03980	FOXG_12217P0		
OG0013318			CVL03642	FOXG_15188P0		
OG0013319			CVL03788	FOXG_12103P0		
OG0013320			CVL03794	FOXG_12107P0		
OG0013321			CVL03406	FOXG_11902P0		
OG0013322			CVL03528	FOXG_11958P0		
OG0013323			CVL04011	FOXG_12234P0		
OG0013324			CVL04035	FOXG_12248P0		
OG0013325			CVL04193	FOXG_12191P0		
OG0013326			CVL04106	FOXG_12310P0		
OG0013327			CVL03650	FOXG_12022P0		
OG0013328			CVL03857	FOXG_12132P0		
OG0013329			CVL03526	FOXG_11959P0		
OG0013330			CVL03936	FOXG_12167P0		
OG0013331			CVL03882	FOXG_12141P0		
OG0013332			CVL04089	FOXG_12295P0		
OG0013333			CVL03633	FOXG_12014P0		
OG0013334			CVL04115	FOXG_12320P0		
OG0013335			CVL03395	FOXG_11897P0		
OG0013336			CVL04542	FOXG_11487P0		
OG0013337			CVL04871	FOXG_11718P0		
OG0013338			CVL04836	FOXG_11700P0		
OG0013339			CVL04962	FOXG_11848P0		
OG0013340			CVL04870	FOXG_11690P0		
OG0013341			CVL04677	FOXG_11611P0		
OG0013342			CVL04991	FOXG_11829P0		
OG0013343			CVL04629	FOXG_11561P0		
OG0013344			CVL04811	FOXG_11685P0		
OG0013345			CVL04552	FOXG_11493P0		
OG0013346			CVL04875	FOXG_11722P0		
OG0013347			CVL04628	FOXG_11560P0		
OG0013348			CVL04633	FOXG_11564P0		
OG0013349			CVL04450	FOXG_11430P0		
OG0013350			CVL04990	FOXG_11830P0		
OG0013351			CVL05125	FOXG_11876P0		
OG0013352			CVL04711	FOXG_11643P0		
OG0013353			CVL04491	FOXG_11456P0		
OG0013354			CVL05029	FOXG_11805P0		
OG0013355			CVL04921, CVL06204			
OG0013356			CVL04756	FOXG_11658P0		
OG0013357			CVL04793	FOXG_11673P0		
OG0013358			CVL04694	FOXG_11625P0		
OG0013359			CVL05050			EDO02577
OG0013360			CVL04621	FOXG_11553P0		
OG0013361			CVL05064	FOXG_11793P0		
OG0013362			CVL04624	FOXG_11555P0		
OG0013363			CVL04594	FOXG_11530P0		
OG0013364			CVL04678	FOXG_11610P0		
OG0013365			CVL04456	FOXG_11434P0		
OG0013366			CVL04520	FOXG_11474P0		
OG0013367			CVL04724	FOXG_11645P0		
OG0013368			CVL04938	FOXG_11766P0		
OG0013369			CVL04452	FOXG_11431P0		
OG0013370			CVL04635	FOXG_11568P0		
OG0013371			CVL04831	FOXG_11697P0		
OG0013372			CVL05003	FOXG_11821P0		
OG0013373			CVL04726	FOXG_11646P0		
OG0013374			CVL04889	FOXG_11729P0		
OG0013375			CVL04911	FOXG_11743P0		
OG0013376			CVL04840	FOXG_11701P0		
OG0013377			CVL04484	FOXG_11452P0		
OG0013378			CVL05103	FOXG_11774P0		
OG0013379			CVL04446	FOXG_11428P0		
OG0013380			CVL05042	FOXG_11797P0		
OG0013381			CVL04903	FOXG_11740P0		
OG0013382			CVL04983	FOXG_11833P0		
OG0013383			CVL05097	FOXG_11777P0		
OG0013384			CVL04747	FOXG_11652P0		
OG0013385			CVL04855	FOXG_11710P0		
OG0013386			CVL04950	FOXG_11854P0		
OG0013387			CVL05016	FOXG_11812P0		
OG0013388			CVL05065	FOXG_11792P0		
OG0013389			CVL04797	FOXG_11675P0		
OG0013390			CVL04667	FOXG_11601P0		
OG0013391			CVL04915	FOXG_11745P0		
OG0013392			CVL04454	FOXG_11433P0		
OG0013393			CVL04732	FOXG_11648P0		
OG0013394			CVL04518	FOXG_11473P0		
OG0013395			CVL04550	FOXG_11492P0		
OG0013396			CVL04498	FOXG_11461P0		
OG0013397			CVL04617	FOXG_11549P0		
OG0013398			CVL04829			EDN96588
OG0013399			CVL04630	FOXG_11562P0		
OG0013400			CVL04933	FOXG_11756P0		
OG0013401			CVL04998	FOXG_11824P0		
OG0013402			CVL04701	FOXG_11631P0		
OG0013403			CVL04858	FOXG_11711P0		
OG0013404			CVL04611	FOXG_11544P0		
OG0013405			CVL04849	FOXG_11706P0		
OG0013406			CVL04648	FOXG_11580P0		
OG0013407			CVL04958	FOXG_11850P0		
OG0013408			CVL04682	FOXG_11614P0		
OG0013409			CVL04798	FOXG_11676P0		
OG0013410			CVL04900	FOXG_11738P0		
OG0013411			CVL04643	FOXG_11575P0		
OG0013412			CVL04670	FOXG_11604P0		
OG0013413			CVL04978	FOXG_11836P0		
OG0013414			CVL04660	FOXG_11591P0		
OG0013415			CVL04689	FOXG_11620P0		
OG0013416			CVL05020	FOXG_11810P0		
OG0013417			CVL04425	FOXG_11416P0		
OG0013418			CVL04697	FOXG_11628P0		
OG0013419			CVL04941	FOXG_11767P0		
OG0013420			CVL04646	FOXG_11578P0		
OG0013421			CVL05007	FOXG_11819P0		
OG0013422			CVL05074	FOXG_11787P0		
OG0013423			CVL04656	FOXG_11588P0		
OG0013424			CVL04795	FOXG_11674P0		
OG0013425			CVL04843	FOXG_11703P0		
OG0013426			CVL04497	FOXG_11459P0		
OG0013427			CVL04657	FOXG_11589P0		
OG0013428			CVL04942	FOXG_11768P0		
OG0013429			CVL04882	FOXG_11726P0		
OG0013430			CVL05111	FOXG_11770P0		
OG0013431			CVL04853	FOXG_11709P0		
OG0013432			CVL04810	FOXG_11684P0		
OG0013433			CVL04495	FOXG_11458P0		
OG0013434			CVL04860	FOXG_11696P0		
OG0013435			CVL04627	FOXG_11559P0		
OG0013436			CVL04943, CVL04945			
OG0013437			CVL04688	FOXG_11619P0		
OG0013438			CVL04650	FOXG_11582P0		
OG0013439			CVL04618	FOXG_11550P0		
OG0013440			CVL04459	FOXG_11435P0		
OG0013441			CVL04638	FOXG_11571P0		
OG0013442			CVL04666	FOXG_11598P0		
OG0013443			CVL04672	FOXG_11606P0		
OG0013444			CVL04919	FOXG_11747P0		
OG0013445			CVL04707	FOXG_11639P0		
OG0013446			CVL04894	FOXG_11734P0		
OG0013447			CVL04704	FOXG_11635P0		
OG0013448			CVL04620	FOXG_11552P0		
OG0013449			CVL05105	FOXG_11773P0		
OG0013450			CVL04669	FOXG_11603P0		
OG0013451			CVL04891	FOXG_11730P0		
OG0013452			CVL04675	FOXG_11609P0		
OG0013453			CVL04615	FOXG_11548P0		
OG0013454			CVL04800	FOXG_11677P0		
OG0013455			CVL05118	FOXG_11872P0		
OG0013456			CVL04821	FOXG_11715P0		
OG0013457			CVL04782	FOXG_11670P0		
OG0013458			CVL04750	FOXG_11654P0		
OG0013459			CVL04934	FOXG_11757P0		
OG0013460			CVL05133	FOXG_17497P0		
OG0013461			CVL04812	FOXG_11686P0		
OG0013462			CVL05014	FOXG_11815P0		
OG0013463			CVL04927	FOXG_11752P0		
OG0013464			CVL05350	FOXG_12949P0		
OG0013465			CVL05287	FOXG_13031P0		
OG0013466			CVL05703	FOXG_12758P0		
OG0013467			CVL05819	FOXG_12689P0		
OG0013468			CVL05338	FOXG_12959P0		
OG0013469			CVL05575	FOXG_12828P0		
OG0013470			CVL05321	FOXG_13006P0		
OG0013471			CVL05443	FOXG_12903P0		
OG0013472			CVL05263	FOXG_13052P0		
OG0013473			CVL05385	FOXG_12929P0		
OG0013474			CVL05374	FOXG_12933P0		
OG0013475			CVL05319	FOXG_13004P0		
OG0013476			CVL05265	FOXG_10837P0		
OG0013477			CVL05653	FOXG_12786P0		
OG0013478			CVL05309	FOXG_12986P0		
OG0013479			CVL05700	FOXG_12760P0		
OG0013480			CVL05317	FOXG_13001P0		
OG0013481			CVL05633	FOXG_12796P0		
OG0013482			CVL05457	FOXG_12895P0		
OG0013483			CVL05349	FOXG_12950P0		
OG0013484			CVL05294	FOXG_13029P0		
OG0013485			CVL05296	FOXG_13024P0		
OG0013486			CVL05772	FOXG_12715P0		
OG0013487			CVL05424	FOXG_12911P0		
OG0013488			CVL05832	FOXG_12680P0		
OG0013489			CVL05273	FOXG_13041P0		
OG0013490			CVL05291	FOXG_17559P0		
OG0013491			CVL05783	FOXG_12707P0		
OG0013492			CVL05786	FOXG_12705P0		
OG0013493			CVL05278	FOXG_13037P0		
OG0013494			CVL05722	FOXG_12745P0		
OG0013495			CVL05332	FOXG_13013P0		
OG0013496			CVL05348	FOXG_12951P0		
OG0013497			CVL05283	FOXG_13035P0		
OG0013498			CVL05471	FOXG_12886P0		
OG0013499			CVL05579	FOXG_12826P0		
OG0013500			CVL05546	FOXG_12845P0		
OG0013501			CVL05252, CVL06007			
OG0013502			CVL05444	FOXG_12902P0		
OG0013503			CVL05391	FOXG_12925P0		
OG0013504			CVL05401	FOXG_12919P0		
OG0013505			CVL05351	FOXG_12948P0		
OG0013506			CVL05284	FOXG_13034P0		
OG0013507			CVL05484	FOXG_12872P0		
OG0013508			CVL05537	FOXG_12849P0		
OG0013509			CVL05437	FOXG_12905P0		
OG0013510			CVL05510	FOXG_12859P0		
OG0013511			CVL05336	FOXG_12960P0		
OG0013512			CVL05274	FOXG_13040P0		
OG0013513			CVL05459	FOXG_12894P0		
OG0013514			CVL05731	FOXG_12740P0		
OG0013515			CVL05253, CVL06008			
OG0013516			CVL05342	FOXG_07055P0		
OG0013517			CVL05285	FOXG_13033P0		
OG0013518			CVL05624	FOXG_12802P0		
OG0013519			CVL05514	FOXG_12860P0		
OG0013520			CVL05386	FOXG_12928P0		
OG0013521			CVL05577	FOXG_12827P0		
OG0013522			CVL05352	FOXG_12946P0		
OG0013523			CVL05728	FOXG_12742P0		
OG0013524			CVL05830	FOXG_12681P0		
OG0013525			CVL05271	FOXG_13044P0		
OG0013526			CVL05503	FOXG_12865P0		
OG0013527			CVL05877	FOXG_12653P0		
OG0013528			CVL05333	FOXG_12962P0		
OG0013529			CVL05713	FOXG_12752P0		
OG0013530			CVL05277	FOXG_13038P0		
OG0013531			CVL06386	FOXG_15198P0		
OG0013532			CVL06143	FOXG_15364P0		
OG0013533			CVL06052	FOXG_15439P0		
OG0013534			CVL06395	FOXG_15202P0		
OG0013535			CVL06351	FOXG_15178P0		
OG0013536			CVL06225	FOXG_15323P0		
OG0013537			CVL06087	FOXG_15408P0		
OG0013538			CVL06015	FOXG_15475P0		
OG0013539			CVL06389	FOXG_15200P0		
OG0013540			CVL06420	FOXG_15220P0		
OG0013541			CVL06051	FOXG_15440P0		
OG0013542			CVL06269	FOXG_15299P0		
OG0013543			CVL06309	FOXG_15278P0		
OG0013544			CVL06120	FOXG_15382P0		
OG0013545			CVL06189	FOXG_15342P0		
OG0013546			CVL06374	FOXG_15191P0		
OG0013547			CVL06180	FOXG_15347P0		
OG0013548			CVL06022	FOXG_15467P0		
OG0013549			CVL06228	FOXG_15321P0		
OG0013550			CVL06112	FOXG_15390P0		
OG0013551			CVL06233	FOXG_15318P0		
OG0013552			CVL06113	FOXG_15389P0		
OG0013553			CVL06055	FOXG_15436P0		
OG0013554			CVL06026	FOXG_15463P0		
OG0013555			CVL06444	FOXG_15235P0		
OG0013556			CVL06109	FOXG_15394P0		
OG0013557			CVL06425	FOXG_15222P0		
OG0013558			CVL06413	FOXG_15218P0		
OG0013559			CVL06197	FOXG_15337P0		
OG0013560			CVL06102	FOXG_12974P0		
OG0013561			CVL06111	FOXG_15391P0		
OG0013562			CVL06017	FOXG_15473P0		
OG0013563			CVL06383	FOXG_15197P0		
OG0013564			CVL06016	FOXG_15474P0		
OG0013565			CVL06108	FOXG_15395P0		
OG0013566			CVL06440	FOXG_15232P0		
OG0013567			CVL06357	FOXG_15180P0		
OG0013568			CVL06289	FOXG_15290P0		
OG0013569			CVL06264	FOXG_09605P0		
OG0013570			CVL06139	FOXG_15366P0		
OG0013571			CVL06033	FOXG_15456P0		
OG0013572			CVL06119	FOXG_15383P0		
OG0013573			CVL06169	FOXG_15353P0		
OG0013574			CVL06056	FOXG_15435P0		
OG0013575			CVL06114	FOXG_15388P0		
OG0013576			CVL06402	FOXG_15209P0		
OG0013577			CVL06272	FOXG_15297P0		
OG0013578			CVL06397	FOXG_15203P0		
OG0013579			CVL06121	FOXG_15381P0		
OG0013580			CVL06123	FOXG_15378P0		
OG0013581			CVL06031	FOXG_15458P0		
OG0013582			CVL06141	FOXG_15365P0		
OG0013583			CVL06132	FOXG_15369P0		
OG0013584			CVL06094	FOXG_15399P0		
OG0013585			CVL06027	FOXG_15462P0		
OG0013586			CVL06333	FOXG_15267P0		
OG0013587			CVL06306	FOXG_15276P0		
OG0013588			CVL06244	FOXG_15311P0		
OG0013589			CVL06178	FOXG_15348P0		
OG0013590			CVL06040	FOXG_15451P0		
OG0013591			CVL06212	FOXG_15333P0		
OG0013592			CVL06088	FOXG_15407P0		
OG0013593			CVL06020	FOXG_15470P0		
OG0013594			CVL06131	FOXG_15370P0		
OG0013595			CVL06248	FOXG_15309P0		
OG0013596			CVL06194	FOXG_15339P0		
OG0013597			CVL06253	FOXG_15306P0		
OG0013598			CVL06078	FOXG_15417P0		
OG0013599			CVL06456	FOXG_15241P0		
OG0013600			CVL06399	FOXG_15204P0		
OG0013601			CVL06061	FOXG_15432P0		
OG0013602			CVL06115	FOXG_15387P0		
OG0013603			CVL06448	FOXG_15237P0		
OG0013604			CVL06252	FOXG_15307P0		
OG0013605			CVL06313	FOXG_17711P0		
OG0013606			CVL06106	FOXG_15397P0		
OG0013607			CVL06312	FOXG_15279P0		
OG0013608			CVL06199	FOXG_15336P0		
OG0013609			CVL06064	FOXG_15429P0		
OG0013610			CVL06284	FOXG_15292P0		
OG0013611			CVL06107	FOXG_15396P0		
OG0013612			CVL06320	FOXG_15285P0		
OG0013613			CVL06059, CVL06060			
OG0013614			CVL06377	FOXG_15192P0		
OG0013615			CVL06410	FOXG_10212P0		
OG0013616			CVL06896	FOXG_14701P0		
OG0013617			CVL06895	FOXG_14700P0		
OG0013618			CVL06697	FOXG_14865P0		
OG0013619			CVL06948	FOXG_14729P0		
OG0013620			CVL06766	FOXG_14579P0		
OG0013621			CVL06833	FOXG_14642P0		
OG0013622			CVL06828	FOXG_17610P0		
OG0013623			CVL06763	FOXG_14577P0		
OG0013624			CVL06822	FOXG_14630P0		
OG0013625			CVL06971	FOXG_14792P0		
OG0013626			CVL06945	FOXG_14732P0		
OG0013627			CVL06905	FOXG_14708P0		
OG0013628			CVL06933	FOXG_14741P0		
OG0013629			CVL06601	FOXG_14488P0		
OG0013630			CVL06889	FOXG_14697P0		
OG0013631			CVL06897	FOXG_14702P0		
OG0013632			CVL06694, CVL07534			
OG0013633			CVL06681	FOXG_14528P0		
OG0013634			CVL06731	FOXG_14554P0		
OG0013635			CVL06670	FOXG_14521P0		
OG0013636			CVL06977, CVL06981			
OG0013637			CVL06910	FOXG_14724P0		
OG0013638			CVL06724	FOXG_14551P0		
OG0013639			CVL06888	FOXG_14696P0		
OG0013640			CVL06871	FOXG_14684P0		
OG0013641			CVL06638	FOXG_14505P0		
OG0013642			CVL06703	FOXG_14541P0		
OG0013643			CVL06771	FOXG_14582P0		
OG0013644			CVL06961	FOXG_14787P0		
OG0013645			CVL06968	FOXG_14788P0		
OG0013646			CVL06865	FOXG_14672P0		
OG0013647			CVL06781	FOXG_14592P0		
OG0013648			CVL06782	FOXG_14593P0		
OG0013649			CVL06925	FOXG_14745P0		
OG0013650			CVL06734	FOXG_14555P0		
OG0013651			CVL06779	FOXG_14590P0		
OG0013652			CVL06843	FOXG_14652P0		
OG0013653			CVL06899	FOXG_14704P0		
OG0013654			CVL06955	FOXG_14747P0		
OG0013655			CVL06851	FOXG_14658P0		
OG0013656			CVL06643, CVL09370			
OG0013657			CVL06823	FOXG_14631P0		
OG0013658			CVL06810	FOXG_14614P0		
OG0013659			CVL06673	FOXG_14523P0		
OG0013660			CVL06875	FOXG_14690P0		
OG0013661			CVL06662	FOXG_14511P0		
OG0013662			CVL06787	FOXG_14596P0		
OG0013663			CVL06737	FOXG_14557P0		
OG0013664			CVL06824	FOXG_14632P0		
OG0013665			CVL06817	FOXG_14627P0		
OG0013666			CVL06839	FOXG_14646P0		
OG0013667			CVL06754	FOXG_14568P0		
OG0013668			CVL06868	FOXG_14676P0		
OG0013669			CVL06761	FOXG_14576P0		
OG0013670			CVL06693	FOXG_14536P0		
OG0013671			CVL06756	FOXG_14573P0		
OG0013672			CVL06644	FOXG_14509P0		
OG0013673			CVL06812	FOXG_14616P0		
OG0013674			CVL06741	FOXG_14559P0		
OG0013675			CVL06947	FOXG_14730P0		
OG0013676			CVL06594	FOXG_14484P0		
OG0013677			CVL06951	FOXG_14726P0		
OG0013678			CVL06861	FOXG_14667P0		
OG0013679			CVL06804	FOXG_14609P0		
OG0013680			CVL06705	FOXG_14543P0		
OG0013681			CVL06820	FOXG_14628P0		
OG0013682			CVL06798	FOXG_14603P0		
OG0013683			CVL06752	FOXG_14566P0		
OG0013684			CVL06950	FOXG_14727P0		
OG0013685			CVL06800	FOXG_14605P0		
OG0013686			CVL06912	FOXG_14722P0		
OG0013687			CVL06803	FOXG_14608P0		
OG0013688			CVL06680	FOXG_14527P0		
OG0013689			CVL06901	FOXG_14706P0		
OG0013690			CVL06677	FOXG_14525P0		
OG0013691			CVL06739	FOXG_14558P0		
OG0013692			CVL06714	FOXG_08879P0		
OG0013693			CVL06595	FOXG_14485P0		
OG0013694			CVL06863	FOXG_14670P0		
OG0013695			CVL06806	FOXG_14612P0		
OG0013696			CVL06639	FOXG_14506P0		
OG0013697			CVL06736	FOXG_14556P0		
OG0013698			CVL06923	FOXG_14721P0		
OG0013699			CVL06776	FOXG_14588P0		
OG0013700			CVL06759	FOXG_14575P0		
OG0013701			CVL06991	FOXG_17701P0		
OG0013702			CVL06727	FOXG_14552P0		
OG0013703			CVL06943	FOXG_04531P0		
OG0013704			CVL06789	FOXG_14598P0		
OG0013705			CVL06831	FOXG_14641P0		
OG0013706			CVL06637	FOXG_14504P0		
OG0013707			CVL06650			EDO01211
OG0013708			CVL06788	FOXG_14597P0		
OG0013709			CVL06864	FOXG_14671P0		
OG0013710			CVL06914	FOXG_14711P0		
OG0013711			CVL06728	FOXG_14553P0		
OG0013712			CVL06783	FOXG_14594P0		
OG0013713			CVL06664	FOXG_14517P0		
OG0013714			CVL06842	FOXG_14651P0		
OG0013715			CVL06900	FOXG_14705P0		
OG0013716			CVL06941	FOXG_14735P0		
OG0013717			CVL07305, CVL07509			
OG0013718			CVL07088	FOXG_04814P0		
OG0013719			CVL07242	FOXG_01336P0		
OG0013720			CVL07298	FOXG_04652P0		
OG0013721			CVL07175	FOXG_02983P0		
OG0013722			CVL07240, CVL09088			
OG0013723			CVL07244	FOXG_01242P0		
OG0013724			CVL07639	FOXG_16889P0		
OG0013725			CVL07406	FOXG_17504P0		
OG0013726			CVL07623	FOXG_16922P0		
OG0013727			CVL07610	FOXG_16868P0		
OG0013728			CVL07538	FOXG_17601P0		
OG0013729			CVL07416	FOXG_13277P0		
OG0013730			CVL07521	FOXG_17138P0		
OG0013731			CVL07582	FOXG_17617P0		
OG0013732			CVL07463	FOXG_04931P0		
OG0013733			CVL07694	FOXG_17184P0		
OG0013734			CVL07529	FOXG_17135P0		
OG0013735			CVL07434			EDN94264
OG0013736			CVL07616	FOXG_16873P0		
OG0013737			CVL07712	FOXG_16812P0		
OG0013738			CVL07605	FOXG_16863P0		
OG0013739			CVL07652	FOXG_16876P0		
OG0013740			CVL07436, CVL08747			
OG0013741			CVL07606	FOXG_16864P0		
OG0013742			CVL07465	FOXG_17159P0		
OG0013743			CVL07619	FOXG_16919P0		
OG0013744			CVL07618	FOXG_16918P0		
OG0013745			CVL07626	FOXG_16901P0		
OG0013746			CVL07594	FOXG_17623P0		
OG0013747			CVL07495	FOXG_17150P0		
OG0013748			CVL07681	FOXG_16931P0		
OG0013749			CVL07613	FOXG_16870P0		
OG0013750			CVL07709	FOXG_16811P0		
OG0013751			CVL07490	FOXG_17155P0		
OG0013752			CVL07586	FOXG_05624P0		
OG0013753			CVL07651	FOXG_16877P0		
OG0013754			CVL07680	FOXG_16930P0		
OG0013755			CVL07648	FOXG_16880P0		
OG0013756			CVL07671	FOXG_16905P0		
OG0013757			CVL07496	FOXG_17149P0		
OG0013758			CVL07461	FOXG_17161P0		
OG0013759			CVL07467	FOXG_17158P0		
OG0013760			CVL07469	FOXG_17157P0		
OG0013761			CVL07643	FOXG_16885P0		
OG0013762			CVL07657	FOXG_16914P0		
OG0013763			CVL07627	FOXG_16900P0		
OG0013764			CVL07412	FOXG_17608P0		
OG0013765			CVL07638	FOXG_16890P0		
OG0013766			CVL07665	FOXG_16909P0		
OG0013767			CVL07448	FOXG_17168P0		
OG0013768			CVL07644	FOXG_16884P0		
OG0013769			CVL07654	FOXG_16911P0		
OG0013770			CVL07537	FOXG_17602P0		
OG0013771			CVL07595	FOXG_17624P0		
OG0013772			CVL07611	FOXG_16869P0		
OG0013773			CVL07531	FOXG_17134P0		
OG0013774			CVL07553	FOXG_17564P0		
OG0013775			CVL07700	FOXG_17179P0		
OG0013776			CVL07519	FOXG_17141P0		
OG0013777			CVL07524	FOXG_17137P0		
OG0013778			CVL07695	FOXG_17183P0		
OG0013779			CVL07439	FOXG_14949P0		
OG0013780			CVL07672	FOXG_16904P0		
OG0013781			CVL07450	FOXG_17166P0		
OG0013782			CVL07734	FOXG_16828P0		
OG0013783			CVL07679	FOXG_16929P0		
OG0013784			CVL07732	FOXG_16827P0		
OG0013785			CVL07990	FOXG_17356P0		
OG0013786			CVL07821	FOXG_14785P0		
OG0013787			CVL07894	FOXG_13574P0		
OG0013788			CVL07877	FOXG_02678P0		
OG0013789			CVL07973	FOXG_17366P0		
OG0013790			CVL08067	FOXG_02757P0		
OG0013791			CVL07861	FOXG_02669P0		
OG0013792			CVL07983	FOXG_17361P0		
OG0013793			CVL07958	FOXG_02655P0		
OG0013794			CVL07969	FOXG_17345P0		
OG0013795			CVL07874	FOXG_02676P0		
OG0013796			CVL07866	FOXG_02672P0		
OG0013797			CVL08064	FOXG_02761P0		
OG0013798			CVL07885	FOXG_02679P0		
OG0013799			CVL08043	FOXG_02750P0		
OG0013800			CVL07914	FOXG_10238P0		
OG0013801			CVL08029	FOXG_02749P0		
OG0013802			CVL07979	FOXG_17364P0		
OG0013803			CVL07948	FOXG_02686P0		
OG0013804			CVL07880	FOXG_17662P0		
OG0013805			CVL07836	FOXG_02660P0		
OG0013806			CVL07830	FOXG_02657P0		
OG0013807			CVL07896	FOXG_13575P0		
OG0013808			CVL07986	FOXG_17359P0		
OG0013809			CVL07943	FOXG_02689P0		
OG0013810			CVL07923	FOXG_02701P0		
OG0013811			CVL08060	FOXG_02763P0		
OG0013812			CVL07912	FOXG_10239P0		
OG0013813			CVL07994	FOXG_17352P0		
OG0013814			CVL08031	FOXG_02748P0		
OG0013815			CVL07846	FOXG_02666P0		
OG0013816			CVL07925	FOXG_02700P0		
OG0013817			CVL08003	FOXG_17348P0		
OG0013818			CVL08007	FOXG_17368P0		
OG0013819			CVL07998	FOXG_17351P0		
OG0013820			CVL07839	FOXG_02662P0		
OG0013821			CVL07906	FOXG_10243P0		
OG0013822			CVL08041	FOXG_02739P0		
OG0013823			CVL08097	FOXG_06945P0		
OG0013824			CVL07993	FOXG_17353P0		
OG0013825			CVL07833	FOXG_02658P0		
OG0013826			CVL08062	FOXG_02762P0		
OG0013827			CVL08033	FOXG_02746P0		
OG0013828			CVL07970	FOXG_17346P0		
OG0013829			CVL07989	FOXG_17357P0		
OG0013830			CVL08002	FOXG_17349P0		
OG0013831			CVL07931	FOXG_02696P0		
OG0013832			CVL07929	FOXG_02697P0		
OG0013833			CVL08045	FOXG_02752P0		
OG0013834			CVL08020	FOXG_02720P0		
OG0013835			CVL08022	FOXG_02722P0		
OG0013836			CVL08028	FOXG_02733P0		
OG0013837			CVL07926	FOXG_02699P0		
OG0013838			CVL07961	FOXG_02719P0		
OG0013839			CVL07915	FOXG_02705P0		
OG0013840			CVL08072	FOXG_02755P0		
OG0013841			CVL08165, CVL08181			
OG0013842			CVL08115, CVL08141			
OG0013843			CVL08195	FOXG_14207P0		
OG0013844			CVL08100, CVL09351			
OG0013845			CVL08543	FOXG_02606P0		
OG0013846			CVL08321	FOXG_02504P0		
OG0013847			CVL08420	FOXG_02550P0		
OG0013848			CVL08303	FOXG_02493P0		
OG0013849			CVL08327	FOXG_02508P0		
OG0013850			CVL08531	FOXG_02599P0		
OG0013851			CVL08411	FOXG_02546P0		
OG0013852			CVL08537	FOXG_02602P0		
OG0013853			CVL08540	FOXG_02603P0		
OG0013854			CVL08546	FOXG_02613P0		
OG0013855			CVL08550	FOXG_02615P0		
OG0013856			CVL08457	FOXG_16453P0		
OG0013857			CVL08348	FOXG_02515P0		
OG0013858			CVL08439	FOXG_02563P0		
OG0013859			CVL08485	FOXG_07395P0		
OG0013860			CVL08419	FOXG_02549P0		
OG0013861			CVL08478	FOXG_02584P0		
OG0013862			CVL08455	FOXG_02567P0		
OG0013863			CVL08365	FOXG_02523P0		
OG0013864			CVL08482	FOXG_02588P0		
OG0013865			CVL08339	FOXG_02514P0		
OG0013866			CVL08471	FOXG_02577P0		
OG0013867			CVL08317	FOXG_02502P0		
OG0013868			CVL08566	FOXG_02621P0		
OG0013869			CVL08422	FOXG_02551P0		
OG0013870			CVL08318	FOXG_02503P0		
OG0013871			CVL08295	FOXG_02490P0		
OG0013872			CVL08459	FOXG_16452P0		
OG0013873			CVL08536	FOXG_02601P0		
OG0013874			CVL08479	FOXG_02586P0		
OG0013875			CVL08473	FOXG_02578P0		
OG0013876			CVL08387	FOXG_02532P0		
OG0013877			CVL08331	FOXG_02510P0		
OG0013878			CVL08323	FOXG_02506P0		
OG0013879			CVL08404	FOXG_02541P0		
OG0013880			CVL08346	FOXG_02516P0		
OG0013881			CVL08468	FOXG_02576P0		
OG0013882			CVL08389	FOXG_02533P0		
OG0013883			CVL08528	FOXG_02597P0		
OG0013884			CVL08344	FOXG_02517P0		
OG0013885			CVL08643	FOXG_04795P0		
OG0013886			CVL08628	FOXG_04804P0		
OG0013887			CVL08675	FOXG_04786P0		
OG0013888			CVL08704	FOXG_04770P0		
OG0013889			CVL08613	FOXG_08732P0		
OG0013890			CVL08637	FOXG_04798P0		
OG0013891			CVL08677	FOXG_04784P0		
OG0013892			CVL08626	FOXG_04805P0		
OG0013893			CVL08687	FOXG_17672P0		
OG0013894			CVL08639	FOXG_04797P0		
OG0013895			CVL08645	FOXG_04794P0		
OG0013896			CVL08740	FOXG_02961P0		
OG0013897			CVL08728	FOXG_17419P0		
OG0013898			CVL08716	FOXG_17431P0		
OG0013899			CVL08742	FOXG_17404P0		
OG0013900			CVL08758	FOXG_13071P0		
OG0013901			CVL08724	FOXG_17423P0		
OG0013902			CVL08749	FOXG_13066P0		
OG0013903			CVL08732	FOXG_17415P0		
OG0013904			CVL08730	FOXG_17417P0		
OG0013905			CVL08751	FOXG_13069P0		
OG0013906			CVL08715	FOXG_17430P0		
OG0013907			CVL08723	FOXG_17424P0		
OG0013908			CVL08744	FOXG_17402P0		
OG0013909			CVL08754	FOXG_13074P0		
OG0013910			CVL08722	FOXG_17425P0		
OG0013911			CVL08720	FOXG_17433P0		
OG0013912			CVL08734	FOXG_17413P0		
OG0013913			CVL08741	FOXG_17405P0		
OG0013914			CVL08726	FOXG_17421P0		
OG0013915			CVL08750	FOXG_13067P0		
OG0013916			CVL08802	FOXG_16845P0		
OG0013917			CVL08796	FOXG_16851P0		
OG0013918			CVL08790	FOXG_16858P0		
OG0013919			CVL08803	FOXG_16844P0		
OG0013920			CVL08777	FOXG_16799P0		
OG0013921			CVL08774	FOXG_16796P0		
OG0013922			CVL08793	FOXG_16855P0		
OG0013923			CVL08766	FOXG_16788P0		
OG0013924			CVL08771	FOXG_16793P0		
OG0013925			CVL08779	FOXG_16801P0		
OG0013926			CVL08782	FOXG_16804P0		
OG0013927			CVL08788	FOXG_16860P0		
OG0013928			CVL08780	FOXG_16802P0		
OG0013929			CVL08768	FOXG_16791P0		
OG0013930			CVL08798	FOXG_16849P0		
OG0013931			CVL08767			EDN94596
OG0013932			CVL08787	FOXG_11887P0		
OG0013933			CVL08808	FOXG_16843P0		
OG0013934			CVL08811	FOXG_16840P0		
OG0013935			CVL08778	FOXG_16800P0		
OG0013936			CVL08841, CVL09261			
OG0013937			CVL08863	FOXG_14918P0		
OG0013938			CVL08853, CVL08870			
OG0013939			CVL08888	FOXG_07062P0		
OG0013940			CVL08923	FOXG_13542P0		
OG0013941			CVL08943	FOXG_13551P0		
OG0013942			CVL08955	FOXG_13559P0		
OG0013943			CVL08962	FOXG_13564P0		
OG0013944			CVL08960	FOXG_13562P0		
OG0013945			CVL08974	FOXG_13569P0		
OG0013946			CVL08951	FOXG_13556P0		
OG0013947			CVL08924	FOXG_13543P0		
OG0013948			CVL08952	FOXG_13557P0		
OG0013949			CVL08954	FOXG_13558P0		
OG0013950			CVL08919	FOXG_13539P0		
OG0013951			CVL08945	FOXG_13553P0		
OG0013952			CVL08942	FOXG_13550P0		
OG0013953			CVL09036	FOXG_14833P0		
OG0013954			CVL09017	FOXG_15497P0		
OG0013955			CVL09073	FOXG_14296P0		
OG0013956			CVL09058, CVL09325			
OG0013957			CVL09096	FOXG_15911P0		
OG0013958			CVL09184	FOXG_04051P0		
OG0013959			CVL09192, CVL09417			
OG0013960			CVL09194, CVL09346			
OG0013961			CVL09318	FOXG_16052P0		
OG0013962			CVL09356	FOXG_14764P0		
OG0013963			CVL09352, CVL09376			
OG0013964			CVL09359	FOXG_14761P0		
OG0013965			CVL09353, CVL09375			
OG0013966			CVL09380	FOXG_14757P0		
OG0013967			CVL09382	FOXG_14756P0		
OG0013968			CVL09411	FOXG_15931P0		
OG0013969			CVL09467		RKF56793	
OG0013970			CVL09613	FOXG_17542P0		
OG0013971				FOXG_07089P0, FOXG_15857P0		
OG0013972				FOXG_11790P0, FOXG_15468P0		
OG0013973				FOXG_14231P0, FOXG_15951P0		
OG0013974				FOXG_14403P0, FOXG_15078P0		
OG0013975				FOXG_02488P0, FOXG_04618P0		
OG0013976				FOXG_15537P0, FOXG_15994P0		
OG0013977				FOXG_15584P0, FOXG_16043P0		
OG0013978				FOXG_06792P0, FOXG_14877P0		
OG0013979				FOXG_15519P0, FOXG_15976P0		
OG0013980				FOXG_14444P0, FOXG_15037P0		
OG0013981				FOXG_14443P0, FOXG_15038P0		
OG0013982				FOXG_12440P0, FOXG_14097P0		
OG0013983				FOXG_16430P0, FOXG_17332P0		
OG0013984				FOXG_14375P0, FOXG_15107P0		
OG0013985				FOXG_12503P0, FOXG_14036P0		
OG0013986				FOXG_14351P0, FOXG_15131P0		
OG0013987				FOXG_12516P0, FOXG_14023P0		
OG0013988				FOXG_15608P0, FOXG_16063P0		
OG0013989				FOXG_15567P0, FOXG_16026P0		
OG0013990				FOXG_12527P0, FOXG_14012P0		
OG0013991				FOXG_05418P0, FOXG_05420P0		
OG0013992				FOXG_14357P0, FOXG_15125P0		
OG0013993				FOXG_15496P0, FOXG_17734P0		
OG0013994				FOXG_02818P0, FOXG_15944P0		
OG0013995				FOXG_12513P0, FOXG_14026P0		
OG0013996				FOXG_12532P0, FOXG_14007P0		
OG0013997				FOXG_14479P0, FOXG_15001P0		
OG0013998				FOXG_12427P0, FOXG_14110P0		
OG0013999				FOXG_12485P0, FOXG_14054P0		
OG0014000				FOXG_14365P0, FOXG_15117P0		
OG0014001				FOXG_06907P0, FOXG_16275P0		
OG0014002				FOXG_16076P0, FOXG_16302P0		
OG0014003				FOXG_14402P0, FOXG_15079P0		
OG0014004				FOXG_07433P0, FOXG_14961P0		
OG0014005				FOXG_07040P0, FOXG_09009P0		
OG0014006				FOXG_10114P0, FOXG_15895P0		
OG0014007				FOXG_04698P0, FOXG_15326P0		
OG0014008				FOXG_14343P0, FOXG_15137P0		
OG0014009				FOXG_16715P0, FOXG_16784P0		
OG0014010				FOXG_14372P0, FOXG_15109P0		
OG0014011				FOXG_14457P0, FOXG_15023P0		
OG0014012				FOXG_16706P0, FOXG_16773P0		
OG0014013				FOXG_09004P0, FOXG_09011P0		
OG0014014				FOXG_06882P0, FOXG_16250P0		
OG0014015				FOXG_12508P0, FOXG_14031P0		
OG0014016				FOXG_14617P0, FOXG_15844P0		
OG0014017				FOXG_12512P0, FOXG_14027P0		
OG0014018				FOXG_07148P0, FOXG_13716P0		
OG0014019				FOXG_12479P0, FOXG_14059P0		
OG0014020				FOXG_12478P0, FOXG_14060P0		
OG0014021				FOXG_15580P0, FOXG_16039P0		
OG0014022				FOXG_04055P0, FOXG_13078P0		
OG0014023				FOXG_14393P0, FOXG_15087P0		
OG0014024				FOXG_14324P0, FOXG_15156P0		
OG0014025				FOXG_15575P0, FOXG_16034P0		
OG0014026				FOXG_15913P0, FOXG_16457P0		
OG0014027				FOXG_12488P0, FOXG_14051P0		
OG0014028				FOXG_06609P0, FOXG_07218P0		
OG0014029				FOXG_16160P0, FOXG_17464P0		
OG0014030				FOXG_12458P0, FOXG_14079P0		
OG0014031				FOXG_14468P0, FOXG_15012P0		
OG0014032				FOXG_09737P0, FOXG_10910P0		
OG0014033				FOXG_15574P0, FOXG_16033P0		
OG0014034				FOXG_17125P0, FOXG_17268P0		
OG0014035				FOXG_04620P0, FOXG_15902P0		
OG0014036				FOXG_15146P0, FOXG_16323P0		
OG0014037				FOXG_15556P0, FOXG_16014P0		
OG0014038				FOXG_12401P0, FOXG_17539P0		
OG0014039				FOXG_14360P0, FOXG_15122P0		
OG0014040				FOXG_15561P0, FOXG_16019P0		
OG0014041				FOXG_08958P0, FOXG_14935P0		
OG0014042				FOXG_14317P0, FOXG_15163P0		
OG0014043				FOXG_12471P0, FOXG_14067P0		
OG0014044				FOXG_07136P0, FOXG_17633P0		
OG0014045				FOXG_16690P0, FOXG_16753P0		
OG0014046				FOXG_16702P0, FOXG_16767P0		
OG0014047				FOXG_14879P0, FOXG_14910P0		
OG0014048				FOXG_14454P0, FOXG_15026P0		
OG0014049				FOXG_04457P0, FOXG_14927P0		
OG0014050				FOXG_07110P0, FOXG_14920P0		
OG0014051				FOXG_12518P0, FOXG_14021P0		
OG0014052				FOXG_14991P0, FOXG_15884P0		
OG0014053				FOXG_15522P0, FOXG_15979P0		
OG0014054				FOXG_16659P0, FOXG_16722P0		
OG0014055				FOXG_16699P0, FOXG_16764P0		
OG0014056				FOXG_15523P0, FOXG_15980P0		
OG0014057				FOXG_07431P0, FOXG_14959P0		
OG0014058				FOXG_14423P0, FOXG_15058P0		
OG0014059				FOXG_14379P0, FOXG_15103P0		
OG0014060				FOXG_14432P0, FOXG_15049P0		
OG0014061				FOXG_14882P0, FOXG_15875P0		
OG0014062				FOXG_14948P0, FOXG_15862P0		
OG0014063				FOXG_12474P0, FOXG_14064P0		
OG0014064				FOXG_12531P0, FOXG_14008P0		
OG0014065				FOXG_04645P0, FOXG_12385P0		
OG0014066				FOXG_12515P0, FOXG_14024P0		
OG0014067				FOXG_12459P0, FOXG_14078P0		
OG0014068				FOXG_16683P0, FOXG_16746P0		
OG0014069				FOXG_12410P0, FOXG_14127P0		
OG0014070				FOXG_12473P0, FOXG_14065P0		
OG0014071				FOXG_14440P0, FOXG_15041P0		
OG0014072				FOXG_06718P0, FOXG_15593P0		
OG0014073				FOXG_16716P0, FOXG_16785P0		
OG0014074				FOXG_14464P0, FOXG_15016P0		
OG0014075				FOXG_14308P0, FOXG_15172P0		
OG0014076				FOXG_12418P0, FOXG_14119P0		
OG0014077				FOXG_15589P0, FOXG_16048P0		
OG0014078				FOXG_13148P0		EDN90712
OG0014079				FOXG_16959P0, FOXG_16969P0		
OG0014080				FOXG_14415P0, FOXG_15066P0		
OG0014081				FOXG_07113P0, FOXG_11852P0		
OG0014082				FOXG_12441P0, FOXG_14096P0		
OG0014083				FOXG_12483P0, FOXG_14056P0		
OG0014084				FOXG_06986P0, FOXG_07033P0		
OG0014085				FOXG_14381P0, FOXG_15101P0		
OG0014086				FOXG_16695P0, FOXG_16760P0		
OG0014087				FOXG_15570P0, FOXG_16029P0		
OG0014088				FOXG_06647P0, FOXG_07215P0		
OG0014089				FOXG_14812P0, FOXG_14901P0		
OG0014090				FOXG_14303P0, FOXG_14866P0		
OG0014091				FOXG_12506P0, FOXG_14033P0		
OG0014092				FOXG_12492P0, FOXG_14047P0		
OG0014093				FOXG_14364P0, FOXG_15118P0		
OG0014094				FOXG_15577P0, FOXG_16036P0		
OG0014095				FOXG_15547P0, FOXG_16005P0		
OG0014096				FOXG_12446P0, FOXG_14091P0		
OG0014097				FOXG_05043P0		EDO01062
OG0014098				FOXG_16696P0, FOXG_16761P0		
OG0014099				FOXG_16664P0, FOXG_16727P0		
OG0014100				FOXG_15520P0, FOXG_15977P0		
OG0014101				FOXG_15591P0, FOXG_16050P0		
OG0014102				FOXG_14406P0, FOXG_15075P0		
OG0014103				FOXG_12521P0, FOXG_14018P0		
OG0014104				FOXG_15553P0, FOXG_16011P0		
OG0014105				FOXG_12510P0, FOXG_14029P0		
OG0014106				FOXG_14338P0, FOXG_15142P0		
OG0014107				FOXG_12498P0, FOXG_14041P0		
OG0014108				FOXG_14367P0, FOXG_15115P0		
OG0014109				FOXG_11908P0, FOXG_16657P0		
OG0014110				FOXG_12414P0, FOXG_14123P0		
OG0014111				FOXG_06729P0, FOXG_16311P0		
OG0014112				FOXG_16708P0, FOXG_16775P0		
OG0014113				FOXG_14366P0, FOXG_15116P0		
OG0014114				FOXG_17105P0, FOXG_17312P0		
OG0014115				FOXG_10809P0, FOXG_12980P0		
OG0014116				FOXG_12526P0, FOXG_14013P0		
OG0014117				FOXG_10129P0, FOXG_10133P0		
OG0014118				FOXG_14315P0, FOXG_15165P0		
OG0014119				FOXG_15581P0, FOXG_16040P0		
OG0014120				FOXG_16964P0, FOXG_16974P0		
OG0014121				FOXG_14849P0, FOXG_15887P0		
OG0014122				FOXG_04726P0, FOXG_04737P0		
OG0014123				FOXG_15579P0, FOXG_16038P0		
OG0014124				FOXG_15526P0, FOXG_15983P0		
OG0014125				FOXG_16700P0, FOXG_16765P0		
OG0014126				FOXG_12415P0, FOXG_14122P0		
OG0014127				FOXG_12460P0, FOXG_14077P0		
OG0014128				FOXG_14318P0, FOXG_15162P0		
OG0014129				FOXG_12437P0, FOXG_14100P0		
OG0014130				FOXG_12487P0, FOXG_14052P0		
OG0014131				FOXG_15607P0, FOXG_16062P0		
OG0014132				FOXG_14304P0, FOXG_14867P0		
OG0014133				FOXG_07117P0, FOXG_14157P0		
OG0014134				FOXG_15280P0		EDN94270
OG0014135				FOXG_15572P0, FOXG_16031P0		
OG0014136				FOXG_12511P0, FOXG_14028P0		
OG0014137				FOXG_15569P0, FOXG_16028P0		
OG0014138				FOXG_14337P0, FOXG_15143P0		
OG0014139				FOXG_15592P0, FOXG_16051P0		
OG0014140				FOXG_12425P0, FOXG_14112P0		
OG0014141				FOXG_12530P0, FOXG_14009P0		
OG0014142				FOXG_14341P0, FOXG_15139P0		
OG0014143				FOXG_14433P0, FOXG_15048P0		
OG0014144				FOXG_14387P0, FOXG_15095P0		
OG0014145				FOXG_15896P0		EDN99343
OG0014146				FOXG_15563P0, FOXG_16021P0		
OG0014147				FOXG_12438P0, FOXG_14099P0		
OG0014148				FOXG_16665P0, FOXG_16728P0		
OG0014149				FOXG_14354P0, FOXG_15128P0		
OG0014150				FOXG_12431P0, FOXG_14106P0		
OG0014151				FOXG_03468P0, FOXG_14500P0		
OG0014152				FOXG_12514P0, FOXG_14025P0		
OG0014153				FOXG_12454P0, FOXG_14083P0		
OG0014154				FOXG_14155P0, FOXG_14174P0		
OG0014155				FOXG_10978P0, FOXG_14890P0		
OG0014156				FOXG_12491P0, FOXG_14048P0		
OG0014157				FOXG_14456P0, FOXG_15024P0		
OG0014158				FOXG_12477P0, FOXG_14061P0		
OG0014159				FOXG_12476P0, FOXG_14062P0		
OG0014160				FOXG_10949P0, FOXG_17645P0		
OG0014161				FOXG_12992P0, FOXG_15810P0		
OG0014162				FOXG_12504P0, FOXG_14035P0		
OG0014163				FOXG_12486P0, FOXG_14053P0		
OG0014164				FOXG_12439P0, FOXG_14098P0		
OG0014165				FOXG_02612P0		EDN99458
OG0014166				FOXG_17442P0		EDN91161
OG0014167				FOXG_15525P0, FOXG_15982P0		
OG0014168				FOXG_16701P0, FOXG_16766P0		
OG0014169				FOXG_12490P0, FOXG_14049P0		
OG0014170				FOXG_12480P0, FOXG_14058P0		
OG0014171				FOXG_12489P0, FOXG_14050P0		
OG0014172				FOXG_15583P0, FOXG_16042P0		
OG0014173				FOXG_14320P0, FOXG_15160P0		
OG0014174				FOXG_12522P0, FOXG_14017P0		
OG0014175				FOXG_06821P0, FOXG_07153P0		
OG0014176				FOXG_15598P0, FOXG_16054P0		
OG0014177				FOXG_14358P0, FOXG_15124P0		
OG0014178				FOXG_12424P0, FOXG_14113P0		
OG0014179				FOXG_10095P0, FOXG_11860P0		
OG0014180				FOXG_12409P0, FOXG_14128P0		
OG0014181				FOXG_15614P0, FOXG_16070P0		
OG0014182				FOXG_06984P0, FOXG_15840P0		
OG0014183				FOXG_14347P0, FOXG_15132P0		
OG0014184				FOXG_15562P0, FOXG_16020P0		
OG0014185				FOXG_15324P0		EDO04934
OG0014186				FOXG_14408P0, FOXG_15073P0		
OG0014187				FOXG_02652P0, FOXG_17694P0		
OG0014188				FOXG_11924P0		EDO02975
OG0014189					RKF79433, RKF84179	
OG0014190					RKF76538, RKF84130	
OG0014191					RKF56743, RKF84034	
OG0014192					RKF80978, RKF83969	
OG0014193					RKF57932, RKF83968	
OG0014194					RKF82411, RKF83924	
OG0014195					RKF80652, RKF83889	
OG0014196					RKF63691, RKF83786	
OG0014197					RKF53339, RKF83728	
OG0014198					RKF60266, RKF83694	
OG0014199					RKF59943, RKF83652	
OG0014200					RKF65855, RKF83642	
OG0014201					RKF63729, RKF83574	
OG0014202					RKF72030, RKF83566	
OG0014203					RKF78984, RKF83514	
OG0014204					RKF56784, RKF83498	
OG0014205					RKF59590, RKF83496	
OG0014206					RKF73977, RKF83329	
OG0014207					RKF83156, RKF83170	
OG0014208					RKF77710, RKF82959	
OG0014209					RKF60563, RKF82760	
OG0014210					RKF65162, RKF82741	
OG0014211					RKF66871, RKF82713	
OG0014212					RKF79788, RKF82701	
OG0014213					RKF65384, RKF82645	
OG0014214					RKF72457, RKF82430	
OG0014215					RKF81884, RKF82208	
OG0014216					RKF66773, RKF81972	
OG0014217					RKF57382, RKF81731	
OG0014218					RKF62466, RKF81401	
OG0014219					RKF76737, RKF81305	
OG0014220					RKF56007, RKF81306	
OG0014221					RKF57801, RKF81149	
OG0014222					RKF55621, RKF80836	
OG0014223					RKF77702, RKF80470	
OG0014224					RKF65102, RKF79997	
OG0014225					RKF48524, RKF79618	
OG0014226					RKF77492, RKF79615	
OG0014227					RKF79400, RKF79413	
OG0014228					RKF51404, RKF78751	
OG0014229					RKF58786, RKF78213	
OG0014230					RKF74792, RKF78177	
OG0014231					RKF53804, RKF78158	
OG0014232					RKF54434, RKF77104	
OG0014233					RKF73711, RKF76122	
OG0014234					RKF57238, RKF75838	
OG0014235					RKF71453, RKF75087	
OG0014236					RKF72065, RKF74948	
OG0014237					RKF72009, RKF74429	
OG0014238					RKF73743, RKF74210	
OG0014239					RKF53327, RKF72627	
OG0014240					RKF60561, RKF72029	
OG0014241					RKF64389, RKF71508	
OG0014242					RKF65207, RKF71410	
OG0014243					RKF53058, RKF65839	
OG0014244					RKF56132, RKF65398	
OG0014245					RKF64965, RKF65352	
OG0014246					RKF57506, RKF65233	
OG0014247					RKF62929, RKF65092	
OG0014248					RKF61842, RKF65044	
OG0014249					RKF62155, RKF62157	
OG0014250					RKF53809, RKF60697	
OG0014251					RKF58842, RKF60425	
OG0014252					RKF59854, RKF59855	
OG0014253					RKF58624, RKF59284	
OG0014254					RKF58879	EDO01882
OG0014255					RKF55938, RKF57365	
OG0014256					RKF51347, RKF57092	
OG0014257					RKF56341, RKF56342	
OG0014258					RKF54910, RKF54913	
OG0014259					RKF53326, RKF53480	
OG0014260						EDN97515, EDO00510
OG0014261						EDN97584, EDO03449
OG0014262						EDN93490, EDN97569
OG0014263						EDN93489, EDN97570
OG0014264						EDN91256, EDN97731
OG0014265						EDN93491, EDN97568
OG0014266						EDN93485, EDN93659
OG0014267						EDN93653, EDO03052
OG0014268						EDN93537, EDN98627
OG0014269						EDN93272, EDO03138
OG0014270						EDO00503, EDO03442
OG0014271						EDN99450, EDN99972
OG0014272						EDN94212, EDN99977
OG0014273						EDN99463, EDO04671
OG0014274						EDN91637, EDO04569
OG0014275						EDN90887, EDN96648
OG0014276						EDN96856, EDN98579
OG0014277						EDN94211, EDN98568
OG0014278						EDN92257, EDN98534
OG0014279						EDN94232, EDO01248
OG0014280						EDO03686, EDO03688
OG0014281						EDO00631, EDO03143
